Trade #,Type,Signal,Date/Time,Price USDT,Quantity,P&L USDT,P&L %,Run-up USDT,Run-up %,Drawdown USDT,Drawdown %,Cumulative P&L USDT,Cumulative P&L %
1,Exit long,SHORT,2024-01-02 22:30,"45,041.1",22.381679,8095.45,0.81%,28438.16,2.84%,-1441.38,-0.14%,8095.45,0.81%
1,Entry long,LONG,2024-01-02 07:30,"44,679.4",22.381679,8095.45,0.81%,28438.16,2.84%,-1441.38,-0.14%,8095.45,0.81%
2,Exit short,Close entry(s) order SHORT,2024-01-03 09:00,"45,347.8",22.381679,-6864.46,-0.68%,9917.32,0.98%,-9133.96,-0.91%,1230.99,-0.68%
2,Entry short,SHORT,2024-01-02 22:30,"45,041.1",22.381679,-6864.46,-0.68%,9917.32,0.98%,-9133.96,-0.91%,1230.99,-0.68%
3,Exit long,SHORT,2024-01-04 02:00,"42,267.6",23.330832,-15092.71,-1.51%,3508.96,0.35%,-23202.51,-2.32%,-13861.72,-1.51%
3,Entry long,LONG,2024-01-04 01:00,"42,914.5",23.330832,-15092.71,-1.51%,3508.96,0.35%,-23202.51,-2.32%,-13861.72,-1.51%
4,Exit short,LONG,2024-01-04 07:00,"42,849.5",23.330832,-13576.21,-1.38%,2419.41,0.25%,-18020.73,-1.83%,-27437.93,-1.38%
4,Entry short,SHORT,2024-01-04 02:00,"42,267.6",23.330832,-13576.21,-1.38%,2419.41,0.25%,-18020.73,-1.83%,-27437.93,-1.38%
5,Exit long,SHORT,2024-01-04 09:00,"42,716.6",22.697162,-3016.45,-0.31%,3350.1,0.34%,-5095.51,-0.52%,-30454.39,-0.31%
5,Entry long,LONG,2024-01-04 07:00,"42,849.5",22.697162,-3016.45,-0.31%,3350.1,0.34%,-5095.51,-0.52%,-30454.39,-0.31%
6,Exit short,Close entry(s) order SHORT,2024-01-04 09:30,"42,897.3",22.697162,-4101.38,-0.42%,376.77,0.04%,-5858.14,-0.60%,-34555.77,-0.42%
6,Entry short,SHORT,2024-01-04 09:00,"42,716.6",22.697162,-4101.38,-0.42%,376.77,0.04%,-5858.14,-0.60%,-34555.77,-0.42%
7,Exit long,SHORT,2024-01-05 09:00,"43,373.5",21.727552,-23044.24,-2.39%,6963.68,0.72%,-46368.77,-4.80%,-57600,-2.39%
7,Entry long,LONG,2024-01-05 05:00,"44,434.1",21.727552,-23044.24,-2.39%,6963.68,0.72%,-46368.77,-4.80%,-57600,-2.39%
8,Exit short,LONG,2024-01-05 14:30,"43,870.5",21.727552,-10798.59,-1.15%,3910.96,0.41%,-12562.87,-1.33%,-68398.6,-1.15%
8,Entry short,SHORT,2024-01-05 09:00,"43,373.5",21.727552,-10798.59,-1.15%,3910.96,0.41%,-12562.87,-1.33%,-68398.6,-1.15%
9,Exit long,Close entry(s) order LONG,2024-01-05 23:30,"43,376.9",21.235356,-10481.77,-1.13%,9808.61,1.05%,-18485.38,-1.98%,-78880.37,-1.13%
9,Entry long,LONG,2024-01-05 14:30,"43,870.5",21.235356,-10481.77,-1.13%,9808.61,1.05%,-18485.38,-1.98%,-78880.37,-1.13%
10,Exit long,SHORT,2024-01-09 17:00,"46,497.8",20.982223,54507.62,5.92%,71591.34,7.77%,-5671.49,-0.62%,-24372.75,5.92%
10,Entry long,LONG,2024-01-08 14:00,"43,900.0",20.982223,54507.62,5.92%,71591.34,7.77%,-5671.49,-0.62%,-24372.75,5.92%
11,Exit short,LONG,2024-01-09 20:30,"46,639.8",20.982223,-2979.48,-0.31%,23034.29,2.36%,-12215.85,-1.25%,-27352.23,-0.31%
11,Entry short,SHORT,2024-01-09 17:00,"46,497.8",20.982223,-2979.48,-0.31%,23034.29,2.36%,-12215.85,-1.25%,-27352.23,-0.31%
12,Exit long,SHORT,2024-01-10 04:30,"45,889.7",20.854458,-15642.93,-1.61%,30451.68,3.13%,-46351.12,-4.77%,-42995.16,-1.61%
12,Entry long,LONG,2024-01-09 20:30,"46,639.8",20.854458,-15642.93,-1.61%,30451.68,3.13%,-46351.12,-4.77%,-42995.16,-1.61%
13,Exit short,LONG,2024-01-10 23:00,"45,569.4",20.854458,6679.68,0.70%,33329.59,3.48%,-9132.17,-0.95%,-36315.47,0.70%
13,Entry short,SHORT,2024-01-10 04:30,"45,889.7",20.854458,6679.68,0.70%,33329.59,3.48%,-9132.17,-0.95%,-36315.47,0.70%
14,Exit long,Close entry(s) order LONG,2024-01-11 13:30,"45,766.9",21.147992,4176.73,0.43%,45043.11,4.67%,-17963.1,-1.86%,-32138.75,0.43%
14,Entry long,LONG,2024-01-10 23:00,"45,569.4",21.147992,4176.73,0.43%,45043.11,4.67%,-17963.1,-1.86%,-32138.75,0.43%
15,Exit short,LONG,2024-01-13 13:30,"43,075.1",23.095731,-26994.29,-2.79%,110.86,0.01%,-29509.42,-3.05%,-59133.03,-2.79%
15,Entry short,SHORT,2024-01-13 05:30,"41,906.3",23.095731,-26994.29,-2.79%,110.86,0.01%,-29509.42,-3.05%,-59133.03,-2.79%
16,Exit long,SHORT,2024-01-13 17:30,"42,822.9",21.842583,-5508.7,-0.59%,4150.09,0.44%,-9698.11,-1.03%,-64641.73,-0.59%
16,Entry long,LONG,2024-01-13 13:30,"43,075.1",21.842583,-5508.7,-0.59%,4150.09,0.44%,-9698.11,-1.03%,-64641.73,-0.59%
17,Exit short,LONG,2024-01-13 22:30,"43,096.5",21.842478,-5976.1,-0.64%,6838.88,0.73%,-6155.21,-0.66%,-70617.84,-0.64%
17,Entry short,SHORT,2024-01-13 17:30,"42,822.9",21.842478,-5976.1,-0.64%,6838.88,0.73%,-6155.21,-0.66%,-70617.84,-0.64%
18,Exit long,Close entry(s) order LONG,2024-01-14 07:00,"42,846.4",21.565041,-5393.42,-0.58%,3814.86,0.41%,-8481.53,-0.91%,-76011.25,-0.58%
18,Entry long,LONG,2024-01-13 22:30,"43,096.5",21.565041,-5393.42,-0.58%,3814.86,0.41%,-8481.53,-0.91%,-76011.25,-0.58%
19,Exit long,Close entry(s) order LONG,2024-01-16 06:30,"42,536.9",21.701593,-870.23,-0.09%,17339.57,1.88%,-9136.37,-0.99%,-76881.48,-0.09%
19,Entry long,LONG,2024-01-15 11:30,"42,577.0",21.701593,-870.23,-0.09%,17339.57,1.88%,-9136.37,-0.99%,-76881.48,-0.09%
20,Exit long,SHORT,2024-01-17 20:30,"42,645.1",21.57565,-3022.75,-0.33%,30.21,0.00%,-4412.22,-0.48%,-79904.23,-0.33%
20,Entry long,LONG,2024-01-17 20:00,"42,785.2",21.57565,-3022.75,-0.33%,30.21,0.00%,-4412.22,-0.48%,-79904.23,-0.33%
21,Exit short,LONG,2024-01-18 03:00,"42,617.6",21.57565,593.33,0.06%,9603.32,1.04%,-6252.62,-0.68%,-79310.91,0.06%
21,Entry short,SHORT,2024-01-17 20:30,"42,645.1",21.57565,593.33,0.06%,9603.32,1.04%,-6252.62,-0.68%,-79310.91,0.06%
22,Exit long,Close entry(s) order LONG,2024-01-18 11:00,"42,594.0",21.603595,-509.84,-0.06%,5437.63,0.59%,-3750.38,-0.41%,-79820.75,-0.06%
22,Entry long,LONG,2024-01-18 03:00,"42,617.6",21.603595,-509.84,-0.06%,5437.63,0.59%,-3750.38,-0.41%,-79820.75,-0.06%
23,Exit long,SHORT,2024-01-19 22:00,"40,973.5",22.299591,-6489.18,-0.71%,6997.61,0.76%,-9287.78,-1.01%,-86309.93,-0.71%
23,Entry long,LONG,2024-01-19 13:30,"41,264.5",22.299591,-6489.18,-0.71%,6997.61,0.76%,-9287.78,-1.01%,-86309.93,-0.71%
24,Exit short,LONG,2024-01-20 02:30,"41,718.7",22.299536,-16617.61,-1.82%,15018.74,1.64%,-22890.47,-2.51%,-102927.55,-1.82%
24,Entry short,SHORT,2024-01-19 22:00,"40,973.5",22.299536,-16617.61,-1.82%,15018.74,1.64%,-22890.47,-2.51%,-102927.55,-1.82%
25,Exit long,Close entry(s) order LONG,2024-01-20 08:30,"41,615.1",21.502886,-2227.7,-0.25%,10284.83,1.15%,-5595.05,-0.62%,-105155.24,-0.25%
25,Entry long,LONG,2024-01-20 02:30,"41,718.7",21.502886,-2227.7,-0.25%,10284.83,1.15%,-5595.05,-0.62%,-105155.24,-0.25%
26,Exit short,LONG,2024-01-22 20:30,"41,094.7",21.961859,-7671.28,-0.86%,8602.46,0.96%,-11163.21,-1.25%,-112826.52,-0.86%
26,Entry short,SHORT,2024-01-22 17:00,"40,745.4",21.961859,-7671.28,-0.86%,8602.46,0.96%,-11163.21,-1.25%,-112826.52,-0.86%
27,Exit long,Close entry(s) order LONG,2024-01-22 21:30,"40,595.5",21.588619,-10777.04,-1.21%,30.22,0.00%,-12320.62,-1.39%,-123603.56,-1.21%
27,Entry long,LONG,2024-01-22 20:30,"41,094.7",21.588619,-10777.04,-1.21%,30.22,0.00%,-12320.62,-1.39%,-123603.56,-1.21%
28,Exit short,LONG,2024-01-23 12:00,"40,055.1",21.735645,5772.99,0.66%,19968.54,2.28%,-5549.11,-0.63%,-117830.57,0.66%
28,Entry short,SHORT,2024-01-23 02:00,"40,320.7",21.735645,5772.99,0.66%,19968.54,2.28%,-5549.11,-0.63%,-117830.57,0.66%
29,Exit long,SHORT,2024-01-23 14:30,"39,802.5",22.023897,-5563.24,-0.63%,1605.54,0.18%,-6373.72,-0.72%,-123393.81,-0.63%
29,Entry long,LONG,2024-01-23 12:00,"40,055.1",22.023897,-5563.24,-0.63%,1605.54,0.18%,-6373.72,-0.72%,-123393.81,-0.63%
30,Exit short,LONG,2024-01-24 00:00,"39,312.7",22.023897,10787.31,1.23%,27695.05,3.16%,-1883.04,-0.21%,-112606.51,1.23%
30,Entry short,SHORT,2024-01-23 14:30,"39,802.5",22.023897,10787.31,1.23%,27695.05,3.16%,-1883.04,-0.21%,-112606.51,1.23%
31,Exit long,SHORT,2024-01-24 22:00,"39,907.0",22.572579,13414.88,1.51%,28168.32,3.17%,-7442.18,-0.84%,-99191.62,1.51%
31,Entry long,LONG,2024-01-24 00:00,"39,312.7",22.572579,13414.88,1.51%,28168.32,3.17%,-7442.18,-0.84%,-99191.62,1.51%
32,Exit short,LONG,2024-01-25 00:00,"40,186.0",22.57269,-6297.78,-0.70%,1715.52,0.19%,-6388.07,-0.71%,-105489.4,-0.70%
32,Entry short,SHORT,2024-01-24 22:00,"39,907.0",22.57269,-6297.78,-0.70%,1715.52,0.19%,-6388.07,-0.71%,-105489.4,-0.70%
33,Exit long,SHORT,2024-01-25 02:30,"39,736.4",22.259259,-10007.76,-1.12%,498.61,0.06%,-12999.41,-1.45%,-115497.16,-1.12%
33,Entry long,LONG,2024-01-25 00:00,"40,186.0",22.259259,-10007.76,-1.12%,498.61,0.06%,-12999.41,-1.45%,-115497.16,-1.12%
34,Exit short,Close entry(s) order SHORT,2024-01-25 06:00,"39,872.6",22.259259,-3031.71,-0.34%,5411.23,0.61%,-5867.54,-0.66%,-118528.87,-0.34%
34,Entry short,SHORT,2024-01-25 02:30,"39,736.4",22.259259,-3031.71,-0.34%,5411.23,0.61%,-5867.54,-0.66%,-118528.87,-0.34%
35,Exit long,SHORT,2024-01-27 09:00,"41,804.8",21.015277,-2933.73,-0.33%,6197.41,0.70%,-5518.61,-0.63%,-121462.61,-0.33%
35,Entry long,LONG,2024-01-27 00:00,"41,944.4",21.015277,-2933.73,-0.33%,6197.41,0.70%,-5518.61,-0.63%,-121462.61,-0.33%
36,Exit short,Close entry(s) order SHORT,2024-01-27 19:00,"41,744.7",21.015227,1263.02,0.14%,9345.47,1.06%,-1706.44,-0.19%,-120199.59,0.14%
36,Entry short,SHORT,2024-01-27 09:00,"41,804.8",21.015227,1263.02,0.14%,9345.47,1.06%,-1706.44,-0.19%,-120199.59,0.14%
37,Exit long,SHORT,2024-01-28 20:00,"42,403.0",20.755981,317.57,0.04%,9304.91,1.06%,-2660.92,-0.30%,-119882.02,0.04%
37,Entry long,LONG,2024-01-28 11:30,"42,387.7",20.755981,317.57,0.04%,9304.91,1.06%,-2660.92,-0.30%,-119882.02,0.04%
38,Exit short,LONG,2024-01-28 21:30,"42,461.0",20.75603,-1203.85,-0.14%,3796.28,0.43%,-2532.24,-0.29%,-121085.87,-0.14%
38,Entry short,SHORT,2024-01-28 20:00,"42,403.0",20.75603,-1203.85,-0.14%,3796.28,0.43%,-2532.24,-0.29%,-121085.87,-0.14%
39,Exit long,SHORT,2024-01-28 22:00,"42,271.4",20.699326,-3924.59,-0.45%,542.32,0.06%,-4814.66,-0.55%,-125010.47,-0.45%
39,Entry long,LONG,2024-01-28 21:30,"42,461.0",20.699326,-3924.59,-0.45%,542.32,0.06%,-4814.66,-0.55%,-125010.47,-0.45%
40,Exit short,LONG,2024-01-29 08:30,"42,182.3",20.699326,1844.31,0.21%,13897.53,1.59%,-2653.65,-0.30%,-123166.16,0.21%
40,Entry short,SHORT,2024-01-28 22:00,"42,271.4",20.699326,1844.31,0.21%,13897.53,1.59%,-2653.65,-0.30%,-123166.16,0.21%
41,Exit long,Close entry(s) order LONG,2024-01-29 13:00,"42,127.9",20.786771,-1130.8,-0.13%,6458.45,0.74%,-1544.46,-0.18%,-124296.96,-0.13%
41,Entry long,LONG,2024-01-29 08:30,"42,182.3",20.786771,-1130.8,-0.13%,6458.45,0.74%,-1544.46,-0.18%,-124296.96,-0.13%
42,Exit long,SHORT,2024-01-30 13:00,"43,351.4",20.229835,1290.66,0.15%,10329.35,1.18%,-3566.52,-0.41%,-123006.3,0.15%
42,Entry long,LONG,2024-01-30 07:00,"43,287.6",20.229835,1290.66,0.15%,10329.35,1.18%,-3566.52,-0.41%,-123006.3,0.15%
43,Exit short,LONG,2024-01-30 18:00,"43,464.1",20.229881,-2279.91,-0.26%,3054.71,0.35%,-2953.56,-0.34%,-125286.2,-0.26%
43,Entry short,SHORT,2024-01-30 13:00,"43,351.4",20.229881,-2279.91,-0.26%,3054.71,0.35%,-2953.56,-0.34%,-125286.2,-0.26%
44,Exit long,SHORT,2024-01-30 21:00,"43,271.7",20.124972,-3872.04,-0.44%,8530.98,0.98%,-6713.69,-0.77%,-129158.25,-0.44%
44,Entry long,LONG,2024-01-30 18:00,"43,464.1",20.124972,-3872.04,-0.44%,8530.98,0.98%,-6713.69,-0.77%,-129158.25,-0.44%
45,Exit short,Close entry(s) order SHORT,2024-01-30 22:00,"43,455.0",20.124972,-3688.91,-0.42%,3616.46,0.42%,-4272.53,-0.49%,-132847.16,-0.42%
45,Entry short,SHORT,2024-01-30 21:00,"43,271.7",20.124972,-3688.91,-0.42%,3616.46,0.42%,-4272.53,-0.49%,-132847.16,-0.42%
46,Exit short,LONG,2024-01-31 03:30,"43,668.7",20.001172,-6274.37,-0.72%,668.04,0.08%,-6900.4,-0.80%,-139121.52,-0.72%
46,Entry short,SHORT,2024-01-31 02:00,"43,355.0",20.001172,-6274.37,-0.72%,668.04,0.08%,-6900.4,-0.80%,-139121.52,-0.72%
47,Exit long,SHORT,2024-01-31 06:30,"42,874.3",19.713856,-15660.69,-1.82%,1602.74,0.19%,-15954.42,-1.85%,-154782.2,-1.82%
47,Entry long,LONG,2024-01-31 03:30,"43,668.7",19.713856,-15660.69,-1.82%,1602.74,0.19%,-15954.42,-1.85%,-154782.2,-1.82%
48,Exit short,LONG,2024-01-31 13:00,"42,965.0",19.713856,-1788.05,-0.21%,4731.33,0.56%,-4252.28,-0.50%,-156570.25,-0.21%
48,Entry short,SHORT,2024-01-31 06:30,"42,874.3",19.713856,-1788.05,-0.21%,4731.33,0.56%,-4252.28,-0.50%,-156570.25,-0.21%
49,Exit long,Close entry(s) order LONG,2024-01-31 16:30,"42,766.9",19.630715,-3888.84,-0.46%,2198.64,0.26%,-3947.74,-0.47%,-160459.1,-0.46%
49,Entry long,LONG,2024-01-31 13:00,"42,965.0",19.630715,-3888.84,-0.46%,2198.64,0.26%,-3947.74,-0.47%,-160459.1,-0.46%
50,Exit long,SHORT,2024-02-01 05:00,"42,472.8",19.586153,-7664.06,-0.91%,17323.95,2.06%,-11879,-1.41%,-168123.16,-0.91%
50,Entry long,LONG,2024-01-31 22:00,"42,864.1",19.586153,-7664.06,-0.91%,17323.95,2.06%,-11879,-1.41%,-168123.16,-0.91%
51,Exit short,LONG,2024-02-01 15:00,"42,182.3",19.586107,5689.76,0.68%,11869.18,1.43%,-4001.44,-0.48%,-162433.4,0.68%
51,Entry short,SHORT,2024-02-01 05:00,"42,472.8",19.586107,5689.76,0.68%,11869.18,1.43%,-4001.44,-0.48%,-162433.4,0.68%
52,Exit long,Close entry(s) order LONG,2024-02-01 15:30,"42,148.9",19.855971,-663.19,-0.08%,935.22,0.11%,-1393.89,-0.17%,-163096.6,-0.08%
52,Entry long,LONG,2024-02-01 15:00,"42,182.3",19.855971,-663.19,-0.08%,935.22,0.11%,-1393.89,-0.17%,-163096.6,-0.08%
53,Exit long,SHORT,2024-02-02 11:00,"43,018.0",19.81493,15495.28,1.85%,23659.03,2.83%,-6136.68,-0.73%,-147601.31,1.85%
53,Entry long,LONG,2024-02-01 16:00,"42,236.0",19.81493,15495.28,1.85%,23659.03,2.83%,-6136.68,-0.73%,-147601.31,1.85%
54,Exit short,LONG,2024-02-02 13:30,"43,193.2",19.81493,-3471.58,-0.41%,1815.05,0.21%,-3903.54,-0.46%,-151072.89,-0.41%
54,Entry short,SHORT,2024-02-02 11:00,"43,018.0",19.81493,-3471.58,-0.41%,1815.05,0.21%,-3903.54,-0.46%,-151072.89,-0.41%
55,Exit long,SHORT,2024-02-02 15:30,"43,022.3",19.654092,-3358.88,-0.40%,1369.89,0.16%,-4190.25,-0.49%,-154431.77,-0.40%
55,Entry long,LONG,2024-02-02 13:30,"43,193.2",19.654092,-3358.88,-0.40%,1369.89,0.16%,-4190.25,-0.49%,-154431.77,-0.40%
56,Exit short,Close entry(s) order SHORT,2024-02-02 19:00,"43,136.9",19.654184,-2252.37,-0.27%,1949.7,0.23%,-3315.66,-0.39%,-156684.14,-0.27%
56,Entry short,SHORT,2024-02-02 15:30,"43,022.3",19.654184,-2252.37,-0.27%,1949.7,0.23%,-3315.66,-0.39%,-156684.14,-0.27%
57,Exit long,Close entry(s) order LONG,2024-02-05 00:30,"42,854.1",19.602468,-3271.65,-0.39%,1785.78,0.21%,-3938.14,-0.47%,-159955.8,-0.39%
57,Entry long,LONG,2024-02-04 18:30,"43,021.0",19.602468,-3271.65,-0.39%,1785.78,0.21%,-3938.14,-0.47%,-159955.8,-0.39%
58,Exit short,LONG,2024-02-05 11:30,"42,749.5",19.705424,-2354.8,-0.28%,8932.47,1.06%,-3862.26,-0.46%,-162310.6,-0.28%
58,Entry short,SHORT,2024-02-05 05:30,"42,630.0",19.705424,-2354.8,-0.28%,8932.47,1.06%,-3862.26,-0.46%,-162310.6,-0.28%
59,Exit long,SHORT,2024-02-05 23:30,"42,550.7",19.595394,-3895.56,-0.47%,16273.98,1.94%,-5472.99,-0.65%,-166206.16,-0.47%
59,Entry long,LONG,2024-02-05 11:30,"42,749.5",19.595394,-3895.56,-0.47%,16273.98,1.94%,-5472.99,-0.65%,-166206.16,-0.47%
60,Exit short,Close entry(s) order SHORT,2024-02-06 10:00,"42,829.3",19.595302,-5459.25,-0.65%,4693.07,0.56%,-7387.43,-0.89%,-171665.4,-0.65%
60,Entry short,SHORT,2024-02-05 23:30,"42,550.7",19.595302,-5459.25,-0.65%,4693.07,0.56%,-7387.43,-0.89%,-171665.4,-0.65%
61,Exit long,SHORT,2024-02-10 08:00,"47,073.6",18.548943,44830.94,5.41%,66286.5,8.00%,-4668.77,-0.56%,-126834.47,5.41%
61,Entry long,LONG,2024-02-08 08:00,"44,656.7",18.548943,44830.94,5.41%,66286.5,8.00%,-4668.77,-0.56%,-126834.47,5.41%
62,Exit short,Close entry(s) order SHORT,2024-02-10 08:30,"47,198.6",18.548943,-2318.62,-0.27%,589.86,0.07%,-2665.48,-0.31%,-129153.09,-0.27%
62,Entry short,SHORT,2024-02-10 08:00,"47,073.6",18.548943,-2318.62,-0.27%,589.86,0.07%,-2665.48,-0.31%,-129153.09,-0.27%
63,Exit long,Close entry(s) order LONG,2024-02-10 15:00,"47,130.6",18.418927,-2753.63,-0.32%,3864.29,0.44%,-2856.78,-0.33%,-131906.72,-0.32%
63,Entry long,LONG,2024-02-10 09:00,"47,280.1",18.418927,-2753.63,-0.32%,3864.29,0.44%,-2856.78,-0.33%,-131906.72,-0.32%
64,Exit short,Close entry(s) order SHORT,2024-02-11 10:00,"47,761.1",18.229594,-2572.2,-0.30%,0,0.00%,-2769.08,-0.32%,-134478.9,-0.30%
64,Entry short,SHORT,2024-02-11 09:00,"47,620.0",18.229594,-2572.2,-0.30%,0,0.00%,-2769.08,-0.32%,-134478.9,-0.30%
65,Exit long,SHORT,2024-02-11 16:00,"48,128.5",18.00603,1082.16,0.13%,9572.01,1.11%,-1022.74,-0.12%,-133396.75,0.13%
65,Entry long,LONG,2024-02-11 10:30,"48,068.4",18.00603,1082.16,0.13%,9572.01,1.11%,-1022.74,-0.12%,-133396.75,0.13%
66,Exit short,LONG,2024-02-11 18:30,"48,355.0",18.00603,-4078.37,-0.47%,3896.51,0.45%,-4798.61,-0.55%,-137475.11,-0.47%
66,Entry short,SHORT,2024-02-11 16:00,"48,128.5",18.00603,-4078.37,-0.47%,3896.51,0.45%,-4798.61,-0.55%,-137475.11,-0.47%
67,Exit long,Close entry(s) order LONG,2024-02-11 21:30,"48,084.2",17.837346,-4830.35,-0.56%,2038.81,0.24%,-7864.49,-0.91%,-142305.47,-0.56%
67,Entry long,LONG,2024-02-11 18:30,"48,355.0",17.837346,-4830.35,-0.56%,2038.81,0.24%,-7864.49,-0.91%,-142305.47,-0.56%
68,Exit short,LONG,2024-02-13 13:00,"50,072.3",17.21801,-4449.13,-0.52%,67.15,0.01%,-4571.38,-0.53%,-146754.61,-0.52%
68,Entry short,SHORT,2024-02-13 11:00,"49,813.9",17.21801,-4449.13,-0.52%,67.15,0.01%,-4571.38,-0.53%,-146754.61,-0.52%
69,Exit long,Close entry(s) order LONG,2024-02-13 20:00,"49,877.7",17.040267,-3316.04,-0.39%,3709.67,0.43%,-7179.06,-0.84%,-150070.64,-0.39%
69,Entry long,LONG,2024-02-13 13:00,"50,072.3",17.040267,-3316.04,-0.39%,3709.67,0.43%,-7179.06,-0.84%,-150070.64,-0.39%
70,Exit long,Close entry(s) order LONG,2024-02-14 11:30,"49,398.2",17.20665,49.9,0.01%,6679.62,0.79%,-1314.59,-0.15%,-150020.73,0.01%
70,Entry long,LONG,2024-02-14 04:00,"49,395.3",17.20665,49.9,0.01%,6679.62,0.79%,-1314.59,-0.15%,-150020.73,0.01%
71,Exit long,Close entry(s) order LONG,2024-02-15 14:00,"52,003.7",16.402501,3013.14,0.35%,12273.99,1.44%,-9879.23,-1.16%,-147007.6,0.35%
71,Entry long,LONG,2024-02-14 21:00,"51,820.0",16.402501,3013.14,0.35%,12273.99,1.44%,-9879.23,-1.16%,-147007.6,0.35%
72,Exit short,LONG,2024-02-18 03:00,"51,428.2",16.647619,-3164.71,-0.37%,9832.08,1.15%,-4067.01,-0.48%,-150172.31,-0.37%
72,Entry short,SHORT,2024-02-17 21:30,"51,238.1",16.647619,-3164.71,-0.37%,9832.08,1.15%,-4067.01,-0.48%,-150172.31,-0.37%
73,Exit long,Close entry(s) order LONG,2024-02-18 10:00,"51,306.7",16.524159,-2007.69,-0.24%,11249.65,1.32%,-4134.34,-0.49%,-152180,-0.24%
73,Entry long,LONG,2024-02-18 03:00,"51,428.2",16.524159,-2007.69,-0.24%,11249.65,1.32%,-4134.34,-0.49%,-152180,-0.24%
74,Exit long,SHORT,2024-02-20 16:30,"51,642.2",16.32231,-4901.59,-0.58%,2195.35,0.26%,-5836.86,-0.69%,-157081.6,-0.58%
74,Entry long,LONG,2024-02-20 12:30,"51,942.5",16.32231,-4901.59,-0.58%,2195.35,0.26%,-5836.86,-0.69%,-157081.6,-0.58%
75,Exit short,Close entry(s) order SHORT,2024-02-20 18:00,"52,157.2",16.322279,-8405.97,-1.00%,829.17,0.10%,-8592.05,-1.02%,-165487.56,-1.00%
75,Entry short,SHORT,2024-02-20 16:30,"51,642.2",16.322279,-8405.97,-1.00%,829.17,0.10%,-8592.05,-1.02%,-165487.56,-1.00%
76,Exit short,LONG,2024-02-22 05:00,"51,412.8",16.331894,-5157.61,-0.62%,9286.31,1.11%,-6059.13,-0.73%,-170645.17,-0.62%
76,Entry short,SHORT,2024-02-21 18:30,"51,097.0",16.331894,-5157.61,-0.62%,9286.31,1.11%,-6059.13,-0.73%,-170645.17,-0.62%
77,Exit long,Close entry(s) order LONG,2024-02-22 20:00,"51,558.8",16.131227,2355.16,0.28%,10730.49,1.29%,-3806.97,-0.46%,-168290.02,0.28%
77,Entry long,LONG,2024-02-22 05:00,"51,412.8",16.131227,2355.16,0.28%,10730.49,1.29%,-3806.97,-0.46%,-168290.02,0.28%
78,Exit long,Close entry(s) order LONG,2024-02-25 18:00,"51,608.8",16.347079,11943.18,1.44%,17517.53,2.11%,-361.27,-0.04%,-156346.84,1.44%
78,Entry long,LONG,2024-02-24 11:00,"50,878.2",16.347079,11943.18,1.44%,17517.53,2.11%,-361.27,-0.04%,-156346.84,1.44%
79,Exit long,SHORT,2024-02-29 17:30,"62,518.7",15.103695,100611.75,11.93%,127515.97,15.11%,-4068.94,-0.48%,-55735.08,11.93%
79,Entry long,LONG,2024-02-27 09:00,"55,857.3",15.103695,100611.75,11.93%,127515.97,15.11%,-4068.94,-0.48%,-55735.08,11.93%
80,Exit short,Close entry(s) order SHORT,2024-02-29 18:30,"63,077.6",15.103719,-8441.47,-0.89%,1767.14,0.19%,-9051.66,-0.96%,-64176.55,-0.89%
80,Entry short,SHORT,2024-02-29 17:30,"62,518.7",15.103719,-8441.47,-0.89%,1767.14,0.19%,-9051.66,-0.96%,-64176.55,-0.89%
81,Exit short,LONG,2024-02-29 21:30,"63,329.9",15.025126,-15716.28,-1.68%,317.03,0.03%,-15717.78,-1.68%,-79892.84,-1.68%
81,Entry short,SHORT,2024-02-29 20:30,"62,283.9",15.025126,-15716.28,-1.68%,317.03,0.03%,-15717.78,-1.68%,-79892.84,-1.68%
82,Exit long,Close entry(s) order LONG,2024-03-01 00:00,"62,235.5",14.528795,-15900.31,-1.73%,3922.77,0.43%,-25859.8,-2.81%,-95793.15,-1.73%
82,Entry long,LONG,2024-02-29 21:30,"63,329.9",14.528795,-15900.31,-1.73%,3922.77,0.43%,-25859.8,-2.81%,-95793.15,-1.73%
83,Exit long,Close entry(s) order LONG,2024-03-01 23:00,"61,335.4",14.675561,-4106.22,-0.45%,16653.83,1.84%,-6093.29,-0.67%,-99899.37,-0.45%
83,Entry long,LONG,2024-03-01 12:00,"61,615.2",14.675561,-4106.22,-0.45%,16653.83,1.84%,-6093.29,-0.67%,-99899.37,-0.45%
84,Exit long,SHORT,2024-03-05 15:00,"66,223.8",14.315943,47955.55,5.33%,85189.88,9.46%,-8231.67,-0.91%,-51943.82,5.33%
84,Entry long,LONG,2024-03-04 03:30,"62,874.0",14.315943,47955.55,5.33%,85189.88,9.46%,-8231.67,-0.91%,-51943.82,5.33%
85,Exit short,LONG,2024-03-05 18:00,"66,902.1",14.315943,-9710.5,-1.02%,8930.29,0.94%,-15267.95,-1.61%,-61654.33,-1.02%
85,Entry short,SHORT,2024-03-05 15:00,"66,223.8",14.315943,-9710.5,-1.02%,8930.29,0.94%,-15267.95,-1.61%,-61654.33,-1.02%
86,Exit long,SHORT,2024-03-06 00:30,"64,515.6",14.025653,-33472.22,-3.57%,34333.39,3.66%,-47715.27,-5.09%,-95126.55,-3.57%
86,Entry long,LONG,2024-03-05 18:00,"66,902.1",14.025653,-33472.22,-3.57%,34333.39,3.66%,-47715.27,-5.09%,-95126.55,-3.57%
87,Exit short,LONG,2024-03-06 12:30,"65,816.2",14.025653,-18241.76,-2.02%,75789.02,8.38%,-19870.14,-2.20%,-113368.31,-2.02%
87,Entry short,SHORT,2024-03-06 00:30,"64,515.6",14.025653,-18241.76,-2.02%,75789.02,8.38%,-19870.14,-2.20%,-113368.31,-2.02%
88,Exit long,Close entry(s) order LONG,2024-03-07 06:00,"65,972.6",13.471287,2106.91,0.24%,25774.61,2.91%,-16174.97,-1.82%,-111261.41,0.24%
88,Entry long,LONG,2024-03-06 12:30,"65,816.2",13.471287,2106.91,0.24%,25774.61,2.91%,-16174.97,-1.82%,-111261.41,0.24%
89,Exit short,LONG,2024-03-08 11:00,"67,220.0",13.179951,2780.97,0.31%,8316.55,0.94%,-1.32,0.00%,-108480.43,0.31%
89,Entry short,SHORT,2024-03-08 05:30,"67,431.0",13.179951,2780.97,0.31%,8316.55,0.94%,-1.32,0.00%,-108480.43,0.31%
90,Exit long,Close entry(s) order LONG,2024-03-08 13:00,"66,961.4",13.262752,-3429.75,-0.38%,1237.41,0.14%,-5330.3,-0.60%,-111910.18,-0.38%
90,Entry long,LONG,2024-03-08 11:00,"67,220.0",13.262752,-3429.75,-0.38%,1237.41,0.14%,-5330.3,-0.60%,-111910.18,-0.38%
91,Exit short,LONG,2024-03-08 19:30,"67,559.5",13.194318,-3311.77,-0.37%,2843.38,0.32%,-7276.67,-0.82%,-115221.95,-0.37%
91,Entry short,SHORT,2024-03-08 15:00,"67,308.5",13.194318,-3311.77,-0.37%,2843.38,0.32%,-7276.67,-0.82%,-115221.95,-0.37%
92,Exit long,Close entry(s) order LONG,2024-03-09 22:00,"68,189.0",13.096278,8244.11,0.93%,36293.71,4.10%,-18852.09,-2.13%,-106977.85,0.93%
92,Entry long,LONG,2024-03-08 19:30,"67,559.5",13.096278,8244.11,0.93%,36293.71,4.10%,-18852.09,-2.13%,-106977.85,0.93%
93,Exit long,Close entry(s) order LONG,2024-03-12 08:00,"72,068.3",13.006932,44365.34,4.97%,55053.14,6.16%,-2016.07,-0.23%,-62612.5,4.97%
93,Entry long,LONG,2024-03-11 11:00,"68,657.4",13.006932,44365.34,4.97%,55053.14,6.16%,-2016.07,-0.23%,-62612.5,4.97%
94,Exit long,SHORT,2024-03-13 20:30,"72,790.2",13.042892,12007.29,1.28%,24591.07,2.62%,-412.16,-0.04%,-50605.22,1.28%
94,Entry long,LONG,2024-03-13 08:30,"71,869.6",13.042892,12007.29,1.28%,24591.07,2.62%,-412.16,-0.04%,-50605.22,1.28%
95,Exit short,Close entry(s) order SHORT,2024-03-14 01:30,"73,053.8",13.042892,-3438.11,-0.36%,14596.3,1.54%,-6237.11,-0.66%,-54043.32,-0.36%
95,Entry short,SHORT,2024-03-13 20:30,"72,790.2",13.042892,-3438.11,-0.36%,14596.3,1.54%,-6237.11,-0.66%,-54043.32,-0.36%
96,Exit short,LONG,2024-03-15 07:30,"72,156.1",13.577208,-33720.36,-3.56%,14561.56,1.54%,-34289.24,-3.62%,-87763.68,-3.56%
96,Entry short,SHORT,2024-03-15 02:30,"69,672.5",13.577208,-33720.36,-3.56%,14561.56,1.54%,-34289.24,-3.62%,-87763.68,-3.56%
97,Exit long,SHORT,2024-03-15 09:30,"70,758.6",12.642502,-17667.9,-1.94%,4347.76,0.48%,-17833.51,-1.95%,-105431.57,-1.94%
97,Entry long,LONG,2024-03-15 07:30,"72,156.1",12.642502,-17667.9,-1.94%,4347.76,0.48%,-17833.51,-1.95%,-105431.57,-1.94%
98,Exit short,LONG,2024-03-15 22:00,"68,655.7",12.642539,26586,2.97%,65470.65,7.32%,-658.68,-0.07%,-78845.58,2.97%
98,Entry short,SHORT,2024-03-15 09:30,"70,758.6",12.642539,26586,2.97%,65470.65,7.32%,-658.68,-0.07%,-78845.58,2.97%
99,Exit long,SHORT,2024-03-16 00:30,"68,231.8",13.417013,-5687.47,-0.62%,1627.48,0.18%,-14593.68,-1.58%,-84533.05,-0.62%
99,Entry long,LONG,2024-03-15 22:00,"68,655.7",13.417013,-5687.47,-0.62%,1627.48,0.18%,-14593.68,-1.58%,-84533.05,-0.62%
100,Exit short,Close entry(s) order SHORT,2024-03-16 01:00,"68,262.2",13.417013,-407.88,-0.04%,2294.31,0.25%,-1979.01,-0.22%,-84940.93,-0.04%
100,Entry short,SHORT,2024-03-16 00:30,"68,231.8",13.417013,-407.88,-0.04%,2294.31,0.25%,-1979.01,-0.22%,-84940.93,-0.04%
101,Exit long,SHORT,2024-03-16 04:30,"68,020.5",13.377137,-5138.16,-0.56%,30918.58,3.38%,-13171.13,-1.44%,-90079.09,-0.56%
101,Entry long,LONG,2024-03-16 01:30,"68,404.6",13.377137,-5138.16,-0.56%,30918.58,3.38%,-13171.13,-1.44%,-90079.09,-0.56%
102,Exit short,Close entry(s) order SHORT,2024-03-16 07:00,"69,552.1",13.377157,-20488.45,-2.25%,1364.47,0.15%,-23986.58,-2.64%,-110567.54,-2.25%
102,Entry short,SHORT,2024-03-16 04:30,"68,020.5",13.377157,-20488.45,-2.25%,1364.47,0.15%,-23986.58,-2.64%,-110567.54,-2.25%
103,Exit short,LONG,2024-03-17 11:00,"66,574.5",13.210851,9927.95,1.12%,34031.15,3.83%,-6063.78,-0.68%,-100639.59,1.12%
103,Entry short,SHORT,2024-03-17 01:00,"67,326.0",13.210851,9927.95,1.12%,34031.15,3.83%,-6063.78,-0.68%,-100639.59,1.12%
104,Exit long,SHORT,2024-03-17 13:30,"66,016.1",13.509122,-7543.49,-0.84%,344.48,0.04%,-9517.18,-1.06%,-108183.08,-0.84%
104,Entry long,LONG,2024-03-17 11:00,"66,574.5",13.509122,-7543.49,-0.84%,344.48,0.04%,-9517.18,-1.06%,-108183.08,-0.84%
105,Exit short,LONG,2024-03-17 16:30,"66,656.6",13.509082,-8652.57,-0.97%,19673.28,2.21%,-11629.97,-1.30%,-116835.65,-0.97%
105,Entry short,SHORT,2024-03-17 13:30,"66,016.1",13.509082,-8652.57,-0.97%,19673.28,2.21%,-11629.97,-1.30%,-116835.65,-0.97%
106,Exit long,SHORT,2024-03-18 07:30,"68,003.5",13.249465,17845.71,2.02%,30683.11,3.47%,-4459.77,-0.50%,-98989.94,2.02%
106,Entry long,LONG,2024-03-17 16:30,"66,656.6",13.249465,17845.71,2.02%,30683.11,3.47%,-4459.77,-0.50%,-98989.94,2.02%
107,Exit short,Close entry(s) order SHORT,2024-03-18 12:00,"68,422.0",13.249465,-5544.9,-0.62%,15752.29,1.75%,-8433.28,-0.94%,-104534.84,-0.62%
107,Entry short,SHORT,2024-03-18 07:30,"68,003.5",13.249465,-5544.9,-0.62%,15752.29,1.75%,-8433.28,-0.94%,-104534.84,-0.62%
108,Exit short,LONG,2024-03-19 23:30,"64,326.8",13.880361,2585.91,0.29%,29162.64,3.26%,-3810.16,-0.43%,-101948.93,0.29%
108,Entry short,SHORT,2024-03-19 14:30,"64,513.1",13.880361,2585.91,0.29%,29162.64,3.26%,-3810.16,-0.43%,-101948.93,0.29%
109,Exit long,SHORT,2024-03-20 04:30,"63,831.7",13.960804,-6911.99,-0.77%,20606.15,2.29%,-10324.01,-1.15%,-108860.92,-0.77%
109,Entry long,LONG,2024-03-19 23:30,"64,326.8",13.960804,-6911.99,-0.77%,20606.15,2.29%,-10324.01,-1.15%,-108860.92,-0.77%
110,Exit short,Close entry(s) order SHORT,2024-03-20 10:30,"63,426.1",13.96076,5662.48,0.64%,31396.35,3.52%,-4566.56,-0.51%,-103198.44,0.64%
110,Entry short,SHORT,2024-03-20 04:30,"63,831.7",13.96076,5662.48,0.64%,31396.35,3.52%,-4566.56,-0.51%,-103198.44,0.64%
111,Exit short,Close entry(s) order SHORT,2024-03-21 14:30,"67,323.9",13.430219,-7373.19,-0.82%,8674.58,0.97%,-8188.4,-0.91%,-110571.63,-0.82%
111,Entry short,SHORT,2024-03-21 12:00,"66,774.9",13.430219,-7373.19,-0.82%,8674.58,0.97%,-8188.4,-0.91%,-110571.63,-0.82%
112,Exit long,Close entry(s) order LONG,2024-03-22 17:00,"65,536.2",13.468494,-6754.45,-0.76%,8811.09,0.99%,-8844.76,-0.99%,-117326.08,-0.76%
112,Entry long,LONG,2024-03-22 10:30,"66,037.7",13.468494,-6754.45,-0.76%,8811.09,0.99%,-8844.76,-0.99%,-117326.08,-0.76%
113,Exit short,LONG,2024-03-23 08:30,"63,967.9",13.989113,-12181.72,-1.38%,11234.66,1.27%,-18412.47,-2.09%,-129507.8,-1.38%
113,Entry short,SHORT,2024-03-22 21:00,"63,097.1",13.989113,-12181.72,-1.38%,11234.66,1.27%,-18412.47,-2.09%,-129507.8,-1.38%
114,Exit long,Close entry(s) order LONG,2024-03-23 11:00,"63,592.0",13.608222,-5115.33,-0.59%,6125.06,0.70%,-12896.51,-1.48%,-134623.12,-0.59%
114,Entry long,LONG,2024-03-23 08:30,"63,967.9",13.608222,-5115.33,-0.59%,6125.06,0.70%,-12896.51,-1.48%,-134623.12,-0.59%
115,Exit long,SHORT,2024-03-25 16:30,"66,909.9",13.20555,18206.49,2.10%,29696.64,3.43%,-11834.81,-1.37%,-116416.64,2.10%
115,Entry long,LONG,2024-03-24 19:30,"65,531.2",13.20555,18206.49,2.10%,29696.64,3.43%,-11834.81,-1.37%,-116416.64,2.10%
116,Exit short,Close entry(s) order SHORT,2024-03-25 17:00,"67,101.9",13.205569,-2535.47,-0.29%,1659.94,0.19%,-3381.95,-0.38%,-118952.11,-0.29%
116,Entry short,SHORT,2024-03-25 16:30,"66,909.9",13.205569,-2535.47,-0.29%,1659.94,0.19%,-3381.95,-0.38%,-118952.11,-0.29%
117,Exit short,LONG,2024-03-25 21:30,"69,237.1",13.164115,-30397.26,-3.45%,1646.83,0.19%,-34316.21,-3.89%,-149349.36,-3.45%
117,Entry short,SHORT,2024-03-25 18:30,"66,928.0",13.164115,-30397.26,-3.45%,1646.83,0.19%,-34316.21,-3.89%,-149349.36,-3.45%
118,Exit long,SHORT,2024-03-26 21:00,"70,459.3",12.286052,15016.01,1.77%,29632.73,3.48%,-4201.83,-0.49%,-134333.36,1.77%
118,Entry long,LONG,2024-03-25 21:30,"69,237.1",12.286052,15016.01,1.77%,29632.73,3.48%,-4201.83,-0.49%,-134333.36,1.77%
119,Exit short,Close entry(s) order SHORT,2024-03-27 07:30,"70,167.4",12.286052,3586.3,0.41%,13997.5,1.62%,-3545.75,-0.41%,-130747.05,0.41%
119,Entry short,SHORT,2024-03-26 21:00,"70,459.3",12.286052,3586.3,0.41%,13997.5,1.62%,-3545.75,-0.41%,-130747.05,0.41%
120,Exit long,SHORT,2024-03-29 23:00,"69,240.4",12.385537,-11674.61,-1.34%,6462.77,0.74%,-14652.09,-1.69%,-142421.66,-1.34%
120,Entry long,LONG,2024-03-29 19:00,"70,183.0",12.385537,-11674.61,-1.34%,6462.77,0.74%,-14652.09,-1.69%,-142421.66,-1.34%
121,Exit short,LONG,2024-03-30 04:00,"69,667.5",12.385519,-5289.85,-0.62%,1424.33,0.17%,-6800.89,-0.79%,-147711.52,-0.62%
121,Entry short,SHORT,2024-03-29 23:00,"69,240.4",12.385519,-5289.85,-0.62%,1424.33,0.17%,-6800.89,-0.79%,-147711.52,-0.62%
122,Exit long,Close entry(s) order LONG,2024-03-30 05:00,"69,475.2",12.233624,-2352.53,-0.28%,116.22,0.01%,-4165.55,-0.49%,-150064.05,-0.28%
122,Entry long,LONG,2024-03-30 04:00,"69,667.5",12.233624,-2352.53,-0.28%,116.22,0.01%,-4165.55,-0.49%,-150064.05,-0.28%
123,Exit long,Close entry(s) order LONG,2024-03-30 11:30,"69,917.7",12.186562,2119.24,0.25%,6107.91,0.72%,-470.4,-0.06%,-147944.8,0.25%
123,Entry long,LONG,2024-03-30 05:30,"69,743.8",12.186562,2119.24,0.25%,6107.91,0.72%,-470.4,-0.06%,-147944.8,0.25%
124,Exit long,SHORT,2024-04-01 10:30,"70,679.5",11.974416,-5709.4,-0.67%,4061.72,0.48%,-6457.8,-0.76%,-153654.2,-0.67%
124,Entry long,LONG,2024-04-01 06:30,"71,156.3",11.974416,-5709.4,-0.67%,4061.72,0.48%,-6457.8,-0.76%,-153654.2,-0.67%
125,Exit short,LONG,2024-04-01 20:30,"70,079.4",11.974416,7185.85,0.85%,21362.36,2.52%,-803.48,-0.09%,-146468.36,0.85%
125,Entry short,SHORT,2024-04-01 10:30,"70,679.5",11.974416,7185.85,0.85%,21362.36,2.52%,-803.48,-0.09%,-146468.36,0.85%
126,Exit long,SHORT,2024-04-01 22:00,"68,950.0",12.179494,-13755.52,-1.61%,798.97,0.09%,-17357,-2.03%,-160223.88,-1.61%
126,Entry long,LONG,2024-04-01 20:30,"70,079.4",12.179494,-13755.52,-1.61%,798.97,0.09%,-17357,-2.03%,-160223.88,-1.61%
127,Exit short,LONG,2024-04-02 02:30,"69,391.0",12.179494,-5371.16,-0.64%,10312.38,1.23%,-7828.98,-0.93%,-165595.03,-0.64%
127,Entry short,SHORT,2024-04-01 22:00,"68,950.0",12.179494,-5371.16,-0.64%,10312.38,1.23%,-7828.98,-0.93%,-165595.03,-0.64%
128,Exit long,Close entry(s) order LONG,2024-04-02 09:00,"69,437.2",12.02465,555.54,0.07%,6709.76,0.80%,-3580.94,-0.43%,-165039.5,0.07%
128,Entry long,LONG,2024-04-02 02:30,"69,391.0",12.02465,555.54,0.07%,6709.76,0.80%,-3580.94,-0.43%,-165039.5,0.07%
129,Exit short,LONG,2024-04-03 01:00,"65,650.2",12.791017,-4771.05,-0.57%,8621.15,1.03%,-12941.95,-1.55%,-169810.55,-0.57%
129,Entry short,SHORT,2024-04-02 18:30,"65,277.2",12.791017,-4771.05,-0.57%,8621.15,1.03%,-12941.95,-1.55%,-169810.55,-0.57%
130,Exit long,SHORT,2024-04-03 07:30,"65,135.2",12.645611,-6512.49,-0.78%,7271.23,0.88%,-7111.89,-0.86%,-176323.03,-0.78%
130,Entry long,LONG,2024-04-03 01:00,"65,650.2",12.645611,-6512.49,-0.78%,7271.23,0.88%,-7111.89,-0.86%,-176323.03,-0.78%
131,Exit short,LONG,2024-04-03 09:00,"65,830.0",12.64565,-8786.2,-1.07%,8032.52,0.98%,-10417.49,-1.26%,-185109.23,-1.07%
131,Entry short,SHORT,2024-04-03 07:30,"65,135.2",12.64565,-8786.2,-1.07%,8032.52,0.98%,-10417.49,-1.26%,-185109.23,-1.07%
132,Exit long,Close entry(s) order LONG,2024-04-03 19:30,"65,958.4",12.378752,1589.43,0.20%,10726.19,1.32%,-3404.16,-0.42%,-183519.8,0.20%
132,Entry long,LONG,2024-04-03 09:00,"65,830.0",12.378752,1589.43,0.20%,10726.19,1.32%,-3404.16,-0.42%,-183519.8,0.20%
133,Exit long,SHORT,2024-04-05 10:30,"67,925.8",12.338178,21601.68,2.65%,38923.25,4.77%,-2093.79,-0.26%,-161918.11,2.65%
133,Entry long,LONG,2024-04-04 14:30,"66,175.0",12.338178,21601.68,2.65%,38923.25,4.77%,-2093.79,-0.26%,-161918.11,2.65%
134,Exit short,Close entry(s) order SHORT,2024-04-05 15:30,"67,410.4",12.338196,6359.11,0.76%,19121.74,2.28%,-1549.68,-0.18%,-155559.02,0.76%
134,Entry short,SHORT,2024-04-05 10:30,"67,925.8",12.338196,6359.11,0.76%,19121.74,2.28%,-1549.68,-0.18%,-155559.02,0.76%
135,Exit long,SHORT,2024-04-07 19:30,"69,247.9",12.296335,7055.64,0.84%,13844.44,1.64%,-911.16,-0.11%,-148503.38,0.84%
135,Entry long,LONG,2024-04-07 05:30,"68,674.1",12.296335,7055.64,0.84%,13844.44,1.64%,-911.16,-0.11%,-148503.38,0.84%
136,Exit short,LONG,2024-04-07 20:30,"69,414.1",12.296353,-2043.65,-0.24%,350.45,0.04%,-2952.35,-0.35%,-150547.03,-0.24%
136,Entry short,SHORT,2024-04-07 19:30,"69,247.9",12.296353,-2043.65,-0.24%,350.45,0.04%,-2952.35,-0.35%,-150547.03,-0.24%
137,Exit long,SHORT,2024-04-07 21:30,"69,308.7",12.237434,-1289.83,-0.15%,1900.47,0.22%,-2310.43,-0.27%,-151836.86,-0.15%
137,Entry long,LONG,2024-04-07 20:30,"69,414.1",12.237434,-1289.83,-0.15%,1900.47,0.22%,-2310.43,-0.27%,-151836.86,-0.15%
138,Exit short,LONG,2024-04-07 22:00,"69,595.3",12.23747,-3507.26,-0.41%,504.18,0.06%,-4629.44,-0.55%,-155344.11,-0.41%
138,Entry short,SHORT,2024-04-07 21:30,"69,308.7",12.23747,-3507.26,-0.41%,504.18,0.06%,-4629.44,-0.55%,-155344.11,-0.41%
139,Exit long,SHORT,2024-04-08 02:30,"69,471.1",12.13668,-1507.38,-0.18%,9705.7,1.15%,-4067,-0.48%,-156851.48,-0.18%
139,Entry long,LONG,2024-04-07 22:00,"69,595.3",12.13668,-1507.38,-0.18%,9705.7,1.15%,-4067,-0.48%,-156851.48,-0.18%
140,Exit short,Close entry(s) order SHORT,2024-04-08 12:30,"69,551.3",12.13668,-973.36,-0.12%,7158.21,0.85%,-5181.15,-0.61%,-157824.84,-0.12%
140,Entry short,SHORT,2024-04-08 02:30,"69,471.1",12.13668,-973.36,-0.12%,7158.21,0.85%,-5181.15,-0.61%,-157824.84,-0.12%
141,Exit short,LONG,2024-04-09 02:00,"71,949.7",11.797268,-6634.78,-0.79%,578.07,0.07%,-9252.6,-1.10%,-164459.62,-0.79%
141,Entry short,SHORT,2024-04-09 00:30,"71,387.3",11.797268,-6634.78,-0.79%,578.07,0.07%,-9252.6,-1.10%,-164459.62,-0.79%
142,Exit long,Close entry(s) order LONG,2024-04-09 03:00,"71,807.3",11.61284,-1653.67,-0.20%,876.77,0.10%,-3934.43,-0.47%,-166113.3,-0.20%
142,Entry long,LONG,2024-04-09 02:00,"71,949.7",11.61284,-1653.67,-0.20%,876.77,0.10%,-3934.43,-0.47%,-166113.3,-0.20%
143,Exit short,Close entry(s) order SHORT,2024-04-09 06:00,"71,973.0",11.650546,-4638.08,-0.56%,260.97,0.03%,-5372.07,-0.64%,-170751.39,-0.56%
143,Entry short,SHORT,2024-04-09 03:30,"71,574.9",11.650546,-4638.08,-0.56%,260.97,0.03%,-5372.07,-0.64%,-170751.39,-0.56%
144,Exit short,LONG,2024-04-10 06:00,"69,367.5",11.849828,7254.47,0.87%,20899.54,2.52%,-5984.16,-0.72%,-163496.92,0.87%
144,Entry short,SHORT,2024-04-09 21:00,"69,979.7",11.849828,7254.47,0.87%,20899.54,2.52%,-5984.16,-0.72%,-163496.92,0.87%
145,Exit long,Close entry(s) order LONG,2024-04-10 06:30,"69,033.9",12.059005,-4022.88,-0.48%,100.09,0.01%,-5327.67,-0.64%,-167519.8,-0.48%
145,Entry long,LONG,2024-04-10 06:00,"69,367.5",12.059005,-4022.88,-0.48%,100.09,0.01%,-5327.67,-0.64%,-167519.8,-0.48%
146,Exit short,LONG,2024-04-10 12:30,"69,361.2",12.081389,-5499.45,-0.66%,4735.9,0.57%,-8988.55,-1.08%,-173019.25,-0.66%
146,Entry short,SHORT,2024-04-10 08:30,"68,906.0",12.081389,-5499.45,-0.66%,4735.9,0.57%,-8988.55,-1.08%,-173019.25,-0.66%
147,Exit long,SHORT,2024-04-10 17:30,"68,890.8",11.92278,-5608.48,-0.68%,2417.94,0.29%,-8328.06,-1.01%,-178627.72,-0.68%
147,Entry long,LONG,2024-04-10 12:30,"69,361.2",11.92278,-5608.48,-0.68%,2417.94,0.29%,-8328.06,-1.01%,-178627.72,-0.68%
148,Exit short,LONG,2024-04-10 19:00,"69,094.8",11.922815,-2432.25,-0.30%,2274.87,0.28%,-3514.85,-0.43%,-181059.98,-0.30%
148,Entry short,SHORT,2024-04-10 17:30,"68,890.8",11.922815,-2432.25,-0.30%,2274.87,0.28%,-3514.85,-0.43%,-181059.98,-0.30%
149,Exit long,SHORT,2024-04-10 20:00,"68,013.5",11.852446,-12816.05,-1.56%,2137,0.26%,-18354.7,-2.24%,-193876.03,-1.56%
149,Entry long,LONG,2024-04-10 19:00,"69,094.8",11.852446,-12816.05,-1.56%,2137,0.26%,-18354.7,-2.24%,-193876.03,-1.56%
150,Exit short,LONG,2024-04-10 22:30,"68,661.1",11.852411,-7675.62,-0.95%,5527.96,0.69%,-12083.53,-1.50%,-201551.66,-0.95%
150,Entry short,SHORT,2024-04-10 20:00,"68,013.5",11.852411,-7675.62,-0.95%,5527.96,0.69%,-12083.53,-1.50%,-201551.66,-0.95%
151,Exit long,SHORT,2024-04-11 17:30,"70,745.3",11.628797,24236.74,3.04%,31991.98,4.01%,-1697.8,-0.21%,-177314.9,3.04%
151,Entry long,LONG,2024-04-10 22:30,"68,661.1",11.628797,24236.74,3.04%,31991.98,4.01%,-1697.8,-0.21%,-177314.9,3.04%
152,Exit short,Close entry(s) order SHORT,2024-04-12 03:30,"70,708.6",11.62883,426.78,0.05%,13404.55,1.63%,-4822.48,-0.59%,-176888.14,0.05%
152,Entry short,SHORT,2024-04-11 17:30,"70,745.3",11.62883,426.78,0.05%,13404.55,1.63%,-4822.48,-0.59%,-176888.14,0.05%
153,Exit short,LONG,2024-04-13 12:00,"67,616.0",12.359055,-12558.04,-1.53%,10447.11,1.27%,-16999.88,-2.07%,-189446.17,-1.53%
153,Entry short,SHORT,2024-04-13 08:30,"66,599.9",12.359055,-12558.04,-1.53%,10447.11,1.27%,-16999.88,-2.07%,-189446.17,-1.53%
154,Exit long,SHORT,2024-04-13 19:00,"67,377.1",11.987639,-2863.85,-0.35%,3726.96,0.46%,-5983.03,-0.74%,-192310.02,-0.35%
154,Entry long,LONG,2024-04-13 12:00,"67,616.0",11.987639,-2863.85,-0.35%,3726.96,0.46%,-5983.03,-0.74%,-192310.02,-0.35%
155,Exit short,Close entry(s) order SHORT,2024-04-13 21:30,"67,716.8",11.987603,-4072.19,-0.50%,2422.69,0.30%,-5057.57,-0.63%,-196382.2,-0.50%
155,Entry short,SHORT,2024-04-13 19:00,"67,377.1",11.987603,-4072.19,-0.50%,2422.69,0.30%,-5057.57,-0.63%,-196382.2,-0.50%
156,Exit short,LONG,2024-04-14 12:30,"64,244.4",12.942309,-27853.14,-3.47%,10626.93,1.32%,-46273.93,-5.76%,-224235.34,-3.47%
156,Entry short,SHORT,2024-04-14 03:30,"62,092.3",12.942309,-27853.14,-3.47%,10626.93,1.32%,-46273.93,-5.76%,-224235.34,-3.47%
157,Exit long,Close entry(s) order LONG,2024-04-14 18:30,"64,101.6",12.07521,-1724.34,-0.22%,7815.08,1.01%,-4210.63,-0.54%,-225959.69,-0.22%
157,Entry long,LONG,2024-04-14 12:30,"64,244.4",12.07521,-1724.34,-0.22%,7815.08,1.01%,-4210.63,-0.54%,-225959.69,-0.22%
158,Exit short,Close entry(s) order SHORT,2024-04-15 05:30,"65,273.7",12.167747,-20193.59,-2.61%,2707.32,0.35%,-21730.38,-2.81%,-246153.28,-2.61%
158,Entry short,SHORT,2024-04-15 04:30,"63,614.1",12.167747,-20193.59,-2.61%,2707.32,0.35%,-21730.38,-2.81%,-246153.28,-2.61%
159,Exit short,LONG,2024-04-16 15:00,"63,488.0",12.009493,-8612.01,-1.14%,13439.82,1.78%,-12194.44,-1.62%,-254765.3,-1.14%
159,Entry short,SHORT,2024-04-16 09:30,"62,770.9",12.009493,-8612.01,-1.14%,13439.82,1.78%,-12194.44,-1.62%,-254765.3,-1.14%
160,Exit long,Close entry(s) order LONG,2024-04-16 18:30,"62,565.5",11.738235,-10828.52,-1.45%,1865.21,0.25%,-23089.11,-3.10%,-265593.8,-1.45%
160,Entry long,LONG,2024-04-16 15:00,"63,488.0",11.738235,-10828.52,-1.45%,1865.21,0.25%,-23089.11,-3.10%,-265593.8,-1.45%
161,Exit short,Close entry(s) order SHORT,2024-04-18 09:00,"61,618.8",11.549827,22719.66,3.09%,45747.71,6.23%,-334.94,-0.05%,-242874.14,3.09%
161,Entry short,SHORT,2024-04-17 14:30,"63,585.9",11.549827,22719.66,3.09%,45747.71,6.23%,-334.94,-0.05%,-242874.14,3.09%
162,Exit long,SHORT,2024-04-19 21:30,"64,000.0",11.755499,-4773.91,-0.63%,12624.23,1.67%,-7363.64,-0.97%,-247648.06,-0.63%
162,Entry long,LONG,2024-04-19 14:30,"64,406.1",11.755499,-4773.91,-0.63%,12624.23,1.67%,-7363.64,-0.97%,-247648.06,-0.63%
163,Exit short,Close entry(s) order SHORT,2024-04-20 05:00,"64,378.9",11.755499,-4454.16,-0.59%,6142.25,0.82%,-9681.83,-1.29%,-252102.22,-0.59%
163,Entry short,SHORT,2024-04-19 21:30,"64,000.0",11.755499,-4454.16,-0.59%,6142.25,0.82%,-9681.83,-1.29%,-252102.22,-0.59%
164,Exit short,Close entry(s) order SHORT,2024-04-21 08:30,"65,000.0",11.561132,-3577.01,-0.48%,2052.1,0.27%,-4592.08,-0.61%,-255679.23,-0.48%
164,Entry short,SHORT,2024-04-21 04:00,"64,690.6",11.561132,-3577.01,-0.48%,2052.1,0.27%,-4592.08,-0.61%,-255679.23,-0.48%
165,Exit short,Close entry(s) order SHORT,2024-04-21 19:00,"65,203.5",11.445876,-1990.44,-0.27%,3448.64,0.46%,-4525.7,-0.61%,-257669.67,-0.27%
165,Entry short,SHORT,2024-04-21 12:00,"65,029.6",11.445876,-1990.44,-0.27%,3448.64,0.46%,-4525.7,-0.61%,-257669.67,-0.27%
166,Exit long,SHORT,2024-04-23 10:00,"66,582.8",11.252288,6879.65,0.93%,14072.11,1.90%,-4171.22,-0.56%,-250790.02,0.93%
166,Entry long,LONG,2024-04-22 20:00,"65,971.4",11.252288,6879.65,0.93%,14072.11,1.90%,-4171.22,-0.56%,-250790.02,0.93%
167,Exit short,Close entry(s) order SHORT,2024-04-23 21:00,"66,467.3",11.252305,1299.64,0.17%,9370.92,1.25%,-1656.34,-0.22%,-249490.38,0.17%
167,Entry short,SHORT,2024-04-23 10:00,"66,582.8",11.252305,1299.64,0.17%,9370.92,1.25%,-1656.34,-0.22%,-249490.38,0.17%
168,Exit short,LONG,2024-04-25 23:00,"64,091.6",11.712237,-145.23,-0.02%,15904.05,2.12%,-3347.36,-0.45%,-249635.61,-0.02%
168,Entry short,SHORT,2024-04-25 12:30,"64,079.2",11.712237,-145.23,-0.02%,15904.05,2.12%,-3347.36,-0.45%,-249635.61,-0.02%
169,Exit long,Close entry(s) order LONG,2024-04-26 08:00,"64,285.7",11.70765,2272.45,0.30%,13803.32,1.84%,-1845.13,-0.25%,-247363.16,0.30%
169,Entry long,LONG,2024-04-25 23:00,"64,091.6",11.70765,2272.45,0.30%,13803.32,1.84%,-1845.13,-0.25%,-247363.16,0.30%
170,Exit long,Close entry(s) order LONG,2024-04-27 23:30,"62,744.9",11.945023,-3147.51,-0.42%,4567.78,0.61%,-3444.94,-0.46%,-250510.67,-0.42%
170,Entry long,LONG,2024-04-27 20:00,"63,008.4",11.945023,-3147.51,-0.42%,4567.78,0.61%,-3444.94,-0.46%,-250510.67,-0.42%
171,Exit long,SHORT,2024-04-28 16:00,"63,677.7",11.764076,-379.98,-0.05%,7529.01,1.00%,-2623.39,-0.35%,-250890.64,-0.05%
171,Entry long,LONG,2024-04-28 07:30,"63,710.0",11.764076,-379.98,-0.05%,7529.01,1.00%,-2623.39,-0.35%,-250890.64,-0.05%
172,Exit short,LONG,2024-04-28 21:00,"63,740.2",11.764076,-735.25,-0.10%,5258.54,0.70%,-1815.2,-0.24%,-251625.9,-0.10%
172,Entry short,SHORT,2024-04-28 16:00,"63,677.7",11.764076,-735.25,-0.10%,5258.54,0.70%,-1815.2,-0.24%,-251625.9,-0.10%
173,Exit long,Close entry(s) order LONG,2024-04-28 22:30,"63,502.0",11.741006,-2796.71,-0.37%,213.69,0.03%,-3407.24,-0.46%,-254422.61,-0.37%
173,Entry long,LONG,2024-04-28 21:00,"63,740.2",11.741006,-2796.71,-0.37%,213.69,0.03%,-3407.24,-0.46%,-254422.61,-0.37%
174,Exit long,SHORT,2024-04-29 19:00,"62,222.6",11.953757,-1784.7,-0.24%,3428.34,0.46%,-2652.54,-0.36%,-256207.3,-0.24%
174,Entry long,LONG,2024-04-29 16:00,"62,371.9",11.953757,-1784.7,-0.24%,3428.34,0.46%,-2652.54,-0.36%,-256207.3,-0.24%
175,Exit short,LONG,2024-04-29 21:30,"62,789.9",11.953738,-6781.36,-0.91%,5933.84,0.80%,-7188.98,-0.97%,-262988.66,-0.91%
175,Entry short,SHORT,2024-04-29 19:00,"62,222.6",11.953738,-6781.36,-0.91%,5933.84,0.80%,-7188.98,-0.97%,-262988.66,-0.91%
176,Exit long,Close entry(s) order LONG,2024-04-30 15:00,"63,123.7",11.737737,3918.06,0.53%,22420.25,3.04%,-3272.48,-0.44%,-259070.61,0.53%
176,Entry long,LONG,2024-04-29 21:30,"62,789.9",11.737737,3918.06,0.53%,22420.25,3.04%,-3272.48,-0.44%,-259070.61,0.53%
177,Exit short,LONG,2024-05-02 01:30,"57,970.8",12.297011,28060.55,3.79%,45683.4,6.17%,-9966.73,-1.35%,-231010.05,3.79%
177,Entry short,SHORT,2024-04-30 23:30,"60,252.7",12.297011,28060.55,3.79%,45683.4,6.17%,-9966.73,-1.35%,-231010.05,3.79%
178,Exit long,Close entry(s) order LONG,2024-05-02 09:00,"57,096.5",13.265125,-11597.7,-1.51%,19465.24,2.53%,-16472.63,-2.14%,-242607.75,-1.51%
178,Entry long,LONG,2024-05-02 01:30,"57,970.8",13.265125,-11597.7,-1.51%,19465.24,2.53%,-16472.63,-2.14%,-242607.75,-1.51%
179,Exit long,SHORT,2024-05-03 05:30,"59,209.4",12.767584,-1431.25,-0.19%,4032,0.53%,-9283.31,-1.23%,-244039,-0.19%
179,Entry long,LONG,2024-05-02 22:30,"59,321.5",12.767584,-1431.25,-0.19%,4032,0.53%,-9283.31,-1.23%,-244039,-0.19%
180,Exit short,Close entry(s) order SHORT,2024-05-03 06:00,"59,300.9",12.767584,-1168.23,-0.15%,1243.56,0.16%,-2727.16,-0.36%,-245207.23,-0.15%
180,Entry short,SHORT,2024-05-03 05:30,"59,209.4",12.767584,-1168.23,-0.15%,1243.56,0.16%,-2727.16,-0.36%,-245207.23,-0.15%
181,Exit short,LONG,2024-05-03 09:30,"59,571.3",12.752333,-4880.32,-0.65%,5194.03,0.69%,-8918.98,-1.18%,-250087.55,-0.65%
181,Entry short,SHORT,2024-05-03 06:30,"59,188.6",12.752333,-4880.32,-0.65%,5194.03,0.69%,-8918.98,-1.18%,-250087.55,-0.65%
182,Exit long,SHORT,2024-05-03 14:00,"59,220.4",12.588485,-4417.3,-0.59%,5105.89,0.68%,-4674.1,-0.62%,-254504.84,-0.59%
182,Entry long,LONG,2024-05-03 09:30,"59,571.3",12.588485,-4417.3,-0.59%,5105.89,0.68%,-4674.1,-0.62%,-254504.84,-0.59%
183,Exit short,LONG,2024-05-03 20:30,"61,194.8",12.588485,-24854.7,-3.33%,5063.09,0.68%,-25587.35,-3.43%,-279359.56,-3.33%
183,Entry short,SHORT,2024-05-03 14:00,"59,220.4",12.588485,-24854.7,-3.33%,5063.09,0.68%,-25587.35,-3.43%,-279359.56,-3.33%
184,Exit long,SHORT,2024-05-04 23:30,"63,515.0",11.776171,27323.07,3.79%,39486.68,5.48%,-940.92,-0.13%,-252036.48,3.79%
184,Entry long,LONG,2024-05-03 20:30,"61,194.8",11.776171,27323.07,3.79%,39486.68,5.48%,-940.92,-0.13%,-252036.48,3.79%
185,Exit short,Close entry(s) order SHORT,2024-05-05 00:00,"63,663.9",11.776171,-1753.47,-0.23%,1116.38,0.15%,-2319.91,-0.31%,-253789.95,-0.23%
185,Entry short,SHORT,2024-05-04 23:30,"63,515.0",11.776171,-1753.47,-0.23%,1116.38,0.15%,-2319.91,-0.31%,-253789.95,-0.23%
186,Exit short,LONG,2024-05-05 03:00,"63,885.2",11.758746,-4999.82,-0.67%,1630.94,0.22%,-6349.72,-0.85%,-258789.77,-0.67%
186,Entry short,SHORT,2024-05-05 00:30,"63,460.0",11.758746,-4999.82,-0.67%,1630.94,0.22%,-6349.72,-0.85%,-258789.77,-0.67%
187,Exit long,SHORT,2024-05-05 08:00,"63,480.0",11.602221,-4701.22,-0.63%,3639.62,0.49%,-5947.3,-0.80%,-263491,-0.63%
187,Entry long,LONG,2024-05-05 03:00,"63,885.2",11.602221,-4701.22,-0.63%,3639.62,0.49%,-5947.3,-0.80%,-263491,-0.63%
188,Exit short,Close entry(s) order SHORT,2024-05-05 14:30,"63,615.0",11.602221,-1566.3,-0.21%,7506.64,1.02%,-2478.23,-0.34%,-265057.28,-0.21%
188,Entry short,SHORT,2024-05-05 08:00,"63,480.0",11.602221,-1566.3,-0.21%,7506.64,1.02%,-2478.23,-0.34%,-265057.28,-0.21%
189,Exit short,Close entry(s) order SHORT,2024-05-06 07:30,"64,152.8",11.497204,-2635.16,-0.36%,4636.82,0.63%,-4760.99,-0.65%,-267692.44,-0.36%
189,Entry short,SHORT,2024-05-06 02:30,"63,923.6",11.497204,-2635.16,-0.36%,4636.82,0.63%,-4760.99,-0.65%,-267692.44,-0.36%
190,Exit short,Close entry(s) order SHORT,2024-05-07 05:30,"63,532.4",11.479236,3004.12,0.41%,13072.55,1.79%,-4638.76,-0.63%,-264688.34,0.41%
190,Entry short,SHORT,2024-05-06 19:30,"63,794.1",11.479236,3004.12,0.41%,13072.55,1.79%,-4638.76,-0.63%,-264688.34,0.41%
191,Exit long,Close entry(s) order LONG,2024-05-08 12:00,"62,503.4",11.696864,-4217.89,-0.57%,1531.12,0.21%,-6542.06,-0.89%,-268906.22,-0.57%
191,Entry long,LONG,2024-05-08 11:00,"62,864.0",11.696864,-4217.89,-0.57%,1531.12,0.21%,-6542.06,-0.89%,-268906.22,-0.57%
192,Exit long,SHORT,2024-05-08 20:00,"62,207.2",11.711985,-2523.93,-0.35%,798.76,0.11%,-4249.11,-0.58%,-271430.16,-0.35%
192,Entry long,LONG,2024-05-08 18:00,"62,422.7",11.711985,-2523.93,-0.35%,798.76,0.11%,-4249.11,-0.58%,-271430.16,-0.35%
193,Exit short,LONG,2024-05-08 22:00,"62,530.0",11.711985,-3780.63,-0.52%,5510.49,0.76%,-6942.86,-0.95%,-275210.78,-0.52%
193,Entry short,SHORT,2024-05-08 20:00,"62,207.2",11.711985,-3780.63,-0.52%,5510.49,0.76%,-6942.86,-0.95%,-275210.78,-0.52%
194,Exit long,Close entry(s) order LONG,2024-05-08 22:30,"62,086.2",11.591063,-5144.11,-0.71%,623.6,0.09%,-8066.22,-1.11%,-280354.9,-0.71%
194,Entry long,LONG,2024-05-08 22:00,"62,530.0",11.591063,-5144.11,-0.71%,623.6,0.09%,-8066.22,-1.11%,-280354.9,-0.71%
195,Exit long,SHORT,2024-05-09 03:30,"61,721.2",11.560229,-6135.01,-0.85%,5687.63,0.79%,-8692.14,-1.21%,-286489.9,-0.85%
195,Entry long,LONG,2024-05-08 23:00,"62,251.9",11.560229,-6135.01,-0.85%,5687.63,0.79%,-8692.14,-1.21%,-286489.9,-0.85%
196,Exit short,LONG,2024-05-09 10:00,"61,629.7",11.56021,1057.76,0.15%,10145.24,1.42%,-210.4,-0.03%,-285432.16,0.15%
196,Entry short,SHORT,2024-05-09 03:30,"61,721.2",11.56021,1057.76,0.15%,10145.24,1.42%,-210.4,-0.03%,-285432.16,0.15%
197,Exit long,SHORT,2024-05-09 13:00,"61,547.2",11.594574,-956.55,-0.13%,1731.07,0.24%,-2946.18,-0.41%,-286388.72,-0.13%
197,Entry long,LONG,2024-05-09 10:00,"61,629.7",11.594574,-956.55,-0.13%,1731.07,0.24%,-2946.18,-0.41%,-286388.72,-0.13%
198,Exit short,Close entry(s) order SHORT,2024-05-09 13:30,"61,706.4",11.594537,-1845.85,-0.26%,0,0.00%,-2388.47,-0.33%,-288234.56,-0.26%
198,Entry short,SHORT,2024-05-09 13:00,"61,547.2",11.594537,-1845.85,-0.26%,0,0.00%,-2388.47,-0.33%,-288234.56,-0.26%
199,Exit short,LONG,2024-05-09 21:00,"61,165.4",11.576734,3669.82,0.52%,10794.15,1.52%,-1415.83,-0.20%,-284564.72,0.52%
199,Entry short,SHORT,2024-05-09 14:30,"61,482.4",11.576734,3669.82,0.52%,10794.15,1.52%,-1415.83,-0.20%,-284564.72,0.52%
200,Exit long,SHORT,2024-05-10 21:30,"62,186.5",11.696731,11943.53,1.67%,26689.6,3.73%,-764.97,-0.11%,-272621.2,1.67%
200,Entry long,LONG,2024-05-09 21:00,"61,165.4",11.696731,11943.53,1.67%,26689.6,3.73%,-764.97,-0.11%,-272621.2,1.67%
201,Exit short,Close entry(s) order SHORT,2024-05-11 14:00,"60,925.3",11.696731,14751.92,2.03%,24201.71,3.33%,-1246.87,-0.17%,-257869.28,2.03%
201,Entry short,SHORT,2024-05-10 21:30,"62,186.5",11.696731,14751.92,2.03%,24201.71,3.33%,-1246.87,-0.17%,-257869.28,2.03%
202,Exit long,SHORT,2024-05-13 05:00,"61,219.9",12.05051,-4399.64,-0.59%,427.79,0.06%,-8616.11,-1.16%,-262268.94,-0.59%
202,Entry long,LONG,2024-05-13 01:00,"61,585.0",12.05051,-4399.64,-0.59%,427.79,0.06%,-8616.11,-1.16%,-262268.94,-0.59%
203,Exit short,Close entry(s) order SHORT,2024-05-13 05:30,"61,332.4",12.05051,-1355.68,-0.18%,492.87,0.07%,-1944.95,-0.26%,-263624.6,-0.18%
203,Entry short,SHORT,2024-05-13 05:00,"61,219.9",12.05051,-1355.68,-0.18%,492.87,0.07%,-1944.95,-0.26%,-263624.6,-0.18%
204,Exit long,Close entry(s) order LONG,2024-05-14 09:30,"62,523.0",11.685845,-5741.26,-0.78%,4974.66,0.68%,-6402.67,-0.87%,-269365.88,-0.78%
204,Entry long,LONG,2024-05-13 21:30,"63,014.3",11.685845,-5741.26,-0.78%,4974.66,0.68%,-6402.67,-0.87%,-269365.88,-0.78%
205,Exit long,SHORT,2024-05-15 00:00,"61,407.0",11.79736,-6193.61,-0.85%,4293.06,0.59%,-11585.01,-1.59%,-275559.47,-0.85%
205,Entry long,LONG,2024-05-14 19:30,"61,932.0",11.79736,-6193.61,-0.85%,4293.06,0.59%,-11585.01,-1.59%,-275559.47,-0.85%
206,Exit short,LONG,2024-05-15 07:30,"61,705.0",11.79736,-3515.61,-0.49%,3425.95,0.47%,-4269.46,-0.59%,-279075.1,-0.49%
206,Entry short,SHORT,2024-05-15 00:00,"61,407.0",11.79736,-3515.61,-0.49%,3425.95,0.47%,-4269.46,-0.59%,-279075.1,-0.49%
207,Exit long,SHORT,2024-05-15 08:00,"61,413.2",11.683449,-3409.23,-0.47%,814.34,0.11%,-4543.69,-0.63%,-282484.3,-0.47%
207,Entry long,LONG,2024-05-15 07:30,"61,705.0",11.683449,-3409.23,-0.47%,814.34,0.11%,-4543.69,-0.63%,-282484.3,-0.47%
208,Exit short,LONG,2024-05-15 09:00,"61,668.7",11.683411,-2985.11,-0.42%,110.99,0.02%,-3702.47,-0.52%,-285469.44,-0.42%
208,Entry short,SHORT,2024-05-15 08:00,"61,413.2",11.683411,-2985.11,-0.42%,110.99,0.02%,-3702.47,-0.52%,-285469.44,-0.42%
209,Exit long,SHORT,2024-05-16 10:30,"65,984.0",11.5866,49999.66,7.00%,57646.81,8.07%,-147.15,-0.02%,-235469.78,7.00%
209,Entry long,LONG,2024-05-15 09:00,"61,668.7",11.5866,49999.66,7.00%,57646.81,8.07%,-147.15,-0.02%,-235469.78,7.00%
210,Exit short,LONG,2024-05-16 15:00,"66,100.0",11.5866,-1344.05,-0.18%,4066.9,0.53%,-2882.75,-0.38%,-236813.83,-0.18%
210,Entry short,SHORT,2024-05-16 10:30,"65,984.0",11.5866,-1344.05,-0.18%,4066.9,0.53%,-2882.75,-0.38%,-236813.83,-0.18%
211,Exit long,SHORT,2024-05-16 22:30,"65,769.5",11.545933,-3815.93,-0.50%,8082.15,1.06%,-8786.45,-1.15%,-240629.75,-0.50%
211,Entry long,LONG,2024-05-16 15:00,"66,100.0",11.545933,-3815.93,-0.50%,8082.15,1.06%,-8786.45,-1.15%,-240629.75,-0.50%
212,Exit short,Close entry(s) order SHORT,2024-05-17 09:00,"65,311.1",11.545933,5292.66,0.70%,13883.98,1.83%,-1317.39,-0.17%,-235337.1,0.70%
212,Entry short,SHORT,2024-05-16 22:30,"65,769.5",11.545933,5292.66,0.70%,13883.98,1.83%,-1317.39,-0.17%,-235337.1,0.70%
213,Exit long,Close entry(s) order LONG,2024-05-18 13:00,"66,826.2",11.517325,4996.22,0.65%,11611.77,1.52%,-7124.62,-0.93%,-230340.88,0.65%
213,Entry long,LONG,2024-05-17 17:30,"66,392.4",11.517325,4996.22,0.65%,11611.77,1.52%,-7124.62,-0.93%,-230340.88,0.65%
214,Exit long,SHORT,2024-05-21 17:00,"71,037.2",11.550217,50834.82,6.60%,63489.23,8.25%,-4609.69,-0.60%,-179506.06,6.60%
214,Entry long,LONG,2024-05-20 10:00,"66,636.0",11.550217,50834.82,6.60%,63489.23,8.25%,-4609.69,-0.60%,-179506.06,6.60%
215,Exit short,Close entry(s) order SHORT,2024-05-21 17:30,"71,165.1",11.5502,-1477.27,-0.18%,348.82,0.04%,-3527.43,-0.43%,-180983.34,-0.18%
215,Entry short,SHORT,2024-05-21 17:00,"71,037.2",11.5502,-1477.27,-0.18%,348.82,0.04%,-3527.43,-0.43%,-180983.34,-0.18%
216,Exit short,LONG,2024-05-22 06:30,"70,337.1",11.624446,1396.1,0.17%,15014.14,1.83%,-5912.19,-0.72%,-179587.23,0.17%
216,Entry short,SHORT,2024-05-21 21:30,"70,457.2",11.624446,1396.1,0.17%,15014.14,1.83%,-5912.19,-0.72%,-179587.23,0.17%
217,Exit long,Close entry(s) order LONG,2024-05-22 11:00,"70,001.9",11.664044,-3909.79,-0.48%,1004.27,0.12%,-5470.44,-0.67%,-183497.03,-0.48%
217,Entry long,LONG,2024-05-22 06:30,"70,337.1",11.664044,-3909.79,-0.48%,1004.27,0.12%,-5470.44,-0.67%,-183497.03,-0.48%
218,Exit short,LONG,2024-05-24 10:00,"68,001.7",12.065488,-3970.75,-0.49%,18291.28,2.24%,-8631.65,-1.06%,-187467.78,-0.49%
218,Entry short,SHORT,2024-05-24 01:00,"67,672.6",12.065488,-3970.75,-0.49%,18291.28,2.24%,-8631.65,-1.06%,-187467.78,-0.49%
219,Exit long,SHORT,2024-05-24 11:30,"67,763.2",11.948739,-2849.77,-0.35%,492.29,0.06%,-3696.94,-0.45%,-190317.56,-0.35%
219,Entry long,LONG,2024-05-24 10:00,"68,001.7",11.948739,-2849.77,-0.35%,492.29,0.06%,-3696.94,-0.45%,-190317.56,-0.35%
220,Exit short,LONG,2024-05-24 19:00,"67,383.3",11.948704,4539.31,0.56%,13432.73,1.66%,-88.42,-0.01%,-185778.25,0.56%
220,Entry short,SHORT,2024-05-24 11:30,"67,763.2",11.948704,4539.31,0.56%,13432.73,1.66%,-88.42,-0.01%,-185778.25,0.56%
221,Exit long,SHORT,2024-05-24 21:00,"67,105.7",12.083399,-3354.35,-0.41%,3089.73,0.38%,-5204.32,-0.64%,-189132.6,-0.41%
221,Entry long,LONG,2024-05-24 19:00,"67,383.3",12.083399,-3354.35,-0.41%,3089.73,0.38%,-5204.32,-0.64%,-189132.6,-0.41%
222,Exit short,LONG,2024-05-24 22:00,"67,885.1",12.083435,-9417.83,-1.16%,1050.05,0.13%,-11410.39,-1.41%,-198550.42,-1.16%
222,Entry short,SHORT,2024-05-24 21:00,"67,105.7",12.083435,-9417.83,-1.16%,1050.05,0.13%,-11410.39,-1.41%,-198550.42,-1.16%
223,Exit long,Close entry(s) order LONG,2024-05-25 07:30,"68,667.2",11.805971,9233.45,1.15%,16391.41,2.05%,0,0.00%,-189316.97,1.15%
223,Entry long,LONG,2024-05-24 22:00,"67,885.1",11.805971,9233.45,1.15%,16391.41,2.05%,0,0.00%,-189316.97,1.15%
224,Exit long,SHORT,2024-05-28 21:30,"68,072.6",11.807863,-6889.89,-0.85%,701.39,0.09%,-13060.68,-1.61%,-196206.86,-0.85%
224,Entry long,LONG,2024-05-28 17:30,"68,656.1",11.807863,-6889.89,-0.85%,701.39,0.09%,-13060.68,-1.61%,-196206.86,-0.85%
225,Exit short,LONG,2024-05-28 23:00,"68,399.8",11.80788,-3863.54,-0.48%,4605.07,0.57%,-4928.61,-0.61%,-200070.4,-0.48%
225,Entry short,SHORT,2024-05-28 21:30,"68,072.6",11.80788,-3863.54,-0.48%,4605.07,0.57%,-4928.61,-0.61%,-200070.4,-0.48%
226,Exit long,Close entry(s) order LONG,2024-05-28 23:30,"67,896.2",11.694945,-5889.57,-0.74%,1012.78,0.13%,-5897.76,-0.74%,-205959.97,-0.74%
226,Entry long,LONG,2024-05-28 23:00,"68,399.8",11.694945,-5889.57,-0.74%,1012.78,0.13%,-5897.76,-0.74%,-205959.97,-0.74%
227,Exit long,Close entry(s) order LONG,2024-06-04 06:30,"68,923.2",11.455909,-4462.08,-0.56%,12145.56,1.53%,-8683.58,-1.09%,-210422.05,-0.56%
227,Entry long,LONG,2024-06-03 15:30,"69,312.7",11.455909,-4462.08,-0.56%,12145.56,1.53%,-8683.58,-1.09%,-210422.05,-0.56%
228,Exit long,SHORT,2024-06-05 18:30,"70,951.5",11.149065,1463.87,0.19%,6798.7,0.86%,-1497.32,-0.19%,-208958.17,0.19%
228,Entry long,LONG,2024-06-05 08:00,"70,820.2",11.149065,1463.87,0.19%,6798.7,0.86%,-1497.32,-0.19%,-208958.17,0.19%
229,Exit short,Close entry(s) order SHORT,2024-06-05 19:00,"71,008.4",11.149049,-634.38,-0.08%,610.97,0.08%,-2279.98,-0.29%,-209592.56,-0.08%
229,Entry short,SHORT,2024-06-05 18:30,"70,951.5",11.149049,-634.38,-0.08%,610.97,0.08%,-2279.98,-0.29%,-209592.56,-0.08%
230,Exit short,LONG,2024-06-05 20:30,"71,165.8",11.162275,-3965.96,-0.50%,1329.43,0.17%,-4623.41,-0.58%,-213558.52,-0.50%
230,Entry short,SHORT,2024-06-05 19:30,"70,810.5",11.162275,-3965.96,-0.50%,1329.43,0.17%,-4623.41,-0.58%,-213558.52,-0.50%
231,Exit long,Close entry(s) order LONG,2024-06-06 04:00,"71,228.6",11.050834,693.99,0.09%,7278.08,0.93%,-8201.93,-1.04%,-212864.53,0.09%
231,Entry long,LONG,2024-06-05 20:30,"71,165.8",11.050834,693.99,0.09%,7278.08,0.93%,-8201.93,-1.04%,-212864.53,0.09%
232,Exit long,SHORT,2024-06-08 11:30,"69,397.5",11.319501,-1590.39,-0.20%,135.83,0.02%,-1798.67,-0.23%,-214454.9,-0.20%
232,Entry long,LONG,2024-06-08 10:30,"69,538.0",11.319501,-1590.39,-0.20%,135.83,0.02%,-1798.67,-0.23%,-214454.9,-0.20%
233,Exit short,LONG,2024-06-08 15:00,"69,612.5",11.319501,-2433.69,-0.31%,1580.2,0.20%,-2433.69,-0.31%,-216888.61,-0.31%
233,Entry short,SHORT,2024-06-08 11:30,"69,397.5",11.319501,-2433.69,-0.31%,1580.2,0.20%,-2433.69,-0.31%,-216888.61,-0.31%
234,Exit long,SHORT,2024-06-08 20:30,"69,278.4",11.24958,-3758.48,-0.48%,12.37,0.00%,-4133.1,-0.53%,-220647.1,-0.48%
234,Entry long,LONG,2024-06-08 15:00,"69,612.5",11.24958,-3758.48,-0.48%,12.37,0.00%,-4133.1,-0.53%,-220647.1,-0.48%
235,Exit short,Close entry(s) order SHORT,2024-06-08 23:00,"69,462.0",11.24958,-2065.42,-0.27%,968.59,0.12%,-2942.89,-0.38%,-222712.52,-0.27%
235,Entry short,SHORT,2024-06-08 20:30,"69,278.4",11.24958,-2065.42,-0.27%,968.59,0.12%,-2942.89,-0.38%,-222712.52,-0.27%
236,Exit short,LONG,2024-06-09 13:30,"69,394.5",11.204951,-274.52,-0.04%,2353.04,0.30%,-476.21,-0.06%,-222987.03,-0.04%
236,Entry short,SHORT,2024-06-09 06:00,"69,370.0",11.204951,-274.52,-0.04%,2353.04,0.30%,-476.21,-0.06%,-222987.03,-0.04%
237,Exit long,Close entry(s) order LONG,2024-06-09 22:30,"69,498.1",11.197039,1160.01,0.15%,4776.66,0.61%,-1228.32,-0.16%,-221827.02,0.15%
237,Entry long,LONG,2024-06-09 13:30,"69,394.5",11.197039,1160.01,0.15%,4776.66,0.61%,-1228.32,-0.16%,-221827.02,0.15%
238,Exit long,SHORT,2024-06-10 07:30,"69,524.8",11.173871,-1311.81,-0.17%,2645.97,0.34%,-1477.19,-0.19%,-223138.83,-0.17%
238,Entry long,LONG,2024-06-10 00:00,"69,642.2",11.173871,-1311.81,-0.17%,2645.97,0.34%,-1477.19,-0.19%,-223138.83,-0.17%
239,Exit short,Close entry(s) order SHORT,2024-06-10 09:00,"69,645.0",11.173871,-1343.1,-0.17%,834.69,0.11%,-2074.99,-0.27%,-224481.94,-0.17%
239,Entry short,SHORT,2024-06-10 07:30,"69,524.8",11.173871,-1343.1,-0.17%,834.69,0.11%,-2074.99,-0.27%,-224481.94,-0.17%
240,Exit long,Close entry(s) order LONG,2024-06-10 20:30,"69,363.9",11.174305,-424.62,-0.05%,452.56,0.06%,-1138.66,-0.15%,-224906.56,-0.05%
240,Entry long,LONG,2024-06-10 20:00,"69,401.9",11.174305,-424.62,-0.05%,452.56,0.06%,-1138.66,-0.15%,-224906.56,-0.05%
241,Exit long,Close entry(s) order LONG,2024-06-11 06:00,"69,536.3",11.154526,551.03,0.07%,8207.5,1.06%,-1411.05,-0.18%,-224355.53,0.07%
241,Entry long,LONG,2024-06-10 21:30,"69,486.9",11.154526,551.03,0.07%,8207.5,1.06%,-1411.05,-0.18%,-224355.53,0.07%
242,Exit short,LONG,2024-06-12 02:30,"67,176.2",11.496411,3358.1,0.43%,16880.18,2.18%,-2557.95,-0.33%,-220997.42,0.43%
242,Entry short,SHORT,2024-06-11 15:30,"67,468.3",11.496411,3358.1,0.43%,16880.18,2.18%,-2557.95,-0.33%,-220997.42,0.43%
243,Exit long,SHORT,2024-06-12 08:00,"67,218.6",11.596407,491.69,0.06%,4972.54,0.64%,-170.47,-0.02%,-220505.73,0.06%
243,Entry long,LONG,2024-06-12 02:30,"67,176.2",11.596407,491.69,0.06%,4972.54,0.64%,-170.47,-0.02%,-220505.73,0.06%
244,Exit short,Close entry(s) order SHORT,2024-06-12 11:30,"67,541.0",11.596407,-3738.68,-0.48%,3462.69,0.44%,-4703.5,-0.60%,-224244.42,-0.48%
244,Entry short,SHORT,2024-06-12 08:00,"67,218.6",11.596407,-3738.68,-0.48%,3462.69,0.44%,-4703.5,-0.60%,-224244.42,-0.48%
245,Exit short,LONG,2024-06-13 15:00,"67,724.9",11.488726,-2318.42,-0.30%,6503.77,0.84%,-13436.06,-1.73%,-226562.84,-0.30%
245,Entry short,SHORT,2024-06-13 03:00,"67,523.1",11.488726,-2318.42,-0.30%,6503.77,0.84%,-13436.06,-1.73%,-226562.84,-0.30%
246,Exit long,SHORT,2024-06-13 17:00,"67,426.9",11.420277,-3403.24,-0.44%,277.51,0.04%,-6332.54,-0.82%,-229966.08,-0.44%
246,Entry long,LONG,2024-06-13 15:00,"67,724.9",11.420277,-3403.24,-0.44%,277.51,0.04%,-6332.54,-0.82%,-229966.08,-0.44%
247,Exit short,Close entry(s) order SHORT,2024-06-13 18:00,"67,810.6",11.420277,-4381.96,-0.57%,2288.62,0.30%,-6134.97,-0.80%,-234348.05,-0.57%
247,Entry short,SHORT,2024-06-13 17:00,"67,426.9",11.420277,-4381.96,-0.57%,2288.62,0.30%,-6134.97,-0.80%,-234348.05,-0.57%
248,Exit long,Close entry(s) order LONG,2024-06-15 14:00,"66,171.6",11.581116,690.23,0.09%,6216.74,0.81%,-2657.87,-0.35%,-233657.81,0.09%
248,Entry long,LONG,2024-06-15 04:30,"66,112.0",11.581116,690.23,0.09%,6216.74,0.81%,-2657.87,-0.35%,-233657.81,0.09%
249,Exit long,SHORT,2024-06-17 09:30,"66,256.4",11.481762,-5600.8,-0.73%,2481.21,0.32%,-7019.95,-0.92%,-239258.61,-0.73%
249,Entry long,LONG,2024-06-16 21:00,"66,744.2",11.481762,-5600.8,-0.73%,2481.21,0.32%,-7019.95,-0.92%,-239258.61,-0.73%
250,Exit short,Close entry(s) order SHORT,2024-06-17 12:30,"66,510.9",11.481779,-2922.11,-0.38%,1612.04,0.21%,-3358.42,-0.44%,-242180.72,-0.38%
250,Entry short,SHORT,2024-06-17 09:30,"66,256.4",11.481779,-2922.11,-0.38%,1612.04,0.21%,-3358.42,-0.44%,-242180.72,-0.38%
251,Exit short,LONG,2024-06-18 01:00,"66,587.2",11.535189,-10276.7,-1.36%,6937.26,0.92%,-10493.56,-1.38%,-252457.42,-1.36%
251,Entry short,SHORT,2024-06-17 17:00,"65,696.3",11.535189,-10276.7,-1.36%,6937.26,0.92%,-10493.56,-1.38%,-252457.42,-1.36%
252,Exit long,Close entry(s) order LONG,2024-06-18 08:00,"65,730.1",11.22652,-9622.25,-1.29%,7784.47,1.04%,-12980.1,-1.74%,-262079.67,-1.29%
252,Entry long,LONG,2024-06-18 01:00,"66,587.2",11.22652,-9622.25,-1.29%,7784.47,1.04%,-12980.1,-1.74%,-262079.67,-1.29%
253,Exit short,LONG,2024-06-19 05:00,"65,199.9",11.453428,-8843.19,-1.20%,4787.53,0.65%,-9759.47,-1.32%,-270922.88,-1.20%
253,Entry short,SHORT,2024-06-18 22:30,"64,427.8",11.453428,-8843.19,-1.20%,4787.53,0.65%,-9759.47,-1.32%,-270922.88,-1.20%
254,Exit long,Close entry(s) order LONG,2024-06-19 09:00,"65,008.0",11.182216,-2145.87,-0.29%,3243.96,0.44%,-4727.84,-0.65%,-273068.75,-0.29%
254,Entry long,LONG,2024-06-19 05:00,"65,199.9",11.182216,-2145.87,-0.29%,3243.96,0.44%,-4727.84,-0.65%,-273068.75,-0.29%
255,Exit long,SHORT,2024-06-20 21:00,"65,118.8",10.947743,-14026.25,-1.93%,733.5,0.10%,-14232.06,-1.96%,-287094.97,-1.93%
255,Entry long,LONG,2024-06-20 18:30,"66,400.0",10.947743,-14026.25,-1.93%,733.5,0.10%,-14232.06,-1.96%,-287094.97,-1.93%
256,Exit short,LONG,2024-06-21 14:30,"64,715.9",10.94776,4410.85,0.62%,8964.03,1.26%,-872.54,-0.12%,-282684.12,0.62%
256,Entry short,SHORT,2024-06-20 21:00,"65,118.8",10.94776,4410.85,0.62%,8964.03,1.26%,-872.54,-0.12%,-282684.12,0.62%
257,Exit long,Close entry(s) order LONG,2024-06-21 15:00,"64,179.5",11.084108,-5945.52,-0.83%,0,0.00%,-6082.96,-0.85%,-288629.66,-0.83%
257,Entry long,LONG,2024-06-21 14:30,"64,715.9",11.084108,-5945.52,-0.83%,0,0.00%,-6082.96,-0.85%,-288629.66,-0.83%
258,Exit short,LONG,2024-06-22 02:00,"64,148.8",11.137785,-3105.21,-0.44%,5666.91,0.80%,-5258.15,-0.74%,-291734.88,-0.44%
258,Entry short,SHORT,2024-06-21 18:00,"63,870.0",11.137785,-3105.21,-0.44%,5666.91,0.80%,-5258.15,-0.74%,-291734.88,-0.44%
259,Exit long,Close entry(s) order LONG,2024-06-23 01:00,"64,229.4",11.040972,889.9,0.13%,4098.41,0.58%,-3840.05,-0.54%,-290844.97,0.13%
259,Entry long,LONG,2024-06-22 02:00,"64,148.8",11.040972,889.9,0.13%,4098.41,0.58%,-3840.05,-0.54%,-290844.97,0.13%
260,Exit short,LONG,2024-06-25 07:30,"60,350.1",11.326545,25597.99,3.61%,49747.32,7.02%,-3909.92,-0.55%,-265246.97,3.61%
260,Entry short,SHORT,2024-06-24 12:30,"62,610.1",11.326545,25597.99,3.61%,49747.32,7.02%,-3909.92,-0.55%,-265246.97,3.61%
261,Exit long,SHORT,2024-06-25 15:00,"60,660.9",12.174882,3783.95,0.51%,14803.44,2.01%,-1227.23,-0.17%,-261463.02,0.51%
261,Entry long,LONG,2024-06-25 07:30,"60,350.1",12.174882,3783.95,0.51%,14803.44,2.01%,-1227.23,-0.17%,-261463.02,0.51%
262,Exit short,Close entry(s) order SHORT,2024-06-25 18:00,"61,292.8",12.174843,-7693.28,-1.04%,239.84,0.03%,-11279.99,-1.53%,-269156.28,-1.04%
262,Entry short,SHORT,2024-06-25 15:00,"60,660.9",12.174843,-7693.28,-1.04%,239.84,0.03%,-11279.99,-1.53%,-269156.28,-1.04%
263,Exit long,SHORT,2024-06-28 03:30,"61,429.9",11.87028,-1653.53,-0.23%,9620.86,1.32%,-2720.67,-0.37%,-270809.8,-0.23%
263,Entry long,LONG,2024-06-27 20:30,"61,569.2",11.87028,-1653.53,-0.23%,9620.86,1.32%,-2720.67,-0.37%,-270809.8,-0.23%
264,Exit short,Close entry(s) order SHORT,2024-06-28 07:00,"61,682.1",11.87028,-2993.68,-0.41%,115.14,0.02%,-3159.87,-0.43%,-273803.5,-0.41%
264,Entry short,SHORT,2024-06-28 03:30,"61,429.9",11.87028,-2993.68,-0.41%,115.14,0.02%,-3159.87,-0.43%,-273803.5,-0.41%
265,Exit long,Close entry(s) order LONG,2024-06-29 22:30,"60,991.7",11.950133,2663.68,0.37%,5535.3,0.76%,-762.42,-0.10%,-271139.8,0.37%
265,Entry long,LONG,2024-06-29 08:00,"60,768.8",11.950133,2663.68,0.37%,5535.3,0.76%,-762.42,-0.10%,-271139.8,0.37%
266,Exit long,SHORT,2024-07-01 16:00,"62,910.1",11.810863,14162.41,1.94%,24672.89,3.39%,-2287.76,-0.31%,-256977.42,1.94%
266,Entry long,LONG,2024-06-30 21:00,"61,711.0",11.810863,14162.41,1.94%,24672.89,3.39%,-2287.76,-0.31%,-256977.42,1.94%
267,Exit short,Close entry(s) order SHORT,2024-07-01 22:30,"62,923.5",11.810863,-158.27,-0.02%,4817.65,0.65%,-1941.71,-0.26%,-257135.69,-0.02%
267,Entry short,SHORT,2024-07-01 16:00,"62,910.1",11.810863,-158.27,-0.02%,4817.65,0.65%,-1941.71,-0.26%,-257135.69,-0.02%
268,Exit short,LONG,2024-07-03 23:30,"60,605.4",11.980136,16803.34,2.26%,29865.28,4.02%,-3237.03,-0.44%,-240332.34,2.26%
268,Entry short,SHORT,2024-07-03 04:30,"62,008.0",11.980136,16803.34,2.26%,29865.28,4.02%,-3237.03,-0.44%,-240332.34,2.26%
269,Exit long,SHORT,2024-07-04 02:30,"60,000.0",12.534652,-7588.48,-1.00%,596.65,0.08%,-10316.02,-1.36%,-247920.83,-1.00%
269,Entry long,LONG,2024-07-03 23:30,"60,605.4",12.534652,-7588.48,-1.00%,596.65,0.08%,-10316.02,-1.36%,-247920.83,-1.00%
270,Exit short,LONG,2024-07-04 06:30,"60,349.8",12.534652,-4384.62,-0.58%,8783.03,1.17%,-4509.97,-0.60%,-252305.45,-0.58%
270,Entry short,SHORT,2024-07-04 02:30,"60,000.0",12.534652,-4384.62,-0.58%,8783.03,1.17%,-4509.97,-0.60%,-252305.45,-0.58%
271,Exit long,SHORT,2024-07-04 11:30,"58,792.9",12.389345,-19288.97,-2.58%,1860.88,0.25%,-33931.94,-4.54%,-271594.4,-2.58%
271,Entry long,LONG,2024-07-04 06:30,"60,349.8",12.389345,-19288.97,-2.58%,1860.88,0.25%,-33931.94,-4.54%,-271594.4,-2.58%
272,Exit short,LONG,2024-07-05 00:30,"58,308.3",12.389346,6003.88,0.82%,25310.2,3.47%,-3473.97,-0.48%,-265590.53,0.82%
272,Entry short,SHORT,2024-07-04 11:30,"58,792.9",12.389346,6003.88,0.82%,25310.2,3.47%,-3473.97,-0.48%,-265590.53,0.82%
273,Exit long,SHORT,2024-07-05 06:00,"58,031.9",12.595281,-3481.34,-0.47%,6193.1,0.84%,-4928.53,-0.67%,-269071.88,-0.47%
273,Entry long,LONG,2024-07-05 00:30,"58,308.3",12.595281,-3481.34,-0.47%,6193.1,0.84%,-4928.53,-0.67%,-269071.88,-0.47%
274,Exit short,LONG,2024-07-05 18:30,"55,315.9",12.595281,34208.78,4.68%,59228.05,8.10%,-906.86,-0.12%,-234863.1,4.68%
274,Entry short,SHORT,2024-07-05 06:00,"58,031.9",12.595281,34208.78,4.68%,59228.05,8.10%,-906.86,-0.12%,-234863.1,4.68%
275,Exit long,Close entry(s) order LONG,2024-07-06 09:00,"56,195.0",13.832133,12159.83,1.59%,23294.7,3.04%,-6819.24,-0.89%,-222703.27,1.59%
275,Entry long,LONG,2024-07-05 18:30,"55,315.9",13.832133,12159.83,1.59%,23294.7,3.04%,-6819.24,-0.89%,-222703.27,1.59%
276,Exit short,Close entry(s) order SHORT,2024-07-07 17:30,"57,729.9",13.432237,1849.62,0.24%,11093.69,1.43%,-76.56,-0.01%,-220853.64,0.24%
276,Entry short,SHORT,2024-07-07 11:30,"57,867.6",13.432237,1849.62,0.24%,11093.69,1.43%,-76.56,-0.01%,-220853.64,0.24%
277,Exit long,SHORT,2024-07-08 23:30,"55,520.1",14.044518,606.72,0.08%,38244.63,4.91%,-8242.73,-1.06%,-220246.92,0.08%
277,Entry long,LONG,2024-07-08 12:00,"55,476.9",14.044518,606.72,0.08%,38244.63,4.91%,-8242.73,-1.06%,-220246.92,0.08%
278,Exit short,Close entry(s) order SHORT,2024-07-09 03:00,"56,462.9",14.044518,-13241.17,-1.70%,1679.72,0.22%,-14464.45,-1.86%,-233488.1,-1.70%
278,Entry short,SHORT,2024-07-08 23:30,"55,520.1",14.044518,-13241.17,-1.70%,1679.72,0.22%,-14464.45,-1.86%,-233488.1,-1.70%
279,Exit short,LONG,2024-07-10 10:30,"57,944.6",13.267098,-2244.79,-0.29%,2162.54,0.28%,-2836.51,-0.37%,-235732.89,-0.29%
279,Entry short,SHORT,2024-07-10 09:00,"57,775.4",13.267098,-2244.79,-0.29%,2162.54,0.28%,-2836.51,-0.37%,-235732.89,-0.29%
280,Exit long,SHORT,2024-07-10 17:00,"58,474.7",13.189617,6991.82,0.91%,19850.37,2.60%,-370.63,-0.05%,-228741.08,0.91%
280,Entry long,LONG,2024-07-10 10:30,"57,944.6",13.189617,6991.82,0.91%,19850.37,2.60%,-370.63,-0.05%,-228741.08,0.91%
281,Exit short,LONG,2024-07-11 07:00,"57,707.0",13.189617,10125.67,1.31%,17802.03,2.31%,-2998,-0.39%,-218615.4,1.31%
281,Entry short,SHORT,2024-07-10 17:00,"58,474.7",13.189617,10125.67,1.31%,17802.03,2.31%,-2998,-0.39%,-218615.4,1.31%
282,Exit long,Close entry(s) order LONG,2024-07-11 08:30,"57,525.9",13.540551,-2452.19,-0.31%,6.77,0.00%,-4833.98,-0.62%,-221067.6,-0.31%
282,Entry long,LONG,2024-07-11 07:00,"57,707.0",13.540551,-2452.19,-0.31%,6.77,0.00%,-4833.98,-0.62%,-221067.6,-0.31%
283,Exit long,SHORT,2024-07-11 10:30,"57,359.6",13.369728,-12050.14,-1.55%,1592.33,0.20%,-16456.8,-2.11%,-233117.73,-1.55%
283,Entry long,LONG,2024-07-11 09:00,"58,260.9",13.369728,-12050.14,-1.55%,1592.33,0.20%,-16456.8,-2.11%,-233117.73,-1.55%
284,Exit short,Close entry(s) order SHORT,2024-07-11 12:30,"57,735.1",13.369728,-5020.33,-0.65%,796.84,0.10%,-7718.34,-1.01%,-238138.06,-0.65%
284,Entry short,SHORT,2024-07-11 10:30,"57,359.6",13.369728,-5020.33,-0.65%,796.84,0.10%,-7718.34,-1.01%,-238138.06,-0.65%
285,Exit short,LONG,2024-07-14 09:00,"59,679.8",12.992321,-13517.21,-1.77%,5000.74,0.66%,-15728.5,-2.06%,-251655.28,-1.77%
285,Entry short,SHORT,2024-07-14 02:30,"58,639.4",12.992321,-13517.21,-1.77%,5000.74,0.66%,-15728.5,-2.06%,-251655.28,-1.77%
286,Exit long,Close entry(s) order LONG,2024-07-14 09:30,"59,290.4",12.539373,-4882.83,-0.65%,579.32,0.08%,-5202.59,-0.70%,-256538.11,-0.65%
286,Entry long,LONG,2024-07-14 09:00,"59,679.8",12.539373,-4882.83,-0.65%,579.32,0.08%,-5202.59,-0.70%,-256538.11,-0.65%
287,Exit long,SHORT,2024-07-14 19:30,"59,750.1",12.449773,413.33,0.06%,8469.58,1.14%,-1025.86,-0.14%,-256124.78,0.06%
287,Entry long,LONG,2024-07-14 11:30,"59,716.9",12.449773,413.33,0.06%,8469.58,1.14%,-1025.86,-0.14%,-256124.78,0.06%
288,Exit short,LONG,2024-07-15 04:30,"60,726.6",12.449773,-12157.2,-1.63%,3885.57,0.52%,-15372.98,-2.07%,-268281.97,-1.63%
288,Entry short,SHORT,2024-07-14 19:30,"59,750.1",12.449773,-12157.2,-1.63%,3885.57,0.52%,-15372.98,-2.07%,-268281.97,-1.63%
289,Exit long,SHORT,2024-07-15 18:00,"62,518.8",12.049341,21594.83,2.95%,30275.17,4.14%,-1597.74,-0.22%,-246687.16,2.95%
289,Entry long,LONG,2024-07-15 04:30,"60,726.6",12.049341,21594.83,2.95%,30275.17,4.14%,-1597.74,-0.22%,-246687.16,2.95%
290,Exit short,LONG,2024-07-15 21:30,"62,830.0",12.049381,-3749.77,-0.50%,3046.08,0.40%,-6270.5,-0.83%,-250436.92,-0.50%
290,Entry short,SHORT,2024-07-15 18:00,"62,518.8",12.049381,-3749.77,-0.50%,3046.08,0.40%,-6270.5,-0.83%,-250436.92,-0.50%
291,Exit long,SHORT,2024-07-16 12:30,"63,931.0",11.930056,13134.99,1.75%,25754.61,3.44%,-310.18,-0.04%,-237301.92,1.75%
291,Entry long,LONG,2024-07-15 21:30,"62,830.0",11.930056,13134.99,1.75%,25754.61,3.44%,-310.18,-0.04%,-237301.92,1.75%
292,Exit short,LONG,2024-07-16 19:00,"63,719.8",11.930019,2519.62,0.33%,18861.36,2.47%,-2518.43,-0.33%,-234782.31,0.33%
292,Entry short,SHORT,2024-07-16 12:30,"63,931.0",11.930019,2519.62,0.33%,18861.36,2.47%,-2518.43,-0.33%,-234782.31,0.33%
293,Exit long,SHORT,2024-07-17 15:00,"65,226.2",12.009103,18090.51,2.36%,28584.07,3.74%,-8265.86,-1.08%,-216691.8,2.36%
293,Entry long,LONG,2024-07-16 19:00,"63,719.8",12.009103,18090.51,2.36%,28584.07,3.74%,-8265.86,-1.08%,-216691.8,2.36%
294,Exit short,LONG,2024-07-18 08:30,"64,600.0",12.009103,7520.1,0.96%,16851.17,2.15%,-3041.91,-0.39%,-209171.69,0.96%
294,Entry short,SHORT,2024-07-17 15:00,"65,226.2",12.009103,7520.1,0.96%,16851.17,2.15%,-3041.91,-0.39%,-209171.69,0.96%
295,Exit long,Close entry(s) order LONG,2024-07-18 22:00,"63,957.2",12.241961,-7869.13,-1.00%,7024.44,0.89%,-11405.83,-1.44%,-217040.83,-1.00%
295,Entry long,LONG,2024-07-18 08:30,"64,600.0",12.241961,-7869.13,-1.00%,7024.44,0.89%,-11405.83,-1.44%,-217040.83,-1.00%
296,Exit short,LONG,2024-07-20 12:00,"66,628.3",11.765648,-965.96,-0.12%,4554.48,0.58%,-2062.52,-0.26%,-218006.78,-0.12%
296,Entry short,SHORT,2024-07-20 08:30,"66,546.2",11.765648,-965.96,-0.12%,4554.48,0.58%,-2062.52,-0.26%,-218006.78,-0.12%
297,Exit long,Close entry(s) order LONG,2024-07-20 18:00,"66,494.7",11.736652,-1568.02,-0.20%,1181.88,0.15%,-2667.74,-0.34%,-219574.8,-0.20%
297,Entry long,LONG,2024-07-20 12:00,"66,628.3",11.736652,-1568.02,-0.20%,1181.88,0.15%,-2667.74,-0.34%,-219574.8,-0.20%
298,Exit short,Close entry(s) order SHORT,2024-07-24 15:00,"66,049.0",11.861628,-3022.34,-0.39%,4073.28,0.52%,-4048.37,-0.52%,-222597.14,-0.39%
298,Entry short,SHORT,2024-07-24 06:30,"65,794.2",11.861628,-3022.34,-0.39%,4073.28,0.52%,-4048.37,-0.52%,-222597.14,-0.39%
299,Exit short,LONG,2024-07-25 18:30,"64,259.6",12.145249,-3046.03,-0.39%,702,0.09%,-5652.4,-0.73%,-225643.17,-0.39%
299,Entry short,SHORT,2024-07-25 15:30,"64,008.8",12.145249,-3046.03,-0.39%,702,0.09%,-5652.4,-0.73%,-225643.17,-0.39%
300,Exit long,Close entry(s) order LONG,2024-07-25 20:00,"64,110.3",12.050408,-1799.13,-0.23%,1591.86,0.21%,-4333.33,-0.56%,-227442.3,-0.23%
300,Entry long,LONG,2024-07-25 18:30,"64,259.6",12.050408,-1799.13,-0.23%,1591.86,0.21%,-4333.33,-0.56%,-227442.3,-0.23%
301,Exit long,SHORT,2024-07-28 03:30,"67,306.8",12.02024,36486.24,4.72%,61427.03,7.95%,-9792.89,-1.27%,-190956.06,4.72%
301,Entry long,LONG,2024-07-25 20:30,"64,271.4",12.02024,36486.24,4.72%,61427.03,7.95%,-9792.89,-1.27%,-190956.06,4.72%
302,Exit short,LONG,2024-07-28 05:00,"68,828.8",12.02024,-18294.8,-2.26%,6857.55,0.85%,-22756.72,-2.81%,-209250.88,-2.26%
302,Entry short,SHORT,2024-07-28 03:30,"67,306.8",12.02024,-18294.8,-2.26%,6857.55,0.85%,-22756.72,-2.81%,-209250.88,-2.26%
303,Exit long,SHORT,2024-07-28 07:00,"67,873.7",11.488671,-10972.83,-1.39%,22.98,0.00%,-12460.61,-1.58%,-220223.7,-1.39%
303,Entry long,LONG,2024-07-28 05:00,"68,828.8",11.488671,-10972.83,-1.39%,22.98,0.00%,-12460.61,-1.58%,-220223.7,-1.39%
304,Exit short,LONG,2024-07-28 09:30,"68,015.2",11.488637,-1625.64,-0.21%,7479.1,0.96%,-4284.11,-0.55%,-221849.34,-0.21%
304,Entry short,SHORT,2024-07-28 07:00,"67,873.7",11.488637,-1625.64,-0.21%,7479.1,0.96%,-4284.11,-0.55%,-221849.34,-0.21%
305,Exit long,SHORT,2024-07-28 11:30,"67,766.1",11.440902,-2849.93,-0.37%,1287.1,0.17%,-3325.87,-0.43%,-224699.27,-0.37%
305,Entry long,LONG,2024-07-28 09:30,"68,015.2",11.440902,-2849.93,-0.37%,1287.1,0.17%,-3325.87,-0.43%,-224699.27,-0.37%
306,Exit short,LONG,2024-07-28 17:30,"67,585.0",11.440834,2071.94,0.27%,8341.51,1.08%,0,0.00%,-222627.33,0.27%
306,Entry short,SHORT,2024-07-28 11:30,"67,766.1",11.440834,2071.94,0.27%,8341.51,1.08%,0,0.00%,-222627.33,0.27%
307,Exit long,Close entry(s) order LONG,2024-07-28 23:30,"67,631.4",11.502181,533.7,0.07%,5847.71,0.75%,-748.79,-0.10%,-222093.62,0.07%
307,Entry long,LONG,2024-07-28 17:30,"67,585.0",11.502181,533.7,0.07%,5847.71,0.75%,-748.79,-0.10%,-222093.62,0.07%
308,Exit long,SHORT,2024-07-29 22:00,"68,200.0",11.188518,-14848.28,-1.91%,6197.32,0.80%,-16705.58,-2.15%,-236941.92,-1.91%
308,Entry long,LONG,2024-07-29 10:00,"69,527.1",11.188518,-14848.28,-1.91%,6197.32,0.80%,-16705.58,-2.15%,-236941.92,-1.91%
309,Exit short,LONG,2024-07-30 12:00,"66,778.2",11.188534,15907.86,2.08%,26628.71,3.49%,-876.06,-0.11%,-221034.06,2.08%
309,Entry short,SHORT,2024-07-29 22:00,"68,200.0",11.188534,15907.86,2.08%,26628.71,3.49%,-876.06,-0.11%,-221034.06,2.08%
310,Exit long,SHORT,2024-07-30 19:00,"66,532.6",11.664973,-2864.92,-0.37%,2197.68,0.28%,-5718.17,-0.73%,-223898.97,-0.37%
310,Entry long,LONG,2024-07-30 12:00,"66,778.2",11.664973,-2864.92,-0.37%,2197.68,0.28%,-5718.17,-0.73%,-223898.97,-0.37%
311,Exit short,LONG,2024-07-31 05:00,"66,264.9",11.664973,3122.71,0.40%,14909,1.92%,-4563.34,-0.59%,-220776.27,0.40%
311,Entry short,SHORT,2024-07-30 19:00,"66,532.6",11.664973,3122.71,0.40%,14909,1.92%,-4563.34,-0.59%,-220776.27,0.40%
312,Exit long,SHORT,2024-07-31 11:00,"66,028.1",11.759187,-2784.58,-0.36%,1353.48,0.17%,-5162.28,-0.66%,-223560.84,-0.36%
312,Entry long,LONG,2024-07-31 05:00,"66,264.9",11.759187,-2784.58,-0.36%,1353.48,0.17%,-5162.28,-0.66%,-223560.84,-0.36%
313,Exit short,LONG,2024-07-31 14:00,"66,425.5",11.759223,-4673.11,-0.60%,6687.47,0.86%,-6028.95,-0.78%,-228233.95,-0.60%
313,Entry short,SHORT,2024-07-31 11:00,"66,028.1",11.759223,-4673.11,-0.60%,6687.47,0.86%,-6028.95,-0.78%,-228233.95,-0.60%
314,Exit long,SHORT,2024-07-31 18:00,"65,960.2",11.618555,-5406.11,-0.70%,862.1,0.11%,-6027.71,-0.78%,-233640.06,-0.70%
314,Entry long,LONG,2024-07-31 14:00,"66,425.5",11.618555,-5406.11,-0.70%,862.1,0.11%,-6027.71,-0.78%,-233640.06,-0.70%
315,Exit short,LONG,2024-07-31 21:00,"66,484.6",11.61852,-6092.75,-0.80%,350.88,0.05%,-10062.8,-1.31%,-239732.81,-0.80%
315,Entry short,SHORT,2024-07-31 18:00,"65,960.2",11.61852,-6092.75,-0.80%,350.88,0.05%,-10062.8,-1.31%,-239732.81,-0.80%
316,Exit long,Close entry(s) order LONG,2024-08-01 03:00,"65,228.1",11.435272,-14368.42,-1.89%,3835.39,0.50%,-18188.94,-2.39%,-254101.23,-1.89%
316,Entry long,LONG,2024-07-31 21:00,"66,484.6",11.435272,-14368.42,-1.89%,3835.39,0.50%,-18188.94,-2.39%,-254101.23,-1.89%
317,Exit long,Close entry(s) order LONG,2024-08-01 22:30,"62,964.8",11.579024,-16828.95,-2.26%,5893.72,0.79%,-18318.02,-2.46%,-270930.2,-2.26%
317,Entry long,LONG,2024-08-01 15:30,"64,418.2",11.579024,-16828.95,-2.26%,5893.72,0.79%,-18318.02,-2.46%,-270930.2,-2.26%
318,Exit long,SHORT,2024-08-02 09:30,"63,946.0",11.260721,-8992.81,-1.23%,10195.46,1.40%,-10117.76,-1.39%,-279923,-1.23%
318,Entry long,LONG,2024-08-02 04:00,"64,744.6",11.260721,-8992.81,-1.23%,10195.46,1.40%,-10117.76,-1.39%,-279923,-1.23%
319,Exit short,Close entry(s) order SHORT,2024-08-02 16:00,"64,569.8",11.260704,-7024.43,-0.98%,3551.63,0.49%,-7814.93,-1.09%,-286947.44,-0.98%
319,Entry short,SHORT,2024-08-02 09:30,"63,946.0",11.260704,-7024.43,-0.98%,3551.63,0.49%,-7814.93,-1.09%,-286947.44,-0.98%
320,Exit long,SHORT,2024-08-03 16:30,"61,539.9",11.526466,-3714.98,-0.52%,954.39,0.13%,-5548.84,-0.78%,-290662.4,-0.52%
320,Entry long,LONG,2024-08-03 11:00,"61,862.2",11.526466,-3714.98,-0.52%,954.39,0.13%,-5548.84,-0.78%,-290662.4,-0.52%
321,Exit short,Close entry(s) order SHORT,2024-08-03 17:00,"61,707.6",11.526466,-1932.99,-0.27%,420.72,0.06%,-2101.27,-0.30%,-292595.4,-0.27%
321,Entry short,SHORT,2024-08-03 16:30,"61,539.9",11.526466,-1932.99,-0.27%,420.72,0.06%,-2101.27,-0.30%,-292595.4,-0.27%
322,Exit short,LONG,2024-08-04 09:00,"60,715.0",11.623912,1659.89,0.23%,12295.77,1.74%,-4704.2,-0.66%,-290935.5,0.23%
322,Entry short,SHORT,2024-08-03 23:00,"60,857.8",11.623912,1659.89,0.23%,12295.77,1.74%,-4704.2,-0.66%,-290935.5,0.23%
323,Exit long,SHORT,2024-08-04 12:30,"60,648.2",11.678571,-780.13,-0.11%,4373.63,0.62%,-2283.16,-0.32%,-291715.62,-0.11%
323,Entry long,LONG,2024-08-04 09:00,"60,715.0",11.678571,-780.13,-0.11%,4373.63,0.62%,-2283.16,-0.32%,-291715.62,-0.11%
324,Exit short,LONG,2024-08-04 14:00,"60,788.9",11.678571,-1643.17,-0.23%,321.16,0.05%,-3117.01,-0.44%,-293358.8,-0.23%
324,Entry short,SHORT,2024-08-04 12:30,"60,648.2",11.678571,-1643.17,-0.23%,321.16,0.05%,-3117.01,-0.44%,-293358.8,-0.23%
325,Exit long,SHORT,2024-08-04 14:30,"60,575.5",11.624471,-2480.66,-0.35%,145.31,0.02%,-2544.6,-0.36%,-295839.47,-0.35%
325,Entry long,LONG,2024-08-04 14:00,"60,788.9",11.624471,-2480.66,-0.35%,145.31,0.02%,-2544.6,-0.36%,-295839.47,-0.35%
326,Exit short,LONG,2024-08-04 17:30,"60,652.0",11.62451,-889.27,-0.13%,5754.13,0.82%,-1868.06,-0.27%,-296728.75,-0.13%
326,Entry short,SHORT,2024-08-04 14:30,"60,575.5",11.62451,-889.27,-0.13%,5754.13,0.82%,-1868.06,-0.27%,-296728.75,-0.13%
327,Exit long,Close entry(s) order LONG,2024-08-04 22:30,"59,300.0",11.595186,-15676.69,-2.23%,4784.17,0.68%,-16778.23,-2.39%,-312405.44,-2.23%
327,Entry long,LONG,2024-08-04 17:30,"60,652.0",11.595186,-15676.69,-2.23%,4784.17,0.68%,-16778.23,-2.39%,-312405.44,-2.23%
328,Exit short,LONG,2024-08-05 23:00,"54,289.7",11.714883,51595.86,7.50%,114876.14,16.71%,-536.54,-0.08%,-260809.58,7.50%
328,Entry short,SHORT,2024-08-05 06:00,"58,694.0",11.714883,51595.86,7.50%,114876.14,16.71%,-536.54,-0.08%,-260809.58,7.50%
329,Exit long,Close entry(s) order LONG,2024-08-06 16:30,"54,906.0",13.615619,8391.31,1.14%,26756.05,3.62%,-24090.11,-3.26%,-252418.27,1.14%
329,Entry long,LONG,2024-08-05 23:00,"54,289.7",13.615619,8391.31,1.14%,26756.05,3.62%,-24090.11,-3.26%,-252418.27,1.14%
330,Exit long,SHORT,2024-08-09 12:00,"60,699.8",13.151902,50737.41,6.79%,77533.09,10.37%,-2697.45,-0.36%,-201680.86,6.79%
330,Entry long,LONG,2024-08-08 09:00,"56,842.0",13.151902,50737.41,6.79%,77533.09,10.37%,-2697.45,-0.36%,-201680.86,6.79%
331,Exit short,Close entry(s) order SHORT,2024-08-10 04:00,"60,707.2",13.151923,-97.32,-0.01%,15779.68,1.98%,-6578.59,-0.82%,-201778.19,-0.01%
331,Entry short,SHORT,2024-08-09 12:00,"60,699.8",13.151923,-97.32,-0.01%,15779.68,1.98%,-6578.59,-0.82%,-201778.19,-0.01%
332,Exit short,LONG,2024-08-12 18:00,"58,935.4",13.084809,27062,3.39%,44339.18,5.55%,-489.37,-0.06%,-174716.19,3.39%
332,Entry short,SHORT,2024-08-11 18:00,"61,003.6",13.084809,27062,3.39%,44339.18,5.55%,-489.37,-0.06%,-174716.19,3.39%
333,Exit long,Close entry(s) order LONG,2024-08-13 02:00,"58,511.4",14.003193,-5937.35,-0.72%,24233.93,2.94%,-16263.31,-1.97%,-180653.53,-0.72%
333,Entry long,LONG,2024-08-12 18:00,"58,935.4",14.003193,-5937.35,-0.72%,24233.93,2.94%,-16263.31,-1.97%,-180653.53,-0.72%
334,Exit short,Close entry(s) order SHORT,2024-08-14 08:00,"60,751.2",13.551966,-3951.75,-0.48%,1417.54,0.17%,-4953.24,-0.60%,-184605.3,-0.48%
334,Entry short,SHORT,2024-08-14 06:30,"60,459.6",13.551966,-3951.75,-0.48%,1417.54,0.17%,-4953.24,-0.60%,-184605.3,-0.48%
335,Exit short,Close entry(s) order SHORT,2024-08-14 16:30,"60,877.9",13.422952,-1765.12,-0.22%,1965.12,0.24%,-2746.34,-0.34%,-186370.4,-0.22%
335,Entry short,SHORT,2024-08-14 13:30,"60,746.4",13.422952,-1765.12,-0.22%,1965.12,0.24%,-2746.34,-0.34%,-186370.4,-0.22%
336,Exit short,LONG,2024-08-15 08:00,"58,958.9",13.68169,6970.82,0.86%,15066.28,1.85%,-4673.67,-0.57%,-179399.6,0.86%
336,Entry short,SHORT,2024-08-14 22:00,"59,468.4",13.68169,6970.82,0.86%,15066.28,1.85%,-4673.67,-0.57%,-179399.6,0.86%
337,Exit long,Close entry(s) order LONG,2024-08-15 09:00,"58,172.7",13.918177,-10942.47,-1.33%,864.32,0.11%,-12522.18,-1.53%,-190342.06,-1.33%
337,Entry long,LONG,2024-08-15 08:00,"58,958.9",13.918177,-10942.47,-1.33%,864.32,0.11%,-12522.18,-1.53%,-190342.06,-1.33%
338,Exit short,LONG,2024-08-15 16:30,"58,400.1",13.889048,-1463.91,-0.18%,8543.15,1.06%,-4545.89,-0.56%,-191805.97,-0.18%
338,Entry short,SHORT,2024-08-15 11:30,"58,294.7",13.889048,-1463.91,-0.18%,8543.15,1.06%,-4545.89,-0.56%,-191805.97,-0.18%
339,Exit long,SHORT,2024-08-16 02:30,"56,926.4",13.838962,-20394.48,-2.52%,19649.94,2.43%,-22200.46,-2.75%,-212200.44,-2.52%
339,Entry long,LONG,2024-08-15 16:30,"58,400.1",13.838962,-20394.48,-2.52%,19649.94,2.43%,-22200.46,-2.75%,-212200.44,-2.52%
340,Exit short,LONG,2024-08-16 10:00,"58,168.4",13.838914,-17187.93,-2.18%,13249.38,1.68%,-21706.34,-2.76%,-229388.38,-2.18%
340,Entry short,SHORT,2024-08-16 02:30,"56,926.4",13.838914,-17187.93,-2.18%,13249.38,1.68%,-21706.34,-2.76%,-229388.38,-2.18%
341,Exit long,Close entry(s) order LONG,2024-08-16 20:30,"58,519.0",13.247896,4644.71,0.60%,9804.77,1.27%,-8854.89,-1.15%,-224743.66,0.60%
341,Entry long,LONG,2024-08-16 10:00,"58,168.4",13.247896,4644.71,0.60%,9804.77,1.27%,-8854.89,-1.15%,-224743.66,0.60%
342,Exit short,Close entry(s) order SHORT,2024-08-18 07:00,"59,468.5",13.059236,-1355.55,-0.17%,3168.17,0.41%,-1432.6,-0.18%,-226099.2,-0.17%
342,Entry short,SHORT,2024-08-18 04:00,"59,364.7",13.059236,-1355.55,-0.17%,3168.17,0.41%,-1432.6,-0.18%,-226099.2,-0.17%
343,Exit long,SHORT,2024-08-18 12:30,"59,429.0",12.876456,-8690.32,-1.12%,1878.67,0.24%,-11458.76,-1.48%,-234789.53,-1.12%
343,Entry long,LONG,2024-08-18 10:00,"60,103.9",12.876456,-8690.32,-1.12%,1878.67,0.24%,-11458.76,-1.48%,-234789.53,-1.12%
344,Exit short,LONG,2024-08-18 15:00,"59,545.5",12.876044,-1500.06,-0.20%,424.91,0.06%,-2531.43,-0.33%,-236289.6,-0.20%
344,Entry short,SHORT,2024-08-18 12:30,"59,429.0",12.876044,-1500.06,-0.20%,424.91,0.06%,-2531.43,-0.33%,-236289.6,-0.20%
345,Exit long,Close entry(s) order LONG,2024-08-18 15:30,"59,518.0",12.825704,-352.71,-0.05%,0,0.00%,-1852.03,-0.24%,-236642.3,-0.05%
345,Entry long,LONG,2024-08-18 15:00,"59,545.5",12.825704,-352.71,-0.05%,0,0.00%,-1852.03,-0.24%,-236642.3,-0.05%
346,Exit long,SHORT,2024-08-18 22:00,"59,777.0",12.791789,1295.81,0.17%,7346.32,0.96%,-731.69,-0.10%,-235346.48,0.17%
346,Entry long,LONG,2024-08-18 16:00,"59,675.7",12.791789,1295.81,0.17%,7346.32,0.96%,-731.69,-0.10%,-235346.48,0.17%
347,Exit short,Close entry(s) order SHORT,2024-08-19 04:00,"59,784.6",12.791767,-97.22,-0.01%,5746.06,0.75%,-1778.06,-0.23%,-235443.7,-0.01%
347,Entry short,SHORT,2024-08-18 22:00,"59,777.0",12.791767,-97.22,-0.01%,5746.06,0.75%,-1778.06,-0.23%,-235443.7,-0.01%
348,Exit short,LONG,2024-08-19 20:30,"58,736.4",13.074814,-3411.22,-0.45%,9485.78,1.24%,-6073.25,-0.79%,-238854.92,-0.45%
348,Entry short,SHORT,2024-08-19 15:00,"58,475.5",13.074814,-3411.22,-0.45%,9485.78,1.24%,-6073.25,-0.79%,-238854.92,-0.45%
349,Exit long,SHORT,2024-08-20 18:30,"60,611.2",12.958704,24294.98,3.19%,34335.38,4.51%,-9291.39,-1.22%,-214559.95,3.19%
349,Entry long,LONG,2024-08-19 20:30,"58,736.4",12.958704,24294.98,3.19%,34335.38,4.51%,-9291.39,-1.22%,-214559.95,3.19%
350,Exit short,Close entry(s) order SHORT,2024-08-21 09:30,"59,266.8",12.958661,17421.62,2.22%,27344.07,3.48%,-4008.11,-0.51%,-197138.33,2.22%
350,Entry short,SHORT,2024-08-20 18:30,"60,611.2",12.958661,17421.62,2.22%,27344.07,3.48%,-4008.11,-0.51%,-197138.33,2.22%
351,Exit short,Close entry(s) order SHORT,2024-08-22 11:30,"60,584.9",13.30607,-3286.6,-0.41%,902.15,0.11%,-3967.87,-0.49%,-200424.92,-0.41%
351,Entry short,SHORT,2024-08-22 10:30,"60,337.9",13.30607,-3286.6,-0.41%,902.15,0.11%,-3967.87,-0.49%,-200424.92,-0.41%
352,Exit long,SHORT,2024-08-23 19:00,"60,710.1",13.06824,-6200.88,-0.78%,1739.38,0.22%,-6965.37,-0.87%,-206625.8,-0.78%
352,Entry long,LONG,2024-08-23 15:30,"61,184.6",13.06824,-6200.88,-0.78%,1739.38,0.22%,-6965.37,-0.87%,-206625.8,-0.78%
353,Exit short,LONG,2024-08-23 21:30,"61,778.5",13.06824,-13962.11,-1.76%,0,0.00%,-20876.51,-2.63%,-220587.9,-1.76%
353,Entry short,SHORT,2024-08-23 19:00,"60,710.1",13.06824,-13962.11,-1.76%,0,0.00%,-20876.51,-2.63%,-220587.9,-1.76%
354,Exit long,SHORT,2024-08-24 19:00,"63,881.7",12.616235,26534.47,3.40%,40643.2,5.21%,-12975.8,-1.66%,-194053.44,3.40%
354,Entry long,LONG,2024-08-23 21:30,"61,778.5",12.616235,26534.47,3.40%,40643.2,5.21%,-12975.8,-1.66%,-194053.44,3.40%
355,Exit short,LONG,2024-08-24 22:00,"64,151.2",12.616235,-3400.08,-0.42%,22.71,0.00%,-4293.3,-0.53%,-197453.52,-0.42%
355,Entry short,SHORT,2024-08-24 19:00,"63,881.7",12.616235,-3400.08,-0.42%,22.71,0.00%,-4293.3,-0.53%,-197453.52,-0.42%
356,Exit long,Close entry(s) order LONG,2024-08-24 23:00,"63,943.4",12.510272,-2599.63,-0.32%,0,0.00%,-4043.32,-0.50%,-200053.16,-0.32%
356,Entry long,LONG,2024-08-24 22:00,"64,151.2",12.510272,-2599.63,-0.32%,0,0.00%,-4043.32,-0.50%,-200053.16,-0.32%
357,Exit long,SHORT,2024-08-25 01:00,"64,018.3",12.45036,-2884.75,-0.36%,1867.55,0.23%,-4341.44,-0.54%,-202937.9,-0.36%
357,Entry long,LONG,2024-08-24 23:30,"64,250.0",12.45036,-2884.75,-0.36%,1867.55,0.23%,-4341.44,-0.54%,-202937.9,-0.36%
358,Exit short,LONG,2024-08-25 01:30,"64,358.5",12.450535,-4235.67,-0.53%,1435.55,0.18%,-4622.88,-0.58%,-207173.58,-0.53%
358,Entry short,SHORT,2024-08-25 01:00,"64,018.3",12.450535,-4235.67,-0.53%,1435.55,0.18%,-4622.88,-0.58%,-207173.58,-0.53%
359,Exit long,Close entry(s) order LONG,2024-08-25 04:30,"63,928.1",12.318407,-5301.84,-0.67%,686.14,0.09%,-5933.78,-0.75%,-212475.42,-0.67%
359,Entry long,LONG,2024-08-25 01:30,"64,358.5",12.318407,-5301.84,-0.67%,686.14,0.09%,-5933.78,-0.75%,-212475.42,-0.67%
360,Exit long,SHORT,2024-08-26 08:30,"64,100.0",12.16833,-7534.63,-0.96%,733.75,0.09%,-10740.98,-1.36%,-220010.05,-0.96%
360,Entry long,LONG,2024-08-26 06:30,"64,719.2",12.16833,-7534.63,-0.96%,733.75,0.09%,-10740.98,-1.36%,-220010.05,-0.96%
361,Exit short,Close entry(s) order SHORT,2024-08-26 11:30,"64,122.0",12.16833,-267.7,-0.03%,4731.05,0.61%,-1012.4,-0.13%,-220277.75,-0.03%
361,Entry short,SHORT,2024-08-26 08:30,"64,100.0",12.16833,-267.7,-0.03%,4731.05,0.61%,-1012.4,-0.13%,-220277.75,-0.03%
362,Exit short,LONG,2024-08-27 00:30,"63,723.9",12.257432,-1370.38,-0.18%,7110.54,0.91%,-2977.33,-0.38%,-221648.12,-0.18%
362,Entry short,SHORT,2024-08-26 20:00,"63,612.1",12.257432,-1370.38,-0.18%,7110.54,0.91%,-2977.33,-0.38%,-221648.12,-0.18%
363,Exit long,SHORT,2024-08-27 04:30,"62,949.1",12.21471,-9463.96,-1.22%,1652.65,0.21%,-11321.81,-1.45%,-231112.1,-1.22%
363,Entry long,LONG,2024-08-27 00:30,"63,723.9",12.21471,-9463.96,-1.22%,1652.65,0.21%,-11321.81,-1.45%,-231112.1,-1.22%
364,Exit short,LONG,2024-08-27 12:30,"63,099.7",12.214438,-1839.49,-0.24%,4044.2,0.53%,-3699.75,-0.48%,-232951.58,-0.24%
364,Entry short,SHORT,2024-08-27 04:30,"62,949.1",12.214438,-1839.49,-0.24%,4044.2,0.53%,-3699.75,-0.48%,-232951.58,-0.24%
365,Exit long,SHORT,2024-08-27 14:00,"62,740.7",12.156172,-4364.07,-0.57%,960.34,0.13%,-4998.62,-0.65%,-237315.64,-0.57%
365,Entry long,LONG,2024-08-27 12:30,"63,099.7",12.156172,-4364.07,-0.57%,960.34,0.13%,-4998.62,-0.65%,-237315.64,-0.57%
366,Exit short,LONG,2024-08-28 17:00,"60,166.3",12.156133,31294.75,4.10%,58501.39,7.67%,-2995.27,-0.39%,-206020.9,4.10%
366,Entry short,SHORT,2024-08-27 14:00,"62,740.7",12.156133,31294.75,4.10%,58501.39,7.67%,-2995.27,-0.39%,-206020.9,4.10%
367,Exit long,SHORT,2024-08-28 21:30,"59,563.9",13.200075,-7951.72,-1.00%,260.04,0.03%,-13322.84,-1.68%,-213972.62,-1.00%
367,Entry long,LONG,2024-08-28 17:00,"60,166.3",13.200075,-7951.72,-1.00%,260.04,0.03%,-13322.84,-1.68%,-213972.62,-1.00%
368,Exit short,LONG,2024-08-29 04:30,"59,324.5",13.196371,3159.21,0.40%,23013.15,2.93%,-3045.72,-0.39%,-210813.4,0.40%
368,Entry short,SHORT,2024-08-28 21:30,"59,563.9",13.196371,3159.21,0.40%,23013.15,2.93%,-3045.72,-0.39%,-210813.4,0.40%
369,Exit long,SHORT,2024-08-29 08:30,"58,962.8",13.302878,-4811.65,-0.61%,1565.75,0.20%,-6831.03,-0.87%,-215625.06,-0.61%
369,Entry long,LONG,2024-08-29 04:30,"59,324.5",13.302878,-4811.65,-0.61%,1565.75,0.20%,-6831.03,-0.87%,-215625.06,-0.61%
370,Exit short,Close entry(s) order SHORT,2024-08-29 10:30,"59,077.2",13.302878,-1521.85,-0.19%,1713.41,0.22%,-2724.43,-0.35%,-217146.9,-0.19%
370,Entry short,SHORT,2024-08-29 08:30,"58,962.8",13.302878,-1521.85,-0.19%,1713.41,0.22%,-2724.43,-0.35%,-217146.9,-0.19%
371,Exit short,LONG,2024-08-30 15:00,"59,236.0",13.239524,-1403.39,-0.18%,6354.97,0.81%,-7114.92,-0.91%,-218550.3,-0.18%
371,Entry short,SHORT,2024-08-30 02:00,"59,130.0",13.239524,-1403.39,-0.18%,6354.97,0.81%,-7114.92,-0.91%,-218550.3,-0.18%
372,Exit long,Close entry(s) order LONG,2024-08-30 22:30,"58,068.0",13.192186,-15408.47,-1.97%,8956.17,1.15%,-16631.39,-2.13%,-233958.78,-1.97%
372,Entry long,LONG,2024-08-30 15:00,"59,236.0",13.192186,-15408.47,-1.97%,8956.17,1.15%,-16631.39,-2.13%,-233958.78,-1.97%
373,Exit short,LONG,2024-09-01 05:00,"59,026.6",13.024434,-2746.85,-0.36%,74.24,0.01%,-3800.53,-0.50%,-236705.62,-0.36%
373,Entry short,SHORT,2024-09-01 03:30,"58,815.7",13.024434,-2746.85,-0.36%,74.24,0.01%,-3800.53,-0.50%,-236705.62,-0.36%
374,Exit long,Close entry(s) order LONG,2024-09-01 08:00,"58,905.3",12.931318,-1568.57,-0.21%,949.16,0.12%,-1999.18,-0.26%,-238274.2,-0.21%
374,Entry long,LONG,2024-09-01 05:00,"59,026.6",12.931318,-1568.57,-0.21%,949.16,0.12%,-1999.18,-0.26%,-238274.2,-0.21%
375,Exit short,LONG,2024-09-01 23:30,"58,068.5",13.144308,-1544.46,-0.20%,10883.49,1.43%,-6820.58,-0.90%,-239818.66,-0.20%
375,Entry short,SHORT,2024-09-01 13:00,"57,951.0",13.144308,-1544.46,-0.20%,10883.49,1.43%,-6820.58,-0.90%,-239818.66,-0.20%
376,Exit long,Close entry(s) order LONG,2024-09-02 05:30,"57,488.0",13.091113,-7599.39,-1.00%,9408.58,1.24%,-10653.55,-1.40%,-247418.05,-1.00%
376,Entry long,LONG,2024-09-01 23:30,"58,068.5",13.091113,-7599.39,-1.00%,9408.58,1.24%,-10653.55,-1.40%,-247418.05,-1.00%
377,Exit long,SHORT,2024-09-03 14:00,"58,870.1",13.041048,15147.18,2.01%,27143.64,3.61%,-5112.09,-0.68%,-232270.88,2.01%
377,Entry long,LONG,2024-09-02 11:00,"57,708.6",13.041048,15147.18,2.01%,27143.64,3.61%,-5112.09,-0.68%,-232270.88,2.01%
378,Exit short,Close entry(s) order SHORT,2024-09-03 19:30,"59,185.3",13.04107,-4110.55,-0.54%,2629.08,0.34%,-4680.44,-0.61%,-236381.4,-0.54%
378,Entry short,SHORT,2024-09-03 14:00,"58,870.1",13.04107,-4110.55,-0.54%,2629.08,0.34%,-4680.44,-0.61%,-236381.4,-0.54%
379,Exit short,LONG,2024-09-04 23:00,"58,096.0",13.532306,-22552.94,-2.95%,3726.8,0.49%,-23117.24,-3.03%,-258934.36,-2.95%
379,Entry short,SHORT,2024-09-04 18:00,"56,429.4",13.532306,-22552.94,-2.95%,3726.8,0.49%,-23117.24,-3.03%,-258934.36,-2.95%
380,Exit long,Close entry(s) order LONG,2024-09-05 09:30,"57,814.2",12.75579,-3594.58,-0.49%,5153.34,0.70%,-6124.05,-0.83%,-262528.94,-0.49%
380,Entry long,LONG,2024-09-04 23:00,"58,096.0",12.75579,-3594.58,-0.49%,5153.34,0.70%,-6124.05,-0.83%,-262528.94,-0.49%
381,Exit long,SHORT,2024-09-06 14:30,"55,545.5",13.12782,-8279.72,-1.12%,8670.92,1.18%,-12053.96,-1.63%,-270808.66,-1.12%
381,Entry long,LONG,2024-09-06 08:30,"56,176.2",13.12782,-8279.72,-1.12%,8670.92,1.18%,-12053.96,-1.63%,-270808.66,-1.12%
382,Exit short,LONG,2024-09-06 17:00,"55,863.5",13.12782,-4174.65,-0.57%,3879.27,0.53%,-4795.59,-0.66%,-274983.3,-0.57%
382,Entry short,SHORT,2024-09-06 14:30,"55,545.5",13.12782,-4174.65,-0.57%,3879.27,0.53%,-4795.59,-0.66%,-274983.3,-0.57%
383,Exit long,SHORT,2024-09-06 21:30,"54,784.9",12.978595,-13998.71,-1.93%,14750.17,2.03%,-15207.02,-2.10%,-288982,-1.93%
383,Entry long,LONG,2024-09-06 17:00,"55,863.5",12.978595,-13998.71,-1.93%,14750.17,2.03%,-15207.02,-2.10%,-288982,-1.93%
384,Exit short,LONG,2024-09-07 12:30,"54,122.4",12.978356,8598.16,1.21%,29514.08,4.15%,-4962.92,-0.70%,-280383.84,1.21%
384,Entry short,SHORT,2024-09-06 21:30,"54,784.9",12.978356,8598.16,1.21%,29514.08,4.15%,-4962.92,-0.70%,-280383.84,1.21%
385,Exit long,Close entry(s) order LONG,2024-09-08 01:30,"54,236.4",13.296281,1515.78,0.21%,9278.15,1.29%,-2039.65,-0.28%,-278868.06,0.21%
385,Entry long,LONG,2024-09-07 12:30,"54,122.4",13.296281,1515.78,0.21%,9278.15,1.29%,-2039.65,-0.28%,-278868.06,0.21%
386,Exit short,LONG,2024-09-09 15:30,"55,180.9",13.196668,-7072.09,-0.98%,369.51,0.05%,-7656.71,-1.06%,-285940.16,-0.98%
386,Entry short,SHORT,2024-09-09 13:00,"54,645.0",13.196668,-7072.09,-0.98%,369.51,0.05%,-7656.71,-1.06%,-285940.16,-0.98%
387,Exit long,SHORT,2024-09-10 11:00,"56,500.0",12.940344,17069.61,2.39%,38462.59,5.39%,-5511.29,-0.77%,-268870.56,2.39%
387,Entry long,LONG,2024-09-09 15:30,"55,180.9",12.940344,17069.61,2.39%,38462.59,5.39%,-5511.29,-0.77%,-268870.56,2.39%
388,Exit short,LONG,2024-09-10 13:00,"56,910.8",12.940344,-5315.89,-0.73%,1798.71,0.25%,-5693.75,-0.78%,-274186.47,-0.73%
388,Entry short,SHORT,2024-09-10 11:00,"56,500.0",12.940344,-5315.89,-0.73%,1798.71,0.25%,-5693.75,-0.78%,-274186.47,-0.73%
389,Exit long,Close entry(s) order LONG,2024-09-10 22:00,"56,911.7",12.753529,11.48,0.00%,6736.41,0.93%,-5430.45,-0.75%,-274174.97,0.00%
389,Entry long,LONG,2024-09-10 13:00,"56,910.8",12.753529,11.48,0.00%,6736.41,0.93%,-5430.45,-0.75%,-274174.97,0.00%
390,Exit short,Close entry(s) order SHORT,2024-09-11 18:30,"56,671.9",12.656059,8583.34,1.18%,16454.14,2.27%,-293.62,-0.04%,-265591.62,1.18%
390,Entry short,SHORT,2024-09-11 08:30,"57,350.1",12.656059,8583.34,1.18%,16454.14,2.27%,-293.62,-0.04%,-265591.62,1.18%
391,Exit short,LONG,2024-09-12 15:30,"58,277.0",12.679702,-4525.39,-0.62%,990.28,0.13%,-4685.15,-0.64%,-270117.03,-0.62%
391,Entry short,SHORT,2024-09-12 14:00,"57,920.1",12.679702,-4525.39,-0.62%,990.28,0.13%,-4685.15,-0.64%,-270117.03,-0.62%
392,Exit long,SHORT,2024-09-12 18:00,"57,907.4",12.524417,-4629.02,-0.63%,507.24,0.07%,-4709.18,-0.65%,-274746.06,-0.63%
392,Entry long,LONG,2024-09-12 15:30,"58,277.0",12.524417,-4629.02,-0.63%,507.24,0.07%,-4709.18,-0.65%,-274746.06,-0.63%
393,Exit short,Close entry(s) order SHORT,2024-09-12 18:30,"58,071.6",12.524374,-2056.5,-0.28%,505.98,0.07%,-2057.75,-0.28%,-276802.56,-0.28%
393,Entry short,SHORT,2024-09-12 18:00,"57,907.4",12.524374,-2056.5,-0.28%,505.98,0.07%,-2057.75,-0.28%,-276802.56,-0.28%
394,Exit long,SHORT,2024-09-12 20:00,"57,665.8",12.450696,-5218.09,-0.72%,499.27,0.07%,-6597.62,-0.91%,-282020.62,-0.72%
394,Entry long,LONG,2024-09-12 19:30,"58,084.9",12.450696,-5218.09,-0.72%,499.27,0.07%,-6597.62,-0.91%,-282020.62,-0.72%
395,Exit short,Close entry(s) order SHORT,2024-09-13 00:30,"58,112.6",12.450696,-5562.97,-0.77%,4429.96,0.62%,-11713.61,-1.63%,-287583.6,-0.77%
395,Entry short,SHORT,2024-09-12 20:00,"57,665.8",12.450696,-5562.97,-0.77%,4429.96,0.62%,-11713.61,-1.63%,-287583.6,-0.77%
396,Exit long,SHORT,2024-09-14 11:30,"60,291.5",11.844646,1715.1,0.24%,5333.64,0.75%,-908.48,-0.13%,-285868.5,0.24%
396,Entry long,LONG,2024-09-14 04:30,"60,146.7",11.844646,1715.1,0.24%,5333.64,0.75%,-908.48,-0.13%,-285868.5,0.24%
397,Exit short,Close entry(s) order SHORT,2024-09-15 00:00,"59,945.5",11.844646,4098.25,0.57%,8454.71,1.18%,0,0.00%,-281770.25,0.57%
397,Entry short,SHORT,2024-09-14 11:30,"60,291.5",11.844646,4098.25,0.57%,8454.71,1.18%,0,0.00%,-281770.25,0.57%
398,Exit long,SHORT,2024-09-16 17:30,"58,577.3",12.162974,-5755.52,-0.80%,452.46,0.06%,-7138.45,-0.99%,-287525.78,-0.80%
398,Entry long,LONG,2024-09-16 15:30,"59,050.5",12.162974,-5755.52,-0.80%,452.46,0.06%,-7138.45,-0.99%,-287525.78,-0.80%
399,Exit short,Close entry(s) order SHORT,2024-09-17 07:00,"58,187.0",12.162974,4747.21,0.67%,13756.32,1.93%,-2933.71,-0.41%,-282778.56,0.67%
399,Entry short,SHORT,2024-09-16 17:30,"58,577.3",12.162974,4747.21,0.67%,13756.32,1.93%,-2933.71,-0.41%,-282778.56,0.67%
400,Exit long,SHORT,2024-09-18 04:00,"60,087.6",12.225066,17353.48,2.42%,32725.28,4.56%,-832.53,-0.12%,-265425.1,2.42%
400,Entry long,LONG,2024-09-17 15:00,"58,668.1",12.225066,17353.48,2.42%,32725.28,4.56%,-832.53,-0.12%,-265425.1,2.42%
401,Exit short,Close entry(s) order SHORT,2024-09-18 10:30,"60,578.9",12.225066,-6006.17,-0.82%,3051.38,0.42%,-6863.15,-0.93%,-271431.25,-0.82%
401,Entry short,SHORT,2024-09-18 04:00,"60,087.6",12.225066,-6006.17,-0.82%,3051.38,0.42%,-6863.15,-0.93%,-271431.25,-0.82%
402,Exit long,SHORT,2024-09-20 05:00,"62,849.2",12.146881,34853.05,4.78%,46767.92,6.42%,-6679.57,-0.92%,-236578.22,4.78%
402,Entry long,LONG,2024-09-19 01:00,"59,979.9",12.146881,34853.05,4.78%,46767.92,6.42%,-6679.57,-0.92%,-236578.22,4.78%
403,Exit short,Close entry(s) order SHORT,2024-09-20 10:30,"63,242.3",12.146881,-4774.94,-0.63%,3279.66,0.43%,-5984.77,-0.78%,-241353.16,-0.63%
403,Entry short,SHORT,2024-09-20 05:00,"62,849.2",12.146881,-4774.94,-0.63%,3279.66,0.43%,-5984.77,-0.78%,-241353.16,-0.63%
404,Exit long,SHORT,2024-09-25 10:30,"64,250.0",11.752491,-3550.43,-0.47%,2913.44,0.38%,-7006.83,-0.92%,-244903.58,-0.47%
404,Entry long,LONG,2024-09-25 06:00,"64,552.1",11.752491,-3550.43,-0.47%,2913.44,0.38%,-7006.83,-0.92%,-244903.58,-0.47%
405,Exit short,LONG,2024-09-25 22:30,"63,772.0",11.752473,5617.68,0.74%,11832.39,1.57%,-2154.23,-0.29%,-239285.89,0.74%
405,Entry short,SHORT,2024-09-25 10:30,"64,250.0",11.752473,5617.68,0.74%,11832.39,1.57%,-2154.23,-0.29%,-239285.89,0.74%
406,Exit long,Close entry(s) order LONG,2024-09-25 23:00,"63,470.1",11.928653,-3601.26,-0.47%,811.15,0.11%,-4222.74,-0.56%,-242887.16,-0.47%
406,Entry long,LONG,2024-09-25 22:30,"63,772.0",11.928653,-3601.26,-0.47%,811.15,0.11%,-4222.74,-0.56%,-242887.16,-0.47%
407,Exit short,LONG,2024-09-26 10:30,"63,279.8",11.988814,-1544.16,-0.20%,6193.42,0.82%,-4583.32,-0.61%,-244431.31,-0.20%
407,Entry short,SHORT,2024-09-26 03:00,"63,151.0",11.988814,-1544.16,-0.20%,6193.42,0.82%,-4583.32,-0.61%,-244431.31,-0.20%
408,Exit long,SHORT,2024-09-27 05:30,"64,954.7",11.940124,19998.51,2.65%,30091.5,3.98%,-94.33,-0.01%,-224432.8,2.65%
408,Entry long,LONG,2024-09-26 10:30,"63,279.8",11.940124,19998.51,2.65%,30091.5,3.98%,-94.33,-0.01%,-224432.8,2.65%
409,Exit short,LONG,2024-09-27 07:00,"65,139.1",11.940124,-2201.76,-0.28%,3041.15,0.39%,-2525.34,-0.33%,-226634.56,-0.28%
409,Entry short,SHORT,2024-09-27 05:30,"64,954.7",11.940124,-2201.76,-0.28%,3041.15,0.39%,-2525.34,-0.33%,-226634.56,-0.28%
410,Exit long,SHORT,2024-09-27 10:00,"64,854.5",11.872486,-3378.91,-0.44%,2503.91,0.32%,-4109.07,-0.53%,-230013.47,-0.44%
410,Entry long,LONG,2024-09-27 07:00,"65,139.1",11.872486,-3378.91,-0.44%,2503.91,0.32%,-4109.07,-0.53%,-230013.47,-0.44%
411,Exit short,LONG,2024-09-27 11:30,"65,290.8",11.872522,-5179.98,-0.67%,789.52,0.10%,-6877.75,-0.89%,-235193.45,-0.67%
411,Entry short,SHORT,2024-09-27 10:00,"64,854.5",11.872522,-5179.98,-0.67%,789.52,0.10%,-6877.75,-0.89%,-235193.45,-0.67%
412,Exit long,Close entry(s) order LONG,2024-09-27 19:30,"65,425.5",11.713848,1577.86,0.21%,7933.79,1.04%,-2574.7,-0.34%,-233615.6,0.21%
412,Entry long,LONG,2024-09-27 11:30,"65,290.8",11.713848,1577.86,0.21%,7933.79,1.04%,-2574.7,-0.34%,-233615.6,0.21%
413,Exit short,LONG,2024-10-01 04:30,"63,767.0",12.026639,-518.35,-0.07%,8270.72,1.08%,-2896.01,-0.38%,-234133.95,-0.07%
413,Entry short,SHORT,2024-09-30 22:00,"63,723.9",12.026639,-518.35,-0.07%,8270.72,1.08%,-2896.01,-0.38%,-234133.95,-0.07%
414,Exit long,SHORT,2024-10-01 07:00,"63,309.0",12.01042,-5500.77,-0.72%,434.78,0.06%,-11313.81,-1.48%,-239634.72,-0.72%
414,Entry long,LONG,2024-10-01 04:30,"63,767.0",12.01042,-5500.77,-0.72%,434.78,0.06%,-11313.81,-1.48%,-239634.72,-0.72%
415,Exit short,LONG,2024-10-01 08:30,"63,559.0",12.010382,-3002.6,-0.39%,3711.21,0.49%,-3825.31,-0.50%,-242637.31,-0.39%
415,Entry short,SHORT,2024-10-01 07:00,"63,309.0",12.010382,-3002.6,-0.39%,3711.21,0.49%,-3825.31,-0.50%,-242637.31,-0.39%
416,Exit long,Close entry(s) order LONG,2024-10-01 20:00,"63,644.1",11.915862,1014.04,0.13%,6358.3,0.84%,-4873.59,-0.64%,-241623.28,0.13%
416,Entry long,LONG,2024-10-01 08:30,"63,559.0",11.915862,1014.04,0.13%,6358.3,0.84%,-4873.59,-0.64%,-241623.28,0.13%
417,Exit long,SHORT,2024-10-02 13:00,"61,466.7",12.310371,-1698.83,-0.22%,3120.68,0.41%,-3443.21,-0.45%,-243322.11,-0.22%
417,Entry long,LONG,2024-10-02 09:30,"61,604.7",12.310371,-1698.83,-0.22%,3120.68,0.41%,-3443.21,-0.45%,-243322.11,-0.22%
418,Exit short,Close entry(s) order SHORT,2024-10-02 14:00,"61,672.9",12.310371,-2538.4,-0.34%,1682.83,0.22%,-3647.56,-0.48%,-245860.5,-0.34%
418,Entry short,SHORT,2024-10-02 13:00,"61,466.7",12.310371,-2538.4,-0.34%,1682.83,0.22%,-3647.56,-0.48%,-245860.5,-0.34%
419,Exit short,Close entry(s) order SHORT,2024-10-03 09:00,"60,999.9",12.273167,5477.51,0.73%,18548.44,2.46%,-11153.85,-1.48%,-240382.98,0.73%
419,Entry short,SHORT,2024-10-02 17:30,"61,446.2",12.273167,5477.51,0.73%,18548.44,2.46%,-11153.85,-1.48%,-240382.98,0.73%
420,Exit long,Close entry(s) order LONG,2024-10-05 09:30,"61,996.9",12.282971,1887.89,0.25%,7540.52,0.99%,-2852.11,-0.38%,-238495.1,0.25%
420,Entry long,LONG,2024-10-04 23:00,"61,843.2",12.282971,1887.89,0.25%,7540.52,0.99%,-2852.11,-0.38%,-238495.1,0.25%
421,Exit short,Close entry(s) order SHORT,2024-10-07 06:30,"62,784.1",12.184097,-3462.72,-0.45%,516.61,0.07%,-4673.82,-0.61%,-241957.81,-0.45%
421,Entry short,SHORT,2024-10-07 05:30,"62,499.9",12.184097,-3462.72,-0.45%,516.61,0.07%,-4673.82,-0.61%,-241957.81,-0.45%
422,Exit short,Close entry(s) order SHORT,2024-10-07 14:00,"63,667.1",11.965843,-3789.58,-0.50%,823.25,0.11%,-4061.21,-0.54%,-245747.4,-0.50%
422,Entry short,SHORT,2024-10-07 13:00,"63,350.4",11.965843,-3789.58,-0.50%,823.25,0.11%,-4061.21,-0.54%,-245747.4,-0.50%
423,Exit short,LONG,2024-10-07 15:30,"63,580.8",11.87919,-1035.87,-0.14%,1059.62,0.14%,-1905.42,-0.25%,-246783.27,-0.14%
423,Entry short,SHORT,2024-10-07 14:30,"63,493.6",11.87919,-1035.87,-0.14%,1059.62,0.14%,-1905.42,-0.25%,-246783.27,-0.14%
424,Exit long,SHORT,2024-10-07 16:30,"63,100.0",11.846606,-5695.85,-0.76%,1175.18,0.16%,-5814.31,-0.77%,-252479.11,-0.76%
424,Entry long,LONG,2024-10-07 15:30,"63,580.8",11.846606,-5695.85,-0.76%,1175.18,0.16%,-5814.31,-0.77%,-252479.11,-0.76%
425,Exit short,LONG,2024-10-07 22:30,"63,731.3",11.846606,-7478.76,-1.00%,5663.86,0.76%,-15971.59,-2.14%,-259957.88,-1.00%
425,Entry short,SHORT,2024-10-07 16:30,"63,100.0",11.846606,-7478.76,-1.00%,5663.86,0.76%,-15971.59,-2.14%,-259957.88,-1.00%
426,Exit long,Close entry(s) order LONG,2024-10-07 23:00,"63,620.1",11.61191,-1291.24,-0.17%,1660.5,0.22%,-2274.77,-0.31%,-261249.12,-0.17%
426,Entry long,LONG,2024-10-07 22:30,"63,731.3",11.61191,-1291.24,-0.17%,1660.5,0.22%,-2274.77,-0.31%,-261249.12,-0.17%
427,Exit long,SHORT,2024-10-08 13:30,"62,238.0",11.780525,-5554.52,-0.75%,515.99,0.07%,-6473.4,-0.88%,-266803.62,-0.75%
427,Entry long,LONG,2024-10-08 11:30,"62,709.5",11.780525,-5554.52,-0.75%,515.99,0.07%,-6473.4,-0.88%,-266803.62,-0.75%
428,Exit short,LONG,2024-10-08 16:30,"62,410.0",11.780525,-2026.25,-0.28%,3498.82,0.48%,-2952.2,-0.40%,-268829.88,-0.28%
428,Entry short,SHORT,2024-10-08 13:30,"62,238.0",11.780525,-2026.25,-0.28%,3498.82,0.48%,-2952.2,-0.40%,-268829.88,-0.28%
429,Exit long,Close entry(s) order LONG,2024-10-09 16:00,"62,125.7",11.715592,-3330.74,-0.46%,9005.78,1.23%,-6724.75,-0.92%,-272160.62,-0.46%
429,Entry long,LONG,2024-10-08 16:30,"62,410.0",11.715592,-3330.74,-0.46%,9005.78,1.23%,-6724.75,-0.92%,-272160.62,-0.46%
430,Exit long,SHORT,2024-10-10 16:30,"60,638.0",11.950639,-3176.48,-0.44%,2680.53,0.37%,-3630.6,-0.50%,-275337.12,-0.44%
430,Entry long,LONG,2024-10-10 11:30,"60,903.8",11.950639,-3176.48,-0.44%,2680.53,0.37%,-3630.6,-0.50%,-275337.12,-0.44%
431,Exit short,Close entry(s) order SHORT,2024-10-10 19:00,"61,235.9",11.950639,-7145.29,-0.99%,68.12,0.01%,-7875.47,-1.09%,-282482.4,-0.99%
431,Entry short,SHORT,2024-10-10 16:30,"60,638.0",11.950639,-7145.29,-0.99%,68.12,0.01%,-7875.47,-1.09%,-282482.4,-0.99%
432,Exit long,Close entry(s) order LONG,2024-10-11 08:30,"60,111.2",11.900473,-2167.08,-0.30%,436.75,0.06%,-2575.26,-0.36%,-284649.47,-0.30%
432,Entry long,LONG,2024-10-11 07:00,"60,293.3",11.900473,-2167.08,-0.30%,436.75,0.06%,-2575.26,-0.36%,-284649.47,-0.30%
433,Exit long,SHORT,2024-10-11 16:00,"60,631.7",11.772739,-1549.29,-0.22%,1373.88,0.19%,-1705.87,-0.24%,-286198.78,-0.22%
433,Entry long,LONG,2024-10-11 14:00,"60,763.3",11.772739,-1549.29,-0.22%,1373.88,0.19%,-1705.87,-0.24%,-286198.78,-0.22%
434,Exit short,Close entry(s) order SHORT,2024-10-11 16:30,"60,800.1",11.772739,-1982.53,-0.28%,155.4,0.02%,-3839.09,-0.54%,-288181.28,-0.28%
434,Entry short,SHORT,2024-10-11 16:00,"60,631.7",11.772739,-1982.53,-0.28%,155.4,0.02%,-3839.09,-0.54%,-288181.28,-0.28%
435,Exit long,SHORT,2024-10-13 03:00,"62,966.2",11.660117,22374.6,3.14%,28162.68,3.96%,-993.44,-0.14%,-265806.7,3.14%
435,Entry long,LONG,2024-10-11 17:00,"61,047.3",11.660117,22374.6,3.14%,28162.68,3.96%,-993.44,-0.14%,-265806.7,3.14%
436,Exit short,Close entry(s) order SHORT,2024-10-13 03:30,"63,051.4",11.660117,-993.44,-0.14%,0,0.00%,-1422.53,-0.19%,-266800.12,-0.14%
436,Entry short,SHORT,2024-10-13 03:00,"62,966.2",11.660117,-993.44,-0.14%,0,0.00%,-1422.53,-0.19%,-266800.12,-0.14%
437,Exit long,SHORT,2024-10-13 09:00,"62,846.1",11.607269,-3728.25,-0.51%,2064.93,0.28%,-4671.93,-0.64%,-270528.4,-0.51%
437,Entry long,LONG,2024-10-13 04:30,"63,167.3",11.607269,-3728.25,-0.51%,2064.93,0.28%,-4671.93,-0.64%,-270528.4,-0.51%
438,Exit short,Close entry(s) order SHORT,2024-10-14 01:30,"62,524.5",11.607269,3732.9,0.51%,9588.77,1.31%,-1322.07,-0.18%,-266795.5,0.51%
438,Entry short,SHORT,2024-10-13 09:00,"62,846.1",11.607269,3732.9,0.51%,9588.77,1.31%,-1322.07,-0.18%,-266795.5,0.51%
439,Exit long,SHORT,2024-10-15 01:30,"65,844.1",11.349985,14126.19,1.93%,19164.45,2.61%,-3321.01,-0.45%,-252669.31,1.93%
439,Entry long,LONG,2024-10-14 15:00,"64,599.5",11.349985,14126.19,1.93%,19164.45,2.61%,-3321.01,-0.45%,-252669.31,1.93%
440,Exit short,Close entry(s) order SHORT,2024-10-15 02:30,"65,837.3",11.350002,77.18,0.01%,1699.1,0.23%,-2518.57,-0.34%,-252592.12,0.01%
440,Entry short,SHORT,2024-10-15 01:30,"65,844.1",11.350002,77.18,0.01%,1699.1,0.23%,-2518.57,-0.34%,-252592.12,0.01%
441,Exit long,SHORT,2024-10-15 10:00,"65,740.0",11.309505,-3919.87,-0.52%,5048.56,0.68%,-4621.06,-0.62%,-256512,-0.52%
441,Entry long,LONG,2024-10-15 05:30,"66,086.6",11.309505,-3919.87,-0.52%,5048.56,0.68%,-4621.06,-0.62%,-256512,-0.52%
442,Exit short,LONG,2024-10-15 16:00,"65,733.0",11.309522,79.17,0.01%,6106.01,0.82%,-1118.51,-0.15%,-256432.83,0.01%
442,Entry short,SHORT,2024-10-15 10:00,"65,740.0",11.309522,79.17,0.01%,6106.01,0.82%,-1118.51,-0.15%,-256432.83,0.01%
443,Exit long,Close entry(s) order LONG,2024-10-15 19:00,"65,385.3",11.311931,-3933.16,-0.53%,264.7,0.04%,-5407.1,-0.73%,-260365.98,-0.53%
443,Entry long,LONG,2024-10-15 16:00,"65,733.0",11.311931,-3933.16,-0.53%,264.7,0.04%,-5407.1,-0.73%,-260365.98,-0.53%
444,Exit short,LONG,2024-10-21 12:30,"69,134.9",10.728973,-2113.61,-0.29%,1673.72,0.23%,-2812.06,-0.38%,-262479.6,-0.29%
444,Entry short,SHORT,2024-10-21 11:00,"68,937.9",10.728973,-2113.61,-0.29%,1673.72,0.23%,-2812.06,-0.38%,-262479.6,-0.29%
445,Exit long,Close entry(s) order LONG,2024-10-21 15:00,"68,519.3",10.667845,-6567.13,-0.89%,264.56,0.04%,-7114.39,-0.96%,-269046.72,-0.89%
445,Entry long,LONG,2024-10-21 12:30,"69,134.9",10.667845,-6567.13,-0.89%,264.56,0.04%,-7114.39,-0.96%,-269046.72,-0.89%
446,Exit short,LONG,2024-10-22 04:00,"67,730.0",10.760643,2135.99,0.29%,11434.26,1.56%,-220.59,-0.03%,-266910.75,0.29%
446,Entry short,SHORT,2024-10-21 20:30,"67,928.5",10.760643,2135.99,0.29%,11434.26,1.56%,-220.59,-0.03%,-266910.75,0.29%
447,Exit long,SHORT,2024-10-22 07:00,"67,368.7",10.8237,-3910.6,-0.53%,2147.42,0.29%,-4206.09,-0.57%,-270821.34,-0.53%
447,Entry long,LONG,2024-10-22 04:00,"67,730.0",10.8237,-3910.6,-0.53%,2147.42,0.29%,-4206.09,-0.57%,-270821.34,-0.53%
448,Exit short,LONG,2024-10-22 11:30,"67,461.9",10.8237,-1008.77,-0.14%,9007.48,1.24%,-3456.01,-0.47%,-271830.1,-0.14%
448,Entry short,SHORT,2024-10-22 07:00,"67,368.7",10.8237,-1008.77,-0.14%,9007.48,1.24%,-3456.01,-0.47%,-271830.1,-0.14%
449,Exit long,SHORT,2024-10-22 15:30,"67,023.7",10.793794,-4729.84,-0.65%,3486.4,0.48%,-5115.18,-0.70%,-276559.94,-0.65%
449,Entry long,LONG,2024-10-22 11:30,"67,461.9",10.793794,-4729.84,-0.65%,3486.4,0.48%,-5115.18,-0.70%,-276559.94,-0.65%
450,Exit short,Close entry(s) order SHORT,2024-10-23 03:00,"67,466.2",10.793794,-4776.25,-0.66%,4433.01,0.61%,-7494.13,-1.04%,-281336.2,-0.66%
450,Entry short,SHORT,2024-10-22 15:30,"67,023.7",10.793794,-4776.25,-0.66%,4433.01,0.61%,-7494.13,-1.04%,-281336.2,-0.66%
451,Exit short,LONG,2024-10-25 10:30,"68,147.3",10.571601,-1762.29,-0.25%,1909.23,0.27%,-2492.78,-0.35%,-283098.5,-0.25%
451,Entry short,SHORT,2024-10-25 08:30,"67,980.6",10.571601,-1762.29,-0.25%,1909.23,0.27%,-2492.78,-0.35%,-283098.5,-0.25%
452,Exit long,Close entry(s) order LONG,2024-10-25 11:30,"67,685.9",10.519881,-4853.87,-0.68%,1.05,0.00%,-4940.14,-0.69%,-287952.38,-0.68%
452,Entry long,LONG,2024-10-25 10:30,"68,147.3",10.519881,-4853.87,-0.68%,1.05,0.00%,-4940.14,-0.69%,-287952.38,-0.68%
453,Exit short,LONG,2024-10-26 11:00,"66,885.8",10.82177,-11774.09,-1.65%,1154.68,0.16%,-13184.16,-1.85%,-299726.44,-1.65%
453,Entry short,SHORT,2024-10-26 06:30,"65,797.8",10.82177,-11774.09,-1.65%,1154.68,0.16%,-13184.16,-1.85%,-299726.44,-1.65%
454,Exit long,SHORT,2024-10-26 20:00,"67,015.9",10.469721,1362.11,0.19%,3813.07,0.54%,-1630.14,-0.23%,-298364.34,0.19%
454,Entry long,LONG,2024-10-26 11:00,"66,885.8",10.469721,1362.11,0.19%,3813.07,0.54%,-1630.14,-0.23%,-298364.34,0.19%
455,Exit short,Close entry(s) order SHORT,2024-10-26 20:30,"67,043.8",10.469689,-292.1,-0.04%,1952.6,0.28%,-524.53,-0.07%,-298656.44,-0.04%
455,Entry short,SHORT,2024-10-26 20:00,"67,015.9",10.469689,-292.1,-0.04%,1952.6,0.28%,-524.53,-0.07%,-298656.44,-0.04%
456,Exit short,LONG,2024-10-27 00:30,"67,019.8",10.488995,-1626.84,-0.23%,1643.63,0.23%,-1766.35,-0.25%,-300283.28,-0.23%
456,Entry short,SHORT,2024-10-26 21:00,"66,864.7",10.488995,-1626.84,-0.23%,1643.63,0.23%,-1766.35,-0.25%,-300283.28,-0.23%
457,Exit long,Close entry(s) order LONG,2024-10-27 08:00,"66,991.7",10.440478,-293.38,-0.04%,4491.49,0.64%,-933.38,-0.13%,-300576.66,-0.04%
457,Entry long,LONG,2024-10-27 00:30,"67,019.8",10.440478,-293.38,-0.04%,4491.49,0.64%,-933.38,-0.13%,-300576.66,-0.04%
458,Exit short,Close entry(s) order SHORT,2024-10-28 14:30,"68,582.1",10.310625,-7701.01,-1.10%,2587.97,0.37%,-8566.07,-1.22%,-308277.66,-1.10%
458,Entry short,SHORT,2024-10-28 08:00,"67,835.2",10.310625,-7701.01,-1.10%,2587.97,0.37%,-8566.07,-1.22%,-308277.66,-1.10%
459,Exit long,SHORT,2024-10-28 23:00,"68,459.1",10.066027,-2611.13,-0.38%,5572.55,0.81%,-3300.65,-0.48%,-310888.78,-0.38%
459,Entry long,LONG,2024-10-28 17:30,"68,718.5",10.066027,-2611.13,-0.38%,5572.55,0.81%,-3300.65,-0.48%,-310888.78,-0.38%
460,Exit short,LONG,2024-10-29 01:30,"68,884.8",10.066027,-4285.11,-0.62%,353.32,0.05%,-7610.92,-1.10%,-315173.9,-0.62%
460,Entry short,SHORT,2024-10-28 23:00,"68,459.1",10.066027,-4285.11,-0.62%,353.32,0.05%,-7610.92,-1.10%,-315173.9,-0.62%
461,Exit long,SHORT,2024-10-30 08:30,"72,155.7",9.941585,32517.93,4.75%,47473.06,6.93%,-721.76,-0.11%,-282655.97,4.75%
461,Entry long,LONG,2024-10-29 01:30,"68,884.8",9.941585,32517.93,4.75%,47473.06,6.93%,-721.76,-0.11%,-282655.97,4.75%
462,Exit short,Close entry(s) order SHORT,2024-10-31 04:00,"72,868.0",9.941612,-7081.41,-0.99%,7073.46,0.99%,-7087.37,-0.99%,-289737.38,-0.99%
462,Entry short,SHORT,2024-10-30 08:30,"72,155.7",9.941612,-7081.41,-0.99%,7073.46,0.99%,-7087.37,-0.99%,-289737.38,-0.99%
463,Exit short,LONG,2024-11-01 18:00,"70,000.0",10.257966,-7796.05,-1.10%,1426.88,0.20%,-9601.46,-1.35%,-297533.44,-1.10%
463,Entry short,SHORT,2024-11-01 14:00,"69,240.0",10.257966,-7796.05,-1.10%,1426.88,0.20%,-9601.46,-1.35%,-297533.44,-1.10%
464,Exit long,SHORT,2024-11-02 02:00,"69,175.4",10.035265,-8275.08,-1.18%,16558.19,2.36%,-9674,-1.38%,-305808.53,-1.18%
464,Entry long,LONG,2024-11-01 18:00,"70,000.0",10.035265,-8275.08,-1.18%,16558.19,2.36%,-9674,-1.38%,-305808.53,-1.18%
465,Exit short,LONG,2024-11-02 08:00,"69,671.4",10.035236,-4977.48,-0.72%,3541.43,0.51%,-5124.99,-0.74%,-310786,-0.72%
465,Entry short,SHORT,2024-11-02 02:00,"69,175.4",10.035236,-4977.48,-0.72%,3541.43,0.51%,-5124.99,-0.74%,-310786,-0.72%
466,Exit long,Close entry(s) order LONG,2024-11-02 11:30,"69,540.4",9.892351,-1295.9,-0.19%,2390.98,0.35%,-1647.08,-0.24%,-312081.9,-0.19%
466,Entry long,LONG,2024-11-02 08:00,"69,671.4",9.892351,-1295.9,-0.19%,2390.98,0.35%,-1647.08,-0.24%,-312081.9,-0.19%
467,Exit short,Close entry(s) order SHORT,2024-11-04 04:00,"68,951.9",10.057929,-5596.23,-0.81%,9543.97,1.39%,-5778.28,-0.84%,-317678.12,-0.81%
467,Entry short,SHORT,2024-11-03 15:00,"68,395.5",10.057929,-5596.23,-0.81%,9543.97,1.39%,-5778.28,-0.84%,-317678.12,-0.81%
468,Exit long,SHORT,2024-11-07 11:00,"75,062.8",9.808337,53920.35,7.90%,67232.23,9.85%,-3031.76,-0.44%,-263757.78,7.90%
468,Entry long,LONG,2024-11-06 06:00,"69,565.4",9.808337,53920.35,7.90%,67232.23,9.85%,-3031.76,-0.44%,-263757.78,7.90%
469,Exit short,Close entry(s) order SHORT,2024-11-07 15:30,"75,060.1",9.80835,26.48,0.00%,6010.56,0.82%,-1228.01,-0.17%,-263731.28,0.00%
469,Entry short,SHORT,2024-11-07 11:00,"75,062.8",9.80835,26.48,0.00%,6010.56,0.82%,-1228.01,-0.17%,-263731.28,0.00%
470,Exit long,SHORT,2024-11-11 04:00,"79,015.6",9.287679,-2397.15,-0.33%,17881.57,2.43%,-5328.34,-0.72%,-266128.44,-0.33%
470,Entry long,LONG,2024-11-10 12:00,"79,273.7",9.287679,-2397.15,-0.33%,17881.57,2.43%,-5328.34,-0.72%,-266128.44,-0.33%
471,Exit short,LONG,2024-11-11 06:00,"80,683.6",9.287679,-15491.85,-2.11%,4331.77,0.59%,-24929.99,-3.40%,-281620.28,-2.11%
471,Entry short,SHORT,2024-11-11 04:00,"79,015.6",9.287679,-15491.85,-2.11%,4331.77,0.59%,-24929.99,-3.40%,-281620.28,-2.11%
472,Exit long,SHORT,2024-11-11 15:30,"81,111.3",8.903642,3808.09,0.53%,11227.49,1.56%,-6280.63,-0.87%,-277812.2,0.53%
472,Entry long,LONG,2024-11-11 06:00,"80,683.6",8.903642,3808.09,0.53%,11227.49,1.56%,-6280.63,-0.87%,-277812.2,0.53%
473,Exit short,Close entry(s) order SHORT,2024-11-11 16:00,"81,270.9",8.903664,-1421.02,-0.20%,531.55,0.07%,-2647.95,-0.37%,-279233.22,-0.20%
473,Entry short,SHORT,2024-11-11 15:30,"81,111.3",8.903664,-1421.02,-0.20%,531.55,0.07%,-2647.95,-0.37%,-279233.22,-0.20%
474,Exit long,SHORT,2024-11-12 17:00,"87,775.2",8.852779,56286.86,7.81%,76603.09,10.63%,-541.79,-0.08%,-222946.38,7.81%
474,Entry long,LONG,2024-11-11 16:30,"81,417.1",8.852779,56286.86,7.81%,76603.09,10.63%,-541.79,-0.08%,-222946.38,7.81%
475,Exit short,LONG,2024-11-13 02:00,"88,836.2",8.852769,-9392.79,-1.21%,23152.65,2.98%,-10199.27,-1.31%,-232339.16,-1.21%
475,Entry short,SHORT,2024-11-12 17:00,"87,775.2",8.852769,-9392.79,-1.21%,23152.65,2.98%,-10199.27,-1.31%,-232339.16,-1.21%
476,Exit long,Close entry(s) order LONG,2024-11-13 06:00,"88,631.5",8.641306,-1768.88,-0.23%,9365.45,1.22%,-10420.55,-1.36%,-234108.03,-0.23%
476,Entry long,LONG,2024-11-13 02:00,"88,836.2",8.641306,-1768.88,-0.23%,9365.45,1.22%,-10420.55,-1.36%,-234108.03,-0.23%
477,Exit short,Close entry(s) order SHORT,2024-11-14 09:00,"90,420.1",8.549284,-7134.38,-0.93%,2441.68,0.32%,-9216.13,-1.20%,-241242.4,-0.93%
477,Entry short,SHORT,2024-11-14 05:30,"89,585.6",8.549284,-7134.38,-0.93%,2441.68,0.32%,-9216.13,-1.20%,-241242.4,-0.93%
478,Exit long,Close entry(s) order LONG,2024-11-15 23:00,"88,485.5",8.614296,3482.76,0.46%,23248.26,3.06%,-8357.59,-1.10%,-237759.66,0.46%
478,Entry long,LONG,2024-11-15 09:30,"88,081.2",8.614296,3482.76,0.46%,23248.26,3.06%,-8357.59,-1.10%,-237759.66,0.46%
479,Exit short,Close entry(s) order SHORT,2024-11-16 16:00,"91,463.4",8.360346,-2425.34,-0.32%,811.79,0.11%,-2535.69,-0.33%,-240184.98,-0.32%
479,Entry short,SHORT,2024-11-16 15:00,"91,173.3",8.360346,-2425.34,-0.32%,811.79,0.11%,-2535.69,-0.33%,-240184.98,-0.32%
480,Exit long,SHORT,2024-11-16 18:30,"91,283.8",8.305804,-1629.6,-0.21%,1412.82,0.19%,-3059.86,-0.40%,-241814.58,-0.21%
480,Entry long,LONG,2024-11-16 17:30,"91,480.0",8.305804,-1629.6,-0.21%,1412.82,0.19%,-3059.86,-0.40%,-241814.58,-0.21%
481,Exit short,Close entry(s) order SHORT,2024-11-17 01:00,"90,967.1",8.305804,2630.45,0.35%,9666.3,1.27%,-835.56,-0.11%,-239184.14,0.35%
481,Entry short,SHORT,2024-11-16 18:30,"91,283.8",8.305804,2630.45,0.35%,9666.3,1.27%,-835.56,-0.11%,-239184.14,0.35%
482,Exit long,Close entry(s) order LONG,2024-11-17 21:30,"90,129.9",8.395385,-4139.76,-0.54%,7695.21,1.01%,-4201.05,-0.55%,-243323.9,-0.54%
482,Entry long,LONG,2024-11-17 12:00,"90,623.0",8.395385,-4139.76,-0.54%,7695.21,1.01%,-4201.05,-0.55%,-243323.9,-0.54%
483,Exit long,SHORT,2024-11-18 19:30,"90,659.9",8.40924,5704.83,0.75%,20463.04,2.70%,-817.38,-0.11%,-237619.08,0.75%
483,Entry long,LONG,2024-11-18 07:30,"89,981.5",8.40924,5704.83,0.75%,20463.04,2.70%,-817.38,-0.11%,-237619.08,0.75%
484,Exit short,LONG,2024-11-18 23:30,"92,037.2",8.40924,-11582.05,-1.52%,10408.96,1.37%,-17155.69,-2.25%,-249201.12,-1.52%
484,Entry short,SHORT,2024-11-18 19:30,"90,659.9",8.40924,-11582.05,-1.52%,10408.96,1.37%,-17155.69,-2.25%,-249201.12,-1.52%
485,Exit long,Close entry(s) order LONG,2024-11-19 02:00,"90,427.0",8.157576,-13135.33,-1.75%,1868.09,0.25%,-15802.86,-2.10%,-262336.44,-1.75%
485,Entry long,LONG,2024-11-18 23:30,"92,037.2",8.157576,-13135.33,-1.75%,1868.09,0.25%,-15802.86,-2.10%,-262336.44,-1.75%
486,Exit short,Close entry(s) order SHORT,2024-11-22 01:00,"98,099.3",7.668426,-14602.98,-1.98%,4371,0.59%,-14648.23,-1.99%,-276939.44,-1.98%
486,Entry short,SHORT,2024-11-21 22:30,"96,195.0",7.668426,-14602.98,-1.98%,4371,0.59%,-14648.23,-1.99%,-276939.44,-1.98%
487,Exit long,Close entry(s) order LONG,2024-11-24 17:00,"98,011.0",7.361283,-1573.84,-0.22%,3247.8,0.45%,-2526.39,-0.35%,-278513.28,-0.22%
487,Entry long,LONG,2024-11-24 08:30,"98,224.8",7.361283,-1573.84,-0.22%,3247.8,0.45%,-2526.39,-0.35%,-278513.28,-0.22%
488,Exit long,Close entry(s) order LONG,2024-11-25 10:00,"97,414.3",7.388655,-1725.99,-0.24%,5776.45,0.80%,-5305.05,-0.74%,-280239.25,-0.24%
488,Entry long,LONG,2024-11-25 05:30,"97,647.9",7.388655,-1725.99,-0.24%,5776.45,0.80%,-5305.05,-0.74%,-280239.25,-0.24%
489,Exit short,LONG,2024-11-27 00:00,"94,098.4",7.598536,4751.36,0.66%,24092.68,3.35%,-4886.62,-0.68%,-275487.9,0.66%
489,Entry short,SHORT,2024-11-26 03:00,"94,723.7",7.598536,4751.36,0.66%,24092.68,3.35%,-4886.62,-0.68%,-275487.9,0.66%
490,Exit long,SHORT,2024-11-27 01:30,"92,464.5",7.699531,-12580.26,-1.74%,148.6,0.02%,-12966.01,-1.79%,-288068.16,-1.74%
490,Entry long,LONG,2024-11-27 00:00,"94,098.4",7.699531,-12580.26,-1.74%,148.6,0.02%,-12966.01,-1.79%,-288068.16,-1.74%
491,Exit short,Close entry(s) order SHORT,2024-11-27 09:30,"93,003.6",7.699515,-4150.81,-0.58%,12304.6,1.73%,-5147.13,-0.72%,-292218.97,-0.58%
491,Entry short,SHORT,2024-11-27 01:30,"92,464.5",7.699515,-4150.81,-0.58%,12304.6,1.73%,-5147.13,-0.72%,-292218.97,-0.58%
492,Exit short,Close entry(s) order SHORT,2024-11-28 12:00,"95,796.2",7.409527,-2023.54,-0.29%,952.12,0.13%,-2677.8,-0.38%,-294242.5,-0.29%
492,Entry short,SHORT,2024-11-28 11:00,"95,523.1",7.409527,-2023.54,-0.29%,952.12,0.13%,-2677.8,-0.38%,-294242.5,-0.29%
493,Exit short,Close entry(s) order SHORT,2024-11-28 21:00,"95,773.4",7.389086,-1920.42,-0.27%,6010.28,0.85%,-2575.1,-0.36%,-296162.94,-0.27%
493,Entry short,SHORT,2024-11-28 13:00,"95,513.5",7.389086,-1920.42,-0.27%,6010.28,0.85%,-2575.1,-0.36%,-296162.94,-0.27%
494,Exit short,Close entry(s) order SHORT,2024-11-29 17:00,"96,431.4",7.355372,-5451.8,-0.77%,0.74,0.00%,-6316.79,-0.90%,-301614.75,-0.77%
494,Entry short,SHORT,2024-11-29 15:00,"95,690.2",7.355372,-5451.8,-0.77%,0.74,0.00%,-6316.79,-0.90%,-301614.75,-0.77%
495,Exit short,Close entry(s) order SHORT,2024-11-30 03:30,"97,532.0",7.188783,-2750.43,-0.39%,196.97,0.03%,-2750.43,-0.39%,-304365.16,-0.39%
495,Entry short,SHORT,2024-11-30 02:30,"97,149.4",7.188783,-2750.43,-0.39%,196.97,0.03%,-2750.43,-0.39%,-304365.16,-0.39%
496,Exit short,LONG,2024-12-02 22:00,"96,374.2",7.206948,1070.95,0.15%,12228.75,1.76%,-3439.16,-0.49%,-303294.22,0.15%
496,Entry short,SHORT,2024-12-02 11:30,"96,522.8",7.206948,1070.95,0.15%,12228.75,1.76%,-3439.16,-0.49%,-303294.22,0.15%
497,Exit long,SHORT,2024-12-03 01:30,"95,564.8",7.229188,-5851.3,-0.84%,7668.72,1.10%,-14271.86,-2.05%,-309145.53,-0.84%
497,Entry long,LONG,2024-12-02 22:00,"96,374.2",7.229188,-5851.3,-0.84%,7668.72,1.10%,-14271.86,-2.05%,-309145.53,-0.84%
498,Exit short,Close entry(s) order SHORT,2024-12-03 08:00,"95,861.9",7.229173,-2147.79,-0.31%,2843.23,0.41%,-5964.79,-0.86%,-311293.3,-0.31%
498,Entry short,SHORT,2024-12-03 01:30,"95,564.8",7.229173,-2147.79,-0.31%,2843.23,0.41%,-5964.79,-0.86%,-311293.3,-0.31%
499,Exit long,SHORT,2024-12-05 23:30,"101,338.2",6.782574,-1373.47,-0.20%,20956.12,3.04%,-4124.48,-0.60%,-312666.78,-0.20%
499,Entry long,LONG,2024-12-05 10:00,"101,540.7",6.782574,-1373.47,-0.20%,20956.12,3.04%,-4124.48,-0.60%,-312666.78,-0.20%
500,Exit short,LONG,2024-12-06 08:30,"97,949.1",6.782567,22986.8,3.34%,75545.59,10.99%,-1555.24,-0.23%,-289679.97,3.34%
500,Entry short,SHORT,2024-12-05 23:30,"101,338.2",6.782567,22986.8,3.34%,75545.59,10.99%,-1555.24,-0.23%,-289679.97,3.34%
501,Exit long,SHORT,2024-12-06 17:30,"97,982.3",7.251915,240.76,0.03%,6595.62,0.93%,-5166.26,-0.73%,-289439.22,0.03%
501,Entry long,LONG,2024-12-06 08:30,"97,949.1",7.251915,240.76,0.03%,6595.62,0.93%,-5166.26,-0.73%,-289439.22,0.03%
502,Exit short,LONG,2024-12-06 21:30,"99,300.7",7.25193,-9560.94,-1.35%,3135.01,0.44%,-9938.77,-1.40%,-299000.16,-1.35%
502,Entry short,SHORT,2024-12-06 17:30,"97,982.3",7.25193,-9560.94,-1.35%,3135.01,0.44%,-9938.77,-1.40%,-299000.16,-1.35%
503,Exit long,SHORT,2024-12-07 07:00,"99,802.5",7.05935,3542.38,0.51%,18976.24,2.71%,-4796.12,-0.68%,-295457.78,0.51%
503,Entry long,LONG,2024-12-06 21:30,"99,300.7",7.05935,3542.38,0.51%,18976.24,2.71%,-4796.12,-0.68%,-295457.78,0.51%
504,Exit short,Close entry(s) order SHORT,2024-12-07 08:00,"100,339.3",7.059364,-3789.47,-0.54%,1397.75,0.20%,-4704.36,-0.67%,-299247.25,-0.54%
504,Entry short,SHORT,2024-12-07 07:00,"99,802.5",7.059364,-3789.47,-0.54%,1397.75,0.20%,-4704.36,-0.67%,-299247.25,-0.54%
505,Exit long,Close entry(s) order LONG,2024-12-07 21:00,"99,409.6",7.017625,-3133.37,-0.45%,0,0.00%,-3434.43,-0.49%,-302380.62,-0.45%
505,Entry long,LONG,2024-12-07 16:30,"99,856.1",7.017625,-3133.37,-0.45%,0,0.00%,-3434.43,-0.49%,-302380.62,-0.45%
506,Exit long,SHORT,2024-12-10 10:30,"95,994.2",7.146524,-11594.52,-1.66%,4153.56,0.60%,-14469.57,-2.07%,-313975.12,-1.66%
506,Entry long,LONG,2024-12-10 07:30,"97,616.6",7.146524,-11594.52,-1.66%,4153.56,0.60%,-14469.57,-2.07%,-313975.12,-1.66%
507,Exit short,LONG,2024-12-10 14:00,"97,485.5",7.146524,-10657.61,-1.55%,1617.26,0.24%,-11052.81,-1.61%,-324632.75,-1.55%
507,Entry short,SHORT,2024-12-10 10:30,"95,994.2",7.146524,-10657.61,-1.55%,1617.26,0.24%,-11052.81,-1.61%,-324632.75,-1.55%
508,Exit long,SHORT,2024-12-10 23:30,"95,387.6",6.927888,-14534.02,-2.15%,5785.48,0.86%,-15447.8,-2.29%,-339166.75,-2.15%
508,Entry long,LONG,2024-12-10 14:00,"97,485.5",6.927888,-14534.02,-2.15%,5785.48,0.86%,-15447.8,-2.29%,-339166.75,-2.15%
509,Exit short,LONG,2024-12-11 04:30,"96,944.9",6.927873,-10788.78,-1.63%,7773.77,1.18%,-11194.75,-1.69%,-349955.53,-1.63%
509,Entry short,SHORT,2024-12-10 23:30,"95,387.6",6.927873,-10788.78,-1.63%,7773.77,1.18%,-11194.75,-1.69%,-349955.53,-1.63%
510,Exit long,Close entry(s) order LONG,2024-12-11 08:30,"95,914.9",6.705424,-6906.59,-1.06%,1971.39,0.30%,-7613.34,-1.17%,-356862.12,-1.06%
510,Entry long,LONG,2024-12-11 04:30,"96,944.9",6.705424,-6906.59,-1.06%,1971.39,0.30%,-7613.34,-1.17%,-356862.12,-1.06%
511,Exit long,SHORT,2024-12-12 12:00,"100,669.5",6.514451,12668,1.97%,20553.74,3.20%,-2572.56,-0.40%,-344194.12,1.97%
511,Entry long,LONG,2024-12-11 21:00,"98,724.9",6.514451,12668,1.97%,20553.74,3.20%,-2572.56,-0.40%,-344194.12,1.97%
512,Exit short,Close entry(s) order SHORT,2024-12-12 16:30,"100,993.0",6.514444,-2107.42,-0.32%,2018.83,0.31%,-2950.39,-0.45%,-346301.56,-0.32%
512,Entry short,SHORT,2024-12-12 12:00,"100,669.5",6.514444,-2107.42,-0.32%,2018.83,0.31%,-2950.39,-0.45%,-346301.56,-0.32%
513,Exit short,Close entry(s) order SHORT,2024-12-15 00:00,"101,632.2",6.431191,82.32,0.01%,5582.27,0.85%,-2083.06,-0.32%,-346219.22,0.01%
513,Entry short,SHORT,2024-12-14 12:00,"101,645.0",6.431191,82.32,0.01%,5582.27,0.85%,-2083.06,-0.32%,-346219.22,0.01%
514,Exit short,Close entry(s) order SHORT,2024-12-15 18:00,"102,230.7",6.428453,-3403.87,-0.52%,1545.4,0.24%,-4609.84,-0.71%,-349623.1,-0.52%
514,Entry short,SHORT,2024-12-15 14:00,"101,701.2",6.428453,-3403.87,-0.52%,1545.4,0.24%,-4609.84,-0.71%,-349623.1,-0.52%
515,Exit long,SHORT,2024-12-16 17:30,"104,386.3",6.29318,6544.28,1.01%,20889.58,3.21%,-4745.06,-0.73%,-343078.8,1.01%
515,Entry long,LONG,2024-12-16 02:30,"103,346.4",6.29318,6544.28,1.01%,20889.58,3.21%,-4745.06,-0.73%,-343078.8,1.01%
516,Exit short,LONG,2024-12-16 22:00,"105,453.9",6.293174,-6718.59,-1.02%,7059.05,1.07%,-10064.67,-1.53%,-349797.4,-1.02%
516,Entry short,SHORT,2024-12-16 17:30,"104,386.3",6.293174,-6718.59,-1.02%,7059.05,1.07%,-10064.67,-1.53%,-349797.4,-1.02%
517,Exit long,Close entry(s) order LONG,2024-12-18 10:30,"104,860.1",6.165751,-3661.22,-0.56%,17960.22,2.76%,-4676.72,-0.72%,-353458.62,-0.56%
517,Entry long,LONG,2024-12-16 22:00,"105,453.9",6.165751,-3661.22,-0.56%,17960.22,2.76%,-4676.72,-0.72%,-353458.62,-0.56%
518,Exit long,SHORT,2024-12-18 23:30,"103,732.9",6.187052,-4740.52,-0.73%,5226.2,0.81%,-7053.86,-1.09%,-358199.16,-0.73%
518,Entry long,LONG,2024-12-18 18:00,"104,499.1",6.187052,-4740.52,-0.73%,5226.2,0.81%,-7053.86,-1.09%,-358199.16,-0.73%
519,Exit short,LONG,2024-12-19 00:30,"104,287.5",6.187052,-3431.34,-0.53%,358.23,0.06%,-4048.81,-0.63%,-361630.5,-0.53%
519,Entry short,SHORT,2024-12-18 23:30,"103,732.9",6.187052,-3431.34,-0.53%,358.23,0.06%,-4048.81,-0.63%,-361630.5,-0.53%
520,Exit long,SHORT,2024-12-19 04:00,"100,839.3",6.121234,-21107.24,-3.31%,4112.86,0.64%,-24399.24,-3.82%,-382737.72,-3.31%
520,Entry long,LONG,2024-12-19 00:30,"104,287.5",6.121234,-21107.24,-3.31%,4112.86,0.64%,-24399.24,-3.82%,-382737.72,-3.31%
521,Exit short,LONG,2024-12-19 15:00,"101,615.1",6.121247,-4748.86,-0.77%,12825.85,2.08%,-5430.77,-0.88%,-387486.6,-0.77%
521,Entry short,SHORT,2024-12-19 04:00,"100,839.3",6.121247,-4748.86,-0.77%,12825.85,2.08%,-5430.77,-0.88%,-387486.6,-0.77%
522,Exit long,Close entry(s) order LONG,2024-12-19 23:00,"100,631.1",6.027767,-5931.32,-0.97%,6881.3,1.12%,-13020.58,-2.13%,-393417.9,-0.97%
522,Entry long,LONG,2024-12-19 15:00,"101,615.1",6.027767,-5931.32,-0.97%,6881.3,1.12%,-13020.58,-2.13%,-393417.9,-0.97%
523,Exit short,LONG,2024-12-20 15:00,"97,826.1",6.271831,-6966.75,-1.15%,2290.47,0.38%,-9581.48,-1.58%,-400384.66,-1.15%
523,Entry short,SHORT,2024-12-20 13:00,"96,715.3",6.271831,-6966.75,-1.15%,2290.47,0.38%,-9581.48,-1.58%,-400384.66,-1.15%
524,Exit long,SHORT,2024-12-20 16:00,"95,468.3",6.1294,-14451.9,-2.41%,253.76,0.04%,-15613.42,-2.60%,-414836.56,-2.41%
524,Entry long,LONG,2024-12-20 15:00,"97,826.1",6.1294,-14451.9,-2.41%,253.76,0.04%,-15613.42,-2.60%,-414836.56,-2.41%
525,Exit short,LONG,2024-12-20 23:00,"96,961.4",6.1294,-9151.81,-1.56%,19587.72,3.35%,-12790.22,-2.19%,-423988.38,-1.56%
525,Entry short,SHORT,2024-12-20 16:00,"95,468.3",6.1294,-9151.81,-1.56%,19587.72,3.35%,-12790.22,-2.19%,-423988.38,-1.56%
526,Exit long,Close entry(s) order LONG,2024-12-21 04:30,"96,123.4",5.94064,-4978.26,-0.86%,4512.51,0.78%,-9312.55,-1.62%,-428966.62,-0.86%
526,Entry long,LONG,2024-12-20 23:00,"96,961.4",5.94064,-4978.26,-0.86%,4512.51,0.78%,-9312.55,-1.62%,-428966.62,-0.86%
527,Exit short,LONG,2024-12-25 12:30,"98,213.3",5.82721,-1276.74,-0.22%,850.77,0.15%,-1923.56,-0.34%,-430243.38,-0.22%
527,Entry short,SHORT,2024-12-25 09:30,"97,994.2",5.82721,-1276.74,-0.22%,850.77,0.15%,-1923.56,-0.34%,-430243.38,-0.22%
528,Exit long,SHORT,2024-12-25 13:30,"97,949.7",5.801228,-1529.2,-0.27%,1892.36,0.33%,-1896.42,-0.33%,-431772.56,-0.27%
528,Entry long,LONG,2024-12-25 12:30,"98,213.3",5.801228,-1529.2,-0.27%,1892.36,0.33%,-1896.42,-0.33%,-431772.56,-0.27%
529,Exit short,LONG,2024-12-25 17:30,"98,862.3",5.801216,-5294.19,-0.93%,824.93,0.15%,-7968.55,-1.40%,-437066.75,-0.93%
529,Entry short,SHORT,2024-12-25 13:30,"97,949.7",5.801216,-5294.19,-0.93%,824.93,0.15%,-7968.55,-1.40%,-437066.75,-0.93%
530,Exit long,Close entry(s) order LONG,2024-12-26 10:00,"98,692.0",5.694125,-969.71,-0.17%,6193.5,1.10%,-7358.52,-1.31%,-438036.47,-0.17%
530,Entry long,LONG,2024-12-25 17:30,"98,862.3",5.694125,-969.71,-0.17%,6193.5,1.10%,-7358.52,-1.31%,-438036.47,-0.17%
531,Exit long,Close entry(s) order LONG,2024-12-28 14:30,"94,510.5",5.947094,99.32,0.02%,1596.79,0.28%,-1537.32,-0.27%,-437937.16,0.02%
531,Entry long,LONG,2024-12-28 09:30,"94,493.8",5.947094,99.32,0.02%,1596.79,0.28%,-1537.32,-0.27%,-437937.16,0.02%
532,Exit short,LONG,2024-12-29 11:30,"95,106.8",5.927757,-1707.19,-0.30%,38.53,0.01%,-2527.6,-0.45%,-439644.34,-0.30%
532,Entry short,SHORT,2024-12-29 09:00,"94,818.8",5.927757,-1707.19,-0.30%,38.53,0.01%,-2527.6,-0.45%,-439644.34,-0.30%
533,Exit long,Close entry(s) order LONG,2024-12-29 19:00,"94,986.2",5.891856,-710.56,-0.13%,1058.18,0.19%,-1041.68,-0.19%,-440354.9,-0.13%
533,Entry long,LONG,2024-12-29 11:30,"95,106.8",5.891856,-710.56,-0.13%,1058.18,0.19%,-1041.68,-0.19%,-440354.9,-0.13%
534,Exit long,Close entry(s) order LONG,2024-12-30 12:00,"93,234.5",5.961941,-3787.02,-0.68%,1080.9,0.19%,-3825.18,-0.68%,-444141.94,-0.68%
534,Entry long,LONG,2024-12-30 10:00,"93,869.7",5.961941,-3787.02,-0.68%,1080.9,0.19%,-3825.18,-0.68%,-444141.94,-0.68%
535,Exit long,Close entry(s) order LONG,2024-12-31 06:30,"92,656.8",5.892415,-9885.11,-1.78%,4108.19,0.74%,-14639.12,-2.63%,-454027.06,-1.78%
535,Entry long,LONG,2024-12-31 01:30,"94,334.4",5.892415,-9885.11,-1.78%,4108.19,0.74%,-14639.12,-2.63%,-454027.06,-1.78%
536,Exit short,Close entry(s) order SHORT,2025-01-01 20:00,"93,788.4",5.776953,4161.72,0.76%,9891.88,1.81%,-210.86,-0.04%,-449865.34,0.76%
536,Entry short,SHORT,2025-01-01 00:30,"94,508.8",5.776953,4161.72,0.76%,9891.88,1.81%,-210.86,-0.04%,-449865.34,0.76%
537,Exit long,SHORT,2025-01-03 05:30,"96,867.0",5.777347,9499.11,1.73%,15018.79,2.73%,-1864.93,-0.34%,-440366.22,1.73%
537,Entry long,LONG,2025-01-02 10:00,"95,222.8",5.777347,9499.11,1.73%,15018.79,2.73%,-1864.93,-0.34%,-440366.22,1.73%
538,Exit short,LONG,2025-01-03 09:30,"97,222.7",5.777341,-2055,-0.37%,1415.45,0.25%,-2650.07,-0.47%,-442421.22,-0.37%
538,Entry short,SHORT,2025-01-03 05:30,"96,867.0",5.777341,-2055,-0.37%,1415.45,0.25%,-2650.07,-0.47%,-442421.22,-0.37%
539,Exit long,Close entry(s) order LONG,2025-01-03 12:00,"96,779.3",5.735079,-2542.93,-0.46%,54.48,0.01%,-2872.13,-0.52%,-444964.16,-0.46%
539,Entry long,LONG,2025-01-03 09:30,"97,222.7",5.735079,-2542.93,-0.46%,54.48,0.01%,-2872.13,-0.52%,-444964.16,-0.46%
540,Exit short,LONG,2025-01-04 13:00,"98,087.3",5.668721,-993.16,-0.18%,850.31,0.15%,-2043.57,-0.37%,-445957.3,-0.18%
540,Entry short,SHORT,2025-01-04 08:00,"97,912.1",5.668721,-993.16,-0.18%,850.31,0.15%,-2043.57,-0.37%,-445957.3,-0.18%
541,Exit long,Close entry(s) order LONG,2025-01-04 13:30,"98,042.4",5.648465,-253.62,-0.05%,205.04,0.04%,-462.61,-0.08%,-446210.94,-0.05%
541,Entry long,LONG,2025-01-04 13:00,"98,087.3",5.648465,-253.62,-0.05%,205.04,0.04%,-462.61,-0.08%,-446210.94,-0.05%
542,Exit long,SHORT,2025-01-04 16:30,"97,835.7",5.645729,-1435.14,-0.26%,1186.17,0.21%,-2527.03,-0.46%,-447646.06,-0.26%
542,Entry long,LONG,2025-01-04 14:00,"98,089.9",5.645729,-1435.14,-0.26%,1186.17,0.21%,-2527.03,-0.46%,-447646.06,-0.26%
543,Exit short,Close entry(s) order SHORT,2025-01-04 21:30,"97,945.3",5.645729,-618.77,-0.11%,2244.18,0.41%,-1108.82,-0.20%,-448264.84,-0.11%
543,Entry short,SHORT,2025-01-04 16:30,"97,835.7",5.645729,-618.77,-0.11%,2244.18,0.41%,-1108.82,-0.20%,-448264.84,-0.11%
544,Exit long,SHORT,2025-01-06 16:30,"99,068.6",5.569223,0,0.00%,4556.18,0.83%,-773.01,-0.14%,-448264.84,0.00%
544,Entry long,LONG,2025-01-06 10:30,"99,068.6",5.569223,0,0.00%,4556.18,0.83%,-773.01,-0.14%,-448264.84,0.00%
545,Exit short,LONG,2025-01-06 20:30,"99,268.0",5.569223,-1110.5,-0.20%,2260.55,0.41%,-3405.02,-0.62%,-449375.34,-0.20%
545,Entry short,SHORT,2025-01-06 16:30,"99,068.6",5.569223,-1110.5,-0.20%,2260.55,0.41%,-3405.02,-0.62%,-449375.34,-0.20%
546,Exit long,SHORT,2025-01-07 10:00,"101,627.7",5.546838,13088.87,2.38%,19381.21,3.52%,-3317.01,-0.60%,-436286.47,2.38%
546,Entry long,LONG,2025-01-06 20:30,"99,268.0",5.546838,13088.87,2.38%,19381.21,3.52%,-3317.01,-0.60%,-436286.47,2.38%
547,Exit short,Close entry(s) order SHORT,2025-01-07 14:00,"101,771.1",5.546849,-795.42,-0.14%,933.53,0.17%,-1427.2,-0.25%,-437081.9,-0.14%
547,Entry short,SHORT,2025-01-07 10:00,"101,627.7",5.546849,-795.42,-0.14%,933.53,0.17%,-1427.2,-0.25%,-437081.9,-0.14%
548,Exit short,LONG,2025-01-09 06:00,"95,247.8",5.749031,15336.12,2.72%,31133.3,5.53%,-2256.49,-0.40%,-421745.78,2.72%
548,Entry short,SHORT,2025-01-07 23:00,"97,915.4",5.749031,15336.12,2.72%,31133.3,5.53%,-2256.49,-0.40%,-421745.78,2.72%
549,Exit long,SHORT,2025-01-09 11:00,"93,985.0",6.07105,-7666.52,-1.33%,673.28,0.12%,-11185.91,-1.93%,-429412.3,-1.33%
549,Entry long,LONG,2025-01-09 06:00,"95,247.8",6.07105,-7666.52,-1.33%,673.28,0.12%,-11185.91,-1.93%,-429412.3,-1.33%
550,Exit short,LONG,2025-01-09 13:00,"94,429.0",6.07105,-2695.55,-0.47%,1365.99,0.24%,-3308.72,-0.58%,-432107.84,-0.47%
550,Entry short,SHORT,2025-01-09 11:00,"93,985.0",6.07105,-2695.55,-0.47%,1365.99,0.24%,-3308.72,-0.58%,-432107.84,-0.47%
551,Exit long,SHORT,2025-01-09 14:30,"93,701.3",6.013972,-4376.37,-0.77%,920.14,0.16%,-4376.37,-0.77%,-436484.22,-0.77%
551,Entry long,LONG,2025-01-09 13:00,"94,429.0",6.013972,-4376.37,-0.77%,920.14,0.16%,-4376.37,-0.77%,-436484.22,-0.77%
552,Exit short,LONG,2025-01-09 23:30,"93,987.5",6.013959,-1721.2,-0.31%,11753.08,2.09%,-5674.17,-1.01%,-438205.4,-0.31%
552,Entry short,SHORT,2025-01-09 14:30,"93,701.3",6.013959,-1721.2,-0.31%,11753.08,2.09%,-5674.17,-1.01%,-438205.4,-0.31%
553,Exit long,SHORT,2025-01-10 03:00,"91,858.2",5.977128,-12727.1,-2.27%,2136.82,0.38%,-12758.18,-2.27%,-450932.5,-2.27%
553,Entry long,LONG,2025-01-09 23:30,"93,987.5",5.977128,-12727.1,-2.27%,2136.82,0.38%,-12758.18,-2.27%,-450932.5,-2.27%
554,Exit short,LONG,2025-01-10 08:00,"92,725.9",5.977337,-5186.53,-0.94%,4796.22,0.87%,-5719.12,-1.04%,-456119.03,-0.94%
554,Entry short,SHORT,2025-01-10 03:00,"91,858.2",5.977337,-5186.53,-0.94%,4796.22,0.87%,-5719.12,-1.04%,-456119.03,-0.94%
555,Exit long,SHORT,2025-01-10 23:30,"93,393.6",5.865469,3916.37,0.72%,14745.79,2.71%,-3239.5,-0.60%,-452202.66,0.72%
555,Entry long,LONG,2025-01-10 08:00,"92,725.9",5.865469,3916.37,0.72%,14745.79,2.71%,-3239.5,-0.60%,-452202.66,0.72%
556,Exit short,Close entry(s) order SHORT,2025-01-11 00:30,"94,326.0",5.865469,-5468.96,-1.00%,1420.03,0.26%,-5469.55,-1.00%,-457671.62,-1.00%
556,Entry short,SHORT,2025-01-10 23:30,"93,393.6",5.865469,-5468.96,-1.00%,1420.03,0.26%,-5469.55,-1.00%,-457671.62,-1.00%
557,Exit short,LONG,2025-01-13 08:00,"95,274.7",5.731337,-3723.65,-0.69%,5144.45,0.95%,-7505.19,-1.38%,-461395.28,-0.69%
557,Entry short,SHORT,2025-01-13 03:00,"94,625.0",5.731337,-3723.65,-0.69%,5144.45,0.95%,-7505.19,-1.38%,-461395.28,-0.69%
558,Exit long,Close entry(s) order LONG,2025-01-13 10:30,"94,246.2",5.653176,-5814.29,-1.08%,503.13,0.09%,-8042.77,-1.49%,-467209.56,-1.08%
558,Entry long,LONG,2025-01-13 08:00,"95,274.7",5.653176,-5814.29,-1.08%,503.13,0.09%,-8042.77,-1.49%,-467209.56,-1.08%
559,Exit long,SHORT,2025-01-14 20:30,"95,880.0",5.69574,13317.21,2.50%,21712.16,4.08%,-1081.05,-0.20%,-453892.38,2.50%
559,Entry long,LONG,2025-01-14 04:00,"93,541.9",5.69574,13317.21,2.50%,21712.16,4.08%,-1081.05,-0.20%,-453892.38,2.50%
560,Exit short,LONG,2025-01-15 02:30,"96,825.9",5.69574,-5387.6,-0.99%,3247.14,0.59%,-7702.35,-1.41%,-459279.97,-0.99%
560,Entry short,SHORT,2025-01-14 20:30,"95,880.0",5.69574,-5387.6,-0.99%,3247.14,0.59%,-7702.35,-1.41%,-459279.97,-0.99%
561,Exit long,SHORT,2025-01-15 06:30,"96,480.1",5.584468,-1931.11,-0.36%,1222.44,0.23%,-4053.21,-0.75%,-461211.06,-0.36%
561,Entry long,LONG,2025-01-15 02:30,"96,825.9",5.584468,-1931.11,-0.36%,1222.44,0.23%,-4053.21,-0.75%,-461211.06,-0.36%
562,Exit short,LONG,2025-01-15 07:30,"97,171.5",5.584456,-3861.09,-0.72%,166.98,0.03%,-4260.38,-0.79%,-465072.16,-0.72%
562,Entry short,SHORT,2025-01-15 06:30,"96,480.1",5.584456,-3861.09,-0.72%,166.98,0.03%,-4260.38,-0.79%,-465072.16,-0.72%
563,Exit long,SHORT,2025-01-15 12:30,"96,934.2",5.504998,-1306.34,-0.24%,2843.33,0.53%,-2655.06,-0.50%,-466378.5,-0.24%
563,Entry long,LONG,2025-01-15 07:30,"97,171.5",5.504998,-1306.34,-0.24%,2843.33,0.53%,-2655.06,-0.50%,-466378.5,-0.24%
564,Exit short,LONG,2025-01-15 21:00,"98,916.1",5.504986,-10910.33,-2.04%,2500.36,0.47%,-11372.2,-2.13%,-477288.84,-2.04%
564,Entry short,SHORT,2025-01-15 12:30,"96,934.2",5.504986,-10910.33,-2.04%,2500.36,0.47%,-11372.2,-2.13%,-477288.84,-2.04%
565,Exit long,SHORT,2025-01-16 10:00,"99,594.9",5.284389,3587.04,0.69%,10219.48,1.96%,-1934.09,-0.37%,-473701.78,0.69%
565,Entry long,LONG,2025-01-15 21:00,"98,916.1",5.284389,3587.04,0.69%,10219.48,1.96%,-1934.09,-0.37%,-473701.78,0.69%
566,Exit short,LONG,2025-01-16 14:30,"99,679.9",5.284389,-449.17,-0.09%,2579.31,0.49%,-1449.51,-0.28%,-474150.97,-0.09%
566,Entry short,SHORT,2025-01-16 10:00,"99,594.9",5.284389,-449.17,-0.09%,2579.31,0.49%,-1449.51,-0.28%,-474150.97,-0.09%
567,Exit long,SHORT,2025-01-16 16:30,"98,895.4",5.275366,-4138.52,-0.79%,569.21,0.11%,-5919.49,-1.13%,-478289.5,-0.79%
567,Entry long,LONG,2025-01-16 14:30,"99,679.9",5.275366,-4138.52,-0.79%,569.21,0.11%,-5919.49,-1.13%,-478289.5,-0.79%
568,Exit short,Close entry(s) order SHORT,2025-01-16 20:00,"99,336.0",5.275376,-2324.33,-0.45%,1135.79,0.22%,-3082.4,-0.59%,-480613.8,-0.45%
568,Entry short,SHORT,2025-01-16 16:30,"98,895.4",5.275376,-2324.33,-0.45%,1135.79,0.22%,-3082.4,-0.59%,-480613.8,-0.45%
569,Exit long,SHORT,2025-01-18 11:00,"103,531.2",5.279967,27255.19,5.25%,39149.9,7.54%,-1923.49,-0.37%,-453358.62,5.25%
569,Entry long,LONG,2025-01-16 22:30,"98,369.2",5.279967,27255.19,5.25%,39149.9,7.54%,-1923.49,-0.37%,-453358.62,5.25%
570,Exit short,LONG,2025-01-18 17:00,"103,129.6",5.279967,2120.43,0.39%,6802.71,1.24%,-1137.83,-0.21%,-451238.2,0.39%
570,Entry short,SHORT,2025-01-18 11:00,"103,531.2",5.279967,2120.43,0.39%,6802.71,1.24%,-1137.83,-0.21%,-451238.2,0.39%
571,Exit long,Close entry(s) order LONG,2025-01-19 02:00,"104,044.7",5.321099,4869.34,0.89%,9750.91,1.78%,-1753.3,-0.32%,-446368.84,0.89%
571,Entry long,LONG,2025-01-18 17:00,"103,129.6",5.321099,4869.34,0.89%,9750.91,1.78%,-1753.3,-0.32%,-446368.84,0.89%
572,Exit long,SHORT,2025-01-20 23:30,"105,627.5",5.434442,20399.27,3.68%,44161.36,7.98%,-1925.42,-0.35%,-425969.6,3.68%
572,Entry long,LONG,2025-01-20 11:00,"101,873.8",5.434442,20399.27,3.68%,44161.36,7.98%,-1925.42,-0.35%,-425969.6,3.68%
573,Exit short,Close entry(s) order SHORT,2025-01-21 00:00,"106,685.1",5.434478,-5747.5,-1.00%,1803.7,0.31%,-7908.8,-1.38%,-431717.1,-1.00%
573,Entry short,SHORT,2025-01-20 23:30,"105,627.5",5.434478,-5747.5,-1.00%,1803.7,0.31%,-7908.8,-1.38%,-431717.1,-1.00%
574,Exit short,LONG,2025-01-21 16:00,"102,436.8",5.455461,9443.4,1.66%,22207,3.91%,-3404.75,-0.60%,-422273.7,1.66%
574,Entry short,SHORT,2025-01-21 00:30,"104,167.8",5.455461,9443.4,1.66%,22207,3.91%,-3404.75,-0.60%,-422273.7,1.66%
575,Exit long,Close entry(s) order LONG,2025-01-22 11:00,"105,588.1",5.639842,17772.83,3.08%,27098.31,4.69%,-2196.72,-0.38%,-404500.84,3.08%
575,Entry long,LONG,2025-01-21 16:00,"102,436.8",5.639842,17772.83,3.08%,27098.31,4.69%,-2196.72,-0.38%,-404500.84,3.08%
576,Exit short,LONG,2025-01-23 22:00,"105,167.7",5.857262,-20495.14,-3.44%,2277.3,0.38%,-25370.14,-4.26%,-424996,-3.44%
576,Entry short,SHORT,2025-01-23 19:30,"101,668.6",5.857262,-20495.14,-3.44%,2277.3,0.38%,-25370.14,-4.26%,-424996,-3.44%
577,Exit long,SHORT,2025-01-24 05:00,"103,025.1",5.467496,-11714.66,-2.04%,9144.39,1.59%,-16434.2,-2.86%,-436710.66,-2.04%
577,Entry long,LONG,2025-01-23 22:00,"105,167.7",5.467496,-11714.66,-2.04%,9144.39,1.59%,-16434.2,-2.86%,-436710.66,-2.04%
578,Exit short,LONG,2025-01-24 07:00,"103,864.0",5.467496,-4586.68,-0.81%,562.61,0.10%,-9016.45,-1.60%,-441297.34,-0.81%
578,Entry short,SHORT,2025-01-24 05:00,"103,025.1",5.467496,-4586.68,-0.81%,562.61,0.10%,-9016.45,-1.60%,-441297.34,-0.81%
579,Exit long,Close entry(s) order LONG,2025-01-24 07:30,"103,621.7",5.379164,-1303.37,-0.23%,1363.62,0.24%,-2093.57,-0.37%,-442600.72,-0.23%
579,Entry long,LONG,2025-01-24 07:00,"103,864.0",5.379164,-1303.37,-0.23%,1363.62,0.24%,-2093.57,-0.37%,-442600.72,-0.23%
580,Exit short,Close entry(s) order SHORT,2025-01-25 20:30,"104,676.0",5.296634,2968.23,0.53%,6333.72,1.14%,-1041.32,-0.19%,-439632.47,0.53%
580,Entry short,SHORT,2025-01-25 04:30,"105,236.4",5.296634,2968.23,0.53%,6333.72,1.14%,-1041.32,-0.19%,-439632.47,0.53%
581,Exit long,SHORT,2025-01-28 00:30,"99,534.4",5.563849,-6573.69,-1.17%,8634.54,1.54%,-9472.45,-1.69%,-446206.16,-1.17%
581,Entry long,LONG,2025-01-27 21:30,"100,715.9",5.563849,-6573.69,-1.17%,8634.54,1.54%,-9472.45,-1.69%,-446206.16,-1.17%
582,Exit short,LONG,2025-01-28 04:30,"101,647.6",5.563843,-11757.51,-2.12%,3971.47,0.72%,-16073.39,-2.90%,-457963.7,-2.12%
582,Entry short,SHORT,2025-01-28 00:30,"99,534.4",5.563843,-11757.51,-2.12%,3971.47,0.72%,-16073.39,-2.90%,-457963.7,-2.12%
583,Exit long,SHORT,2025-01-28 18:00,"102,707.8",5.332504,5653.52,1.04%,8946.34,1.65%,-3959.92,-0.73%,-452310.16,1.04%
583,Entry long,LONG,2025-01-28 04:30,"101,647.6",5.332504,5653.52,1.04%,8946.34,1.65%,-3959.92,-0.73%,-452310.16,1.04%
584,Exit short,Close entry(s) order SHORT,2025-01-28 22:30,"103,168.0",5.332504,-2454.02,-0.45%,4998.16,0.91%,-3333.88,-0.61%,-454764.2,-0.45%
584,Entry short,SHORT,2025-01-28 18:00,"102,707.8",5.332504,-2454.02,-0.45%,4998.16,0.91%,-3333.88,-0.61%,-454764.2,-0.45%
585,Exit long,SHORT,2025-01-30 21:00,"104,835.0",5.174527,-2763.71,-0.51%,0.52,0.00%,-3011.06,-0.55%,-457527.9,-0.51%
585,Entry long,LONG,2025-01-30 17:00,"105,369.1",5.174527,-2763.71,-0.51%,0.52,0.00%,-3011.06,-0.55%,-457527.9,-0.51%
586,Exit short,Close entry(s) order SHORT,2025-01-30 22:00,"105,879.8",5.174532,-5406.35,-1.00%,1178.76,0.22%,-7553.26,-1.39%,-462934.25,-1.00%
586,Entry short,SHORT,2025-01-30 21:00,"104,835.0",5.174532,-5406.35,-1.00%,1178.76,0.22%,-7553.26,-1.39%,-462934.25,-1.00%
587,Exit short,Close entry(s) order SHORT,2025-01-31 19:00,"104,692.0",5.092847,3885.33,0.72%,8020.72,1.49%,-3408.64,-0.63%,-459048.9,0.72%
587,Entry short,SHORT,2025-01-30 22:30,"105,454.9",5.092847,3885.33,0.72%,8020.72,1.49%,-3408.64,-0.63%,-459048.9,0.72%
588,Exit short,LONG,2025-02-01 20:30,"102,205.3",5.292861,-7.94,0.00%,4550.8,0.84%,-1795.34,-0.33%,-459056.84,0.00%
588,Entry short,SHORT,2025-02-01 11:00,"102,203.8",5.292861,-7.94,0.00%,4550.8,0.84%,-1795.34,-0.33%,-459056.84,0.00%
589,Exit long,SHORT,2025-02-02 03:00,"101,620.1",5.292711,-3097.29,-0.57%,236.58,0.04%,-4299.8,-0.79%,-462154.16,-0.57%
589,Entry long,LONG,2025-02-01 20:30,"102,205.3",5.292711,-3097.29,-0.57%,236.58,0.04%,-4299.8,-0.79%,-462154.16,-0.57%
590,Exit short,LONG,2025-02-03 16:30,"95,829.2",5.292711,30649.56,5.70%,55519.48,10.32%,0,0.00%,-431504.6,5.70%
590,Entry short,SHORT,2025-02-02 03:00,"101,620.1",5.292711,30649.56,5.70%,55519.48,10.32%,0,0.00%,-431504.6,5.70%
591,Exit long,SHORT,2025-02-03 20:00,"94,731.0",5.932381,-6514.94,-1.15%,288.31,0.05%,-6600.96,-1.16%,-438019.53,-1.15%
591,Entry long,LONG,2025-02-03 16:30,"95,829.2",5.932381,-6514.94,-1.15%,288.31,0.05%,-6600.96,-1.16%,-438019.53,-1.15%
592,Exit short,LONG,2025-02-03 23:00,"98,802.8",5.932381,-24155.47,-4.30%,3678.08,0.65%,-28299.83,-5.04%,-462175,-4.30%
592,Entry short,SHORT,2025-02-03 20:00,"94,731.0",5.932381,-24155.47,-4.30%,3678.08,0.65%,-28299.83,-5.04%,-462175,-4.30%
593,Exit long,SHORT,2025-02-04 11:30,"100,235.5",5.44343,7798.8,1.45%,19885.94,3.70%,-4406.46,-0.82%,-454376.2,1.45%
593,Entry long,LONG,2025-02-03 23:00,"98,802.8",5.44343,7798.8,1.45%,19885.94,3.70%,-4406.46,-0.82%,-454376.2,1.45%
594,Exit short,LONG,2025-02-04 20:00,"99,325.9",5.443418,4951.33,0.91%,13296.64,2.44%,-328.24,-0.06%,-449424.88,0.91%
594,Entry short,SHORT,2025-02-04 11:30,"100,235.5",5.443418,4951.33,0.91%,13296.64,2.44%,-328.24,-0.06%,-449424.88,0.91%
595,Exit long,Close entry(s) order LONG,2025-02-05 04:00,"98,597.1",5.543106,-4039.82,-0.73%,7858.46,1.43%,-7864.56,-1.43%,-453464.7,-0.73%
595,Entry long,LONG,2025-02-04 20:00,"99,325.9",5.543106,-4039.82,-0.73%,7858.46,1.43%,-7864.56,-1.43%,-453464.7,-0.73%
596,Exit long,SHORT,2025-02-06 22:00,"97,797.1",5.530094,-5708.72,-1.04%,1457.73,0.27%,-6175.46,-1.13%,-459173.4,-1.04%
596,Entry long,LONG,2025-02-06 17:30,"98,829.4",5.530094,-5708.72,-1.04%,1457.73,0.27%,-6175.46,-1.13%,-459173.4,-1.04%
597,Exit short,Close entry(s) order SHORT,2025-02-07 09:30,"97,346.4",5.530088,2492.41,0.46%,12075.5,2.23%,-1262.52,-0.23%,-456680.97,0.46%
597,Entry short,SHORT,2025-02-06 22:00,"97,797.1",5.530088,2492.41,0.46%,12075.5,2.23%,-1262.52,-0.23%,-456680.97,0.46%
598,Exit long,SHORT,2025-02-09 18:00,"96,731.1",5.590846,-2509.73,-0.46%,0.56,0.00%,-3223.12,-0.59%,-459190.72,-0.46%
598,Entry long,LONG,2025-02-09 15:30,"97,180.0",5.590846,-2509.73,-0.46%,0.56,0.00%,-3223.12,-0.59%,-459190.72,-0.46%
599,Exit short,Close entry(s) order SHORT,2025-02-10 07:30,"96,674.3",5.590852,317.56,0.06%,11634.56,2.15%,-2016.62,-0.37%,-458873.16,0.06%
599,Entry short,SHORT,2025-02-09 18:00,"96,731.1",5.590852,317.56,0.06%,11634.56,2.15%,-2016.62,-0.37%,-458873.16,0.06%
600,Exit long,Close entry(s) order LONG,2025-02-12 21:30,"94,640.4",5.645517,-6832.2,-1.26%,4209.86,0.78%,-10425.58,-1.93%,-465705.34,-1.26%
600,Entry long,LONG,2025-02-12 13:00,"95,850.6",5.645517,-6832.2,-1.26%,4209.86,0.78%,-10425.58,-1.93%,-465705.34,-1.26%
601,Exit short,Close entry(s) order SHORT,2025-02-14 04:30,"96,370.5",5.605214,-5882.67,-1.10%,353.13,0.07%,-6608.55,-1.24%,-471588.03,-1.10%
601,Entry short,SHORT,2025-02-14 00:00,"95,321.0",5.605214,-5882.67,-1.10%,353.13,0.07%,-6608.55,-1.24%,-471588.03,-1.10%
602,Exit short,Close entry(s) order SHORT,2025-02-15 09:00,"97,753.2",5.395157,1018.07,0.19%,7041.76,1.33%,-140.81,-0.03%,-470569.97,0.19%
602,Entry short,SHORT,2025-02-15 03:30,"97,941.9",5.395157,1018.07,0.19%,7041.76,1.33%,-140.81,-0.03%,-470569.97,0.19%
603,Exit long,SHORT,2025-02-17 07:00,"96,067.0",5.461126,-4795.96,-0.91%,1651.44,0.31%,-5150.93,-0.97%,-475365.94,-0.91%
603,Entry long,LONG,2025-02-17 04:30,"96,945.2",5.461126,-4795.96,-0.91%,1651.44,0.31%,-5150.93,-0.97%,-475365.94,-0.91%
604,Exit short,LONG,2025-02-17 14:00,"96,344.7",5.461126,-1516.55,-0.29%,1787.97,0.34%,-2941.91,-0.56%,-476882.47,-0.29%
604,Entry short,SHORT,2025-02-17 07:00,"96,067.0",5.461126,-1516.55,-0.29%,1787.97,0.34%,-2941.91,-0.56%,-476882.47,-0.29%
605,Exit long,SHORT,2025-02-17 15:30,"96,013.7",5.429633,-1797.21,-0.34%,419.17,0.08%,-2616.54,-0.50%,-478679.7,-0.34%
605,Entry long,LONG,2025-02-17 14:00,"96,344.7",5.429633,-1797.21,-0.34%,419.17,0.08%,-2616.54,-0.50%,-478679.7,-0.34%
606,Exit short,LONG,2025-02-17 16:30,"96,194.0",5.429645,-978.96,-0.19%,598.89,0.11%,-1391.62,-0.27%,-479658.66,-0.19%
606,Entry short,SHORT,2025-02-17 15:30,"96,013.7",5.429645,-978.96,-0.19%,598.89,0.11%,-1391.62,-0.27%,-479658.66,-0.19%
607,Exit long,SHORT,2025-02-17 18:00,"96,051.2",5.409291,-772.45,-0.15%,827.62,0.16%,-1155.97,-0.22%,-480431.1,-0.15%
607,Entry long,LONG,2025-02-17 16:30,"96,194.0",5.409291,-772.45,-0.15%,827.62,0.16%,-1155.97,-0.22%,-480431.1,-0.15%
608,Exit short,LONG,2025-02-17 20:00,"96,407.5",5.409291,-1927.33,-0.37%,566.89,0.11%,-2319.5,-0.45%,-482358.44,-0.37%
608,Entry short,SHORT,2025-02-17 18:00,"96,051.2",5.409291,-1927.33,-0.37%,566.89,0.11%,-2319.5,-0.45%,-482358.44,-0.37%
609,Exit long,SHORT,2025-02-18 00:00,"95,294.4",5.369308,-5976.58,-1.15%,3181.32,0.61%,-6178.46,-1.19%,-488335,-1.15%
609,Entry long,LONG,2025-02-17 20:00,"96,407.5",5.369308,-5976.58,-1.15%,3181.32,0.61%,-6178.46,-1.19%,-488335,-1.15%
610,Exit short,Close entry(s) order SHORT,2025-02-18 05:00,"96,375.6",5.369308,-5805.3,-1.13%,772.11,0.15%,-5857.91,-1.14%,-494140.3,-1.13%
610,Entry short,SHORT,2025-02-18 00:00,"95,294.4",5.369308,-5805.3,-1.13%,772.11,0.15%,-5857.91,-1.14%,-494140.3,-1.13%
611,Exit short,LONG,2025-02-20 16:00,"97,096.9",5.22443,-1416.87,-0.28%,357.87,0.07%,-1694.28,-0.33%,-495557.16,-0.28%
611,Entry short,SHORT,2025-02-20 15:00,"96,825.7",5.22443,-1416.87,-0.28%,357.87,0.07%,-1694.28,-0.33%,-495557.16,-0.28%
612,Exit long,SHORT,2025-02-22 01:00,"96,929.5",5.195262,-869.69,-0.17%,12128.86,2.40%,-1770.55,-0.35%,-496426.84,-0.17%
612,Entry long,LONG,2025-02-20 16:00,"97,096.9",5.195262,-869.69,-0.17%,12128.86,2.40%,-1770.55,-0.35%,-496426.84,-0.17%
613,Exit short,LONG,2025-02-22 13:00,"96,468.8",5.195251,2393.45,0.48%,10905.35,2.17%,-1368.43,-0.27%,-494033.4,0.48%
613,Entry short,SHORT,2025-02-22 01:00,"96,929.5",5.195251,2393.45,0.48%,10905.35,2.17%,-1368.43,-0.27%,-494033.4,0.48%
614,Exit long,Close entry(s) order LONG,2025-02-22 14:00,"96,340.0",5.244883,-675.54,-0.13%,387.6,0.08%,-1015.41,-0.20%,-494708.94,-0.13%
614,Entry long,LONG,2025-02-22 13:00,"96,468.8",5.244883,-675.54,-0.13%,387.6,0.08%,-1015.41,-0.20%,-494708.94,-0.13%
615,Exit long,Close entry(s) order LONG,2025-02-24 10:00,"95,785.0",5.251501,-2276,-0.45%,1321.28,0.26%,-2701.37,-0.53%,-496984.94,-0.45%
615,Entry long,LONG,2025-02-24 07:00,"96,218.4",5.251501,-2276,-0.45%,1321.28,0.26%,-2701.37,-0.53%,-496984.94,-0.45%
616,Exit short,LONG,2025-02-26 05:00,"88,775.1",5.381071,25310.41,5.03%,40133.64,7.98%,-572.55,-0.11%,-471674.53,5.03%
616,Entry short,SHORT,2025-02-25 05:30,"93,478.7",5.381071,25310.41,5.03%,40133.64,7.98%,-572.55,-0.11%,-471674.53,5.03%
617,Exit long,Close entry(s) order LONG,2025-02-26 20:00,"87,900.1",5.951203,-5207.3,-0.99%,3973.02,0.75%,-7242.02,-1.37%,-476881.84,-0.99%
617,Entry long,LONG,2025-02-26 05:00,"88,775.1",5.951203,-5207.3,-0.99%,3973.02,0.75%,-7242.02,-1.37%,-476881.84,-0.99%
618,Exit short,LONG,2025-02-27 13:00,"85,832.6",6.082062,1078.96,0.21%,23038.85,4.40%,-2706.52,-0.52%,-475802.88,0.21%
618,Entry short,SHORT,2025-02-27 01:00,"86,010.0",6.082062,1078.96,0.21%,23038.85,4.40%,-2706.52,-0.52%,-475802.88,0.21%
619,Exit long,Close entry(s) order LONG,2025-02-27 22:00,"84,944.5",6.107217,-5423.82,-1.03%,7532.64,1.44%,-5599.1,-1.07%,-481226.7,-1.03%
619,Entry long,LONG,2025-02-27 13:00,"85,832.6",6.107217,-5423.82,-1.03%,7532.64,1.44%,-5599.1,-1.07%,-481226.7,-1.03%
620,Exit long,SHORT,2025-02-28 08:30,"83,147.2",6.127139,-9319.38,-1.80%,1166.61,0.22%,-10215.17,-1.97%,-490546.1,-1.80%
620,Entry long,LONG,2025-02-28 07:00,"84,668.2",6.127139,-9319.38,-1.80%,1166.61,0.22%,-10215.17,-1.97%,-490546.1,-1.80%
621,Exit short,LONG,2025-02-28 21:00,"81,462.2",6.127132,10324.22,2.03%,30310.92,5.95%,-399.49,-0.08%,-480221.88,2.03%
621,Entry short,SHORT,2025-02-28 08:30,"83,147.2",6.127132,10324.22,2.03%,30310.92,5.95%,-399.49,-0.08%,-480221.88,2.03%
622,Exit long,SHORT,2025-03-01 15:00,"84,707.2",6.380589,20705.01,3.98%,32249.41,6.20%,-2711.75,-0.52%,-459516.84,3.98%
622,Entry long,LONG,2025-02-28 21:00,"81,462.2",6.380589,20705.01,3.98%,32249.41,6.20%,-2711.75,-0.52%,-459516.84,3.98%
623,Exit short,LONG,2025-03-01 17:30,"85,254.1",6.380604,-3489.55,-0.65%,0,0.00%,-4754.83,-0.88%,-463006.4,-0.65%
623,Entry short,SHORT,2025-03-01 15:00,"84,707.2",6.380604,-3489.55,-0.65%,0,0.00%,-4754.83,-0.88%,-463006.4,-0.65%
624,Exit long,Close entry(s) order LONG,2025-03-01 18:00,"84,848.5",6.298727,-2554.76,-0.48%,0.63,0.00%,-3175.19,-0.59%,-465561.16,-0.48%
624,Entry long,LONG,2025-03-01 17:30,"85,254.1",6.298727,-2554.76,-0.48%,0.63,0.00%,-3175.19,-0.59%,-465561.16,-0.48%
625,Exit short,LONG,2025-03-02 13:30,"86,325.1",6.238568,-4106.85,-0.77%,1102.98,0.21%,-4196.06,-0.79%,-469668.03,-0.77%
625,Entry short,SHORT,2025-03-02 11:30,"85,666.8",6.238568,-4106.85,-0.77%,1102.98,0.21%,-4196.06,-0.79%,-469668.03,-0.77%
626,Exit long,SHORT,2025-03-02 16:00,"85,693.6",6.143427,-3879.57,-0.73%,1166.64,0.22%,-4180.6,-0.79%,-473547.6,-0.73%
626,Entry long,LONG,2025-03-02 13:30,"86,325.1",6.143427,-3879.57,-0.73%,1166.64,0.22%,-4180.6,-0.79%,-473547.6,-0.73%
627,Exit short,LONG,2025-03-03 00:30,"92,644.0",6.143427,-42699.27,-8.11%,4168.93,0.79%,-44197.66,-8.40%,-516246.88,-8.11%
627,Entry short,SHORT,2025-03-02 16:00,"85,693.6",6.143427,-42699.27,-8.11%,4168.93,0.79%,-44197.66,-8.40%,-516246.88,-8.11%
628,Exit long,SHORT,2025-03-03 11:00,"92,660.0",5.221647,83.55,0.02%,12150.77,2.51%,-1763.35,-0.36%,-516163.3,0.02%
628,Entry long,LONG,2025-03-03 00:30,"92,644.0",5.221647,83.55,0.02%,12150.77,2.51%,-1763.35,-0.36%,-516163.3,0.02%
629,Exit short,LONG,2025-03-03 13:00,"93,290.9",5.221634,-3294.33,-0.68%,605.71,0.13%,-3367.43,-0.70%,-519457.66,-0.68%
629,Entry short,SHORT,2025-03-03 11:00,"92,660.0",5.221634,-3294.33,-0.68%,605.71,0.13%,-3367.43,-0.70%,-519457.66,-0.68%
630,Exit long,SHORT,2025-03-03 16:00,"91,440.5",5.151021,-9531.45,-1.98%,0,0.00%,-11285.37,-2.35%,-528989.1,-1.98%
630,Entry long,LONG,2025-03-03 13:00,"93,290.9",5.151021,-9531.45,-1.98%,0,0.00%,-11285.37,-2.35%,-528989.1,-1.98%
631,Exit short,LONG,2025-03-03 17:30,"91,995.1",5.151009,-2856.75,-0.61%,1496.37,0.32%,-3731.91,-0.79%,-531845.9,-0.61%
631,Entry short,SHORT,2025-03-03 16:00,"91,440.5",5.151009,-2856.75,-0.61%,1496.37,0.32%,-3731.91,-0.79%,-531845.9,-0.61%
632,Exit long,SHORT,2025-03-04 01:30,"87,714.2",5.088903,-21785.08,-4.65%,8503.05,1.82%,-23597.75,-5.04%,-553630.94,-4.65%
632,Entry long,LONG,2025-03-03 17:30,"91,995.1",5.088903,-21785.08,-4.65%,8503.05,1.82%,-23597.75,-5.04%,-553630.94,-4.65%
633,Exit short,LONG,2025-03-04 18:30,"83,991.4",5.088903,18944.97,4.24%,26941.67,6.04%,-2133.78,-0.48%,-534685.94,4.24%
633,Entry short,SHORT,2025-03-04 01:30,"87,714.2",5.088903,18944.97,4.24%,26941.67,6.04%,-2133.78,-0.48%,-534685.94,4.24%
634,Exit long,SHORT,2025-03-04 19:30,"83,325.4",5.540007,-3689.64,-0.79%,592.78,0.13%,-4262.48,-0.92%,-538375.6,-0.79%
634,Entry long,LONG,2025-03-04 18:30,"83,991.4",5.540007,-3689.64,-0.79%,592.78,0.13%,-4262.48,-0.92%,-538375.6,-0.79%
635,Exit short,LONG,2025-03-05 01:00,"85,389.4",5.54002,-11434.6,-2.48%,11774.76,2.55%,-11927.11,-2.58%,-549810.2,-2.48%
635,Entry short,SHORT,2025-03-04 19:30,"83,325.4",5.54002,-11434.6,-2.48%,11774.76,2.55%,-11927.11,-2.58%,-549810.2,-2.48%
636,Exit long,SHORT,2025-03-05 23:00,"88,312.5",5.27221,15411.2,3.42%,29037.75,6.45%,-1525.78,-0.34%,-534399,3.42%
636,Entry long,LONG,2025-03-05 01:00,"85,389.4",5.27221,15411.2,3.42%,29037.75,6.45%,-1525.78,-0.34%,-534399,3.42%
637,Exit short,LONG,2025-03-06 03:00,"89,711.2",5.272198,-7374.22,-1.58%,3977.87,0.85%,-11237.69,-2.41%,-541773.25,-1.58%
637,Entry short,SHORT,2025-03-05 23:00,"88,312.5",5.272198,-7374.22,-1.58%,3977.87,0.85%,-11237.69,-2.41%,-541773.25,-1.58%
638,Exit long,SHORT,2025-03-06 08:00,"90,020.7",5.107798,1580.86,0.34%,6582.93,1.44%,-433.65,-0.09%,-540192.4,0.34%
638,Entry long,LONG,2025-03-06 03:00,"89,711.2",5.107798,1580.86,0.34%,6582.93,1.44%,-433.65,-0.09%,-540192.4,0.34%
639,Exit short,Close entry(s) order SHORT,2025-03-06 09:00,"91,003.6",5.107798,-5020.45,-1.09%,34.22,0.01%,-9470.88,-2.06%,-545212.8,-1.09%
639,Entry short,SHORT,2025-03-06 08:00,"90,020.7",5.107798,-5020.45,-1.09%,34.22,0.01%,-9470.88,-2.06%,-545212.8,-1.09%
640,Exit long,SHORT,2025-03-06 16:00,"91,119.2",4.984029,-645.93,-0.14%,7633.04,1.68%,-1559,-0.34%,-545858.75,-0.14%
640,Entry long,LONG,2025-03-06 09:30,"91,248.8",4.984029,-645.93,-0.14%,7633.04,1.68%,-1559,-0.34%,-545858.75,-0.14%
641,Exit short,Close entry(s) order SHORT,2025-03-07 16:00,"88,310.0",4.984034,14001.15,3.08%,32491.91,7.15%,-2607.15,-0.57%,-531857.6,3.08%
641,Entry short,SHORT,2025-03-06 16:00,"91,119.2",4.984034,14001.15,3.08%,32491.91,7.15%,-2607.15,-0.57%,-531857.6,3.08%
642,Exit short,LONG,2025-03-10 11:30,"82,444.7",5.686563,-684.09,-0.15%,13596.57,2.90%,-6770.42,-1.45%,-532541.7,-0.15%
642,Entry short,SHORT,2025-03-10 01:00,"82,324.4",5.686563,-684.09,-0.15%,13596.57,2.90%,-6770.42,-1.45%,-532541.7,-0.15%
643,Exit long,SHORT,2025-03-10 15:30,"82,002.5",5.669975,-2507.26,-0.54%,1793.41,0.38%,-4212.22,-0.90%,-535048.94,-0.54%
643,Entry long,LONG,2025-03-10 11:30,"82,444.7",5.669975,-2507.26,-0.54%,1793.41,0.38%,-4212.22,-0.90%,-535048.94,-0.54%
644,Exit short,Close entry(s) order SHORT,2025-03-11 10:00,"79,314.9",5.669961,15238.59,3.28%,30858.76,6.64%,-11504.35,-2.47%,-519810.38,3.28%
644,Entry short,SHORT,2025-03-10 15:30,"82,002.5",5.669961,15238.59,3.28%,30858.76,6.64%,-11504.35,-2.47%,-519810.38,3.28%
645,Exit short,Close entry(s) order SHORT,2025-03-17 09:00,"83,199.7",5.774515,-248.3,-0.05%,7109.01,1.48%,-1545.84,-0.32%,-520058.7,-0.05%
645,Entry short,SHORT,2025-03-17 02:30,"83,156.7",5.774515,-248.3,-0.05%,7109.01,1.48%,-1545.84,-0.32%,-520058.7,-0.05%
646,Exit short,Close entry(s) order SHORT,2025-03-19 05:30,"82,223.0",5.801753,2903.78,0.61%,9340.82,1.95%,-755.39,-0.16%,-517154.9,0.61%
646,Entry short,SHORT,2025-03-18 17:30,"82,723.5",5.801753,2903.78,0.61%,9340.82,1.95%,-755.39,-0.16%,-517154.9,0.61%
647,Exit long,SHORT,2025-03-20 10:30,"85,860.0",5.729296,9072.34,1.88%,18468.38,3.82%,-4448.8,-0.92%,-508082.56,1.88%
647,Entry long,LONG,2025-03-19 22:30,"84,276.5",5.729296,9072.34,1.88%,18468.38,3.82%,-4448.8,-0.92%,-508082.56,1.88%
648,Exit short,LONG,2025-03-20 15:00,"85,764.7",5.729296,546,0.11%,2732.87,0.56%,-712.15,-0.14%,-507536.56,0.11%
648,Entry short,SHORT,2025-03-20 10:30,"85,860.0",5.729296,546,0.11%,2732.87,0.56%,-712.15,-0.14%,-507536.56,0.11%
649,Exit long,SHORT,2025-03-20 18:00,"85,135.7",5.742029,-3611.74,-0.73%,2992.17,0.61%,-6196.8,-1.26%,-511148.3,-0.73%
649,Entry long,LONG,2025-03-20 15:00,"85,764.7",5.742029,-3611.74,-0.73%,2992.17,0.61%,-6196.8,-1.26%,-511148.3,-0.73%
650,Exit short,Close entry(s) order SHORT,2025-03-20 21:30,"86,299.9",5.742029,-6684.87,-1.37%,585.11,0.12%,-7776.43,-1.59%,-517833.16,-1.37%
650,Entry short,SHORT,2025-03-20 18:00,"85,135.7",5.742029,-6684.87,-1.37%,585.11,0.12%,-7776.43,-1.59%,-517833.16,-1.37%
651,Exit short,Close entry(s) order SHORT,2025-03-21 10:00,"84,641.2",5.739603,-3639.48,-0.75%,174.48,0.04%,-4628.99,-0.96%,-521472.66,-0.75%
651,Entry short,SHORT,2025-03-21 06:30,"84,007.1",5.739603,-3639.48,-0.75%,174.48,0.04%,-4628.99,-0.96%,-521472.66,-0.75%
652,Exit long,SHORT,2025-03-25 06:00,"87,411.5",5.627303,13363.72,2.79%,20907.12,4.37%,-1579.58,-0.33%,-508108.94,2.79%
652,Entry long,LONG,2025-03-23 21:00,"85,036.7",5.627303,13363.72,2.79%,20907.12,4.37%,-1579.58,-0.33%,-508108.94,2.79%
653,Exit short,LONG,2025-03-25 17:30,"87,040.1",5.627303,2089.98,0.42%,6479.84,1.32%,-1308.35,-0.27%,-506018.94,0.42%
653,Entry short,SHORT,2025-03-25 06:00,"87,411.5",5.627303,2089.98,0.42%,6479.84,1.32%,-1308.35,-0.27%,-506018.94,0.42%
654,Exit long,SHORT,2025-03-26 06:00,"87,412.7",5.675327,2114.63,0.43%,8285.41,1.68%,-1140.17,-0.23%,-503904.3,0.43%
654,Entry long,LONG,2025-03-25 17:30,"87,040.1",5.675327,2114.63,0.43%,8285.41,1.68%,-1140.17,-0.23%,-503904.3,0.43%
655,Exit short,Close entry(s) order SHORT,2025-03-26 09:00,"87,794.1",5.675327,-2164.57,-0.44%,1893.86,0.38%,-2563.55,-0.52%,-506068.9,-0.44%
655,Entry short,SHORT,2025-03-26 06:00,"87,412.7",5.675327,-2164.57,-0.44%,1893.86,0.38%,-2563.55,-0.52%,-506068.9,-0.44%
656,Exit long,Close entry(s) order LONG,2025-03-29 08:30,"84,197.1",5.846217,-1696.57,-0.34%,598.65,0.12%,-1867.87,-0.38%,-507765.47,-0.34%
656,Entry long,LONG,2025-03-29 07:30,"84,487.3",5.846217,-1696.57,-0.34%,598.65,0.12%,-1867.87,-0.38%,-507765.47,-0.34%
657,Exit short,LONG,2025-03-30 08:00,"82,763.4",5.882414,5385.35,1.09%,12223.07,2.48%,-1403.54,-0.29%,-502380.12,1.09%
657,Entry short,SHORT,2025-03-29 13:30,"83,678.9",5.882414,5385.35,1.09%,12223.07,2.48%,-1403.54,-0.29%,-502380.12,1.09%
658,Exit long,Close entry(s) order LONG,2025-03-30 14:00,"83,148.0",6.012559,2312.43,0.46%,4164.3,0.84%,-307.84,-0.06%,-500067.7,0.46%
658,Entry long,LONG,2025-03-30 08:00,"82,763.4",6.012559,2312.43,0.46%,4164.3,0.84%,-307.84,-0.06%,-500067.7,0.46%
659,Exit short,Close entry(s) order SHORT,2025-03-31 19:30,"82,087.6",6.120658,-2498.45,-0.50%,2628.21,0.53%,-3648.52,-0.73%,-502566.12,-0.50%
659,Entry short,SHORT,2025-03-31 09:30,"81,679.4",6.120658,-2498.45,-0.50%,2628.21,0.53%,-3648.52,-0.73%,-502566.12,-0.50%
660,Exit short,Close entry(s) order SHORT,2025-04-01 22:30,"84,706.3",5.998281,-10658.94,-2.14%,200.34,0.04%,-13620.3,-2.74%,-513225.1,-2.14%
660,Entry short,SHORT,2025-04-01 21:30,"82,929.3",5.998281,-10658.94,-2.14%,200.34,0.04%,-13620.3,-2.74%,-513225.1,-2.14%
661,Exit long,SHORT,2025-04-03 04:30,"84,583.3",5.671714,-7043.13,-1.45%,15171.27,3.12%,-9307.28,-1.91%,-520268.22,-1.45%
661,Entry long,LONG,2025-04-02 22:00,"85,825.1",5.671714,-7043.13,-1.45%,15171.27,3.12%,-9307.28,-1.91%,-520268.22,-1.45%
662,Exit short,Close entry(s) order SHORT,2025-04-03 15:30,"83,617.5",5.671708,5477.74,1.14%,13873,2.89%,-1623.81,-0.34%,-514790.47,1.14%
662,Entry short,SHORT,2025-04-03 04:30,"84,583.3",5.671708,5477.74,1.14%,13873,2.89%,-1623.81,-0.34%,-514790.47,1.14%
663,Exit short,LONG,2025-04-07 19:30,"77,398.2",5.881249,30012.01,6.19%,47309.94,9.75%,-1672.04,-0.34%,-484778.47,6.19%
663,Entry short,SHORT,2025-04-06 20:30,"82,501.2",5.881249,30012.01,6.19%,47309.94,9.75%,-1672.04,-0.34%,-484778.47,6.19%
664,Exit long,SHORT,2025-04-08 03:30,"78,660.5",6.656763,8402.83,1.63%,25307.68,4.91%,-10895.12,-2.11%,-476375.62,1.63%
664,Entry long,LONG,2025-04-07 19:30,"77,398.2",6.656763,8402.83,1.63%,25307.68,4.91%,-10895.12,-2.11%,-476375.62,1.63%
665,Exit short,LONG,2025-04-08 05:30,"79,776.5",6.656763,-7428.95,-1.42%,119.16,0.02%,-7687.23,-1.47%,-483804.6,-1.42%
665,Entry short,SHORT,2025-04-08 03:30,"78,660.5",6.656763,-7428.95,-1.42%,119.16,0.02%,-7687.23,-1.47%,-483804.6,-1.42%
666,Exit long,SHORT,2025-04-08 08:00,"78,981.1",6.470519,-5146.65,-1.00%,2641.27,0.51%,-5334.94,-1.03%,-488951.25,-1.00%
666,Entry long,LONG,2025-04-08 05:30,"79,776.5",6.470519,-5146.65,-1.00%,2641.27,0.51%,-5334.94,-1.03%,-488951.25,-1.00%
667,Exit short,LONG,2025-04-08 09:00,"80,563.9",6.470519,-10241.54,-2.00%,1647.39,0.32%,-11567.35,-2.26%,-499192.78,-2.00%
667,Entry short,SHORT,2025-04-08 08:00,"78,981.1",6.470519,-10241.54,-2.00%,1647.39,0.32%,-11567.35,-2.26%,-499192.78,-2.00%
668,Exit long,Close entry(s) order LONG,2025-04-08 14:00,"79,414.8",6.216257,-7143.1,-1.43%,1667.2,0.33%,-8171.89,-1.63%,-506335.88,-1.43%
668,Entry long,LONG,2025-04-08 09:00,"80,563.9",6.216257,-7143.1,-1.43%,1667.2,0.33%,-8171.89,-1.63%,-506335.88,-1.43%
669,Exit short,LONG,2025-04-09 13:30,"76,867.4",6.425098,-216.53,-0.04%,14489.88,2.94%,-2848.25,-0.58%,-506552.4,-0.04%
669,Entry short,SHORT,2025-04-09 02:30,"76,833.7",6.425098,-216.53,-0.04%,14489.88,2.94%,-2848.25,-0.58%,-506552.4,-0.04%
670,Exit long,Close entry(s) order LONG,2025-04-09 18:30,"76,528.9",6.419465,-2172.99,-0.44%,6671.11,1.35%,-6595.36,-1.34%,-508725.38,-0.44%
670,Entry long,LONG,2025-04-09 13:30,"76,867.4",6.419465,-2172.99,-0.44%,6671.11,1.35%,-6595.36,-1.34%,-508725.38,-0.44%
671,Exit short,LONG,2025-04-10 13:30,"82,046.2",6.010813,-1889.2,-0.38%,756.76,0.15%,-3507.31,-0.71%,-510614.6,-0.38%
671,Entry short,SHORT,2025-04-10 11:00,"81,731.9",6.010813,-1889.2,-0.38%,756.76,0.15%,-3507.31,-0.71%,-510614.6,-0.38%
672,Exit long,SHORT,2025-04-10 15:00,"81,561.5",5.964754,-2891.12,-0.59%,1018.18,0.21%,-4802.22,-0.98%,-513505.72,-0.59%
672,Entry long,LONG,2025-04-10 13:30,"82,046.2",5.964754,-2891.12,-0.59%,1018.18,0.21%,-4802.22,-0.98%,-513505.72,-0.59%
673,Exit short,Close entry(s) order SHORT,2025-04-10 19:30,"81,980.0",5.964754,-2496.25,-0.51%,1554.41,0.32%,-3480.43,-0.72%,-516001.97,-0.51%
673,Entry short,SHORT,2025-04-10 15:00,"81,561.5",5.964754,-2496.25,-0.51%,1554.41,0.32%,-3480.43,-0.72%,-516001.97,-0.51%
674,Exit short,Close entry(s) order SHORT,2025-04-12 13:30,"83,577.2",5.80917,-1515.61,-0.31%,3254.88,0.67%,-2312.63,-0.48%,-517517.56,-0.31%
674,Entry short,SHORT,2025-04-12 07:30,"83,316.3",5.80917,-1515.61,-0.31%,3254.88,0.67%,-2312.63,-0.48%,-517517.56,-0.31%
675,Exit short,LONG,2025-04-12 19:30,"83,716.8",5.782276,-1591.86,-0.33%,1049.48,0.22%,-1841.65,-0.38%,-519109.44,-0.33%
675,Entry short,SHORT,2025-04-12 17:30,"83,441.5",5.782276,-1591.86,-0.33%,1049.48,0.22%,-1841.65,-0.38%,-519109.44,-0.33%
676,Exit long,SHORT,2025-04-13 12:00,"84,587.8",5.744254,5003.25,1.04%,13689.71,2.85%,-1114.96,-0.23%,-514106.2,1.04%
676,Entry long,LONG,2025-04-12 19:30,"83,716.8",5.744254,5003.25,1.04%,13689.71,2.85%,-1114.96,-0.23%,-514106.2,1.04%
677,Exit short,Close entry(s) order SHORT,2025-04-13 18:00,"84,651.5",5.744254,-365.91,-0.08%,1937.54,0.40%,-1896.75,-0.39%,-514472.1,-0.08%
677,Entry short,SHORT,2025-04-13 12:00,"84,587.8",5.744254,-365.91,-0.08%,1937.54,0.40%,-1896.75,-0.39%,-514472.1,-0.08%
678,Exit long,Close entry(s) order LONG,2025-04-14 13:30,"84,309.9",5.729612,-2464.31,-0.51%,4553.9,0.94%,-4239.34,-0.87%,-516936.4,-0.51%
678,Entry long,LONG,2025-04-14 07:30,"84,740.0",5.729612,-2464.31,-0.51%,4553.9,0.94%,-4239.34,-0.87%,-516936.4,-0.51%
679,Exit short,LONG,2025-04-16 17:30,"83,866.3",5.777671,-1488.91,-0.31%,3147.1,0.65%,-2776.17,-0.57%,-518425.3,-0.31%
679,Entry short,SHORT,2025-04-16 07:00,"83,608.6",5.777671,-1488.91,-0.31%,3147.1,0.65%,-2776.17,-0.57%,-518425.3,-0.31%
680,Exit long,Close entry(s) order LONG,2025-04-17 08:00,"84,176.7",5.742171,1782.37,0.37%,9343.66,1.94%,-3836.34,-0.80%,-516642.94,0.37%
680,Entry long,LONG,2025-04-16 17:30,"83,866.3",5.742171,1782.37,0.37%,9343.66,1.94%,-3836.34,-0.80%,-516642.94,0.37%
681,Exit long,Close entry(s) order LONG,2025-04-20 12:30,"85,115.5",5.668534,-876.92,-0.18%,1869.48,0.39%,-3722.53,-0.77%,-517519.84,-0.18%
681,Entry long,LONG,2025-04-19 16:00,"85,270.2",5.668534,-876.92,-0.18%,1869.48,0.39%,-3722.53,-0.77%,-517519.84,-0.18%
682,Exit long,SHORT,2025-04-21 18:30,"86,779.6",5.702481,12378.38,2.57%,18066.03,3.74%,-210.42,-0.04%,-505141.47,2.57%
682,Entry long,LONG,2025-04-21 03:00,"84,608.9",5.702481,12378.38,2.57%,18066.03,3.74%,-210.42,-0.04%,-505141.47,2.57%
683,Exit short,LONG,2025-04-21 21:30,"88,312.1",5.702475,-8739.04,-1.77%,314.78,0.06%,-9126.24,-1.84%,-513880.53,-1.77%
683,Entry short,SHORT,2025-04-21 18:30,"86,779.6",5.702475,-8739.04,-1.77%,314.78,0.06%,-9126.24,-1.84%,-513880.53,-1.77%
684,Exit long,SHORT,2025-04-22 00:00,"87,131.8",5.504562,-6497.03,-1.34%,584.03,0.12%,-7222.54,-1.49%,-520377.56,-1.34%
684,Entry long,LONG,2025-04-21 21:30,"88,312.1",5.504562,-6497.03,-1.34%,584.03,0.12%,-7222.54,-1.49%,-520377.56,-1.34%
685,Exit short,Close entry(s) order SHORT,2025-04-22 07:00,"87,466.0",5.504562,-1839.62,-0.38%,4430.07,0.92%,-2576.14,-0.54%,-522217.2,-0.38%
685,Entry short,SHORT,2025-04-22 00:00,"87,131.8",5.504562,-1839.62,-0.38%,4430.07,0.92%,-2576.14,-0.54%,-522217.2,-0.38%
686,Exit long,SHORT,2025-04-23 18:30,"93,564.6",5.104184,-212.33,-0.04%,4322.22,0.90%,-1886,-0.39%,-522429.5,-0.04%
686,Entry long,LONG,2025-04-23 12:00,"93,606.2",5.104184,-212.33,-0.04%,4322.22,0.90%,-1886,-0.39%,-522429.5,-0.04%
687,Exit short,LONG,2025-04-24 00:30,"93,719.5",5.104179,-790.64,-0.17%,8506.63,1.78%,-6838.07,-1.43%,-523220.16,-0.17%
687,Entry short,SHORT,2025-04-23 18:30,"93,564.6",5.104179,-790.64,-0.17%,8506.63,1.78%,-6838.07,-1.43%,-523220.16,-0.17%
688,Exit long,Close entry(s) order LONG,2025-04-24 08:00,"93,312.3",5.087295,-2071.55,-0.43%,2332.52,0.49%,-4163.95,-0.87%,-525291.7,-0.43%
688,Entry long,LONG,2025-04-24 00:30,"93,719.5",5.087295,-2071.55,-0.43%,2332.52,0.49%,-4163.95,-0.87%,-525291.7,-0.43%
689,Exit long,Close entry(s) order LONG,2025-04-25 10:00,"92,941.8",5.129685,2057.52,0.43%,9586.36,2.02%,-366.26,-0.08%,-523234.2,0.43%
689,Entry long,LONG,2025-04-24 19:30,"92,540.7",5.129685,2057.52,0.43%,9586.36,2.02%,-366.26,-0.08%,-523234.2,0.43%
690,Exit long,Close entry(s) order LONG,2025-04-26 07:00,"94,591.8",4.999552,-3849.15,-0.81%,0,0.00%,-5258.03,-1.10%,-527083.3,-0.81%
690,Entry long,LONG,2025-04-26 00:30,"95,361.7",4.999552,-3849.15,-0.81%,0,0.00%,-5258.03,-1.10%,-527083.3,-0.81%
691,Exit short,Close entry(s) order SHORT,2025-04-29 03:00,"94,741.0",5.04713,-5253.56,-1.11%,1680.19,0.36%,-5925.84,-1.25%,-532336.9,-1.11%
691,Entry short,SHORT,2025-04-28 22:30,"93,700.1",5.04713,-5253.56,-1.11%,1680.19,0.36%,-5925.84,-1.25%,-532336.9,-1.11%
692,Exit long,SHORT,2025-05-02 06:00,"96,328.9",4.939929,8195.34,1.75%,13427.22,2.87%,-3556.25,-0.76%,-524141.56,1.75%
692,Entry long,LONG,2025-05-01 03:30,"94,669.9",4.939929,8195.34,1.75%,13427.22,2.87%,-3556.25,-0.76%,-524141.56,1.75%
693,Exit short,LONG,2025-05-02 08:00,"96,973.9",4.939934,-3186.26,-0.67%,1020.1,0.21%,-3314.7,-0.70%,-527327.8,-0.67%
693,Entry short,SHORT,2025-05-02 06:00,"96,328.9",4.939934,-3186.26,-0.67%,1020.1,0.21%,-3314.7,-0.70%,-527327.8,-0.67%
694,Exit long,SHORT,2025-05-02 13:00,"96,650.0",4.87422,-1578.76,-0.33%,1404.26,0.30%,-1969.18,-0.42%,-528906.56,-0.33%
694,Entry long,LONG,2025-05-02 08:00,"96,973.9",4.87422,-1578.76,-0.33%,1404.26,0.30%,-1969.18,-0.42%,-528906.56,-0.33%
695,Exit short,Close entry(s) order SHORT,2025-05-02 18:00,"96,844.8",4.87422,-949.5,-0.20%,1788.35,0.38%,-1145.93,-0.24%,-529856.06,-0.20%
695,Entry short,SHORT,2025-05-02 13:00,"96,650.0",4.87422,-949.5,-0.20%,1788.35,0.38%,-1145.93,-0.24%,-529856.06,-0.20%
696,Exit short,Close entry(s) order SHORT,2025-05-03 21:30,"96,312.7",4.85401,2641.07,0.56%,5106.42,1.09%,-1099.92,-0.23%,-527215,0.56%
696,Entry short,SHORT,2025-05-03 03:00,"96,856.8",4.85401,2641.07,0.56%,5106.42,1.09%,-1099.92,-0.23%,-527215,0.56%
697,Exit short,LONG,2025-05-05 03:30,"95,680.0",4.941309,0.49,0.00%,2508.7,0.53%,-2122.29,-0.45%,-527214.5,0.00%
697,Entry short,SHORT,2025-05-04 12:00,"95,680.1",4.941309,0.49,0.00%,2508.7,0.53%,-2122.29,-0.45%,-527214.5,0.00%
698,Exit long,SHORT,2025-05-05 06:30,"94,363.0",4.94133,-6507.73,-1.38%,98.83,0.02%,-6571.97,-1.39%,-533722.25,-1.38%
698,Entry long,LONG,2025-05-05 03:30,"95,680.0",4.94133,-6507.73,-1.38%,98.83,0.02%,-6571.97,-1.39%,-533722.25,-1.38%
699,Exit short,LONG,2025-05-05 14:00,"94,724.2",4.941319,-1784.8,-0.38%,4535.64,0.97%,-1924.64,-0.41%,-535507.06,-0.38%
699,Entry short,SHORT,2025-05-05 06:30,"94,363.0",4.941319,-1784.8,-0.38%,4535.64,0.97%,-1924.64,-0.41%,-535507.06,-0.38%
700,Exit long,SHORT,2025-05-05 16:30,"94,559.3",4.903635,-808.61,-0.17%,266.27,0.06%,-1487.27,-0.32%,-536315.6,-0.17%
700,Entry long,LONG,2025-05-05 14:00,"94,724.2",4.903635,-808.61,-0.17%,266.27,0.06%,-1487.27,-0.32%,-536315.6,-0.17%
701,Exit short,LONG,2025-05-06 01:00,"94,458.6",4.903635,493.8,0.11%,4902.16,1.06%,-209.39,-0.05%,-535821.9,0.11%
701,Entry short,SHORT,2025-05-05 16:30,"94,559.3",4.903635,493.8,0.11%,4902.16,1.06%,-209.39,-0.05%,-535821.9,0.11%
702,Exit long,Close entry(s) order LONG,2025-05-06 09:30,"94,074.2",4.914101,-1888.98,-0.41%,3471.81,0.75%,-3166.65,-0.68%,-537710.8,-0.41%
702,Entry long,LONG,2025-05-06 01:00,"94,458.6",4.914101,-1888.98,-0.41%,3471.81,0.75%,-3166.65,-0.68%,-537710.8,-0.41%
703,Exit short,Close entry(s) order SHORT,2025-05-07 13:30,"96,545.2",4.798806,-1012.55,-0.22%,110.37,0.02%,-1340.79,-0.29%,-538723.4,-0.22%
703,Entry short,SHORT,2025-05-07 13:00,"96,334.2",4.798806,-1012.55,-0.22%,110.37,0.02%,-1340.79,-0.29%,-538723.4,-0.22%
704,Exit long,SHORT,2025-05-07 20:30,"96,678.9",4.779429,792.91,0.17%,3044.5,0.66%,-34.41,-0.01%,-537930.5,0.17%
704,Entry long,LONG,2025-05-07 14:00,"96,513.0",4.779429,792.91,0.17%,3044.5,0.66%,-34.41,-0.01%,-537930.5,0.17%
705,Exit short,Close entry(s) order SHORT,2025-05-08 05:00,"97,084.9",4.779424,-1940.45,-0.42%,4590.16,0.99%,-3670.12,-0.79%,-539870.94,-0.42%
705,Entry short,SHORT,2025-05-07 20:30,"96,678.9",4.779424,-1940.45,-0.42%,4590.16,0.99%,-3670.12,-0.79%,-539870.94,-0.42%
706,Exit short,LONG,2025-05-08 23:00,"100,730.9",4.635766,-6835.9,-1.49%,706.03,0.15%,-10369.75,-2.25%,-546706.8,-1.49%
706,Entry short,SHORT,2025-05-08 21:00,"99,256.3",4.635766,-6835.9,-1.49%,706.03,0.15%,-10369.75,-2.25%,-546706.8,-1.49%
707,Exit long,SHORT,2025-05-09 11:00,"102,419.5",4.50005,7598.78,1.68%,16084.98,3.55%,-814.06,-0.18%,-539108.06,1.68%
707,Entry long,LONG,2025-05-08 23:00,"100,730.9",4.50005,7598.78,1.68%,16084.98,3.55%,-814.06,-0.18%,-539108.06,1.68%
708,Exit short,LONG,2025-05-09 13:30,"103,091.2",4.500041,-3022.68,-0.66%,332.1,0.07%,-3523.53,-0.76%,-542130.7,-0.66%
708,Entry short,SHORT,2025-05-09 11:00,"102,419.5",4.500041,-3022.68,-0.66%,332.1,0.07%,-3523.53,-0.76%,-542130.7,-0.66%
709,Exit long,Close entry(s) order LONG,2025-05-10 08:00,"102,821.0",4.4414,-1200.07,-0.26%,5692.99,1.24%,-3780.52,-0.83%,-543330.8,-0.26%
709,Entry long,LONG,2025-05-09 13:30,"103,091.2",4.4414,-1200.07,-0.26%,5692.99,1.24%,-3780.52,-0.83%,-543330.8,-0.26%
710,Exit short,Close entry(s) order SHORT,2025-05-11 06:30,"104,772.2",4.406017,-4959.41,-1.09%,3113.29,0.68%,-5963.54,-1.31%,-548290.2,-1.09%
710,Entry short,SHORT,2025-05-10 20:00,"103,646.6",4.406017,-4959.41,-1.09%,3113.29,0.68%,-5963.54,-1.31%,-548290.2,-1.09%
711,Exit short,Close entry(s) order SHORT,2025-05-13 06:00,"102,812.5",4.355714,3887.47,0.86%,13184.75,2.92%,-3985.91,-0.88%,-544402.75,0.86%
711,Entry short,SHORT,2025-05-12 19:00,"103,705.0",4.355714,3887.47,0.86%,13184.75,2.92%,-3985.91,-0.88%,-544402.75,0.86%
712,Exit short,LONG,2025-05-15 19:30,"102,477.9",4.473437,-2831.69,-0.62%,1842.61,0.40%,-3183.74,-0.70%,-547234.44,-0.62%
712,Entry short,SHORT,2025-05-15 14:30,"101,844.9",4.473437,-2831.69,-0.62%,1842.61,0.40%,-3183.74,-0.70%,-547234.44,-0.62%
713,Exit long,Close entry(s) order LONG,2025-05-16 15:30,"103,223.8",4.418169,3295.51,0.73%,8669.33,1.91%,-5333.17,-1.18%,-543938.9,0.73%
713,Entry long,LONG,2025-05-15 19:30,"102,477.9",4.418169,3295.51,0.73%,8669.33,1.91%,-5333.17,-1.18%,-543938.9,0.73%
714,Exit short,LONG,2025-05-19 05:30,"105,000.2",4.390682,-4961.03,-1.09%,203.73,0.04%,-5081.34,-1.11%,-548899.94,-1.09%
714,Entry short,SHORT,2025-05-19 03:30,"103,870.3",4.390682,-4961.03,-1.09%,203.73,0.04%,-5081.34,-1.11%,-548899.94,-1.09%
715,Exit long,Close entry(s) order LONG,2025-05-19 10:00,"104,610.4",4.296174,-1674.65,-0.37%,9082.54,2.01%,-2020.06,-0.45%,-550574.56,-0.37%
715,Entry long,LONG,2025-05-19 05:30,"105,000.2",4.296174,-1674.65,-0.37%,9082.54,2.01%,-2020.06,-0.45%,-550574.56,-0.37%
716,Exit long,SHORT,2025-05-20 11:30,"105,523.0",4.223621,-3736.21,-0.83%,1657.35,0.37%,-3917.41,-0.87%,-554310.8,-0.83%
716,Entry long,LONG,2025-05-20 09:00,"106,407.6",4.223621,-3736.21,-0.83%,1657.35,0.37%,-3917.41,-0.87%,-554310.8,-0.83%
717,Exit short,Close entry(s) order SHORT,2025-05-20 12:30,"106,293.6",4.223621,-3254.72,-0.73%,89.54,0.02%,-3582.9,-0.80%,-557565.5,-0.73%
717,Entry short,SHORT,2025-05-20 11:30,"105,523.0",4.223621,-3254.72,-0.73%,89.54,0.02%,-3582.9,-0.80%,-557565.5,-0.73%
718,Exit short,Close entry(s) order SHORT,2025-05-21 01:00,"106,153.6",4.171328,-367.49,-0.08%,8135.34,1.84%,-958.57,-0.22%,-557933,-0.08%
718,Entry short,SHORT,2025-05-20 13:00,"106,065.5",4.171328,-367.49,-0.08%,8135.34,1.84%,-958.57,-0.22%,-557933,-0.08%
719,Exit short,LONG,2025-05-22 19:00,"110,944.0",3.993858,-1028.02,-0.23%,1789.65,0.40%,-2465.01,-0.56%,-558961,-0.23%
719,Entry short,SHORT,2025-05-22 14:30,"110,686.6",3.993858,-1028.02,-0.23%,1789.65,0.40%,-2465.01,-0.56%,-558961,-0.23%
720,Exit long,Close entry(s) order LONG,2025-05-23 04:30,"110,766.4",3.975322,-706.02,-0.16%,4036.94,0.92%,-1793.67,-0.41%,-559667.06,-0.16%
720,Entry long,LONG,2025-05-22 19:00,"110,944.0",3.975322,-706.02,-0.16%,4036.94,0.92%,-1793.67,-0.41%,-559667.06,-0.16%
721,Exit short,LONG,2025-05-24 11:00,"108,306.7",4.052146,1458.37,0.33%,7880.21,1.79%,-4430.62,-1.01%,-558208.7,0.33%
721,Entry short,SHORT,2025-05-23 23:30,"108,666.6",4.052146,1458.37,0.33%,7880.21,1.79%,-4430.62,-1.01%,-558208.7,0.33%
722,Exit long,SHORT,2025-05-24 15:30,"107,848.6",4.079069,-1868.62,-0.42%,870.07,0.20%,-3209,-0.73%,-560077.3,-0.42%
722,Entry long,LONG,2025-05-24 11:00,"108,306.7",4.079069,-1868.62,-0.42%,870.07,0.20%,-3209,-0.73%,-560077.3,-0.42%
723,Exit short,LONG,2025-05-24 16:30,"108,297.0",4.079076,-1829.06,-0.42%,189.68,0.04%,-2188.02,-0.50%,-561906.4,-0.42%
723,Entry short,SHORT,2025-05-24 15:30,"107,848.6",4.079076,-1829.06,-0.42%,189.68,0.04%,-2188.02,-0.50%,-561906.4,-0.42%
724,Exit long,Close entry(s) order LONG,2025-05-25 04:30,"108,661.8",4.045298,1475.72,0.34%,4624.58,1.06%,-764.16,-0.17%,-560430.6,0.34%
724,Entry long,LONG,2025-05-24 16:30,"108,297.0",4.045298,1475.72,0.34%,4624.58,1.06%,-764.16,-0.17%,-560430.6,0.34%
725,Exit long,Close entry(s) order LONG,2025-05-25 13:30,"107,937.0",4.067634,-521.06,-0.12%,133.42,0.03%,-964.44,-0.22%,-560951.7,-0.12%
725,Entry long,LONG,2025-05-25 13:00,"108,065.1",4.067634,-521.06,-0.12%,133.42,0.03%,-964.44,-0.22%,-560951.7,-0.12%
726,Exit long,SHORT,2025-05-25 23:30,"106,675.3",4.084174,-3368.22,-0.77%,810.3,0.18%,-4096.43,-0.93%,-564319.94,-0.77%
726,Entry long,LONG,2025-05-25 20:30,"107,500.0",4.084174,-3368.22,-0.77%,810.3,0.18%,-4096.43,-0.93%,-564319.94,-0.77%
727,Exit short,LONG,2025-05-26 01:30,"107,485.0",4.08417,-3306.95,-0.76%,86.58,0.02%,-3634.91,-0.83%,-567626.9,-0.76%
727,Entry short,SHORT,2025-05-25 23:30,"106,675.3",4.08417,-3306.95,-0.76%,86.58,0.02%,-3634.91,-0.83%,-567626.9,-0.76%
728,Exit long,SHORT,2025-05-26 05:00,"107,406.8",4.022629,-314.57,-0.07%,1621.12,0.37%,-1473.09,-0.34%,-567941.44,-0.07%
728,Entry long,LONG,2025-05-26 01:30,"107,485.0",4.022629,-314.57,-0.07%,1621.12,0.37%,-1473.09,-0.34%,-567941.44,-0.07%
729,Exit short,Close entry(s) order SHORT,2025-05-26 05:30,"108,283.0",4.022636,-3524.63,-0.82%,460.59,0.11%,-4968.76,-1.15%,-571466.06,-0.82%
729,Entry short,SHORT,2025-05-26 05:00,"107,406.8",4.022636,-3524.63,-0.82%,460.59,0.11%,-4968.76,-1.15%,-571466.06,-0.82%
730,Exit long,SHORT,2025-05-27 01:30,"109,252.2",3.927086,508.95,0.12%,5016.46,1.17%,-2448.15,-0.57%,-570957.1,0.12%
730,Entry long,LONG,2025-05-26 06:00,"109,122.6",3.927086,508.95,0.12%,5016.46,1.17%,-2448.15,-0.57%,-570957.1,0.12%
731,Exit short,Close entry(s) order SHORT,2025-05-27 04:00,"109,547.7",3.927086,-1160.45,-0.27%,1748.34,0.41%,-1427.5,-0.33%,-572117.56,-0.27%
731,Entry short,SHORT,2025-05-27 01:30,"109,252.2",3.927086,-1160.45,-0.27%,1748.34,0.41%,-1427.5,-0.33%,-572117.56,-0.27%
732,Exit long,Close entry(s) order LONG,2025-05-29 21:30,"106,999.9",3.972058,-2872.59,-0.67%,4515.83,1.06%,-3359.17,-0.79%,-574990.2,-0.67%
732,Entry long,LONG,2025-05-29 07:00,"107,723.1",3.972058,-2872.59,-0.67%,4515.83,1.06%,-3359.17,-0.79%,-574990.2,-0.67%
733,Exit short,LONG,2025-05-30 11:00,"105,978.8",4.051559,-4368.8,-1.03%,50.64,0.01%,-5015.83,-1.18%,-579358.94,-1.03%
733,Entry short,SHORT,2025-05-30 08:00,"104,900.5",4.051559,-4368.8,-1.03%,50.64,0.01%,-5015.83,-1.18%,-579358.94,-1.03%
734,Exit long,SHORT,2025-05-30 14:00,"105,671.4",3.969105,-1220.1,-0.29%,1139.93,0.27%,-2025.43,-0.48%,-580579.06,-0.29%
734,Entry long,LONG,2025-05-30 11:00,"105,978.8",3.969105,-1220.1,-0.29%,1139.93,0.27%,-2025.43,-0.48%,-580579.06,-0.29%
735,Exit short,LONG,2025-05-30 18:00,"105,863.4",3.969105,-762.07,-0.18%,4379.51,1.04%,-827.96,-0.20%,-581341.1,-0.18%
735,Entry short,SHORT,2025-05-30 14:00,"105,671.4",3.969105,-762.07,-0.18%,4379.51,1.04%,-827.96,-0.20%,-581341.1,-0.18%
736,Exit long,SHORT,2025-05-30 21:30,"105,174.1",3.954708,-2725.98,-0.65%,338.92,0.08%,-3414.1,-0.82%,-584067.1,-0.65%
736,Entry long,LONG,2025-05-30 18:00,"105,863.4",3.954708,-2725.98,-0.65%,338.92,0.08%,-3414.1,-0.82%,-584067.1,-0.65%
737,Exit short,LONG,2025-05-31 20:00,"103,984.1",3.954708,4706.1,1.13%,8470.98,2.04%,-2457.06,-0.59%,-579361,1.13%
737,Entry short,SHORT,2025-05-30 21:30,"105,174.1",3.954708,4706.1,1.13%,8470.98,2.04%,-2457.06,-0.59%,-579361,1.13%
738,Exit long,SHORT,2025-06-01 08:00,"104,408.7",4.045216,1717.6,0.41%,3540.37,0.84%,-256.47,-0.06%,-577643.44,0.41%
738,Entry long,LONG,2025-05-31 20:00,"103,984.1",4.045216,1717.6,0.41%,3540.37,0.84%,-256.47,-0.06%,-577643.44,0.41%
739,Exit short,Close entry(s) order SHORT,2025-06-01 12:00,"104,587.8",4.045224,-724.5,-0.17%,2215.97,0.52%,-1178.37,-0.28%,-578367.94,-0.17%
739,Entry short,SHORT,2025-06-01 08:00,"104,408.7",4.045224,-724.5,-0.17%,2215.97,0.52%,-1178.37,-0.28%,-578367.94,-0.17%
740,Exit long,SHORT,2025-06-07 04:30,"104,266.9",4.127654,8745.67,2.07%,12939.78,3.07%,-611.31,-0.14%,-569622.25,2.07%
740,Entry long,LONG,2025-06-06 10:00,"102,148.1",4.127654,8745.67,2.07%,12939.78,3.07%,-611.31,-0.14%,-569622.25,2.07%
741,Exit short,Close entry(s) order SHORT,2025-06-07 08:30,"104,381.4",4.127654,-472.62,-0.11%,1926.79,0.45%,-1065.76,-0.25%,-570094.9,-0.11%
741,Entry short,SHORT,2025-06-07 04:30,"104,266.9",4.127654,-472.62,-0.11%,1926.79,0.45%,-1065.76,-0.25%,-570094.9,-0.11%
742,Exit short,Close entry(s) order SHORT,2025-06-08 20:30,"105,687.6",4.076108,-889,-0.21%,2209.66,0.51%,-1186.15,-0.28%,-570983.9,-0.21%
742,Entry short,SHORT,2025-06-08 07:30,"105,469.5",4.076108,-889,-0.21%,2209.66,0.51%,-1186.15,-0.28%,-570983.9,-0.21%
743,Exit short,Close entry(s) order SHORT,2025-06-09 16:00,"105,889.8",4.061302,-1034.41,-0.24%,1551.01,0.36%,-1196.87,-0.28%,-572018.25,-0.24%
743,Entry short,SHORT,2025-06-09 06:30,"105,635.1",4.061302,-1034.41,-0.24%,1551.01,0.36%,-1196.87,-0.28%,-572018.25,-0.24%
744,Exit long,SHORT,2025-06-10 11:00,"109,525.9",3.952447,4913.68,1.15%,9370.86,2.19%,-233.19,-0.05%,-567104.56,1.15%
744,Entry long,LONG,2025-06-10 01:00,"108,282.7",3.952447,4913.68,1.15%,9370.86,2.19%,-233.19,-0.05%,-567104.56,1.15%
745,Exit short,LONG,2025-06-10 20:30,"109,675.2",3.952447,-590.1,-0.14%,2038.28,0.47%,-1292.45,-0.30%,-567694.7,-0.14%
745,Entry short,SHORT,2025-06-10 11:00,"109,525.9",3.952447,-590.1,-0.14%,2038.28,0.47%,-1292.45,-0.30%,-567694.7,-0.14%
746,Exit long,Close entry(s) order LONG,2025-06-10 21:00,"109,266.9",3.941679,-1609.39,-0.37%,220.73,0.05%,-3458.43,-0.80%,-569304.06,-0.37%
746,Entry long,LONG,2025-06-10 20:30,"109,675.2",3.941679,-1609.39,-0.37%,220.73,0.05%,-3458.43,-0.80%,-569304.06,-0.37%
747,Exit long,SHORT,2025-06-11 09:00,"109,562.6",3.907056,-2628.67,-0.61%,45.32,0.01%,-2791.2,-0.65%,-571932.75,-0.61%
747,Entry long,LONG,2025-06-11 07:00,"110,235.4",3.907056,-2628.67,-0.61%,45.32,0.01%,-2791.2,-0.65%,-571932.75,-0.61%
748,Exit short,Close entry(s) order SHORT,2025-06-11 21:30,"110,191.1",3.907056,-2455.58,-0.57%,2393.07,0.56%,-2981.47,-0.70%,-574388.3,-0.57%
748,Entry short,SHORT,2025-06-11 09:00,"109,562.6",3.907056,-2455.58,-0.57%,2393.07,0.56%,-2981.47,-0.70%,-574388.3,-0.57%
749,Exit long,SHORT,2025-06-13 03:30,"106,852.4",3.936511,-4985.98,-1.17%,1099.86,0.26%,-7160.51,-1.68%,-579374.3,-1.17%
749,Entry long,LONG,2025-06-13 00:30,"108,119.0",3.936511,-4985.98,-1.17%,1099.86,0.26%,-7160.51,-1.68%,-579374.3,-1.17%
750,Exit short,LONG,2025-06-13 14:30,"104,727.0",3.936511,8366.66,1.99%,16684.51,3.97%,-221.23,-0.05%,-571007.6,1.99%
750,Entry short,SHORT,2025-06-13 03:30,"106,852.4",3.936511,8366.66,1.99%,16684.51,3.97%,-221.23,-0.05%,-571007.6,1.99%
751,Exit long,Close entry(s) order LONG,2025-06-13 21:30,"104,110.3",4.096284,-2526.18,-0.59%,3001.35,0.70%,-2568.37,-0.60%,-573533.8,-0.59%
751,Entry long,LONG,2025-06-13 14:30,"104,727.0",4.096284,-2526.18,-0.59%,3001.35,0.70%,-2568.37,-0.60%,-573533.8,-0.59%
752,Exit long,Close entry(s) order LONG,2025-06-15 16:00,"105,149.7",4.057069,133.48,0.03%,3986.48,0.93%,-383.8,-0.09%,-573400.4,0.03%
752,Entry long,LONG,2025-06-15 04:30,"105,116.8",4.057069,133.48,0.03%,3986.48,0.93%,-383.8,-0.09%,-573400.4,0.03%
753,Exit long,SHORT,2025-06-17 07:30,"106,752.6",3.976117,-2138.75,-0.50%,6399.56,1.50%,-4860.8,-1.14%,-575539.1,-0.50%
753,Entry long,LONG,2025-06-16 21:30,"107,290.5",3.976117,-2138.75,-0.50%,6399.56,1.50%,-4860.8,-1.14%,-575539.1,-0.50%
754,Exit short,LONG,2025-06-17 11:00,"107,553.3",3.976117,-3183.68,-0.75%,943.93,0.22%,-3875.92,-0.91%,-578722.75,-0.75%
754,Entry short,SHORT,2025-06-17 07:30,"106,752.6",3.976117,-3183.68,-0.75%,943.93,0.22%,-3875.92,-0.91%,-578722.75,-0.75%
755,Exit long,Close entry(s) order LONG,2025-06-17 12:00,"107,286.9",3.916915,-1043.47,-0.25%,400.7,0.10%,-1151.96,-0.27%,-579766.25,-0.25%
755,Entry long,LONG,2025-06-17 11:00,"107,553.3",3.916915,-1043.47,-0.25%,400.7,0.10%,-1151.96,-0.27%,-579766.25,-0.25%
756,Exit short,Close entry(s) order SHORT,2025-06-18 11:00,"105,132.1",3.951199,4836.27,1.15%,12075.26,2.87%,-173.46,-0.04%,-574930,1.15%
756,Entry short,SHORT,2025-06-17 16:30,"106,356.1",3.951199,4836.27,1.15%,12075.26,2.87%,-173.46,-0.04%,-574930,1.15%
757,Exit short,LONG,2025-06-21 10:00,"103,448.8",4.09222,1734.28,0.41%,6618.35,1.56%,-2867.83,-0.67%,-573195.7,0.41%
757,Entry short,SHORT,2025-06-20 22:00,"103,872.6",4.09222,1734.28,0.41%,6618.35,1.56%,-2867.83,-0.67%,-573195.7,0.41%
758,Exit long,Close entry(s) order LONG,2025-06-21 22:00,"103,507.2",4.125754,240.94,0.06%,2029.05,0.48%,-743.46,-0.17%,-572954.75,0.06%
758,Entry long,LONG,2025-06-21 10:00,"103,448.8",4.125754,240.94,0.06%,2029.05,0.48%,-743.46,-0.17%,-572954.75,0.06%
759,Exit short,LONG,2025-06-22 13:00,"102,813.0",4.181515,-2868.52,-0.67%,187.33,0.04%,-3190.08,-0.75%,-575823.25,-0.67%
759,Entry short,SHORT,2025-06-22 10:30,"102,127.0",4.181515,-2868.52,-0.67%,187.33,0.04%,-3190.08,-0.75%,-575823.25,-0.67%
760,Exit long,Close entry(s) order LONG,2025-06-22 17:00,"102,158.1",4.125719,-2701.93,-0.64%,403.08,0.10%,-3261.38,-0.77%,-578525.2,-0.64%
760,Entry long,LONG,2025-06-22 13:00,"102,813.0",4.125719,-2701.93,-0.64%,403.08,0.10%,-3261.38,-0.77%,-578525.2,-0.64%
761,Exit short,LONG,2025-06-23 07:00,"100,904.7",4.236123,-5970.39,-1.42%,5845.43,1.39%,-6346.56,-1.51%,-584495.6,-1.42%
761,Entry short,SHORT,2025-06-22 21:30,"99,495.3",4.236123,-5970.39,-1.42%,5845.43,1.39%,-6346.56,-1.51%,-584495.6,-1.42%
762,Exit long,SHORT,2025-06-23 18:30,"101,180.1",4.11779,1134.04,0.27%,5148.89,1.24%,-1972.83,-0.47%,-583361.56,0.27%
762,Entry long,LONG,2025-06-23 07:00,"100,904.7",4.11779,1134.04,0.27%,5148.89,1.24%,-1972.83,-0.47%,-583361.56,0.27%
763,Exit short,Close entry(s) order SHORT,2025-06-24 02:30,"102,800.1",4.11779,-6670.82,-1.60%,6722.29,1.61%,-8621,-2.07%,-590032.4,-1.60%
763,Entry short,SHORT,2025-06-23 18:30,"101,180.1",4.11779,-6670.82,-1.60%,6722.29,1.61%,-8621,-2.07%,-590032.4,-1.60%
764,Exit long,Close entry(s) order LONG,2025-06-26 07:00,"107,280.1",3.866889,4872.67,1.19%,8026.5,1.96%,-1392.47,-0.34%,-585159.7,1.19%
764,Entry long,LONG,2025-06-25 04:00,"106,020.0",3.866889,4872.67,1.19%,8026.5,1.96%,-1392.47,-0.34%,-585159.7,1.19%
765,Exit short,LONG,2025-06-30 05:30,"107,971.8",3.86016,-1948.22,-0.47%,1016.38,0.25%,-2007.28,-0.48%,-587107.94,-0.47%
765,Entry short,SHORT,2025-06-29 23:30,"107,467.1",3.86016,-1948.22,-0.47%,1016.38,0.25%,-2007.28,-0.48%,-587107.94,-0.47%
766,Exit long,Close entry(s) order LONG,2025-06-30 13:30,"108,099.9",3.824073,489.86,0.12%,3105.53,0.75%,-756.78,-0.18%,-586618.06,0.12%
766,Entry long,LONG,2025-06-30 05:30,"107,971.8",3.824073,489.86,0.12%,3105.53,0.75%,-756.78,-0.18%,-586618.06,0.12%
767,Exit long,SHORT,2025-07-03 10:00,"108,676.7",3.904769,10975.52,2.66%,14933.79,3.61%,-206.95,-0.05%,-575642.56,2.66%
767,Entry long,LONG,2025-07-02 10:00,"105,865.9",3.904769,10975.52,2.66%,14933.79,3.61%,-206.95,-0.05%,-575642.56,2.66%
768,Exit short,Close entry(s) order SHORT,2025-07-03 12:30,"109,061.7",3.904769,-1503.34,-0.35%,654.44,0.15%,-2158.17,-0.51%,-577145.9,-0.35%
768,Entry short,SHORT,2025-07-03 10:00,"108,676.7",3.904769,-1503.34,-0.35%,654.44,0.15%,-2158.17,-0.51%,-577145.9,-0.35%
769,Exit short,Close entry(s) order SHORT,2025-07-03 21:00,"110,220.3",3.870071,-3706.75,-0.88%,21.29,0.01%,-4727.29,-1.12%,-580852.6,-0.88%
769,Entry short,SHORT,2025-07-03 20:30,"109,262.5",3.870071,-3706.75,-0.88%,21.29,0.01%,-4727.29,-1.12%,-580852.6,-0.88%
770,Exit short,Close entry(s) order SHORT,2025-07-04 03:30,"109,825.7",3.821896,-595.45,-0.14%,2690.23,0.64%,-749.09,-0.18%,-581448.06,-0.14%
770,Entry short,SHORT,2025-07-03 22:00,"109,669.9",3.821896,-595.45,-0.14%,2690.23,0.64%,-749.09,-0.18%,-581448.06,-0.14%
771,Exit short,LONG,2025-07-05 06:30,"108,049.9",3.850403,2516.62,0.60%,5789.08,1.38%,-1415.41,-0.34%,-578931.44,0.60%
771,Entry short,SHORT,2025-07-04 14:30,"108,703.5",3.850403,2516.62,0.60%,5789.08,1.38%,-1415.41,-0.34%,-578931.44,0.60%
772,Exit long,Close entry(s) order LONG,2025-07-05 19:30,"107,961.6",3.896982,-344.1,-0.08%,1240.02,0.29%,-1409.15,-0.33%,-579275.56,-0.08%
772,Entry long,LONG,2025-07-05 06:30,"108,049.9",3.896982,-344.1,-0.08%,1240.02,0.29%,-1409.15,-0.33%,-579275.56,-0.08%
773,Exit long,SHORT,2025-07-07 08:30,"108,866.6",3.850971,-1482.24,-0.35%,1668.24,0.40%,-2421.88,-0.58%,-580757.8,-0.35%
773,Entry long,LONG,2025-07-07 04:30,"109,251.5",3.850971,-1482.24,-0.35%,1668.24,0.40%,-2421.88,-0.58%,-580757.8,-0.35%
774,Exit short,Close entry(s) order SHORT,2025-07-07 09:30,"109,400.0",3.850971,-2054.11,-0.49%,20.8,0.00%,-2349.86,-0.56%,-582811.94,-0.49%
774,Entry short,SHORT,2025-07-07 08:30,"108,866.6",3.850971,-2054.11,-0.49%,20.8,0.00%,-2349.86,-0.56%,-582811.94,-0.49%
775,Exit short,Open,2025-07-07 16:31,"108,784.0",3.826437,932.89,0.22%,1594.86,0.38%,-371.93,-0.09%,-581879,0.22%
775,Entry short,SHORT,2025-07-07 13:00,"109,027.8",3.826437,932.89,0.22%,1594.86,0.38%,-371.93,-0.09%,-581879,0.22%
