Trade #,Type,Signal,Date/Time,Price USDT,Quantity,P&L USDT,P&L %,Run-up USDT,Run-up %,Drawdown USDT,Drawdown %,Cumulative P&L USDT,Cumulative P&L %
1,Exit short,LONG,11/27/2019 23:00,"7,304.22",141.58349,-34158.43,-3.42%,31567.46,3.16%,-42905.46,-4.29%,-34158.43,-3.42%
1,Entry short,SHORT,11/27/2019 13:00,"7,062.96",141.58349,-34158.43,-3.42%,31567.46,3.16%,-42905.46,-4.29%,-34158.43,-3.42%
2,Exit long,SHORT,11/29/2019 6:00,"7,387.89",132.17965,11059.47,1.15%,46365.98,4.80%,-12442.07,-1.29%,-23098.96,1.15%
2,Entry long,LONG,11/27/2019 23:00,"7,304.22",132.17965,11059.47,1.15%,46365.98,4.80%,-12442.07,-1.29%,-23098.96,1.15%
3,Exit short,LONG,11/29/2019 12:00,"7,473.01",132.23005,-11255.42,-1.15%,3687.9,0.38%,-17143.63,-1.75%,-34354.38,-1.15%
3,Entry short,SHORT,11/29/2019 6:00,"7,387.89",132.23005,-11255.42,-1.15%,3687.9,0.38%,-17143.63,-1.75%,-34354.38,-1.15%
4,Exit long,SHORT,11/30/2019 19:00,"7,656.23",129.23875,23679.12,2.45%,48721.72,5.04%,-7755.62,-0.80%,-10675.26,2.45%
4,Entry long,LONG,11/29/2019 12:00,"7,473.01",129.23875,23679.12,2.45%,48721.72,5.04%,-7755.62,-0.80%,-10675.26,2.45%
5,Exit short,LONG,12/1/2019 22:00,"7,391.57",129.21826,34198.91,3.46%,57661.06,5.83%,-7871.98,-0.80%,23523.65,3.46%
5,Entry short,SHORT,11/30/2019 19:00,"7,656.23",129.21826,34198.91,3.46%,57661.06,5.83%,-7871.98,-0.80%,23523.65,3.46%
6,Exit long,SHORT,12/1/2019 23:00,"7,306.21",138.46994,-11819.79,-1.15%,2678.01,0.26%,-17177.19,-1.68%,11703.85,-1.15%
6,Entry long,LONG,12/1/2019 22:00,"7,391.57",138.46994,-11819.79,-1.15%,2678.01,0.26%,-17177.19,-1.68%,11703.85,-1.15%
7,Exit short,LONG,12/2/2019 5:00,"7,366.75",138.47177,-8383.08,-0.83%,4288.47,0.42%,-10633.25,-1.05%,3320.77,-0.83%
7,Entry short,SHORT,12/1/2019 23:00,"7,306.21",138.47177,-8383.08,-0.83%,4288.47,0.42%,-10633.25,-1.05%,3320.77,-0.83%
8,Exit long,SHORT,12/2/2019 14:00,"7,254.55",136.1992,-15281.55,-1.52%,9542.12,0.95%,-29371.36,-2.93%,-11960.78,-1.52%
8,Entry long,LONG,12/2/2019 5:00,"7,366.75",136.1992,-15281.55,-1.52%,9542.12,0.95%,-29371.36,-2.93%,-11960.78,-1.52%
9,Exit short,LONG,12/2/2019 21:00,"7,307.46",136.19579,-7206.12,-0.73%,10015.84,1.01%,-15587.61,-1.58%,-19166.9,-0.73%
9,Entry short,SHORT,12/2/2019 14:00,"7,254.55",136.19579,-7206.12,-0.73%,10015.84,1.01%,-15587.61,-1.58%,-19166.9,-0.73%
10,Exit long,SHORT,12/3/2019 1:00,"7,285.99",134.23574,-2882.04,-0.29%,6784.27,0.69%,-8208.52,-0.84%,-22048.94,-0.29%
10,Entry long,LONG,12/2/2019 21:00,"7,307.46",134.23574,-2882.04,-0.29%,6784.27,0.69%,-8208.52,-0.84%,-22048.94,-0.29%
11,Exit short,LONG,12/3/2019 6:00,"7,326.12",134.22349,-5386.39,-0.55%,3441.49,0.35%,-8591.65,-0.88%,-27435.33,-0.55%
11,Entry short,SHORT,12/3/2019 1:00,"7,285.99",134.22349,-5386.39,-0.55%,3441.49,0.35%,-8591.65,-0.88%,-27435.33,-0.55%
12,Exit long,SHORT,12/3/2019 13:00,"7,276.60",132.72097,-6572.34,-0.68%,9805.42,1.01%,-8507.41,-0.87%,-34007.67,-0.68%
12,Entry long,LONG,12/3/2019 6:00,"7,326.12",132.72097,-6572.34,-0.68%,9805.42,1.01%,-8507.41,-0.87%,-34007.67,-0.68%
13,Exit short,LONG,12/3/2019 22:00,"7,334.42",132.75325,-7675.79,-0.79%,4679.55,0.48%,-9345.83,-0.97%,-41683.46,-0.79%
13,Entry short,SHORT,12/3/2019 13:00,"7,276.60",132.75325,-7675.79,-0.79%,4679.55,0.48%,-9345.83,-0.97%,-41683.46,-0.79%
14,Exit long,SHORT,12/4/2019 8:00,"7,142.93",130.66339,-25020.73,-2.61%,2933.39,0.31%,-29320.86,-3.06%,-66704.2,-2.61%
14,Entry long,LONG,12/3/2019 22:00,"7,334.42",130.66339,-25020.73,-2.61%,2933.39,0.31%,-29320.86,-3.06%,-66704.2,-2.61%
15,Exit short,LONG,12/4/2019 18:00,"7,222.78",130.66007,-10433.21,-1.12%,9921.02,1.06%,-11320.39,-1.21%,-77137.41,-1.12%
15,Entry short,SHORT,12/4/2019 8:00,"7,142.93",130.66007,-10433.21,-1.12%,9921.02,1.06%,-11320.39,-1.21%,-77137.41,-1.12%
16,Exit long,SHORT,12/5/2019 6:00,"7,216.12",127.7754,-850.98,-0.09%,67365.75,7.30%,-15688.26,-1.70%,-77988.39,-0.09%
16,Entry long,LONG,12/4/2019 18:00,"7,222.78",127.7754,-850.98,-0.09%,67365.75,7.30%,-15688.26,-1.70%,-77988.39,-0.09%
17,Exit short,LONG,12/5/2019 15:00,"7,306.96",127.7711,-11606.73,-1.26%,8448.23,0.92%,-20520.04,-2.23%,-89595.12,-1.26%
17,Entry short,SHORT,12/5/2019 6:00,"7,216.12",127.7711,-11606.73,-1.26%,8448.23,0.92%,-20520.04,-2.23%,-89595.12,-1.26%
18,Exit long,SHORT,12/6/2019 1:00,"7,342.55",124.60215,4434.59,0.49%,22184.17,2.44%,-5228.31,-0.57%,-85160.52,0.49%
18,Entry long,LONG,12/5/2019 15:00,"7,306.96",124.60215,4434.59,0.49%,22184.17,2.44%,-5228.31,-0.57%,-85160.52,0.49%
19,Exit short,LONG,12/6/2019 4:00,"7,377.76",124.59424,-4386.96,-0.48%,1863.93,0.20%,-10184.33,-1.11%,-89547.48,-0.48%
19,Entry short,SHORT,12/6/2019 1:00,"7,342.55",124.59424,-4386.96,-0.48%,1863.93,0.20%,-10184.33,-1.11%,-89547.48,-0.48%
20,Exit long,SHORT,12/6/2019 18:00,"7,330.37",123.43257,-5849.47,-0.64%,8595.84,0.94%,-7881.17,-0.87%,-95396.95,-0.64%
20,Entry long,LONG,12/6/2019 4:00,"7,377.76",123.43257,-5849.47,-0.64%,8595.84,0.94%,-7881.17,-0.87%,-95396.95,-0.64%
21,Exit short,LONG,12/6/2019 22:00,"7,381.61",123.40483,-6323.26,-0.70%,3130.78,0.35%,-8345.87,-0.92%,-101720.22,-0.70%
21,Entry short,SHORT,12/6/2019 18:00,"7,330.37",123.40483,-6323.26,-0.70%,3130.78,0.35%,-8345.87,-0.92%,-101720.22,-0.70%
22,Exit long,SHORT,12/7/2019 17:00,"7,494.11",121.69357,13690.53,1.52%,28964.29,3.22%,-3602.13,-0.40%,-88029.69,1.52%
22,Entry long,LONG,12/6/2019 22:00,"7,381.61",121.69357,13690.53,1.52%,28964.29,3.22%,-3602.13,-0.40%,-88029.69,1.52%
23,Exit short,LONG,12/8/2019 18:00,"7,486.66",121.6916,906.6,0.10%,14511.72,1.59%,-7020.39,-0.77%,-87123.09,0.10%
23,Entry short,SHORT,12/7/2019 17:00,"7,494.11",121.6916,906.6,0.10%,14511.72,1.59%,-7020.39,-0.77%,-87123.09,0.10%
24,Exit long,SHORT,12/9/2019 9:00,"7,479.46",121.93347,-877.92,-0.10%,9430.33,1.03%,-2641.08,-0.29%,-88001.02,-0.10%
24,Entry long,LONG,12/8/2019 18:00,"7,486.66",121.93347,-877.92,-0.10%,9430.33,1.03%,-2641.08,-0.29%,-88001.02,-0.10%
25,Exit short,LONG,12/9/2019 22:00,"7,545.92",121.9338,-8103.72,-0.89%,4806.63,0.53%,-8601.21,-0.94%,-96104.73,-0.89%
25,Entry short,SHORT,12/9/2019 9:00,"7,479.46",121.9338,-8103.72,-0.89%,4806.63,0.53%,-8601.21,-0.94%,-96104.73,-0.89%
26,Exit long,SHORT,12/10/2019 4:00,"7,302.05",119.91095,-29242.68,-3.23%,12480.33,1.38%,-32726.1,-3.62%,-125347.41,-3.24%
26,Entry long,LONG,12/9/2019 22:00,"7,545.92",119.91095,-29242.68,-3.23%,12480.33,1.38%,-32726.1,-3.62%,-125347.41,-3.24%
27,Exit short,LONG,12/10/2019 11:00,"7,383.74",119.78176,-9784.97,-1.12%,1281.66,0.15%,-12642.96,-1.45%,-135132.39,-1.12%
27,Entry short,SHORT,12/10/2019 4:00,"7,302.05",119.78176,-9784.97,-1.12%,1281.66,0.15%,-12642.96,-1.45%,-135132.39,-1.12%
28,Exit long,SHORT,12/10/2019 16:00,"7,307.21",117.16699,-8966.79,-1.04%,1797.34,0.21%,-11217.57,-1.30%,-144099.17,-1.04%
28,Entry long,LONG,12/10/2019 11:00,"7,383.74",117.16699,-8966.79,-1.04%,1797.34,0.21%,-11217.57,-1.30%,-144099.17,-1.04%
29,Exit short,LONG,12/11/2019 19:00,"7,227.36",117.131,9352.91,1.09%,17582.54,2.05%,-7171.93,-0.84%,-134746.27,1.09%
29,Entry short,SHORT,12/10/2019 16:00,"7,307.21",117.131,9352.91,1.09%,17582.54,2.05%,-7171.93,-0.84%,-134746.27,1.09%
30,Exit long,SHORT,12/12/2019 2:00,"7,188.12",119.71919,-4697.78,-0.54%,4746.87,0.55%,-12175.44,-1.41%,-139444.05,-0.54%
30,Entry long,LONG,12/11/2019 19:00,"7,227.36",119.71919,-4697.78,-0.54%,4746.87,0.55%,-12175.44,-1.41%,-139444.05,-0.54%
31,Exit short,LONG,12/12/2019 7:00,"7,210.00",119.71919,-2619.46,-0.30%,2169.31,0.25%,-3110.3,-0.36%,-142063.5,-0.30%
31,Entry short,SHORT,12/12/2019 2:00,"7,188.12",119.71919,-2619.46,-0.30%,2169.31,0.25%,-3110.3,-0.36%,-142063.5,-0.30%
32,Exit long,SHORT,12/12/2019 12:00,"7,149.98",118.99257,-7141.93,-0.83%,10114.37,1.18%,-15433.34,-1.80%,-149205.44,-0.83%
32,Entry long,LONG,12/12/2019 7:00,"7,210.00",118.99257,-7141.93,-0.83%,10114.37,1.18%,-15433.34,-1.80%,-149205.44,-0.83%
33,Exit short,LONG,12/12/2019 13:00,"7,163.41",118.99257,-1598.07,-0.19%,674.69,0.08%,-2007.4,-0.24%,-150803.52,-0.19%
33,Entry short,SHORT,12/12/2019 12:00,"7,149.98",118.99257,-1598.07,-0.19%,674.69,0.08%,-2007.4,-0.24%,-150803.52,-0.19%
34,Exit long,SHORT,12/14/2019 17:00,"7,191.66",118.55933,3349.3,0.39%,17266.98,2.03%,-5739.46,-0.68%,-147454.2,0.39%
34,Entry long,LONG,12/12/2019 13:00,"7,163.41",118.55933,3349.3,0.39%,17266.98,2.03%,-5739.46,-0.68%,-147454.2,0.39%
35,Exit short,LONG,12/15/2019 16:00,"7,151.20",118.54645,4796.39,0.56%,21730.75,2.55%,-1024.24,-0.12%,-142657.81,0.56%
35,Entry short,SHORT,12/14/2019 17:00,"7,191.66",118.54645,4796.39,0.56%,21730.75,2.55%,-1024.24,-0.12%,-142657.81,0.56%
36,Exit long,SHORT,12/15/2019 20:00,"7,080.25",119.88354,-8505.74,-0.99%,1196.44,0.14%,-10807.5,-1.26%,-151163.56,-0.99%
36,Entry long,LONG,12/15/2019 16:00,"7,151.20",119.88354,-8505.74,-0.99%,1196.44,0.14%,-10807.5,-1.26%,-151163.56,-0.99%
37,Exit short,LONG,12/16/2019 2:00,"7,124.26",119.88791,-5276.27,-0.62%,1225.25,0.14%,-6350.46,-0.75%,-156439.83,-0.62%
37,Entry short,SHORT,12/15/2019 20:00,"7,080.25",119.88791,-5276.27,-0.62%,1225.25,0.14%,-6350.46,-0.75%,-156439.83,-0.62%
38,Exit long,SHORT,12/16/2019 9:00,"7,095.36",118.42176,-3422.39,-0.41%,2061.72,0.24%,-7307.81,-0.87%,-159862.22,-0.41%
38,Entry long,LONG,12/16/2019 2:00,"7,124.26",118.42176,-3422.39,-0.41%,2061.72,0.24%,-7307.81,-0.87%,-159862.22,-0.41%
39,Exit short,LONG,12/16/2019 22:00,"7,115.98",118.40664,-2441.54,-0.29%,6260.16,0.75%,-6469.74,-0.77%,-162303.75,-0.29%
39,Entry short,SHORT,12/16/2019 9:00,"7,095.36",118.40664,-2441.54,-0.29%,6260.16,0.75%,-6469.74,-0.77%,-162303.75,-0.29%
40,Exit long,SHORT,12/17/2019 3:00,"6,902.68",117.72109,-25109.91,-3.00%,1518.6,0.18%,-31311.45,-3.74%,-187413.67,-3.00%
40,Entry long,LONG,12/16/2019 22:00,"7,115.98",117.72109,-25109.91,-3.00%,1518.6,0.18%,-31311.45,-3.74%,-187413.67,-3.00%
41,Exit short,LONG,12/19/2019 0:00,"6,877.46",117.72041,2968.91,0.37%,55055.48,6.78%,-4653.49,-0.57%,-184444.75,0.37%
41,Entry short,SHORT,12/17/2019 3:00,"6,902.68",117.72041,2968.91,0.37%,55055.48,6.78%,-4653.49,-0.57%,-184444.75,0.37%
42,Exit long,SHORT,12/19/2019 16:00,"7,076.78",118.67727,23654.75,2.90%,66760.71,8.18%,-6819.2,-0.84%,-160790,2.90%
42,Entry long,LONG,12/19/2019 0:00,"6,877.46",118.67727,23654.75,2.90%,66760.71,8.18%,-6819.2,-0.84%,-160790,2.90%
43,Exit short,LONG,12/19/2019 18:00,"7,153.72",118.58641,-9124.04,-1.09%,4562.02,0.54%,-14612.22,-1.74%,-169914.05,-1.09%
43,Entry short,SHORT,12/19/2019 16:00,"7,076.78",118.58641,-9124.04,-1.09%,4562.02,0.54%,-14612.22,-1.74%,-169914.05,-1.09%
44,Exit long,SHORT,12/20/2019 9:00,"7,102.27",116.03523,-5970.01,-0.72%,9315.31,1.12%,-10873.66,-1.31%,-175884.05,-0.72%
44,Entry long,LONG,12/19/2019 18:00,"7,153.72",116.03523,-5970.01,-0.72%,9315.31,1.12%,-10873.66,-1.31%,-175884.05,-0.72%
45,Exit short,LONG,12/20/2019 19:00,"7,149.87",116.03556,-5523.29,-0.67%,2307.95,0.28%,-8517.01,-1.03%,-181407.34,-0.67%
45,Entry short,SHORT,12/20/2019 9:00,"7,102.27",116.03556,-5523.29,-0.67%,2307.95,0.28%,-8517.01,-1.03%,-181407.34,-0.67%
46,Exit long,SHORT,12/21/2019 12:00,"7,148.32",114.50249,-177.48,-0.02%,8030.06,0.98%,-1931.66,-0.24%,-181584.83,-0.02%
46,Entry long,LONG,12/20/2019 19:00,"7,149.87",114.50249,-177.48,-0.02%,8030.06,0.98%,-1931.66,-0.24%,-181584.83,-0.02%
47,Exit short,LONG,12/22/2019 1:00,"7,152.42",114.49056,-469.41,-0.06%,4959.73,0.61%,-1528.45,-0.19%,-182054.23,-0.06%
47,Entry short,SHORT,12/21/2019 12:00,"7,148.32",114.49056,-469.41,-0.06%,4959.73,0.61%,-1528.45,-0.19%,-182054.23,-0.06%
48,Exit long,SHORT,12/24/2019 3:00,"7,432.38",114.36282,32017.02,3.91%,62094.44,7.59%,-3478.92,-0.43%,-150037.22,3.91%
48,Entry long,LONG,12/22/2019 1:00,"7,152.42",114.36282,32017.02,3.91%,62094.44,7.59%,-3478.92,-0.43%,-150037.22,3.91%
49,Exit short,LONG,12/24/2019 19:00,"7,373.55",114.35943,6727.77,0.79%,23586.63,2.78%,-173.83,-0.02%,-143309.45,0.79%
49,Entry short,SHORT,12/24/2019 3:00,"7,432.38",114.35943,6727.77,0.79%,23586.63,2.78%,-173.83,-0.02%,-143309.45,0.79%
50,Exit long,SHORT,12/24/2019 23:00,"7,277.47",116.18458,-11163.01,-1.30%,7334.73,0.86%,-15332.88,-1.79%,-154472.47,-1.30%
50,Entry long,LONG,12/24/2019 19:00,"7,373.55",116.18458,-11163.01,-1.30%,7334.73,0.86%,-15332.88,-1.79%,-154472.47,-1.30%
51,Exit short,LONG,12/26/2019 6:00,"7,213.56",116.18426,7425.34,0.88%,17266.14,2.04%,-3931.68,-0.46%,-147047.14,0.88%
51,Entry short,SHORT,12/24/2019 23:00,"7,277.47",116.18426,7425.34,0.88%,17266.14,2.04%,-3931.68,-0.46%,-147047.14,0.88%
52,Exit long,SHORT,12/26/2019 8:00,"7,191.93",118.24265,-2557.59,-0.30%,760.3,0.09%,-2961.98,-0.35%,-149604.72,-0.30%
52,Entry long,LONG,12/26/2019 6:00,"7,213.56",118.24265,-2557.59,-0.30%,760.3,0.09%,-2961.98,-0.35%,-149604.72,-0.30%
53,Exit short,LONG,12/26/2019 18:00,"7,217.63",118.24298,-3038.84,-0.36%,1789.02,0.21%,-5773.8,-0.68%,-152643.56,-0.36%
53,Entry short,SHORT,12/26/2019 8:00,"7,191.93",118.24298,-3038.84,-0.36%,1789.02,0.21%,-5773.8,-0.68%,-152643.56,-0.36%
54,Exit long,SHORT,12/26/2019 19:00,"7,189.06",117.40027,-3354.13,-0.40%,446.12,0.05%,-3736.85,-0.44%,-155997.69,-0.40%
54,Entry long,LONG,12/26/2019 18:00,"7,217.63",117.40027,-3354.13,-0.40%,446.12,0.05%,-3736.85,-0.44%,-155997.69,-0.40%
55,Exit short,LONG,12/26/2019 23:00,"7,231.83",117.40092,-5021.24,-0.59%,679.75,0.08%,-6450.01,-0.76%,-161018.94,-0.59%
55,Entry short,SHORT,12/26/2019 19:00,"7,189.06",117.40092,-5021.24,-0.59%,679.75,0.08%,-6450.01,-0.76%,-161018.94,-0.59%
56,Exit long,SHORT,12/27/2019 8:00,"7,206.34",116.02454,-2957.47,-0.35%,23572.71,2.81%,-8668.19,-1.03%,-163976.39,-0.35%
56,Entry long,LONG,12/26/2019 23:00,"7,231.83",116.02454,-2957.47,-0.35%,23572.71,2.81%,-8668.19,-1.03%,-163976.39,-0.35%
57,Exit short,LONG,12/28/2019 7:00,"7,254.77",116.01223,-5618.47,-0.67%,15072.31,1.80%,-8065.17,-0.96%,-169594.88,-0.67%
57,Entry short,SHORT,12/27/2019 8:00,"7,206.34",116.01223,-5618.47,-0.67%,15072.31,1.80%,-8065.17,-0.96%,-169594.88,-0.67%
58,Exit long,SHORT,12/29/2019 9:00,"7,289.69",114.46428,3997.09,0.48%,12618.54,1.52%,-1842.87,-0.22%,-165597.78,0.48%
58,Entry long,LONG,12/28/2019 7:00,"7,254.77",114.46428,3997.09,0.48%,12618.54,1.52%,-1842.87,-0.22%,-165597.78,0.48%
59,Exit short,LONG,12/29/2019 16:00,"7,353.89",114.46333,-7348.55,-0.88%,193.44,0.02%,-8124.61,-0.97%,-172946.33,-0.88%
59,Entry short,SHORT,12/29/2019 9:00,"7,289.69",114.46333,-7348.55,-0.88%,193.44,0.02%,-8124.61,-0.97%,-172946.33,-0.88%
60,Exit long,SHORT,12/30/2019 19:00,"7,314.74",112.44318,-4402.15,-0.53%,19628.08,2.37%,-6833.17,-0.83%,-177348.47,-0.53%
60,Entry long,LONG,12/29/2019 16:00,"7,353.89",112.44318,-4402.15,-0.53%,19628.08,2.37%,-6833.17,-0.83%,-177348.47,-0.53%
61,Exit short,LONG,1/2/2020 0:00,"7,244.34",112.4649,7917.53,0.96%,19088.67,2.32%,-3289.6,-0.40%,-169430.94,0.96%
61,Entry short,SHORT,12/30/2019 19:00,"7,314.74",112.4649,7917.53,0.96%,19088.67,2.32%,-3289.6,-0.40%,-169430.94,0.96%
62,Exit long,SHORT,1/2/2020 9:00,"7,190.99",114.61846,-6114.89,-0.74%,647.59,0.08%,-7930.45,-0.96%,-175545.84,-0.74%
62,Entry long,LONG,1/2/2020 0:00,"7,244.34",114.61846,-6114.89,-0.74%,647.59,0.08%,-7930.45,-0.96%,-175545.84,-0.74%
63,Exit short,LONG,1/3/2020 15:00,"7,202.28",114.65099,-1294.41,-0.16%,36682.59,4.45%,-8452.07,-1.03%,-176840.25,-0.16%
63,Entry short,SHORT,1/2/2020 9:00,"7,190.99",114.65099,-1294.41,-0.16%,36682.59,4.45%,-8452.07,-1.03%,-176840.25,-0.16%
64,Exit long,SHORT,1/4/2020 22:00,"7,315.51",114.26199,12937.89,1.57%,23163.19,2.81%,0,0.00%,-163902.36,1.57%
64,Entry long,LONG,1/3/2020 15:00,"7,202.28",114.26199,12937.89,1.57%,23163.19,2.81%,0,0.00%,-163902.36,1.57%
65,Exit short,LONG,1/5/2020 3:00,"7,334.89",114.29108,-2214.96,-0.26%,4948.8,0.59%,-10113.62,-1.21%,-166117.33,-0.26%
65,Entry short,SHORT,1/4/2020 22:00,"7,315.51",114.29108,-2214.96,-0.26%,4948.8,0.59%,-10113.62,-1.21%,-166117.33,-0.26%
66,Exit long,SHORT,1/6/2020 6:00,"7,355.73",113.689,2369.28,0.28%,18202.75,2.18%,-2753.55,-0.33%,-163748.05,0.28%
66,Entry long,LONG,1/5/2020 3:00,"7,334.89",113.689,2369.28,0.28%,18202.75,2.18%,-2753.55,-0.33%,-163748.05,0.28%
67,Exit short,LONG,1/6/2020 10:00,"7,551.47",113.68714,-22253.12,-2.66%,3948.35,0.47%,-23450.25,-2.80%,-186001.17,-2.66%
67,Entry short,SHORT,1/6/2020 6:00,"7,355.73",113.68714,-22253.12,-2.66%,3948.35,0.47%,-23450.25,-2.80%,-186001.17,-2.66%
68,Exit long,SHORT,1/7/2020 23:00,"7,764.04",107.7943,22913.83,2.81%,48348.98,5.94%,-9273.54,-1.14%,-163087.33,2.81%
68,Entry long,LONG,1/6/2020 10:00,"7,551.47",107.7943,22913.83,2.81%,48348.98,5.94%,-9273.54,-1.14%,-163087.33,2.81%
69,Exit short,LONG,1/8/2020 2:00,"8,038.54",107.79345,-29589.3,-3.54%,4347.31,0.52%,-40202.64,-4.80%,-192676.64,-3.54%
69,Entry short,SHORT,1/7/2020 23:00,"7,764.04",107.79345,-29589.3,-3.54%,4347.31,0.52%,-40202.64,-4.80%,-192676.64,-3.54%
70,Exit long,SHORT,1/9/2020 1:00,"8,077.68",100.45361,3931.75,0.49%,41834.91,5.18%,-9324.1,-1.15%,-188744.88,0.49%
70,Entry long,LONG,1/8/2020 2:00,"8,038.54",100.45361,3931.75,0.49%,41834.91,5.18%,-9324.1,-1.15%,-188744.88,0.49%
71,Exit short,LONG,1/10/2020 21:00,"7,870.70",100.43169,20787.35,2.56%,40743.13,5.02%,-4809.67,-0.59%,-167957.53,2.56%
71,Entry short,SHORT,1/9/2020 1:00,"8,077.68",100.43169,20787.35,2.56%,40743.13,5.02%,-4809.67,-0.59%,-167957.53,2.56%
72,Exit long,SHORT,1/12/2020 7:00,"8,020.01",105.72176,15785.32,1.90%,43942.19,5.28%,-2187.38,-0.26%,-152172.22,1.90%
72,Entry long,LONG,1/10/2020 21:00,"7,870.70",105.72176,15785.32,1.90%,43942.19,5.28%,-2187.38,-0.26%,-152172.22,1.90%
73,Exit short,LONG,1/12/2020 16:00,"8,138.71",105.71405,-12548.26,-1.48%,6343.9,0.75%,-14147.71,-1.67%,-164720.47,-1.48%
73,Entry short,SHORT,1/12/2020 7:00,"8,020.01",105.71405,-12548.26,-1.48%,6343.9,0.75%,-14147.71,-1.67%,-164720.47,-1.48%
74,Exit long,SHORT,1/13/2020 2:00,"8,119.91",102.58234,-1928.55,-0.23%,5979.52,0.72%,-6843.27,-0.82%,-166649.02,-0.23%
74,Entry long,LONG,1/12/2020 16:00,"8,138.71",102.58234,-1928.55,-0.23%,5979.52,0.72%,-6843.27,-0.82%,-166649.02,-0.23%
75,Exit short,LONG,1/13/2020 7:00,"8,184.97",102.63057,-6677.14,-0.80%,2944.47,0.35%,-6680.22,-0.80%,-173326.16,-0.80%
75,Entry short,SHORT,1/13/2020 2:00,"8,119.91",102.63057,-6677.14,-0.80%,2944.47,0.35%,-6680.22,-0.80%,-173326.16,-0.80%
76,Exit long,SHORT,1/13/2020 11:00,"8,105.73",100.99875,-8003.14,-0.97%,1114.02,0.13%,-9956.46,-1.20%,-181329.3,-0.97%
76,Entry long,LONG,1/13/2020 7:00,"8,184.97",100.99875,-8003.14,-0.97%,1114.02,0.13%,-9956.46,-1.20%,-181329.3,-0.97%
77,Exit short,LONG,1/13/2020 21:00,"8,087.24",100.999,1867.47,0.23%,5033.79,0.61%,-2915.84,-0.36%,-179461.83,0.23%
77,Entry short,SHORT,1/13/2020 11:00,"8,105.73",100.999,1867.47,0.23%,5033.79,0.61%,-2915.84,-0.36%,-179461.83,0.23%
78,Exit long,SHORT,1/13/2020 23:00,"8,085.07",101.47235,-220.19,-0.03%,1617.47,0.20%,-1591.09,-0.19%,-179682.03,-0.03%
78,Entry long,LONG,1/13/2020 21:00,"8,087.24",101.47235,-220.19,-0.03%,1617.47,0.20%,-1591.09,-0.19%,-179682.03,-0.03%
79,Exit short,LONG,1/14/2020 0:00,"8,109.38",101.46083,-2466.51,-0.30%,1415.38,0.17%,-2529.42,-0.31%,-182148.55,-0.30%
79,Entry short,SHORT,1/13/2020 23:00,"8,085.07",101.46083,-2466.51,-0.30%,1415.38,0.17%,-2529.42,-0.31%,-182148.55,-0.30%
80,Exit long,SHORT,1/15/2020 14:00,"8,680.82",100.83805,57622.9,7.05%,79724.58,9.75%,-2155.92,-0.26%,-124525.64,7.05%
80,Entry long,LONG,1/14/2020 0:00,"8,109.38",100.83805,57622.9,7.05%,79724.58,9.75%,-2155.92,-0.26%,-124525.64,7.05%
81,Exit short,LONG,1/15/2020 20:00,"8,765.20",100.85157,-8509.85,-0.97%,7643.54,0.87%,-13028.01,-1.49%,-133035.5,-0.97%
81,Entry short,SHORT,1/15/2020 14:00,"8,680.82",100.85157,-8509.85,-0.97%,7643.54,0.87%,-13028.01,-1.49%,-133035.5,-0.97%
82,Exit long,SHORT,1/16/2020 10:00,"8,650.00",98.92214,-11395.83,-1.31%,14964.94,1.73%,-15498.13,-1.79%,-144431.33,-1.31%
82,Entry long,LONG,1/15/2020 20:00,"8,765.20",98.92214,-11395.83,-1.31%,14964.94,1.73%,-15498.13,-1.79%,-144431.33,-1.31%
83,Exit short,LONG,1/16/2020 20:00,"8,720.00",98.90967,-6923.68,-0.81%,6330.22,0.74%,-13748.44,-1.61%,-151355,-0.81%
83,Entry short,SHORT,1/16/2020 10:00,"8,650.00",98.90967,-6923.68,-0.81%,6330.22,0.74%,-13748.44,-1.61%,-151355,-0.81%
84,Exit long,SHORT,1/18/2020 13:00,"8,845.53",97.32167,12216.79,1.44%,31303.52,3.69%,-9148.24,-1.08%,-139138.22,1.44%
84,Entry long,LONG,1/16/2020 20:00,"8,720.00",97.32167,12216.79,1.44%,31303.52,3.69%,-9148.24,-1.08%,-139138.22,1.44%
85,Exit short,LONG,1/18/2020 19:00,"8,879.29",97.32167,-3285.58,-0.38%,3810.14,0.44%,-7150.22,-0.83%,-142423.8,-0.38%
85,Entry short,SHORT,1/18/2020 13:00,"8,845.53",97.32167,-3285.58,-0.38%,3810.14,0.44%,-7150.22,-0.83%,-142423.8,-0.38%
86,Exit long,SHORT,1/19/2020 19:00,"8,681.16",96.5707,-19133.55,-2.23%,30872.69,3.60%,-34291.29,-4.00%,-161557.34,-2.23%
86,Entry long,LONG,1/18/2020 19:00,"8,879.29",96.5707,-19133.55,-2.23%,30872.69,3.60%,-34291.29,-4.00%,-161557.34,-2.23%
87,Exit short,LONG,1/20/2020 7:00,"8,701.72",96.58186,-1985.72,-0.24%,20780.55,2.48%,-7502.48,-0.89%,-163543.08,-0.24%
87,Entry short,SHORT,1/19/2020 19:00,"8,681.16",96.58186,-1985.72,-0.24%,20780.55,2.48%,-7502.48,-0.89%,-163543.08,-0.24%
88,Exit long,SHORT,1/20/2020 12:00,"8,641.28",96.12591,-5809.85,-0.69%,3279.82,0.39%,-7092.17,-0.85%,-169352.92,-0.69%
88,Entry long,LONG,1/20/2020 7:00,"8,701.72",96.12591,-5809.85,-0.69%,3279.82,0.39%,-7092.17,-0.85%,-169352.92,-0.69%
89,Exit short,LONG,1/21/2020 2:00,"8,664.86",96.12546,-2266.64,-0.27%,11535.06,1.39%,-6539.41,-0.79%,-171619.56,-0.27%
89,Entry short,SHORT,1/20/2020 12:00,"8,641.28",96.12546,-2266.64,-0.27%,11535.06,1.39%,-6539.41,-0.79%,-171619.56,-0.27%
90,Exit long,SHORT,1/21/2020 8:00,"8,644.53",95.60273,-1943.6,-0.23%,7851.85,0.95%,-4671.15,-0.56%,-173563.17,-0.23%
90,Entry long,LONG,1/21/2020 2:00,"8,664.86",95.60273,-1943.6,-0.23%,7851.85,0.95%,-4671.15,-0.56%,-173563.17,-0.23%
91,Exit short,LONG,1/21/2020 20:00,"8,661.39",95.60228,-1611.85,-0.20%,3989.48,0.48%,-5287.76,-0.64%,-175175.02,-0.20%
91,Entry short,SHORT,1/21/2020 8:00,"8,644.53",95.60228,-1611.85,-0.20%,3989.48,0.48%,-5287.76,-0.64%,-175175.02,-0.20%
92,Exit long,SHORT,1/22/2020 0:00,"8,644.10",95.2378,-1646.66,-0.20%,1481.9,0.18%,-3797.13,-0.46%,-176821.69,-0.20%
92,Entry long,LONG,1/21/2020 20:00,"8,661.39",95.2378,-1646.66,-0.20%,1481.9,0.18%,-3797.13,-0.46%,-176821.69,-0.20%
93,Exit short,LONG,1/22/2020 8:00,"8,739.03",95.23007,-9040.19,-1.10%,14865.41,1.81%,-13798.84,-1.68%,-185861.88,-1.10%
93,Entry short,SHORT,1/22/2020 0:00,"8,644.10",95.23007,-9040.19,-1.10%,14865.41,1.81%,-13798.84,-1.68%,-185861.88,-1.10%
94,Exit long,SHORT,1/22/2020 16:00,"8,678.67",93.1618,-5623.25,-0.69%,7356.99,0.90%,-7735.22,-0.95%,-191485.12,-0.69%
94,Entry long,LONG,1/22/2020 8:00,"8,739.03",93.1618,-5623.25,-0.69%,7356.99,0.90%,-7735.22,-0.95%,-191485.12,-0.69%
95,Exit short,LONG,1/23/2020 3:00,"8,670.00",93.16115,807.71,0.10%,8260.6,1.02%,-2960.66,-0.37%,-190677.4,0.10%
95,Entry short,SHORT,1/22/2020 16:00,"8,678.67",93.16115,807.71,0.10%,8260.6,1.02%,-2960.66,-0.37%,-190677.4,0.10%
96,Exit long,SHORT,1/23/2020 10:00,"8,610.45",93.33908,-5558.34,-0.69%,2035.73,0.25%,-9496.32,-1.17%,-196235.75,-0.69%
96,Entry long,LONG,1/23/2020 3:00,"8,670.00",93.33908,-5558.34,-0.69%,2035.73,0.25%,-9496.32,-1.17%,-196235.75,-0.69%
97,Exit short,LONG,1/24/2020 23:00,"8,507.80",93.34753,9582.12,1.19%,34767.29,4.33%,-1312.47,-0.16%,-186653.62,1.19%
97,Entry short,SHORT,1/23/2020 10:00,"8,610.45",93.34753,9582.12,1.19%,34767.29,4.33%,-1312.47,-0.16%,-186653.62,1.19%
98,Exit long,SHORT,1/25/2020 9:00,"8,286.27",95.63028,-21184.98,-2.60%,1933.64,0.24%,-24184.9,-2.97%,-207838.61,-2.60%
98,Entry long,LONG,1/24/2020 23:00,"8,507.80",95.63028,-21184.98,-2.60%,1933.64,0.24%,-24184.9,-2.97%,-207838.61,-2.60%
99,Exit short,LONG,1/26/2020 4:00,"8,368.98",95.59927,-7907.02,-1.00%,384.31,0.05%,-9244.45,-1.17%,-215745.62,-1.00%
99,Entry short,SHORT,1/25/2020 9:00,"8,286.27",95.59927,-7907.02,-1.00%,384.31,0.05%,-9244.45,-1.17%,-215745.62,-1.00%
100,Exit long,SHORT,1/26/2020 8:00,"8,326.49",93.72618,-3982.43,-0.51%,4781.91,0.61%,-7059.46,-0.90%,-219728.05,-0.51%
100,Entry long,LONG,1/26/2020 4:00,"8,368.98",93.72618,-3982.43,-0.51%,4781.91,0.61%,-7059.46,-0.90%,-219728.05,-0.51%
101,Exit short,LONG,1/26/2020 16:00,"8,417.20",93.70958,-8500.4,-1.09%,644.72,0.08%,-14176.39,-1.82%,-228228.44,-1.09%
101,Entry short,SHORT,1/26/2020 8:00,"8,326.49",93.70958,-8500.4,-1.09%,644.72,0.08%,-14176.39,-1.82%,-228228.44,-1.09%
102,Exit long,SHORT,1/29/2020 2:00,"8,998.69",91.67286,53306.85,6.91%,70661.44,9.16%,-2222.15,-0.29%,-174921.6,6.91%
102,Entry long,LONG,1/26/2020 16:00,"8,417.20",91.67286,53306.85,6.91%,70661.44,9.16%,-2222.15,-0.29%,-174921.6,6.91%
103,Exit short,LONG,1/29/2020 4:00,"9,061.50",91.68872,-5758.97,-0.70%,2038.24,0.25%,-8372.1,-1.01%,-180680.56,-0.70%
103,Entry short,SHORT,1/29/2020 2:00,"8,998.69",91.68872,-5758.97,-0.70%,2038.24,0.25%,-8372.1,-1.01%,-180680.56,-0.70%
104,Exit long,SHORT,1/30/2020 10:00,"9,252.01",90.41763,17225.46,2.10%,35058.53,4.28%,-2062.43,-0.25%,-163455.1,2.10%
104,Entry long,LONG,1/29/2020 4:00,"9,061.50",90.41763,17225.46,2.10%,35058.53,4.28%,-2062.43,-0.25%,-163455.1,2.10%
105,Exit short,LONG,1/30/2020 15:00,"9,391.55",90.41763,-12616.88,-1.51%,378.85,0.05%,-13290.49,-1.59%,-176071.97,-1.51%
105,Entry short,SHORT,1/30/2020 10:00,"9,252.01",90.41763,-12616.88,-1.51%,378.85,0.05%,-13290.49,-1.59%,-176071.97,-1.51%
106,Exit long,SHORT,1/31/2020 14:00,"9,379.00",87.74083,-1101.15,-0.13%,16359.28,1.99%,-15051.94,-1.83%,-177173.12,-0.13%
106,Entry long,LONG,1/30/2020 15:00,"9,391.55",87.74083,-1101.15,-0.13%,16359.28,1.99%,-15051.94,-1.83%,-177173.12,-0.13%
107,Exit short,LONG,2/1/2020 6:00,"9,401.63",87.73076,-1985.35,-0.24%,14825.62,1.80%,-4474.27,-0.54%,-179158.47,-0.24%
107,Entry short,SHORT,1/31/2020 14:00,"9,379.00",87.73076,-1985.35,-0.24%,14825.62,1.80%,-4474.27,-0.54%,-179158.47,-0.24%
108,Exit long,SHORT,2/1/2020 19:00,"9,354.65",87.29372,-4101.06,-0.50%,5490.78,0.67%,-7002.7,-0.85%,-183259.53,-0.50%
108,Entry long,LONG,2/1/2020 6:00,"9,401.63",87.29372,-4101.06,-0.50%,5490.78,0.67%,-7002.7,-0.85%,-183259.53,-0.50%
109,Exit short,LONG,2/2/2020 5:00,"9,379.40",87.3085,-2160.89,-0.26%,6430.27,0.79%,-5791.17,-0.71%,-185420.4,-0.26%
109,Entry short,SHORT,2/1/2020 19:00,"9,354.65",87.3085,-2160.89,-0.26%,6430.27,0.79%,-5791.17,-0.71%,-185420.4,-0.26%
110,Exit long,SHORT,2/2/2020 8:00,"9,328.50",86.83677,-4419.99,-0.54%,2656.34,0.33%,-5158.1,-0.63%,-189840.4,-0.54%
110,Entry long,LONG,2/2/2020 5:00,"9,379.40",86.83677,-4419.99,-0.54%,2656.34,0.33%,-5158.1,-0.63%,-189840.4,-0.54%
111,Exit short,LONG,2/2/2020 16:00,"9,367.16",86.84778,-3357.54,-0.41%,18107.76,2.24%,-6209.62,-0.77%,-193197.94,-0.41%
111,Entry short,SHORT,2/2/2020 8:00,"9,328.50",86.84778,-3357.54,-0.41%,18107.76,2.24%,-6209.62,-0.77%,-193197.94,-0.41%
112,Exit long,SHORT,2/3/2020 8:00,"9,411.09",86.11429,3783,0.47%,9461.38,1.17%,-6816.81,-0.85%,-189414.94,0.47%
112,Entry long,LONG,2/2/2020 16:00,"9,367.16",86.11429,3783,0.47%,9461.38,1.17%,-6816.81,-0.85%,-189414.94,0.47%
113,Exit short,LONG,2/3/2020 9:00,"9,510.76",86.13083,-8584.66,-1.06%,1267.85,0.16%,-17889.37,-2.21%,-197999.6,-1.06%
113,Entry short,SHORT,2/3/2020 8:00,"9,411.09",86.13083,-8584.66,-1.06%,1267.85,0.16%,-17889.37,-2.21%,-197999.6,-1.06%
114,Exit long,SHORT,2/3/2020 10:00,"9,377.57",84.32558,-11231.32,-1.40%,562.45,0.07%,-16085.95,-2.01%,-209230.92,-1.40%
114,Entry long,LONG,2/3/2020 9:00,"9,510.76",84.32558,-11231.32,-1.40%,562.45,0.07%,-16085.95,-2.01%,-209230.92,-1.40%
115,Exit short,LONG,2/3/2020 13:00,"9,401.98",84.32558,-2058.39,-0.26%,3688.4,0.47%,-4134.48,-0.52%,-211289.31,-0.26%
115,Entry short,SHORT,2/3/2020 10:00,"9,377.57",84.32558,-2058.39,-0.26%,3688.4,0.47%,-4134.48,-0.52%,-211289.31,-0.26%
116,Exit long,SHORT,2/3/2020 15:00,"9,368.16",83.89094,-2837.19,-0.36%,1343.93,0.17%,-4688.66,-0.59%,-214126.5,-0.36%
116,Entry long,LONG,2/3/2020 13:00,"9,401.98",83.89094,-2837.19,-0.36%,1343.93,0.17%,-4688.66,-0.59%,-214126.5,-0.36%
117,Exit short,LONG,2/5/2020 3:00,"9,186.72",83.88771,15220.59,1.94%,23081.7,2.94%,-2622.33,-0.33%,-198905.9,1.94%
117,Entry short,SHORT,2/3/2020 15:00,"9,368.16",83.88771,15220.59,1.94%,23081.7,2.94%,-2622.33,-0.33%,-198905.9,1.94%
118,Exit long,SHORT,2/8/2020 1:00,"9,781.03",87.20783,51828.48,6.47%,60895.48,7.60%,-3115.06,-0.39%,-147077.42,6.47%
118,Entry long,LONG,2/5/2020 3:00,"9,186.72",87.20783,51828.48,6.47%,60895.48,7.60%,-3115.06,-0.39%,-147077.42,6.47%
119,Exit short,LONG,2/8/2020 17:00,"9,809.30",87.20171,-2465.19,-0.29%,9934.02,1.16%,-4357.47,-0.51%,-149542.62,-0.29%
119,Entry short,SHORT,2/8/2020 1:00,"9,781.03",87.20171,-2465.19,-0.29%,9934.02,1.16%,-4357.47,-0.51%,-149542.62,-0.29%
120,Exit long,SHORT,2/10/2020 14:00,"9,956.22",86.69891,12737.8,1.50%,32832.88,3.86%,-5141.25,-0.60%,-136804.81,1.50%
120,Entry long,LONG,2/8/2020 17:00,"9,809.30",86.69891,12737.8,1.50%,32832.88,3.86%,-5141.25,-0.60%,-136804.81,1.50%
121,Exit short,LONG,2/11/2020 18:00,"9,786.89",86.69908,14680.76,1.70%,22214.04,2.57%,-3188.79,-0.37%,-122124.06,1.70%
121,Entry short,SHORT,2/10/2020 14:00,"9,956.22",86.69908,14680.76,1.70%,22214.04,2.57%,-3188.79,-0.37%,-122124.06,1.70%
122,Exit long,SHORT,2/13/2020 19:00,"10,151.66",89.69953,32719.7,3.73%,63158.34,7.19%,-1060.25,-0.12%,-89404.37,3.73%
122,Entry long,LONG,2/11/2020 18:00,"9,786.89",89.69953,32719.7,3.73%,63158.34,7.19%,-1060.25,-0.12%,-89404.37,3.73%
123,Exit short,LONG,2/14/2020 19:00,"10,269.52",89.69918,-10571.94,-1.16%,4615.92,0.51%,-31245.81,-3.43%,-99976.31,-1.16%
123,Entry short,SHORT,2/13/2020 19:00,"10,151.66",89.69918,-10571.94,-1.16%,4615.92,0.51%,-31245.81,-3.43%,-99976.31,-1.16%
124,Exit long,SHORT,2/15/2020 12:00,"10,261.17",87.64512,-731.84,-0.08%,9819.76,1.09%,-5784.58,-0.64%,-100708.15,-0.08%
124,Entry long,LONG,2/14/2020 19:00,"10,269.52",87.64512,-731.84,-0.08%,9819.76,1.09%,-5784.58,-0.64%,-100708.15,-0.08%
125,Exit short,LONG,2/16/2020 10:00,"10,041.53",87.64028,19249.31,2.14%,40329.43,4.48%,-1140.2,-0.13%,-81458.84,2.14%
125,Entry short,SHORT,2/15/2020 12:00,"10,261.17",87.64028,19249.31,2.14%,40329.43,4.48%,-1140.2,-0.13%,-81458.84,2.14%
126,Exit long,SHORT,2/16/2020 19:00,"9,922.63",91.47422,-10876.28,-1.18%,774.79,0.08%,-12829.26,-1.40%,-92335.12,-1.18%
126,Entry long,LONG,2/16/2020 10:00,"10,041.53",91.47422,-10876.28,-1.18%,774.79,0.08%,-12829.26,-1.40%,-92335.12,-1.18%
127,Exit short,LONG,2/18/2020 9:00,"9,711.36",91.47422,19325.76,2.13%,42989.22,4.74%,-6764.52,-0.75%,-73009.36,2.13%
127,Entry short,SHORT,2/16/2020 19:00,"9,922.63",91.47422,19325.76,2.13%,42989.22,4.74%,-6764.52,-0.75%,-73009.36,2.13%
128,Exit long,SHORT,2/18/2020 20:00,"9,657.28",95.46792,-5162.91,-0.56%,9894.3,1.07%,-7671.8,-0.83%,-78172.27,-0.56%
128,Entry long,LONG,2/18/2020 9:00,"9,711.36",95.46792,-5162.91,-0.56%,9894.3,1.07%,-7671.8,-0.83%,-78172.27,-0.56%
129,Exit short,LONG,2/19/2020 0:00,"9,919.76",95.45417,-25054.81,-2.72%,7757.56,0.84%,-25499.63,-2.77%,-103227.08,-2.72%
129,Entry short,SHORT,2/18/2020 20:00,"9,657.28",95.45417,-25054.81,-2.72%,7757.56,0.84%,-25499.63,-2.77%,-103227.08,-2.72%
130,Exit long,SHORT,2/20/2020 9:00,"9,600.84",90.41861,-28836.3,-3.21%,29859.84,3.33%,-51516.91,-5.74%,-132063.38,-3.22%
130,Entry long,LONG,2/19/2020 0:00,"9,919.76",90.41861,-28836.3,-3.21%,29859.84,3.33%,-51516.91,-5.74%,-132063.38,-3.22%
131,Exit short,LONG,2/20/2020 17:00,"9,604.96",90.40215,-372.46,-0.04%,9116.15,1.05%,-2665.96,-0.31%,-132435.84,-0.04%
131,Entry short,SHORT,2/20/2020 9:00,"9,600.84",90.40215,-372.46,-0.04%,9116.15,1.05%,-2665.96,-0.31%,-132435.84,-0.04%
132,Exit long,SHORT,2/20/2020 20:00,"9,554.93",90.32836,-4519.13,-0.52%,4068.39,0.47%,-7159.43,-0.83%,-136954.97,-0.52%
132,Entry long,LONG,2/20/2020 17:00,"9,604.96",90.32836,-4519.13,-0.52%,4068.39,0.47%,-7159.43,-0.83%,-136954.97,-0.52%
133,Exit short,LONG,2/20/2020 22:00,"9,599.00",90.32457,-3980.6,-0.46%,3328.46,0.39%,-5862.06,-0.68%,-140935.56,-0.46%
133,Entry short,SHORT,2/20/2020 20:00,"9,554.93",90.32457,-3980.6,-0.46%,3328.46,0.39%,-5862.06,-0.68%,-140935.56,-0.46%
134,Exit long,SHORT,2/22/2020 12:00,"9,623.46",89.49538,2189.06,0.25%,14006.92,1.63%,-17809.58,-2.07%,-138746.52,0.25%
134,Entry long,LONG,2/20/2020 22:00,"9,599.00",89.49538,2189.06,0.25%,14006.92,1.63%,-17809.58,-2.07%,-138746.52,0.25%
135,Exit short,LONG,2/22/2020 20:00,"9,649.02",89.4952,-2287.5,-0.27%,5677.58,0.66%,-4165.11,-0.48%,-141034.02,-0.27%
135,Entry short,SHORT,2/22/2020 12:00,"9,623.46",89.4952,-2287.5,-0.27%,5677.58,0.66%,-4165.11,-0.48%,-141034.02,-0.27%
136,Exit long,SHORT,2/25/2020 0:00,"9,650.00",89.02106,87.24,0.01%,30354.4,3.53%,-4363.81,-0.51%,-140946.77,0.01%
136,Entry long,LONG,2/22/2020 20:00,"9,649.02",89.02106,87.24,0.01%,30354.4,3.53%,-4363.81,-0.51%,-140946.77,0.01%
137,Exit short,LONG,2/27/2020 16:00,"8,789.08",89.02106,76640.01,8.92%,99614.56,11.60%,-2225.53,-0.26%,-64306.76,8.92%
137,Entry short,SHORT,2/25/2020 0:00,"9,650.00",89.02106,76640.01,8.92%,99614.56,11.60%,-2225.53,-0.26%,-64306.76,8.92%
138,Exit long,SHORT,2/27/2020 21:00,"8,823.21",106.45999,3633.48,0.39%,16270.28,1.74%,-6289.66,-0.67%,-60673.28,0.39%
138,Entry long,LONG,2/27/2020 16:00,"8,789.08",106.45999,3633.48,0.39%,16270.28,1.74%,-6289.66,-0.67%,-60673.28,0.39%
139,Exit short,LONG,2/27/2020 22:00,"8,855.70",106.46088,-3458.91,-0.37%,5182.52,0.55%,-6553.73,-0.70%,-64132.19,-0.37%
139,Entry short,SHORT,2/27/2020 21:00,"8,823.21",106.46088,-3458.91,-0.37%,5182.52,0.55%,-6553.73,-0.70%,-64132.19,-0.37%
140,Exit long,SHORT,2/28/2020 14:00,"8,777.27",105.66437,-8287.26,-0.89%,12264.46,1.31%,-21735.16,-2.32%,-72419.45,-0.89%
140,Entry long,LONG,2/27/2020 22:00,"8,855.70",105.66437,-8287.26,-0.89%,12264.46,1.31%,-21735.16,-2.32%,-72419.45,-0.89%
141,Exit short,LONG,2/29/2020 12:00,"8,741.79",105.67984,3749.52,0.40%,35114.24,3.79%,-2296.42,-0.25%,-68669.93,0.40%
141,Entry short,SHORT,2/28/2020 14:00,"8,777.27",105.67984,3749.52,0.40%,35114.24,3.79%,-2296.42,-0.25%,-68669.93,0.40%
142,Exit long,SHORT,2/29/2020 18:00,"8,630.29",106.53768,-11878.95,-1.28%,5136.18,0.55%,-12613,-1.35%,-80548.88,-1.28%
142,Entry long,LONG,2/29/2020 12:00,"8,741.79",106.53768,-11878.95,-1.28%,5136.18,0.55%,-12613,-1.35%,-80548.88,-1.28%
143,Exit short,LONG,3/2/2020 10:00,"8,625.20",106.53768,542.28,0.06%,23362.65,2.54%,-12753.63,-1.39%,-80006.6,0.06%
143,Entry short,SHORT,2/29/2020 18:00,"8,630.29",106.53768,542.28,0.06%,23362.65,2.54%,-12753.63,-1.39%,-80006.6,0.06%
144,Exit long,SHORT,3/3/2020 16:00,"8,772.16",106.64217,15672.13,1.70%,36316.99,3.95%,-3075.56,-0.33%,-64334.47,1.70%
144,Entry long,LONG,3/2/2020 10:00,"8,625.20",106.64217,15672.13,1.70%,36316.99,3.95%,-3075.56,-0.33%,-64334.47,1.70%
145,Exit short,LONG,3/3/2020 18:00,"8,829.46",106.66307,-6111.79,-0.65%,2097,0.22%,-9902.6,-1.06%,-70446.27,-0.65%
145,Entry short,SHORT,3/3/2020 16:00,"8,772.16",106.66307,-6111.79,-0.65%,2097,0.22%,-9902.6,-1.06%,-70446.27,-0.65%
146,Exit long,SHORT,3/4/2020 0:00,"8,698.95",105.28874,-13741.23,-1.48%,7294.4,0.78%,-18789.83,-2.02%,-84187.5,-1.48%
146,Entry long,LONG,3/3/2020 18:00,"8,829.46",105.28874,-13741.23,-1.48%,7294.4,0.78%,-18789.83,-2.02%,-84187.5,-1.48%
147,Exit short,LONG,3/4/2020 6:00,"8,780.18",105.27851,-8551.77,-0.93%,3047.81,0.33%,-9585.61,-1.05%,-92739.27,-0.93%
147,Entry short,SHORT,3/4/2020 0:00,"8,698.95",105.27851,-8551.77,-0.93%,3047.81,0.33%,-9585.61,-1.05%,-92739.27,-0.93%
148,Exit long,SHORT,3/6/2020 9:00,"9,020.00",103.33529,24781.87,2.73%,39188.88,4.32%,-12418.83,-1.37%,-67957.4,2.73%
148,Entry long,LONG,3/4/2020 6:00,"8,780.18",103.33529,24781.87,2.73%,39188.88,4.32%,-12418.83,-1.37%,-67957.4,2.73%
149,Exit short,LONG,3/6/2020 14:00,"9,096.05",103.33066,-7858.3,-0.84%,718.15,0.08%,-10316.53,-1.11%,-75815.7,-0.84%
149,Entry short,SHORT,3/6/2020 9:00,"9,020.00",103.33066,-7858.3,-0.84%,718.15,0.08%,-10316.53,-1.11%,-75815.7,-0.84%
150,Exit long,SHORT,3/6/2020 23:00,"9,001.70",101.60281,-9586.23,-1.04%,7513.53,0.81%,-9758.95,-1.06%,-85401.92,-1.04%
150,Entry long,LONG,3/6/2020 14:00,"9,096.05",101.60281,-9586.23,-1.04%,7513.53,0.81%,-9758.95,-1.06%,-85401.92,-1.04%
151,Exit short,LONG,3/7/2020 5:00,"9,113.98",101.60281,-11407.96,-1.25%,172.72,0.02%,-11974.91,-1.31%,-96809.88,-1.25%
151,Entry short,SHORT,3/6/2020 23:00,"9,001.70",101.60281,-11407.96,-1.25%,172.72,0.02%,-11974.91,-1.31%,-96809.88,-1.25%
152,Exit long,SHORT,3/7/2020 14:00,"9,067.83",99.0818,-4572.62,-0.51%,2929.85,0.32%,-5516.87,-0.61%,-101382.51,-0.51%
152,Entry long,LONG,3/7/2020 5:00,"9,113.98",99.0818,-4572.62,-0.51%,2929.85,0.32%,-5516.87,-0.61%,-101382.51,-0.51%
153,Exit short,LONG,3/7/2020 16:00,"9,104.13",99.0995,-3597.31,-0.40%,1766.94,0.20%,-4114.61,-0.46%,-104979.82,-0.40%
153,Entry short,SHORT,3/7/2020 14:00,"9,067.83",99.0995,-3597.31,-0.40%,1766.94,0.20%,-4114.61,-0.46%,-104979.82,-0.40%
154,Exit long,SHORT,3/8/2020 1:00,"8,925.00",98.30426,-17609.24,-1.97%,8244.78,0.92%,-24097.32,-2.69%,-122589.06,-1.97%
154,Entry long,LONG,3/7/2020 16:00,"9,104.13",98.30426,-17609.24,-1.97%,8244.78,0.92%,-24097.32,-2.69%,-122589.06,-1.97%
155,Exit short,LONG,3/10/2020 9:00,"7,905.52",98.30934,100224.41,11.42%,127112.99,14.49%,0,0.00%,-22364.66,11.42%
155,Entry short,SHORT,3/8/2020 1:00,"8,925.00",98.30934,100224.41,11.42%,127112.99,14.49%,0,0.00%,-22364.66,11.42%
156,Exit long,SHORT,3/10/2020 10:00,"7,855.65",123.6649,-6167.17,-0.63%,2646.43,0.27%,-6865.88,-0.70%,-28531.83,-0.63%
156,Entry long,LONG,3/10/2020 9:00,"7,905.52",123.6649,-6167.17,-0.63%,2646.43,0.27%,-6865.88,-0.70%,-28531.83,-0.63%
157,Exit short,LONG,3/10/2020 12:00,"7,929.12",123.6649,-9085.66,-0.94%,143.45,0.01%,-11463.74,-1.18%,-37617.49,-0.94%
157,Entry short,SHORT,3/10/2020 10:00,"7,855.65",123.6649,-9085.66,-0.94%,143.45,0.01%,-11463.74,-1.18%,-37617.49,-0.94%
158,Exit long,SHORT,3/10/2020 17:00,"7,887.74",121.37287,-5022.41,-0.52%,2855.9,0.30%,-7656.2,-0.80%,-42639.9,-0.52%
158,Entry long,LONG,3/10/2020 12:00,"7,929.12",121.37287,-5022.41,-0.52%,2855.9,0.30%,-7656.2,-0.80%,-42639.9,-0.52%
159,Exit short,LONG,3/10/2020 18:00,"8,038.23",121.37318,-18265.45,-1.91%,796.21,0.08%,-21761,-2.27%,-60905.35,-1.91%
159,Entry short,SHORT,3/10/2020 17:00,"7,887.74",121.37318,-18265.45,-1.91%,796.21,0.08%,-21761,-2.27%,-60905.35,-1.91%
160,Exit long,SHORT,3/11/2020 13:00,"7,851.58",116.86766,-21813.35,-2.32%,12945.43,1.38%,-36254.68,-3.86%,-82718.7,-2.32%
160,Entry long,LONG,3/10/2020 18:00,"8,038.23",116.86766,-21813.35,-2.32%,12945.43,1.38%,-36254.68,-3.86%,-82718.7,-2.32%
161,Exit short,LONG,3/12/2020 7:00,"7,934.58",116.8276,-9696.69,-1.06%,30559.76,3.33%,-15003,-1.64%,-92415.38,-1.06%
161,Entry short,SHORT,3/11/2020 13:00,"7,851.58",116.8276,-9696.69,-1.06%,30559.76,3.33%,-15003,-1.64%,-92415.38,-1.06%
162,Exit long,SHORT,3/12/2020 9:00,"7,712.13",114.38519,-25444.99,-2.80%,3613.43,0.40%,-28548.26,-3.15%,-117860.37,-2.80%
162,Entry long,LONG,3/12/2020 7:00,"7,934.58",114.38519,-25444.99,-2.80%,3613.43,0.40%,-28548.26,-3.15%,-117860.37,-2.80%
163,Exit short,LONG,3/13/2020 18:00,"5,595.59",114.38339,242097.02,27.44%,449526.72,50.96%,-6476.39,-0.73%,124236.65,27.44%
163,Entry short,SHORT,3/12/2020 9:00,"7,712.13",114.38339,242097.02,27.44%,449526.72,50.96%,-6476.39,-0.73%,124236.65,27.44%
164,Exit long,SHORT,3/14/2020 0:00,"5,196.77",200.93054,-80135.12,-7.13%,72216.45,6.42%,-135746.66,-12.07%,44101.53,-7.13%
164,Entry long,LONG,3/13/2020 18:00,"5,595.59",200.93054,-80135.12,-7.13%,72216.45,6.42%,-135746.66,-12.07%,44101.53,-7.13%
165,Exit short,LONG,3/14/2020 6:00,"5,603.36",200.91355,-81689.44,-7.82%,78310.08,7.50%,-85032.64,-8.14%,-37587.91,-7.82%
165,Entry short,SHORT,3/14/2020 0:00,"5,196.77",200.91355,-81689.44,-7.82%,78310.08,7.50%,-85032.64,-8.14%,-37587.91,-7.82%
166,Exit long,SHORT,3/14/2020 17:00,"5,232.68",171.89729,-63718.89,-6.62%,16440.26,1.71%,-70711.67,-7.34%,-101306.8,-6.62%
166,Entry long,LONG,3/14/2020 6:00,"5,603.36",171.89729,-63718.89,-6.62%,16440.26,1.71%,-70711.67,-7.34%,-101306.8,-6.62%
167,Exit short,LONG,3/15/2020 1:00,"5,397.50",171.74628,-28307.22,-3.15%,10249.82,1.14%,-44193.75,-4.92%,-129614.02,-3.15%
167,Entry short,SHORT,3/14/2020 17:00,"5,232.68",171.74628,-28307.22,-3.15%,10249.82,1.14%,-44193.75,-4.92%,-129614.02,-3.15%
168,Exit long,SHORT,3/15/2020 5:00,"5,302.58",161.30907,-15311.46,-1.76%,16211.56,1.86%,-18953.82,-2.18%,-144925.47,-1.76%
168,Entry long,LONG,3/15/2020 1:00,"5,397.50",161.30907,-15311.46,-1.76%,16211.56,1.86%,-18953.82,-2.18%,-144925.47,-1.76%
169,Exit short,LONG,3/15/2020 18:00,"5,431.22",161.25629,-20744.01,-2.43%,39902.87,4.67%,-29738.88,-3.48%,-165669.48,-2.43%
169,Entry short,SHORT,3/15/2020 5:00,"5,302.58",161.25629,-20744.01,-2.43%,39902.87,4.67%,-29738.88,-3.48%,-165669.48,-2.43%
170,Exit long,SHORT,3/16/2020 0:00,"5,292.10",153.63722,-21374.01,-2.56%,25009.07,3.00%,-32297.62,-3.87%,-187043.5,-2.56%
170,Entry long,LONG,3/15/2020 18:00,"5,431.22",153.63722,-21374.01,-2.56%,25009.07,3.00%,-32297.62,-3.87%,-187043.5,-2.56%
171,Exit short,LONG,3/17/2020 2:00,"5,119.12",153.61699,26572.67,3.27%,130571.37,16.06%,-99528.44,-12.24%,-160470.83,3.27%
171,Entry short,SHORT,3/16/2020 0:00,"5,292.10",153.61699,26572.67,3.27%,130571.37,16.06%,-99528.44,-12.24%,-160470.83,3.27%
172,Exit long,SHORT,3/17/2020 5:00,"4,962.01",164.00431,-25766.72,-3.07%,2666.71,0.32%,-49056.97,-5.84%,-186237.55,-3.07%
172,Entry long,LONG,3/17/2020 2:00,"5,119.12",164.00431,-25766.72,-3.07%,2666.71,0.32%,-49056.97,-5.84%,-186237.55,-3.07%
173,Exit short,LONG,3/17/2020 9:00,"5,189.80",163.99855,-37357.23,-4.59%,18369.48,2.26%,-71829.73,-8.83%,-223594.78,-4.59%
173,Entry short,SHORT,3/17/2020 5:00,"4,962.01",163.99855,-37357.23,-4.59%,18369.48,2.26%,-71829.73,-8.83%,-223594.78,-4.59%
174,Exit long,SHORT,3/17/2020 21:00,"5,090.11",149.6378,-14917.39,-1.92%,37439.38,4.82%,-17657.26,-2.27%,-238512.17,-1.92%
174,Entry long,LONG,3/17/2020 9:00,"5,189.80",149.6378,-14917.39,-1.92%,37439.38,4.82%,-17657.26,-2.27%,-238512.17,-1.92%
175,Exit short,LONG,3/18/2020 1:00,"5,354.49",149.60144,-39551.63,-5.19%,5850.91,0.77%,-58178.5,-7.64%,-278063.78,-5.19%
175,Entry short,SHORT,3/17/2020 21:00,"5,090.11",149.60144,-39551.63,-5.19%,5850.91,0.77%,-58178.5,-7.64%,-278063.78,-5.19%
176,Exit long,SHORT,3/18/2020 15:00,"5,148.73",134.82819,-27742.25,-3.84%,22989.56,3.18%,-33649.07,-4.66%,-305806.03,-3.84%
176,Entry long,LONG,3/18/2020 1:00,"5,354.49",134.82819,-27742.25,-3.84%,22989.56,3.18%,-33649.07,-4.66%,-305806.03,-3.84%
177,Exit short,LONG,3/19/2020 3:00,"5,329.23",134.82819,-24336.49,-3.51%,18789.66,2.71%,-32530,-4.69%,-330142.53,-3.51%
177,Entry short,SHORT,3/18/2020 15:00,"5,148.73",134.82819,-24336.49,-3.51%,18789.66,2.71%,-32530,-4.69%,-330142.53,-3.51%
178,Exit long,SHORT,3/19/2020 11:00,"5,286.84",125.73018,-5329.7,-0.80%,15184.43,2.27%,-9643.5,-1.44%,-335472.25,-0.80%
178,Entry long,LONG,3/19/2020 3:00,"5,329.23",125.73018,-5329.7,-0.80%,15184.43,2.27%,-9643.5,-1.44%,-335472.25,-0.80%
179,Exit short,LONG,3/19/2020 15:00,"5,414.19",125.69469,-16007.22,-2.41%,1180.27,0.18%,-18678.23,-2.81%,-351479.47,-2.41%
179,Entry short,SHORT,3/19/2020 11:00,"5,286.84",125.69469,-16007.22,-2.41%,1180.27,0.18%,-18678.23,-2.81%,-351479.47,-2.41%
180,Exit long,SHORT,3/21/2020 3:00,"6,184.53",119.78163,92272.58,14.23%,177972.75,27.44%,-4562.48,-0.70%,-259206.88,14.23%
180,Entry long,LONG,3/19/2020 15:00,"5,414.19",119.78163,92272.58,14.23%,177972.75,27.44%,-4562.48,-0.70%,-259206.88,14.23%
181,Exit short,LONG,3/21/2020 23:00,"6,213.48",119.78163,-3467.68,-0.47%,61631.24,8.32%,-23413.71,-3.16%,-262674.56,-0.47%
181,Entry short,SHORT,3/21/2020 3:00,"6,184.53",119.78163,-3467.68,-0.47%,61631.24,8.32%,-23413.71,-3.16%,-262674.56,-0.47%
182,Exit long,SHORT,3/22/2020 0:00,"6,133.51",118.71919,-9493.97,-1.29%,6059.43,0.82%,-11823.24,-1.60%,-272168.53,-1.29%
182,Entry long,LONG,3/21/2020 23:00,"6,213.48",118.71919,-9493.97,-1.29%,6059.43,0.82%,-11823.24,-1.60%,-272168.53,-1.29%
183,Exit short,LONG,3/22/2020 4:00,"6,325.25",118.66475,-22752.78,-3.13%,10740.35,1.48%,-27983.52,-3.84%,-294921.3,-3.13%
183,Entry short,SHORT,3/22/2020 0:00,"6,133.51",118.66475,-22752.78,-3.13%,10740.35,1.48%,-27983.52,-3.84%,-294921.3,-3.13%
184,Exit long,SHORT,3/22/2020 19:00,"6,153.77",111.47048,-19114.96,-2.71%,14684.01,2.08%,-27338.13,-3.88%,-314036.25,-2.71%
184,Entry long,LONG,3/22/2020 4:00,"6,325.25",111.47048,-19114.96,-2.71%,14684.01,2.08%,-27338.13,-3.88%,-314036.25,-2.71%
185,Exit short,LONG,3/23/2020 21:00,"6,287.11",111.47048,-14863.47,-2.17%,51919.61,7.57%,-49741.47,-7.25%,-328899.75,-2.17%
185,Entry short,SHORT,3/22/2020 19:00,"6,153.77",111.47048,-14863.47,-2.17%,51919.61,7.57%,-49741.47,-7.25%,-328899.75,-2.17%
186,Exit long,SHORT,3/26/2020 15:00,"6,591.91",106.74224,32535.04,4.85%,71608.03,10.67%,-13902.11,-2.07%,-296364.7,4.85%
186,Entry long,LONG,3/23/2020 21:00,"6,287.11",106.74224,32535.04,4.85%,71608.03,10.67%,-13902.11,-2.07%,-296364.7,4.85%
187,Exit short,LONG,3/27/2020 0:00,"6,639.47",106.74224,-5076.66,-0.72%,8743.26,1.24%,-10256.86,-1.46%,-301441.38,-0.72%
187,Entry short,SHORT,3/26/2020 15:00,"6,591.91",106.74224,-5076.66,-0.72%,8743.26,1.24%,-10256.86,-1.46%,-301441.38,-0.72%
188,Exit long,SHORT,3/27/2020 17:00,"6,647.03",105.24973,795.69,0.11%,21378.32,3.06%,-3101.71,-0.44%,-300645.7,0.11%
188,Entry long,LONG,3/27/2020 0:00,"6,639.47",105.24973,795.69,0.11%,21378.32,3.06%,-3101.71,-0.44%,-300645.7,0.11%
189,Exit short,LONG,3/28/2020 5:00,"6,675.67",105.21305,-3013.3,-0.43%,7745.78,1.11%,-5573.14,-0.80%,-303658.97,-0.43%
189,Entry short,SHORT,3/27/2020 17:00,"6,647.03",105.21305,-3013.3,-0.43%,7745.78,1.11%,-5573.14,-0.80%,-303658.97,-0.43%
190,Exit long,SHORT,3/28/2020 7:00,"6,359.11",104.31122,-33020.76,-4.74%,495.48,0.07%,-43254.73,-6.21%,-336679.75,-4.74%
190,Entry long,LONG,3/28/2020 5:00,"6,675.67",104.31122,-33020.76,-4.74%,495.48,0.07%,-43254.73,-6.21%,-336679.75,-4.74%
191,Exit short,LONG,3/29/2020 7:00,"6,236.65",104.31023,12773.83,1.93%,34955.4,5.27%,-92.84,-0.01%,-323905.9,1.93%
191,Entry short,SHORT,3/28/2020 7:00,"6,359.11",104.31023,12773.83,1.93%,34955.4,5.27%,-92.84,-0.01%,-323905.9,1.93%
192,Exit long,SHORT,3/29/2020 12:00,"6,203.00",108.40661,-3647.88,-0.54%,3181.73,0.47%,-6381.9,-0.94%,-327553.78,-0.54%
192,Entry long,LONG,3/29/2020 7:00,"6,236.65",108.40661,-3647.88,-0.54%,3181.73,0.47%,-6381.9,-0.94%,-327553.78,-0.54%
193,Exit short,LONG,3/30/2020 12:00,"6,034.99",108.40661,18213.4,2.71%,37426.3,5.57%,-758.85,-0.11%,-309340.4,2.71%
193,Entry short,SHORT,3/29/2020 12:00,"6,203.00",108.40661,18213.4,2.71%,37426.3,5.57%,-758.85,-0.11%,-309340.4,2.71%
194,Exit long,SHORT,4/1/2020 8:00,"6,305.50",114.44254,30957.85,4.48%,64546.74,9.35%,0,0.00%,-278382.53,4.48%
194,Entry long,LONG,3/30/2020 12:00,"6,034.99",114.44254,30957.85,4.48%,64546.74,9.35%,0,0.00%,-278382.53,4.48%
195,Exit short,LONG,4/2/2020 6:00,"6,520.76",114.44254,-24634.9,-3.41%,17783.23,2.46%,-33127.68,-4.59%,-303017.44,-3.41%
195,Entry short,SHORT,4/1/2020 8:00,"6,305.50",114.44254,-24634.9,-3.41%,17783.23,2.46%,-33127.68,-4.59%,-303017.44,-3.41%
196,Exit long,SHORT,4/4/2020 0:00,"6,751.81",106.88704,24696.25,3.54%,72388.18,10.39%,-2218.97,-0.32%,-278321.2,3.54%
196,Entry long,LONG,4/2/2020 6:00,"6,520.76",106.88704,24696.25,3.54%,72388.18,10.39%,-2218.97,-0.32%,-278321.2,3.54%
197,Exit short,LONG,4/4/2020 17:00,"6,836.83",106.88671,-9087.51,-1.26%,9150.57,1.27%,-11564.07,-1.60%,-287408.7,-1.26%
197,Entry short,SHORT,4/4/2020 0:00,"6,751.81",106.88671,-9087.51,-1.26%,9150.57,1.27%,-11564.07,-1.60%,-287408.7,-1.26%
198,Exit long,SHORT,4/5/2020 14:00,"6,774.43",104.20732,-6502.54,-0.91%,16004.16,2.25%,-19468.01,-2.73%,-293911.25,-0.91%
198,Entry long,LONG,4/4/2020 17:00,"6,836.83",104.20732,-6502.54,-0.91%,16004.16,2.25%,-19468.01,-2.73%,-293911.25,-0.91%
199,Exit short,LONG,4/6/2020 2:00,"6,794.02",104.22851,-2041.84,-0.29%,10100.79,1.43%,-7208.44,-1.02%,-295953.06,-0.29%
199,Entry short,SHORT,4/5/2020 14:00,"6,774.43",104.22851,-2041.84,-0.29%,10100.79,1.43%,-7208.44,-1.02%,-295953.06,-0.29%
200,Exit long,SHORT,4/6/2020 4:00,"6,753.32",103.65437,-4218.73,-0.60%,1967.36,0.28%,-7503.54,-1.07%,-300171.8,-0.60%
200,Entry long,LONG,4/6/2020 2:00,"6,794.02",103.65437,-4218.73,-0.60%,1967.36,0.28%,-7503.54,-1.07%,-300171.8,-0.60%
201,Exit short,LONG,4/6/2020 8:00,"6,866.59",103.62728,-11737.86,-1.68%,3289.13,0.47%,-12606.26,-1.80%,-311909.66,-1.68%
201,Entry short,SHORT,4/6/2020 4:00,"6,753.32",103.62728,-11737.86,-1.68%,3289.13,0.47%,-12606.26,-1.80%,-311909.66,-1.68%
202,Exit long,SHORT,4/8/2020 3:00,"7,287.62",100.23041,42200.01,6.13%,59446.66,8.64%,-6563.09,-0.95%,-269709.66,6.13%
202,Entry long,LONG,4/6/2020 8:00,"6,866.59",100.23041,42200.01,6.13%,59446.66,8.64%,-6563.09,-0.95%,-269709.66,6.13%
203,Exit short,LONG,4/8/2020 12:00,"7,354.63",100.20971,-6715.05,-0.92%,21106.17,2.89%,-10059.05,-1.38%,-276424.72,-0.92%
203,Entry short,SHORT,4/8/2020 3:00,"7,287.62",100.20971,-6715.05,-0.92%,21106.17,2.89%,-10059.05,-1.38%,-276424.72,-0.92%
204,Exit long,SHORT,4/8/2020 21:00,"7,221.48",98.37365,-13098.45,-1.81%,6430.69,0.89%,-15211.52,-2.10%,-289523.16,-1.81%
204,Entry long,LONG,4/8/2020 12:00,"7,354.63",98.37365,-13098.45,-1.81%,6430.69,0.89%,-15211.52,-2.10%,-289523.16,-1.81%
205,Exit short,LONG,4/9/2020 0:00,"7,323.23",98.38382,-10010.55,-1.41%,197.75,0.03%,-11168.53,-1.57%,-299533.72,-1.41%
205,Entry short,SHORT,4/8/2020 21:00,"7,221.48",98.38382,-10010.55,-1.41%,197.75,0.03%,-11168.53,-1.57%,-299533.72,-1.41%
206,Exit long,SHORT,4/10/2020 12:00,"7,140.16",95.66448,-17513.3,-2.50%,6387.52,0.91%,-23153.67,-3.30%,-317047,-2.50%
206,Entry long,LONG,4/9/2020 0:00,"7,323.23",95.66448,-17513.3,-2.50%,6387.52,0.91%,-23153.67,-3.30%,-317047,-2.50%
207,Exit short,LONG,4/11/2020 11:00,"6,907.08",95.64953,22293.99,3.26%,38277.03,5.60%,0,0.00%,-294753.03,3.26%
207,Entry short,SHORT,4/10/2020 12:00,"7,140.16",95.64953,22293.99,3.26%,38277.03,5.60%,0,0.00%,-294753.03,3.26%
208,Exit long,SHORT,4/11/2020 16:00,"6,879.60",102.08375,-2805.26,-0.40%,3799.56,0.54%,-4806.1,-0.68%,-297558.28,-0.40%
208,Entry long,LONG,4/11/2020 11:00,"6,907.08",102.08375,-2805.26,-0.40%,3799.56,0.54%,-4806.1,-0.68%,-297558.28,-0.40%
209,Exit short,LONG,4/12/2020 20:00,"6,910.03",102.10502,-3107.06,-0.44%,12211.76,1.74%,-5051.14,-0.72%,-300665.34,-0.44%
209,Entry short,SHORT,4/11/2020 16:00,"6,879.60",102.10502,-3107.06,-0.44%,12211.76,1.74%,-5051.14,-0.72%,-300665.34,-0.44%
210,Exit long,SHORT,4/13/2020 10:00,"6,721.88",101.20573,-19041.86,-2.72%,27018.9,3.86%,-33906.96,-4.85%,-319707.2,-2.72%
210,Entry long,LONG,4/12/2020 20:00,"6,910.03",101.20573,-19041.86,-2.72%,27018.9,3.86%,-33906.96,-4.85%,-319707.2,-2.72%
211,Exit short,LONG,4/13/2020 19:00,"6,771.01",101.20573,-4972.24,-0.73%,8489.14,1.25%,-11245.98,-1.65%,-324679.44,-0.73%
211,Entry short,SHORT,4/13/2020 10:00,"6,721.88",101.20573,-4972.24,-0.73%,8489.14,1.25%,-11245.98,-1.65%,-324679.44,-0.73%
212,Exit long,SHORT,4/13/2020 20:00,"6,697.27",99.73705,-7354.61,-1.09%,744.04,0.11%,-10872.34,-1.61%,-332034.03,-1.09%
212,Entry long,LONG,4/13/2020 19:00,"6,771.01",99.73705,-7354.61,-1.09%,744.04,0.11%,-10872.34,-1.61%,-332034.03,-1.09%
213,Exit short,LONG,4/14/2020 4:00,"6,811.25",99.73705,-11368.03,-1.70%,9402.21,1.41%,-13236.1,-1.98%,-343402.06,-1.70%
213,Entry short,SHORT,4/13/2020 20:00,"6,697.27",99.73705,-11368.03,-1.70%,9402.21,1.41%,-13236.1,-1.98%,-343402.06,-1.70%
214,Exit long,SHORT,4/14/2020 16:00,"6,781.76",96.39615,-2842.72,-0.43%,10613.22,1.62%,-5491.69,-0.84%,-346244.78,-0.43%
214,Entry long,LONG,4/14/2020 4:00,"6,811.25",96.39615,-2842.72,-0.43%,10613.22,1.62%,-5491.69,-0.84%,-346244.78,-0.43%
215,Exit short,LONG,4/14/2020 22:00,"6,893.49",96.39904,-10770.66,-1.65%,1978.11,0.30%,-16121.77,-2.47%,-357015.47,-1.65%
215,Entry short,SHORT,4/14/2020 16:00,"6,781.76",96.39904,-10770.66,-1.65%,1978.11,0.30%,-16121.77,-2.47%,-357015.47,-1.65%
216,Exit long,SHORT,4/15/2020 16:00,"6,849.79",93.25683,-4075.32,-0.63%,7881.14,1.23%,-7780.42,-1.21%,-361090.78,-0.63%
216,Entry long,LONG,4/14/2020 22:00,"6,893.49",93.25683,-4075.32,-0.63%,7881.14,1.23%,-7780.42,-1.21%,-361090.78,-0.63%
217,Exit short,LONG,4/16/2020 16:00,"7,045.30",93.27427,-18236.05,-2.85%,35586,5.57%,-27748.16,-4.34%,-379326.84,-2.85%
217,Entry short,SHORT,4/15/2020 16:00,"6,849.79",93.27427,-18236.05,-2.85%,35586,5.57%,-27748.16,-4.34%,-379326.84,-2.85%
218,Exit long,SHORT,4/18/2020 7:00,"7,026.78",88.09825,-1631.58,-0.26%,12747.82,2.05%,-11479.2,-1.85%,-380958.4,-0.26%
218,Entry long,LONG,4/16/2020 16:00,"7,045.30",88.09825,-1631.58,-0.26%,12747.82,2.05%,-11479.2,-1.85%,-380958.4,-0.26%
219,Exit short,LONG,4/18/2020 20:00,"7,133.36",88.09747,-9389.43,-1.52%,1090.65,0.18%,-11736.34,-1.90%,-390347.84,-1.52%
219,Entry short,SHORT,4/18/2020 7:00,"7,026.78",88.09747,-9389.43,-1.52%,1090.65,0.18%,-11736.34,-1.90%,-390347.84,-1.52%
220,Exit long,SHORT,4/19/2020 16:00,"7,146.24",85.46542,1100.79,0.18%,13650.54,2.24%,-2851.13,-0.47%,-389247.06,0.18%
220,Entry long,LONG,4/18/2020 20:00,"7,133.36",85.46542,1100.79,0.18%,13650.54,2.24%,-2851.13,-0.47%,-389247.06,0.18%
221,Exit short,LONG,4/19/2020 17:00,"7,170.51",85.46493,-2074.23,-0.34%,1131.56,0.19%,-3398.09,-0.56%,-391321.28,-0.34%
221,Entry short,SHORT,4/19/2020 16:00,"7,146.24",85.46493,-2074.23,-0.34%,1131.56,0.19%,-3398.09,-0.56%,-391321.28,-0.34%
222,Exit long,SHORT,4/19/2020 21:00,"7,103.46",84.88544,-5691.57,-0.94%,958.36,0.16%,-7682.98,-1.26%,-397012.84,-0.94%
222,Entry long,LONG,4/19/2020 17:00,"7,170.51",84.88544,-5691.57,-0.94%,958.36,0.16%,-7682.98,-1.26%,-397012.84,-0.94%
223,Exit short,LONG,4/20/2020 2:00,"7,147.13",84.8864,-3706.99,-0.61%,4062.66,0.67%,-5697.57,-0.94%,-400719.84,-0.61%
223,Entry short,SHORT,4/19/2020 21:00,"7,103.46",84.8864,-3706.99,-0.61%,4062.66,0.67%,-5697.57,-0.94%,-400719.84,-0.61%
224,Exit long,SHORT,4/20/2020 18:00,"7,076.45",83.84929,-5926.47,-0.99%,6110.1,1.02%,-11079.01,-1.85%,-406646.3,-0.99%
224,Entry long,LONG,4/20/2020 2:00,"7,147.13",83.84929,-5926.47,-0.99%,6110.1,1.02%,-11079.01,-1.85%,-406646.3,-0.99%
225,Exit short,LONG,4/22/2020 1:00,"6,898.35",83.84906,14933.52,2.52%,27288.68,4.60%,-1493.35,-0.25%,-391712.78,2.52%
225,Entry short,SHORT,4/20/2020 18:00,"7,076.45",83.84906,14933.52,2.52%,27288.68,4.60%,-1493.35,-0.25%,-391712.78,2.52%
226,Exit long,SHORT,4/22/2020 8:00,"6,831.73",88.17865,-5874.46,-0.97%,1503.45,0.25%,-7085.15,-1.16%,-397587.25,-0.97%
226,Entry long,LONG,4/22/2020 1:00,"6,898.35",88.17865,-5874.46,-0.97%,1503.45,0.25%,-7085.15,-1.16%,-397587.25,-0.97%
227,Exit short,LONG,4/22/2020 13:00,"6,900.56",88.17865,-6069.34,-1.01%,1147.2,0.19%,-7280.03,-1.21%,-403656.6,-1.01%
227,Entry short,SHORT,4/22/2020 8:00,"6,831.73",88.17865,-6069.34,-1.01%,1147.2,0.19%,-7280.03,-1.21%,-403656.6,-1.01%
228,Exit long,SHORT,4/23/2020 14:00,"7,039.95",86.41956,12046.02,2.02%,24408.34,4.09%,-1680.86,-0.28%,-391610.56,2.02%
228,Entry long,LONG,4/22/2020 13:00,"6,900.56",86.41956,12046.02,2.02%,24408.34,4.09%,-1680.86,-0.28%,-391610.56,2.02%
229,Exit short,LONG,4/23/2020 20:00,"7,168.13",86.41956,-11077.26,-1.82%,859.87,0.14%,-12091.82,-1.99%,-402687.8,-1.82%
229,Entry short,SHORT,4/23/2020 14:00,"7,039.95",86.41956,-11077.26,-1.82%,859.87,0.14%,-12091.82,-1.99%,-402687.8,-1.82%
230,Exit long,SHORT,4/24/2020 21:00,"7,478.15",83.33905,25836.77,4.32%,47492.43,7.95%,-1539.27,-0.26%,-376851.06,4.33%
230,Entry long,LONG,4/23/2020 20:00,"7,168.13",83.33905,25836.77,4.32%,47492.43,7.95%,-1539.27,-0.26%,-376851.06,4.33%
231,Exit short,LONG,4/25/2020 2:00,"7,516.38",83.32929,-3185.68,-0.51%,7512.14,1.21%,-5501.4,-0.88%,-380036.72,-0.51%
231,Entry short,SHORT,4/24/2020 21:00,"7,478.15",83.32929,-3185.68,-0.51%,7512.14,1.21%,-5501.4,-0.88%,-380036.72,-0.51%
232,Exit long,SHORT,4/25/2020 8:00,"7,471.60",82.49067,-3693.93,-0.60%,2773.34,0.45%,-7037.28,-1.13%,-383730.66,-0.60%
232,Entry long,LONG,4/25/2020 2:00,"7,516.38",82.49067,-3693.93,-0.60%,2773.34,0.45%,-7037.28,-1.13%,-383730.66,-0.60%
233,Exit short,LONG,4/25/2020 13:00,"7,564.74",82.48157,-7682.33,-1.25%,1779.95,0.29%,-7703.78,-1.25%,-391413,-1.25%
233,Entry short,SHORT,4/25/2020 8:00,"7,471.60",82.48157,-7682.33,-1.25%,1779.95,0.29%,-7703.78,-1.25%,-391413,-1.25%
234,Exit long,SHORT,4/26/2020 5:00,"7,523.19",80.47827,-3343.87,-0.55%,11287.88,1.85%,-7098.18,-1.17%,-394756.88,-0.55%
234,Entry long,LONG,4/25/2020 13:00,"7,564.74",80.47827,-3343.87,-0.55%,11287.88,1.85%,-7098.18,-1.17%,-394756.88,-0.55%
235,Exit short,LONG,4/26/2020 8:00,"7,563.64",80.45033,-3254.22,-0.54%,973.45,0.16%,-3564.75,-0.59%,-398011.1,-0.54%
235,Entry short,SHORT,4/26/2020 5:00,"7,523.19",80.45033,-3254.22,-0.54%,973.45,0.16%,-3564.75,-0.59%,-398011.1,-0.54%
236,Exit long,SHORT,5/1/2020 1:00,"8,550.17",79.60169,78529.45,13.04%,150953.45,25.07%,-6657.89,-1.11%,-319481.62,13.05%
236,Entry long,LONG,4/26/2020 8:00,"7,563.64",79.60169,78529.45,13.04%,150953.45,25.07%,-6657.89,-1.11%,-319481.62,13.05%
237,Exit short,LONG,5/1/2020 4:00,"8,819.15",79.59121,-21408.44,-3.15%,466.4,0.07%,-26472.83,-3.89%,-340890.06,-3.15%
237,Entry short,SHORT,5/1/2020 1:00,"8,550.17",79.59121,-21408.44,-3.15%,466.4,0.07%,-26472.83,-3.89%,-340890.06,-3.15%
238,Exit long,SHORT,5/2/2020 3:00,"8,727.97",74.75004,-6815.71,-1.03%,17942.25,2.72%,-18326.47,-2.78%,-347705.78,-1.03%
238,Entry long,LONG,5/1/2020 4:00,"8,819.15",74.75004,-6815.71,-1.03%,17942.25,2.72%,-18326.47,-2.78%,-347705.78,-1.03%
239,Exit short,LONG,5/2/2020 5:00,"8,844.66",74.73607,-8720.95,-1.34%,4834.68,0.74%,-9119.29,-1.40%,-356426.75,-1.34%
239,Entry short,SHORT,5/2/2020 3:00,"8,727.97",74.73607,-8720.95,-1.34%,4834.68,0.74%,-9119.29,-1.40%,-356426.75,-1.34%
240,Exit long,SHORT,5/2/2020 17:00,"8,811.69",72.76388,-2399.03,-0.37%,3548.69,0.55%,-6669.54,-1.04%,-358825.75,-0.37%
240,Entry long,LONG,5/2/2020 5:00,"8,844.66",72.76388,-2399.03,-0.37%,3548.69,0.55%,-6669.54,-1.04%,-358825.75,-0.37%
241,Exit short,LONG,5/2/2020 18:00,"8,828.22",72.76404,-1202.79,-0.19%,387.83,0.06%,-2541.65,-0.40%,-360028.56,-0.19%
241,Entry short,SHORT,5/2/2020 17:00,"8,811.69",72.76404,-1202.79,-0.19%,387.83,0.06%,-2541.65,-0.40%,-360028.56,-0.19%
242,Exit long,SHORT,5/3/2020 21:00,"8,920.83",72.49139,6713.43,1.05%,26950.85,4.21%,-1248.3,-0.20%,-353315.12,1.05%
242,Entry long,LONG,5/2/2020 18:00,"8,828.22",72.49139,6713.43,1.05%,26950.85,4.21%,-1248.3,-0.20%,-353315.12,1.05%
243,Exit short,LONG,5/4/2020 21:00,"8,828.35",72.49155,6704.02,1.04%,28911.81,4.47%,-2477.04,-0.38%,-346611.1,1.04%
243,Entry short,SHORT,5/3/2020 21:00,"8,920.83",72.49155,6704.02,1.04%,28911.81,4.47%,-2477.04,-0.38%,-346611.1,1.04%
244,Exit long,SHORT,5/5/2020 19:00,"8,845.64",73.99155,1279.31,0.20%,21474.57,3.29%,-6272.26,-0.96%,-345331.78,0.20%
244,Entry long,LONG,5/4/2020 21:00,"8,828.35",73.99155,1279.31,0.20%,21474.57,3.29%,-6272.26,-0.96%,-345331.78,0.20%
245,Exit short,LONG,5/6/2020 3:00,"8,905.01",74.01027,-4393.99,-0.67%,2924.89,0.45%,-7723.71,-1.18%,-349725.78,-0.67%
245,Entry short,SHORT,5/5/2020 19:00,"8,845.64",74.01027,-4393.99,-0.67%,2924.89,0.45%,-7723.71,-1.18%,-349725.78,-0.67%
246,Exit long,SHORT,5/9/2020 11:00,"9,863.02",73.02357,69957.31,10.76%,84852.66,13.05%,-1315.15,-0.20%,-279768.47,10.76%
246,Entry long,LONG,5/6/2020 3:00,"8,905.01",73.02357,69957.31,10.76%,84852.66,13.05%,-1315.15,-0.20%,-279768.47,10.76%
247,Exit short,LONG,5/9/2020 23:00,"9,688.55",73.02342,12740.4,1.77%,25048.49,3.48%,-1166.18,-0.16%,-267028.06,1.77%
247,Entry short,SHORT,5/9/2020 11:00,"9,863.02",73.02342,12740.4,1.77%,25048.49,3.48%,-1166.18,-0.16%,-267028.06,1.77%
248,Exit long,SHORT,5/10/2020 6:00,"9,600.51",75.65234,-6660.43,-0.91%,8053.19,1.10%,-9498.15,-1.30%,-273688.5,-0.91%
248,Entry long,LONG,5/9/2020 23:00,"9,688.55",75.65234,-6660.43,-0.91%,8053.19,1.10%,-9498.15,-1.30%,-273688.5,-0.91%
249,Exit short,LONG,5/11/2020 6:00,"8,778.00",75.65342,62225.7,8.57%,112232.6,15.45%,-2567.68,-0.35%,-211462.81,8.57%
249,Entry short,SHORT,5/10/2020 6:00,"9,600.51",75.65342,62225.7,8.57%,112232.6,15.45%,-2567.68,-0.35%,-211462.81,8.57%
250,Exit long,SHORT,5/11/2020 15:00,"8,664.32",89.83126,-10212.02,-1.30%,5325.2,0.68%,-21343.01,-2.71%,-221674.83,-1.30%
250,Entry long,LONG,5/11/2020 6:00,"8,778.00",89.83126,-10212.02,-1.30%,5325.2,0.68%,-21343.01,-2.71%,-221674.83,-1.30%
251,Exit short,LONG,5/11/2020 23:00,"8,882.97",89.83107,-19641.56,-2.52%,16737.32,2.15%,-45246.11,-5.81%,-241316.39,-2.52%
251,Entry short,SHORT,5/11/2020 15:00,"8,664.32",89.83107,-19641.56,-2.52%,16737.32,2.15%,-45246.11,-5.81%,-241316.39,-2.52%
252,Exit long,SHORT,5/12/2020 0:00,"8,604.34",85.40897,-23797.5,-3.14%,3545.33,0.47%,-47655.64,-6.28%,-265113.9,-3.14%
252,Entry long,LONG,5/11/2020 23:00,"8,882.97",85.40897,-23797.5,-3.14%,3545.33,0.47%,-47655.64,-6.28%,-265113.9,-3.14%
253,Exit short,LONG,5/12/2020 8:00,"8,611.34",85.40877,-597.86,-0.08%,34534.18,4.70%,-17308.94,-2.36%,-265711.75,-0.08%
253,Entry short,SHORT,5/12/2020 0:00,"8,604.34",85.40877,-597.86,-0.08%,34534.18,4.70%,-17308.94,-2.36%,-265711.75,-0.08%
254,Exit long,SHORT,5/15/2020 12:00,"9,445.70",85.27011,71145.97,9.69%,113209.71,15.42%,-4047.77,-0.55%,-194565.78,9.69%
254,Entry long,LONG,5/12/2020 8:00,"8,611.34",85.27011,71145.97,9.69%,113209.71,15.42%,-4047.77,-0.55%,-194565.78,9.69%
255,Exit short,LONG,5/15/2020 15:00,"9,673.45",85.26993,-19420.23,-2.41%,6422.53,0.80%,-24226.04,-3.01%,-213986.02,-2.41%
255,Entry short,SHORT,5/15/2020 12:00,"9,445.70",85.26993,-19420.23,-2.41%,6422.53,0.80%,-24226.04,-3.01%,-213986.02,-2.41%
256,Exit long,SHORT,5/15/2020 22:00,"9,568.17",81.23962,-8552.91,-1.09%,2969.31,0.38%,-15715.8,-2.00%,-222538.92,-1.09%
256,Entry long,LONG,5/15/2020 15:00,"9,673.45",81.23962,-8552.91,-1.09%,2969.31,0.38%,-15715.8,-2.00%,-222538.92,-1.09%
257,Exit short,LONG,5/16/2020 19:00,"9,414.54",81.25494,12483.2,1.61%,33978.38,4.37%,-1611.29,-0.21%,-210055.72,1.61%
257,Entry short,SHORT,5/15/2020 22:00,"9,568.17",81.25494,12483.2,1.61%,33978.38,4.37%,-1611.29,-0.21%,-210055.72,1.61%
258,Exit long,SHORT,5/17/2020 0:00,"9,385.26",83.90701,-2456.8,-0.31%,10094.85,1.28%,-7932.57,-1.00%,-212512.52,-0.31%
258,Entry long,LONG,5/16/2020 19:00,"9,414.54",83.90701,-2456.8,-0.31%,10094.85,1.28%,-7932.57,-1.00%,-212512.52,-0.31%
259,Exit short,LONG,5/17/2020 8:00,"9,480.00",83.90683,-7949.33,-1.01%,10342.36,1.31%,-10214.82,-1.30%,-220461.86,-1.01%
259,Entry short,SHORT,5/17/2020 0:00,"9,385.26",83.90683,-7949.33,-1.01%,10342.36,1.31%,-10214.82,-1.30%,-220461.86,-1.01%
260,Exit long,SHORT,5/18/2020 17:00,"9,579.10",82.22976,8148.97,1.05%,38647.99,4.96%,-3943.74,-0.51%,-212312.89,1.05%
260,Entry long,LONG,5/17/2020 8:00,"9,480.00",82.22976,8148.97,1.05%,38647.99,4.96%,-3943.74,-0.51%,-212312.89,1.05%
261,Exit short,LONG,5/18/2020 22:00,"9,708.50",82.22976,-10640.53,-1.35%,1151.22,0.15%,-12819.62,-1.63%,-222953.42,-1.35%
261,Entry short,SHORT,5/18/2020 17:00,"9,579.10",82.22976,-10640.53,-1.35%,1151.22,0.15%,-12819.62,-1.63%,-222953.42,-1.35%
262,Exit long,SHORT,5/19/2020 11:00,"9,530.51",80.03675,-14245.74,-1.83%,3721.71,0.48%,-17245.52,-2.22%,-237199.16,-1.83%
262,Entry long,LONG,5/18/2020 22:00,"9,708.50",80.03675,-14245.74,-1.83%,3721.71,0.48%,-17245.52,-2.22%,-237199.16,-1.83%
263,Exit short,LONG,5/19/2020 17:00,"9,792.00",80.03777,-20929.08,-2.74%,4522.93,0.59%,-23890.47,-3.13%,-258128.23,-2.74%
263,Entry short,SHORT,5/19/2020 11:00,"9,530.51",80.03777,-20929.08,-2.74%,4522.93,0.59%,-23890.47,-3.13%,-258128.23,-2.74%
264,Exit long,SHORT,5/20/2020 1:00,"9,659.50",75.76304,-10038.6,-1.35%,7971.03,1.07%,-17501.26,-2.36%,-268166.84,-1.35%
264,Entry long,LONG,5/19/2020 17:00,"9,792.00",75.76304,-10038.6,-1.35%,7971.03,1.07%,-17501.26,-2.36%,-268166.84,-1.35%
265,Exit short,LONG,5/20/2020 2:00,"9,697.90",75.76304,-2909.3,-0.40%,1017.5,0.14%,-4464.72,-0.61%,-271076.12,-0.40%
265,Entry short,SHORT,5/20/2020 1:00,"9,659.50",75.76304,-2909.3,-0.40%,1017.5,0.14%,-4464.72,-0.61%,-271076.12,-0.40%
266,Exit long,SHORT,5/20/2020 3:00,"9,644.92",75.16103,-3982.03,-0.55%,1510.74,0.21%,-4586.33,-0.63%,-275058.16,-0.55%
266,Entry long,LONG,5/20/2020 2:00,"9,697.90",75.16103,-3982.03,-0.55%,1510.74,0.21%,-4586.33,-0.63%,-275058.16,-0.55%
267,Exit short,LONG,5/20/2020 5:00,"9,683.83",75.16307,-2924.59,-0.40%,1836.23,0.25%,-4215.15,-0.58%,-277982.75,-0.40%
267,Entry short,SHORT,5/20/2020 3:00,"9,644.92",75.16307,-2924.59,-0.40%,1836.23,0.25%,-4215.15,-0.58%,-277982.75,-0.40%
268,Exit long,SHORT,5/21/2020 16:00,"9,377.73",74.55905,-22822.52,-3.16%,11793.01,1.63%,-31003.89,-4.29%,-300805.28,-3.16%
268,Entry long,LONG,5/20/2020 5:00,"9,683.83",74.55905,-22822.52,-3.16%,11793.01,1.63%,-31003.89,-4.29%,-300805.28,-3.16%
269,Exit short,LONG,5/22/2020 17:00,"9,110.00",74.55905,19961.7,2.85%,41956.61,6.00%,-4098.51,-0.59%,-280843.6,2.85%
269,Entry short,SHORT,5/21/2020 16:00,"9,377.73",74.55905,19961.7,2.85%,41956.61,6.00%,-4098.51,-0.59%,-280843.6,2.85%
270,Exit long,SHORT,5/23/2020 18:00,"9,139.00",78.94142,2289.3,0.32%,15618.56,2.17%,-2385.61,-0.33%,-278554.28,0.32%
270,Entry long,LONG,5/22/2020 17:00,"9,110.00",78.94142,2289.3,0.32%,15618.56,2.17%,-2385.61,-0.33%,-278554.28,0.32%
271,Exit short,LONG,5/23/2020 23:00,"9,198.78",78.94142,-4719.12,-0.65%,5446.96,0.76%,-6394.25,-0.89%,-283273.4,-0.65%
271,Entry short,SHORT,5/23/2020 18:00,"9,139.00",78.94142,-4719.12,-0.65%,5446.96,0.76%,-6394.25,-0.89%,-283273.4,-0.65%
272,Exit long,SHORT,5/24/2020 21:00,"9,087.12",77.91539,-8700.03,-1.21%,7730.77,1.08%,-12370.63,-1.73%,-291973.44,-1.21%
272,Entry long,LONG,5/23/2020 23:00,"9,198.78",77.91539,-8700.03,-1.21%,7730.77,1.08%,-12370.63,-1.73%,-291973.44,-1.21%
273,Exit short,LONG,5/25/2020 15:00,"8,867.31",77.91539,17126.58,2.42%,34625.6,4.89%,-452.69,-0.06%,-274846.88,2.42%
273,Entry short,SHORT,5/24/2020 21:00,"9,087.12",77.91539,17126.58,2.42%,34625.6,4.89%,-452.69,-0.06%,-274846.88,2.42%
274,Exit long,SHORT,5/25/2020 17:00,"8,753.94",81.77825,-9271.2,-1.28%,1139.17,0.16%,-13252.16,-1.83%,-284118.06,-1.28%
274,Entry long,LONG,5/25/2020 15:00,"8,867.31",81.77825,-9271.2,-1.28%,1139.17,0.16%,-13252.16,-1.83%,-284118.06,-1.28%
275,Exit short,LONG,5/26/2020 1:00,"8,893.56",81.77825,-11417.88,-1.59%,7004.31,0.98%,-13416.54,-1.87%,-295535.94,-1.59%
275,Entry short,SHORT,5/25/2020 17:00,"8,753.94",81.77825,-11417.88,-1.59%,7004.31,0.98%,-13416.54,-1.87%,-295535.94,-1.59%
276,Exit long,SHORT,5/26/2020 20:00,"8,816.76",79.21166,-6083.46,-0.86%,9830.96,1.40%,-8358.41,-1.19%,-301619.4,-0.86%
276,Entry long,LONG,5/26/2020 1:00,"8,893.56",79.21166,-6083.46,-0.86%,9830.96,1.40%,-8358.41,-1.19%,-301619.4,-0.86%
277,Exit short,LONG,5/27/2020 6:00,"8,834.59",79.21057,-1412.32,-0.20%,9248.63,1.32%,-5009.28,-0.72%,-303031.72,-0.20%
277,Entry short,SHORT,5/26/2020 20:00,"8,816.76",79.21057,-1412.32,-0.20%,9248.63,1.32%,-5009.28,-0.72%,-303031.72,-0.20%
278,Exit long,SHORT,5/29/2020 18:00,"9,365.00",78.88494,41841.36,6.00%,62388.52,8.95%,-1803.31,-0.26%,-261190.36,6.00%
278,Entry long,LONG,5/27/2020 6:00,"8,834.59",78.88494,41841.36,6.00%,62388.52,8.95%,-1803.31,-0.26%,-261190.36,6.00%
279,Exit short,LONG,5/30/2020 2:00,"9,434.45",78.89051,-5478.95,-0.74%,2761.17,0.37%,-8914.63,-1.21%,-266669.3,-0.74%
279,Entry short,SHORT,5/29/2020 18:00,"9,365.00",78.89051,-5478.95,-0.74%,2761.17,0.37%,-8914.63,-1.21%,-266669.3,-0.74%
280,Exit long,SHORT,5/30/2020 3:00,"9,404.99",77.72886,-2289.89,-0.31%,42.75,0.01%,-3142.58,-0.43%,-268959.2,-0.31%
280,Entry long,LONG,5/30/2020 2:00,"9,434.45",77.72886,-2289.89,-0.31%,42.75,0.01%,-3142.58,-0.43%,-268959.2,-0.31%
281,Exit short,LONG,5/30/2020 4:00,"9,420.98",77.72903,-1242.89,-0.17%,1165.94,0.16%,-2072.26,-0.28%,-270202.1,-0.17%
281,Entry short,SHORT,5/30/2020 3:00,"9,404.99",77.72903,-1242.89,-0.17%,1165.94,0.16%,-2072.26,-0.28%,-270202.1,-0.17%
282,Exit long,SHORT,5/30/2020 5:00,"9,396.66",77.466,-1883.97,-0.26%,137.89,0.02%,-3794.28,-0.52%,-272086.06,-0.26%
282,Entry long,LONG,5/30/2020 4:00,"9,420.98",77.466,-1883.97,-0.26%,137.89,0.02%,-3794.28,-0.52%,-272086.06,-0.26%
283,Exit short,LONG,5/30/2020 6:00,"9,428.27",77.46517,-2448.67,-0.34%,1742.97,0.24%,-3202.41,-0.44%,-274534.72,-0.34%
283,Entry short,SHORT,5/30/2020 5:00,"9,396.66",77.46517,-2448.67,-0.34%,1742.97,0.24%,-3202.41,-0.44%,-274534.72,-0.34%
284,Exit long,SHORT,5/30/2020 9:00,"9,378.02",76.9459,-3866.53,-0.53%,1853.63,0.26%,-6318.03,-0.87%,-278401.25,-0.53%
284,Entry long,LONG,5/30/2020 6:00,"9,428.27",76.9459,-3866.53,-0.53%,1853.63,0.26%,-6318.03,-0.87%,-278401.25,-0.53%
285,Exit short,LONG,5/30/2020 11:00,"9,396.63",76.94574,-1431.96,-0.20%,3600.29,0.50%,-1444.27,-0.20%,-279833.22,-0.20%
285,Entry short,SHORT,5/30/2020 9:00,"9,378.02",76.94574,-1431.96,-0.20%,3600.29,0.50%,-1444.27,-0.20%,-279833.22,-0.20%
286,Exit long,SHORT,5/31/2020 12:00,"9,555.84",76.64831,12203.18,1.69%,26318.73,3.65%,-383.24,-0.05%,-267630.03,1.69%
286,Entry long,LONG,5/30/2020 11:00,"9,396.63",76.64831,12203.18,1.69%,26318.73,3.65%,-383.24,-0.05%,-267630.03,1.69%
287,Exit short,LONG,6/1/2020 11:00,"9,556.14",76.64108,-22.99,0.00%,13368.5,1.83%,-6296.83,-0.86%,-267653.03,0.00%
287,Entry short,SHORT,5/31/2020 12:00,"9,555.84",76.64108,-22.99,0.00%,13368.5,1.83%,-6296.83,-0.86%,-267653.03,0.00%
288,Exit long,SHORT,6/1/2020 17:00,"9,541.71",76.64188,-1105.94,-0.15%,4817.71,0.66%,-2294.66,-0.31%,-268758.97,-0.15%
288,Entry long,LONG,6/1/2020 11:00,"9,556.14",76.64188,-1105.94,-0.15%,4817.71,0.66%,-2294.66,-0.31%,-268758.97,-0.15%
289,Exit short,LONG,6/1/2020 23:00,"9,548.18",76.63626,-495.84,-0.07%,3851.74,0.53%,-3720.69,-0.51%,-269254.8,-0.07%
289,Entry short,SHORT,6/1/2020 17:00,"9,541.71",76.63626,-495.84,-0.07%,3851.74,0.53%,-3720.69,-0.51%,-269254.8,-0.07%
290,Exit long,SHORT,6/3/2020 0:00,"9,478.03",76.55165,-5370.1,-0.73%,63677.2,8.71%,-21601.34,-2.96%,-274624.9,-0.73%
290,Entry long,LONG,6/1/2020 23:00,"9,548.18",76.55165,-5370.1,-0.73%,63677.2,8.71%,-21601.34,-2.96%,-274624.9,-0.73%
291,Exit short,LONG,6/3/2020 7:00,"9,518.02",76.53226,-3060.53,-0.42%,5971.81,0.82%,-5730.74,-0.79%,-277685.44,-0.42%
291,Entry short,SHORT,6/3/2020 0:00,"9,478.03",76.53226,-3060.53,-0.42%,5971.81,0.82%,-5730.74,-0.79%,-277685.44,-0.42%
292,Exit long,SHORT,6/6/2020 7:00,"9,621.17",75.88884,7827.93,1.08%,27593.94,3.82%,-11596.57,-1.61%,-269857.5,1.08%
292,Entry long,LONG,6/3/2020 7:00,"9,518.02",75.88884,7827.93,1.08%,27593.94,3.82%,-11596.57,-1.61%,-269857.5,1.08%
293,Exit short,LONG,6/6/2020 19:00,"9,693.85",75.88915,-5515.62,-0.76%,6839.13,0.94%,-5906.45,-0.81%,-275373.12,-0.76%
293,Entry short,SHORT,6/6/2020 7:00,"9,621.17",75.88915,-5515.62,-0.76%,6839.13,0.94%,-5906.45,-0.81%,-275373.12,-0.76%
294,Exit long,SHORT,6/6/2020 23:00,"9,651.59",74.75119,-3158.99,-0.44%,3076.01,0.42%,-5121.95,-0.71%,-278532.12,-0.44%
294,Entry long,LONG,6/6/2020 19:00,"9,693.85",74.75119,-3158.99,-0.44%,3076.01,0.42%,-5121.95,-0.71%,-278532.12,-0.44%
295,Exit short,LONG,6/7/2020 4:00,"9,701.00",74.75119,-3693.46,-0.51%,5057.67,0.70%,-5113.73,-0.71%,-282225.56,-0.51%
295,Entry short,SHORT,6/6/2020 23:00,"9,651.59",74.75119,-3693.46,-0.51%,5057.67,0.70%,-5113.73,-0.71%,-282225.56,-0.51%
296,Exit long,SHORT,6/7/2020 17:00,"9,630.22",73.99709,-5237.51,-0.73%,2126.68,0.30%,-10803.57,-1.50%,-287463.1,-0.73%
296,Entry long,LONG,6/7/2020 4:00,"9,701.00",73.99709,-5237.51,-0.73%,2126.68,0.30%,-10803.57,-1.50%,-287463.1,-0.73%
297,Exit short,LONG,6/8/2020 5:00,"9,706.84",73.98968,-5669.09,-0.80%,19071.58,2.68%,-12709.95,-1.78%,-293132.2,-0.80%
297,Entry short,SHORT,6/7/2020 17:00,"9,630.22",73.98968,-5669.09,-0.80%,19071.58,2.68%,-12709.95,-1.78%,-293132.2,-0.80%
298,Exit long,SHORT,6/8/2020 16:00,"9,689.99",72.82162,-1227.04,-0.17%,5705.57,0.81%,-5377.15,-0.76%,-294359.22,-0.17%
298,Entry long,LONG,6/8/2020 5:00,"9,706.84",72.82162,-1227.04,-0.17%,5705.57,0.81%,-5377.15,-0.76%,-294359.22,-0.17%
299,Exit short,LONG,6/8/2020 17:00,"9,745.86",72.82162,-4068.54,-0.58%,361.2,0.05%,-8011.11,-1.14%,-298427.75,-0.58%
299,Entry short,SHORT,6/8/2020 16:00,"9,689.99",72.82162,-4068.54,-0.58%,361.2,0.05%,-8011.11,-1.14%,-298427.75,-0.58%
300,Exit long,SHORT,6/8/2020 21:00,"9,692.01",71.98684,-3876.49,-0.55%,627.73,0.09%,-5532.91,-0.79%,-302304.25,-0.55%
300,Entry long,LONG,6/8/2020 17:00,"9,745.86",71.98684,-3876.49,-0.55%,627.73,0.09%,-5532.91,-0.79%,-302304.25,-0.55%
301,Exit short,LONG,6/9/2020 7:00,"9,782.00",71.98669,-6478.08,-0.93%,2952.17,0.42%,-7773.84,-1.11%,-308782.34,-0.93%
301,Entry short,SHORT,6/8/2020 21:00,"9,692.01",71.98669,-6478.08,-0.93%,2952.17,0.42%,-7773.84,-1.11%,-308782.34,-0.93%
302,Exit long,SHORT,6/9/2020 12:00,"9,673.82",70.66205,-7644.22,-1.11%,6712.89,0.97%,-14980.35,-2.17%,-316426.56,-1.11%
302,Entry long,LONG,6/9/2020 7:00,"9,782.00",70.66205,-7644.22,-1.11%,6712.89,0.97%,-14980.35,-2.17%,-316426.56,-1.11%
303,Exit short,LONG,6/9/2020 18:00,"9,675.99",70.6622,-153.34,-0.02%,3482.94,0.51%,-2335.39,-0.34%,-316579.9,-0.02%
303,Entry short,SHORT,6/9/2020 12:00,"9,673.82",70.6622,-153.34,-0.02%,3482.94,0.51%,-2335.39,-0.34%,-316579.9,-0.02%
304,Exit long,SHORT,6/11/2020 17:00,"9,797.13",70.63036,8556.16,1.25%,22370.75,3.27%,-877.23,-0.13%,-308023.72,1.25%
304,Entry long,LONG,6/9/2020 18:00,"9,675.99",70.63036,8556.16,1.25%,22370.75,3.27%,-877.23,-0.13%,-308023.72,1.25%
305,Exit short,LONG,6/12/2020 16:00,"9,474.16",70.6305,22811.53,3.30%,48320.45,6.98%,-553.74,-0.08%,-285212.2,3.30%
305,Entry short,SHORT,6/11/2020 17:00,"9,797.13",70.6305,22811.53,3.30%,48320.45,6.98%,-553.74,-0.08%,-285212.2,3.30%
306,Exit long,SHORT,6/13/2020 1:00,"9,335.22",75.4374,-10481.27,-1.47%,6258.29,0.88%,-13062.74,-1.83%,-295693.47,-1.47%
306,Entry long,LONG,6/12/2020 16:00,"9,474.16",75.4374,-10481.27,-1.47%,6258.29,0.88%,-13062.74,-1.83%,-295693.47,-1.47%
307,Exit short,LONG,6/13/2020 4:00,"9,466.32",75.44616,-9890.99,-1.40%,829.15,0.12%,-11353.89,-1.61%,-305584.47,-1.40%
307,Entry short,SHORT,6/13/2020 1:00,"9,335.22",75.44616,-9890.99,-1.40%,829.15,0.12%,-11353.89,-1.61%,-305584.47,-1.40%
308,Exit long,SHORT,6/14/2020 5:00,"9,424.05",73.35644,-3100.78,-0.45%,2084.06,0.30%,-8459.46,-1.22%,-308685.25,-0.45%
308,Entry long,LONG,6/13/2020 4:00,"9,466.32",73.35644,-3100.78,-0.45%,2084.06,0.30%,-8459.46,-1.22%,-308685.25,-0.45%
309,Exit short,LONG,6/14/2020 6:00,"9,437.91",73.35644,-1016.72,-0.15%,1030.66,0.15%,-1821.44,-0.26%,-309701.97,-0.15%
309,Entry short,SHORT,6/14/2020 5:00,"9,424.05",73.35644,-1016.72,-0.15%,1030.66,0.15%,-1821.44,-0.26%,-309701.97,-0.15%
310,Exit long,SHORT,6/14/2020 14:00,"9,400.58",73.14346,-2730.45,-0.40%,3151.02,0.46%,-3723.73,-0.54%,-312432.4,-0.40%
310,Entry long,LONG,6/14/2020 6:00,"9,437.91",73.14346,-2730.45,-0.40%,3151.02,0.46%,-3723.73,-0.54%,-312432.4,-0.40%
311,Exit short,LONG,6/14/2020 17:00,"9,418.70",73.14097,-1325.31,-0.19%,1505.24,0.22%,-2641.85,-0.38%,-313757.72,-0.19%
311,Entry short,SHORT,6/14/2020 14:00,"9,400.58",73.14097,-1325.31,-0.19%,1505.24,0.22%,-2641.85,-0.38%,-313757.72,-0.19%
312,Exit long,SHORT,6/14/2020 22:00,"9,347.64",72.85955,-5177.4,-0.75%,1804,0.26%,-7845.52,-1.14%,-318935.12,-0.75%
312,Entry long,LONG,6/14/2020 17:00,"9,418.70",72.85955,-5177.4,-0.75%,1804,0.26%,-7845.52,-1.14%,-318935.12,-0.75%
313,Exit short,LONG,6/15/2020 21:00,"9,188.10",72.85955,11624.01,1.71%,31853.47,4.68%,-6635.32,-0.97%,-307311.1,1.71%
313,Entry short,SHORT,6/14/2020 22:00,"9,347.64",72.85955,11624.01,1.71%,31853.47,4.68%,-6635.32,-0.97%,-307311.1,1.71%
314,Exit long,SHORT,6/17/2020 10:00,"9,445.59",75.38978,19412.12,2.80%,30223.76,4.36%,-210.34,-0.03%,-287899,2.80%
314,Entry long,LONG,6/15/2020 21:00,"9,188.10",75.38978,19412.12,2.80%,30223.76,4.36%,-210.34,-0.03%,-287899,2.80%
315,Exit short,LONG,6/19/2020 18:00,"9,391.69",75.38978,4063.51,0.57%,17324.57,2.43%,-9002.29,-1.26%,-283835.47,0.57%
315,Entry short,SHORT,6/17/2020 10:00,"9,445.59",75.38978,4063.51,0.57%,17324.57,2.43%,-9002.29,-1.26%,-283835.47,0.57%
316,Exit long,SHORT,6/20/2020 1:00,"9,313.11",76.25448,-5992.08,-0.84%,2387.53,0.33%,-7887,-1.10%,-289827.56,-0.84%
316,Entry long,LONG,6/19/2020 18:00,"9,391.69",76.25448,-5992.08,-0.84%,2387.53,0.33%,-7887,-1.10%,-289827.56,-0.84%
317,Exit short,LONG,6/20/2020 11:00,"9,330.64",76.25513,-1336.75,-0.19%,4049.91,0.57%,-3148.57,-0.44%,-291164.3,-0.19%
317,Entry short,SHORT,6/20/2020 1:00,"9,313.11",76.25513,-1336.75,-0.19%,4049.91,0.57%,-3148.57,-0.44%,-291164.3,-0.19%
318,Exit long,SHORT,6/20/2020 15:00,"9,303.41",75.96843,-2068.62,-0.29%,211.19,0.03%,-2829.06,-0.40%,-293232.94,-0.29%
318,Entry long,LONG,6/20/2020 11:00,"9,330.64",75.96843,-2068.62,-0.29%,211.19,0.03%,-2829.06,-0.40%,-293232.94,-0.29%
319,Exit short,LONG,6/21/2020 6:00,"9,375.01",75.9686,-5439.35,-0.77%,10062.8,1.42%,-6957.96,-0.98%,-298672.28,-0.77%
319,Entry short,SHORT,6/20/2020 15:00,"9,303.41",75.9686,-5439.35,-0.77%,10062.8,1.42%,-6957.96,-0.98%,-298672.28,-0.77%
320,Exit long,SHORT,6/21/2020 17:00,"9,363.45",74.80837,-864.78,-0.12%,3515.25,0.50%,-2512.07,-0.36%,-299537.06,-0.12%
320,Entry long,LONG,6/21/2020 6:00,"9,375.01",74.80837,-864.78,-0.12%,3515.25,0.50%,-2512.07,-0.36%,-299537.06,-0.12%
321,Exit short,LONG,6/22/2020 0:00,"9,365.84",74.8082,-178.79,-0.03%,3122.49,0.45%,-2210.58,-0.32%,-299715.88,-0.03%
321,Entry short,SHORT,6/21/2020 17:00,"9,363.45",74.8082,-178.79,-0.03%,3122.49,0.45%,-2210.58,-0.32%,-299715.88,-0.03%
322,Exit long,SHORT,6/22/2020 1:00,"9,346.99",74.76172,-1409.26,-0.20%,121.86,0.02%,-1683.63,-0.24%,-301125.12,-0.20%
322,Entry long,LONG,6/22/2020 0:00,"9,365.84",74.76172,-1409.26,-0.20%,121.86,0.02%,-1683.63,-0.24%,-301125.12,-0.20%
323,Exit short,LONG,6/22/2020 11:00,"9,385.69",74.77004,-2893.6,-0.41%,5226.43,0.75%,-3962.81,-0.57%,-304018.72,-0.41%
323,Entry short,SHORT,6/22/2020 1:00,"9,346.99",74.77004,-2893.6,-0.41%,5226.43,0.75%,-3962.81,-0.57%,-304018.72,-0.41%
324,Exit long,SHORT,6/23/2020 18:00,"9,587.71",74.15344,14980.48,2.15%,29239.44,4.20%,-708.17,-0.10%,-289038.25,2.15%
324,Entry long,LONG,6/22/2020 11:00,"9,385.69",74.15344,14980.48,2.15%,29239.44,4.20%,-708.17,-0.10%,-289038.25,2.15%
325,Exit short,LONG,6/23/2020 20:00,"9,631.69",74.15344,-3261.27,-0.46%,118.65,0.02%,-4619.02,-0.65%,-292299.5,-0.46%
325,Entry short,SHORT,6/23/2020 18:00,"9,587.71",74.15344,-3261.27,-0.46%,118.65,0.02%,-4619.02,-0.65%,-292299.5,-0.46%
326,Exit long,SHORT,6/24/2020 5:00,"9,640.03",73.48575,612.87,0.09%,4652.38,0.66%,-3063.62,-0.43%,-291686.62,0.09%
326,Entry long,LONG,6/23/2020 20:00,"9,631.69",73.48575,612.87,0.09%,4652.38,0.66%,-3063.62,-0.43%,-291686.62,0.09%
327,Exit short,LONG,6/24/2020 10:00,"9,661.74",73.47626,-1595.17,-0.23%,3308.64,0.47%,-1834.7,-0.26%,-293281.8,-0.23%
327,Entry short,SHORT,6/24/2020 5:00,"9,640.03",73.47626,-1595.17,-0.23%,3308.64,0.47%,-1834.7,-0.26%,-293281.8,-0.23%
328,Exit long,SHORT,6/24/2020 16:00,"9,518.82",73.14605,-10454.03,-1.48%,604.19,0.09%,-13221.15,-1.87%,-303735.84,-1.48%
328,Entry long,LONG,6/24/2020 10:00,"9,661.74",73.14605,-10454.03,-1.48%,604.19,0.09%,-13221.15,-1.87%,-303735.84,-1.48%
329,Exit short,LONG,6/25/2020 19:00,"9,255.79",73.14605,19239.61,2.76%,37240.85,5.35%,-1073.05,-0.15%,-284496.25,2.76%
329,Entry short,SHORT,6/24/2020 16:00,"9,518.82",73.14605,19239.61,2.76%,37240.85,5.35%,-1073.05,-0.15%,-284496.25,2.76%
330,Exit long,SHORT,6/25/2020 20:00,"9,185.81",77.30824,-5410.03,-0.76%,781.59,0.11%,-7403.04,-1.03%,-289906.28,-0.76%
330,Entry long,LONG,6/25/2020 19:00,"9,255.79",77.30824,-5410.03,-0.76%,781.59,0.11%,-7403.04,-1.03%,-289906.28,-0.76%
331,Exit short,LONG,6/26/2020 1:00,"9,283.20",77.30333,-7528.57,-1.06%,1216.75,0.17%,-8571.39,-1.21%,-297434.84,-1.06%
331,Entry short,SHORT,6/25/2020 20:00,"9,185.81",77.30333,-7528.57,-1.06%,1216.75,0.17%,-8571.39,-1.21%,-297434.84,-1.06%
332,Exit long,SHORT,6/26/2020 14:00,"9,211.74",75.68135,-5408.19,-0.77%,4298.7,0.61%,-7621.11,-1.08%,-302843.03,-0.77%
332,Entry long,LONG,6/26/2020 1:00,"9,283.20",75.68135,-5408.19,-0.77%,4298.7,0.61%,-7621.11,-1.08%,-302843.03,-0.77%
333,Exit short,LONG,6/27/2020 13:00,"9,169.96",75.68135,3161.97,0.45%,12585.05,1.81%,-3406.42,-0.49%,-299681.06,0.45%
333,Entry short,SHORT,6/26/2020 14:00,"9,211.74",75.68135,3161.97,0.45%,12585.05,1.81%,-3406.42,-0.49%,-299681.06,0.45%
334,Exit long,SHORT,6/27/2020 18:00,"9,142.78",76.37099,-2075.76,-0.30%,2007.03,0.29%,-3815.49,-0.54%,-301756.8,-0.30%
334,Entry long,LONG,6/27/2020 13:00,"9,169.96",76.37099,-2075.76,-0.30%,2007.03,0.29%,-3815.49,-0.54%,-301756.8,-0.30%
335,Exit short,LONG,6/28/2020 18:00,"9,052.06",76.37099,6928.38,0.99%,23658.21,3.39%,-3177.03,-0.46%,-294828.44,0.99%
335,Entry short,SHORT,6/27/2020 18:00,"9,142.78",76.37099,6928.38,0.99%,23658.21,3.39%,-3177.03,-0.46%,-294828.44,0.99%
336,Exit long,SHORT,6/29/2020 22:00,"9,065.17",77.9166,1021.49,0.14%,10825.73,1.53%,-2463.72,-0.35%,-293806.97,0.14%
336,Entry long,LONG,6/28/2020 18:00,"9,052.06",77.9166,1021.49,0.14%,10825.73,1.53%,-2463.72,-0.35%,-293806.97,0.14%
337,Exit short,LONG,6/29/2020 23:00,"9,124.43",77.90179,-4616.46,-0.65%,53.75,0.01%,-5467.93,-0.77%,-298423.44,-0.65%
337,Entry short,SHORT,6/29/2020 22:00,"9,065.17",77.90179,-4616.46,-0.65%,53.75,0.01%,-5467.93,-0.77%,-298423.44,-0.65%
338,Exit long,SHORT,6/30/2020 15:00,"9,144.34",76.88447,1530.77,0.22%,8731.77,1.24%,-1722.21,-0.25%,-296892.66,0.22%
338,Entry long,LONG,6/29/2020 23:00,"9,124.43",76.88447,1530.77,0.22%,8731.77,1.24%,-1722.21,-0.25%,-296892.66,0.22%
339,Exit short,LONG,6/30/2020 23:00,"9,169.99",76.88989,-1972.23,-0.28%,6108.9,0.87%,-3433.9,-0.49%,-298864.88,-0.28%
339,Entry short,SHORT,6/30/2020 15:00,"9,144.34",76.88989,-1972.23,-0.28%,6108.9,0.87%,-3433.9,-0.49%,-298864.88,-0.28%
340,Exit long,SHORT,7/1/2020 7:00,"9,138.08",76.46677,-2440.05,-0.35%,711.14,0.10%,-5725.07,-0.82%,-301304.94,-0.35%
340,Entry long,LONG,6/30/2020 23:00,"9,169.99",76.46677,-2440.05,-0.35%,711.14,0.10%,-5725.07,-0.82%,-301304.94,-0.35%
341,Exit short,LONG,7/1/2020 11:00,"9,138.55",76.45972,-35.94,-0.01%,4433.14,0.63%,-656.79,-0.09%,-301340.88,-0.01%
341,Entry short,SHORT,7/1/2020 7:00,"9,138.08",76.45972,-35.94,-0.01%,4433.14,0.63%,-656.79,-0.09%,-301340.88,-0.01%
342,Exit long,SHORT,7/2/2020 14:00,"9,204.89",76.45118,5071.77,0.73%,11731.43,1.68%,-1012.21,-0.14%,-296269.1,0.73%
342,Entry long,LONG,7/1/2020 11:00,"9,138.55",76.45118,5071.77,0.73%,11731.43,1.68%,-1012.21,-0.14%,-296269.1,0.73%
343,Exit short,LONG,7/2/2020 20:00,"9,241.99",76.45185,-2836.36,-0.40%,2666.64,0.38%,-2988.5,-0.42%,-299105.47,-0.40%
343,Entry short,SHORT,7/2/2020 14:00,"9,204.89",76.45185,-2836.36,-0.40%,2666.64,0.38%,-2988.5,-0.42%,-299105.47,-0.40%
344,Exit long,SHORT,7/3/2020 0:00,"9,043.90",75.82833,-15020.83,-2.14%,1192.78,0.17%,-22899.4,-3.27%,-314126.28,-2.14%
344,Entry long,LONG,7/2/2020 20:00,"9,241.99",75.82833,-15020.83,-2.14%,1192.78,0.17%,-22899.4,-3.27%,-314126.28,-2.14%
345,Exit short,LONG,7/3/2020 5:00,"9,126.55",75.83826,-6268.03,-0.91%,2191.73,0.32%,-8046.44,-1.17%,-320394.3,-0.91%
345,Entry short,SHORT,7/3/2020 0:00,"9,043.90",75.83826,-6268.03,-0.91%,2191.73,0.32%,-8046.44,-1.17%,-320394.3,-0.91%
346,Exit long,SHORT,7/4/2020 2:00,"9,079.25",74.46468,-3522.18,-0.52%,1405.15,0.21%,-6541.72,-0.96%,-323916.5,-0.52%
346,Entry long,LONG,7/3/2020 5:00,"9,126.55",74.46468,-3522.18,-0.52%,1405.15,0.21%,-6541.72,-0.96%,-323916.5,-0.52%
347,Exit short,LONG,7/4/2020 11:00,"9,084.96",74.46468,-425.19,-0.06%,3111.13,0.46%,-1843,-0.27%,-324341.7,-0.06%
347,Entry short,SHORT,7/4/2020 2:00,"9,079.25",74.46468,-425.19,-0.06%,3111.13,0.46%,-1843,-0.27%,-324341.7,-0.06%
348,Exit long,SHORT,7/4/2020 17:00,"9,071.85",74.37009,-974.99,-0.14%,746.68,0.11%,-1352.79,-0.20%,-325316.7,-0.14%
348,Entry long,LONG,7/4/2020 11:00,"9,084.96",74.37009,-974.99,-0.14%,746.68,0.11%,-1352.79,-0.20%,-325316.7,-0.14%
349,Exit short,LONG,7/5/2020 1:00,"9,169.75",74.37108,-7280.93,-1.08%,2365.74,0.35%,-8786.94,-1.30%,-332597.62,-1.08%
349,Entry short,SHORT,7/4/2020 17:00,"9,071.85",74.37108,-7280.93,-1.08%,2365.74,0.35%,-8786.94,-1.30%,-332597.62,-1.08%
350,Exit long,SHORT,7/5/2020 10:00,"9,118.01",72.78305,-3765.79,-0.56%,1473.86,0.22%,-4627.55,-0.69%,-336363.4,-0.56%
350,Entry long,LONG,7/5/2020 1:00,"9,169.75",72.78305,-3765.79,-0.56%,1473.86,0.22%,-4627.55,-0.69%,-336363.4,-0.56%
351,Exit short,LONG,7/5/2020 11:00,"9,128.98",72.78305,-798.43,-0.12%,409.77,0.06%,-956.37,-0.14%,-337161.84,-0.12%
351,Entry short,SHORT,7/5/2020 10:00,"9,118.01",72.78305,-798.43,-0.12%,409.77,0.06%,-956.37,-0.14%,-337161.84,-0.12%
352,Exit long,SHORT,7/5/2020 13:00,"9,076.72",72.59507,-3793.82,-0.57%,251.18,0.04%,-4605.43,-0.69%,-340955.66,-0.57%
352,Entry long,LONG,7/5/2020 11:00,"9,128.98",72.59507,-3793.82,-0.57%,251.18,0.04%,-4605.43,-0.69%,-340955.66,-0.57%
353,Exit short,LONG,7/6/2020 8:00,"9,064.59",72.6082,880.74,0.13%,13337.4,2.02%,-2304.58,-0.35%,-340074.94,0.13%
353,Entry short,SHORT,7/5/2020 13:00,"9,076.72",72.6082,880.74,0.13%,13337.4,2.02%,-2304.58,-0.35%,-340074.94,0.13%
354,Exit long,SHORT,7/7/2020 14:00,"9,271.37",72.80236,15054.07,2.28%,22920.37,3.47%,0,0.00%,-325020.84,2.28%
354,Entry long,LONG,7/6/2020 8:00,"9,064.59",72.80236,15054.07,2.28%,22920.37,3.47%,0,0.00%,-325020.84,2.28%
355,Exit short,LONG,7/7/2020 23:00,"9,275.64",72.80252,-310.87,-0.05%,3736.95,0.55%,-1376.7,-0.20%,-325331.72,-0.05%
355,Entry short,SHORT,7/7/2020 14:00,"9,271.37",72.80252,-310.87,-0.05%,3736.95,0.55%,-1376.7,-0.20%,-325331.72,-0.05%
356,Exit long,SHORT,7/8/2020 3:00,"9,238.50",72.73518,-2701.38,-0.40%,613.16,0.09%,-3319.63,-0.49%,-328033.1,-0.40%
356,Entry long,LONG,7/7/2020 23:00,"9,275.64",72.73518,-2701.38,-0.40%,613.16,0.09%,-3319.63,-0.49%,-328033.1,-0.40%
357,Exit short,LONG,7/8/2020 4:00,"9,253.49",72.73549,-1090.3,-0.16%,2582.11,0.38%,-1200.14,-0.18%,-329123.4,-0.16%
357,Entry short,SHORT,7/8/2020 3:00,"9,238.50",72.73549,-1090.3,-0.16%,2582.11,0.38%,-1200.14,-0.18%,-329123.4,-0.16%
358,Exit long,SHORT,7/8/2020 5:00,"9,244.79",72.49968,-630.75,-0.09%,471.97,0.07%,-1635.59,-0.24%,-329754.16,-0.09%
358,Entry long,LONG,7/8/2020 4:00,"9,253.49",72.49968,-630.75,-0.09%,471.97,0.07%,-1635.59,-0.24%,-329754.16,-0.09%
359,Exit short,LONG,7/8/2020 7:00,"9,257.40",72.49984,-914.22,-0.14%,875.07,0.13%,-1827.72,-0.27%,-330668.38,-0.14%
359,Entry short,SHORT,7/8/2020 5:00,"9,244.79",72.49984,-914.22,-0.14%,875.07,0.13%,-1827.72,-0.27%,-330668.38,-0.14%
360,Exit long,SHORT,7/9/2020 13:00,"9,381.46",72.30248,8969.85,1.34%,15371.51,2.30%,-1908.79,-0.29%,-321698.53,1.34%
360,Entry long,LONG,7/8/2020 7:00,"9,257.40",72.30248,8969.85,1.34%,15371.51,2.30%,-1908.79,-0.29%,-321698.53,1.34%
361,Exit short,LONG,7/10/2020 22:00,"9,189.44",72.30233,13883.49,2.05%,18542.66,2.73%,-3720.68,-0.55%,-307815.03,2.05%
361,Entry short,SHORT,7/9/2020 13:00,"9,381.46",72.30233,13883.49,2.05%,18542.66,2.73%,-3720.68,-0.55%,-307815.03,2.05%
362,Exit long,SHORT,7/11/2020 14:00,"9,256.57",75.32009,5056.24,0.73%,9643.98,1.39%,-405.98,-0.06%,-302758.8,0.73%
362,Entry long,LONG,7/10/2020 22:00,"9,189.44",75.32009,5056.24,0.73%,9643.98,1.39%,-405.98,-0.06%,-302758.8,0.73%
363,Exit short,LONG,7/12/2020 7:00,"9,234.02",75.32392,1698.55,0.24%,5899.37,0.85%,-1731.7,-0.25%,-301060.25,0.24%
363,Entry short,SHORT,7/11/2020 14:00,"9,256.57",75.32392,1698.55,0.24%,5899.37,0.85%,-1731.7,-0.25%,-301060.25,0.24%
364,Exit long,SHORT,7/12/2020 21:00,"9,210.00",75.69165,-1818.11,-0.26%,8400.26,1.20%,-3937.48,-0.56%,-302878.38,-0.26%
364,Entry long,LONG,7/12/2020 7:00,"9,234.02",75.69165,-1818.11,-0.26%,8400.26,1.20%,-3937.48,-0.56%,-302878.38,-0.26%
365,Exit short,LONG,7/13/2020 4:00,"9,230.86",75.69181,-1578.93,-0.23%,3973.82,0.57%,-1892.3,-0.27%,-304457.28,-0.23%
365,Entry short,SHORT,7/12/2020 21:00,"9,210.00",75.69181,-1578.93,-0.23%,3973.82,0.57%,-1892.3,-0.27%,-304457.28,-0.23%
366,Exit long,SHORT,7/14/2020 8:00,"9,223.58",75.34955,-548.54,-0.08%,8511.49,1.22%,-2258.23,-0.32%,-305005.84,-0.08%
366,Entry long,LONG,7/13/2020 4:00,"9,230.86",75.34955,-548.54,-0.08%,8511.49,1.22%,-2258.23,-0.32%,-305005.84,-0.08%
367,Exit short,LONG,7/15/2020 1:00,"9,248.25",75.34971,-1858.88,-0.27%,8332.17,1.20%,-3874.48,-0.56%,-306864.72,-0.27%
367,Entry short,SHORT,7/14/2020 8:00,"9,223.58",75.34971,-1858.88,-0.27%,8332.17,1.20%,-3874.48,-0.56%,-306864.72,-0.27%
368,Exit long,SHORT,7/15/2020 15:00,"9,231.20",74.94804,-1277.86,-0.18%,2345.12,0.34%,-2216.96,-0.32%,-308142.6,-0.18%
368,Entry long,LONG,7/15/2020 1:00,"9,248.25",74.94804,-1277.86,-0.18%,2345.12,0.34%,-2216.96,-0.32%,-308142.6,-0.18%
369,Exit short,LONG,7/15/2020 18:00,"9,243.50",74.94772,-921.86,-0.13%,3237.74,0.47%,-1407.52,-0.20%,-309064.44,-0.13%
369,Entry short,SHORT,7/15/2020 15:00,"9,231.20",74.94772,-921.86,-0.13%,3237.74,0.47%,-1407.52,-0.20%,-309064.44,-0.13%
370,Exit long,SHORT,7/16/2020 3:00,"9,185.46",74.74826,-4338.39,-0.63%,409.62,0.06%,-6198.87,-0.90%,-313402.8,-0.63%
370,Entry long,LONG,7/15/2020 18:00,"9,243.50",74.74826,-4338.39,-0.63%,409.62,0.06%,-6198.87,-0.90%,-313402.8,-0.63%
371,Exit short,LONG,7/16/2020 5:00,"9,231.78",74.74826,-3462.34,-0.50%,478.39,0.07%,-3872.71,-0.56%,-316865.16,-0.50%
371,Entry short,SHORT,7/16/2020 3:00,"9,185.46",74.74826,-3462.34,-0.50%,478.39,0.07%,-3872.71,-0.56%,-316865.16,-0.50%
372,Exit long,SHORT,7/16/2020 7:00,"9,197.60",73.99817,-2529.26,-0.37%,176.86,0.03%,-3174.52,-0.46%,-319394.44,-0.37%
372,Entry long,LONG,7/16/2020 5:00,"9,231.78",73.99817,-2529.26,-0.37%,176.86,0.03%,-3174.52,-0.46%,-319394.44,-0.37%
373,Exit short,LONG,7/16/2020 9:00,"9,221.61",73.99817,-1776.7,-0.26%,1467.38,0.22%,-1852.91,-0.27%,-321171.12,-0.26%
373,Entry short,SHORT,7/16/2020 7:00,"9,197.60",73.99817,-1776.7,-0.26%,1467.38,0.22%,-1852.91,-0.27%,-321171.12,-0.26%
374,Exit long,SHORT,7/16/2020 12:00,"9,204.01",73.61299,-1295.59,-0.19%,334.2,0.05%,-2179.68,-0.32%,-322466.72,-0.19%
374,Entry long,LONG,7/16/2020 9:00,"9,221.61",73.61299,-1295.59,-0.19%,334.2,0.05%,-2179.68,-0.32%,-322466.72,-0.19%
375,Exit short,LONG,7/17/2020 20:00,"9,162.88",73.61283,3027.7,0.45%,11539.55,1.70%,-440.94,-0.07%,-319439,0.45%
375,Entry short,SHORT,7/16/2020 12:00,"9,204.01",73.61283,3027.7,0.45%,11539.55,1.70%,-440.94,-0.07%,-319439,0.45%
376,Exit long,SHORT,7/18/2020 9:00,"9,140.43",74.27386,-1667.45,-0.25%,1271.57,0.19%,-2590.67,-0.38%,-321106.47,-0.25%
376,Entry long,LONG,7/17/2020 20:00,"9,162.88",74.27386,-1667.45,-0.25%,1271.57,0.19%,-2590.67,-0.38%,-321106.47,-0.25%
377,Exit short,LONG,7/18/2020 21:00,"9,167.50",74.27369,-2010.59,-0.30%,1435.71,0.21%,-5857.97,-0.86%,-323117.06,-0.30%
377,Entry short,SHORT,7/18/2020 9:00,"9,140.43",74.27369,-2010.59,-0.30%,1435.71,0.21%,-5857.97,-0.86%,-323117.06,-0.30%
378,Exit long,SHORT,7/19/2020 11:00,"9,153.41",73.83441,-1040.33,-0.15%,2399.62,0.35%,-2002.39,-0.30%,-324157.38,-0.15%
378,Entry long,LONG,7/18/2020 21:00,"9,167.50",73.83441,-1040.33,-0.15%,2399.62,0.35%,-2002.39,-0.30%,-324157.38,-0.15%
379,Exit short,LONG,7/20/2020 1:00,"9,150.96",73.83506,180.9,0.03%,3843.85,0.57%,-1306.88,-0.19%,-323976.47,0.03%
379,Entry short,SHORT,7/19/2020 11:00,"9,153.41",73.83506,180.9,0.03%,3843.85,0.57%,-1306.88,-0.19%,-323976.47,0.03%
380,Exit long,SHORT,7/20/2020 21:00,"9,148.40",73.87492,-189.12,-0.03%,6006.77,0.89%,-1474.54,-0.22%,-324165.6,-0.03%
380,Entry long,LONG,7/20/2020 1:00,"9,150.96",73.87492,-189.12,-0.03%,6006.77,0.89%,-1474.54,-0.22%,-324165.6,-0.03%
381,Exit short,LONG,7/20/2020 23:00,"9,173.82",73.8746,-1877.89,-0.28%,165.48,0.02%,-2315.97,-0.34%,-326043.5,-0.28%
381,Entry short,SHORT,7/20/2020 21:00,"9,148.40",73.8746,-1877.89,-0.28%,165.48,0.02%,-2315.97,-0.34%,-326043.5,-0.28%
382,Exit long,SHORT,7/22/2020 14:00,"9,335.51",73.46632,11878.77,1.76%,19388.5,2.88%,-2397.21,-0.36%,-314164.72,1.76%
382,Entry long,LONG,7/20/2020 23:00,"9,173.82",73.46632,11878.77,1.76%,19388.5,2.88%,-2397.21,-0.36%,-314164.72,1.76%
383,Exit short,LONG,7/22/2020 21:00,"9,329.76",73.46521,422.42,0.06%,5473.89,0.80%,-1858.67,-0.27%,-313742.3,0.06%
383,Entry short,SHORT,7/22/2020 14:00,"9,335.51",73.46521,422.42,0.06%,5473.89,0.80%,-1858.67,-0.27%,-313742.3,0.06%
384,Exit long,SHORT,7/24/2020 12:00,"9,535.26",73.55592,15115.74,2.20%,24585.33,3.58%,-1371.82,-0.20%,-298626.56,2.20%
384,Entry long,LONG,7/22/2020 21:00,"9,329.76",73.55592,15115.74,2.20%,24585.33,3.58%,-1371.82,-0.20%,-298626.56,2.20%
385,Exit short,LONG,7/24/2020 19:00,"9,532.09",73.55577,233.17,0.03%,5282.78,0.75%,-1819.77,-0.26%,-298393.38,0.03%
385,Entry short,SHORT,7/24/2020 12:00,"9,535.26",73.55577,233.17,0.03%,5282.78,0.75%,-1819.77,-0.26%,-298393.38,0.03%
386,Exit long,SHORT,7/24/2020 21:00,"9,503.97",73.60469,-2069.76,-0.30%,450.46,0.06%,-2550.4,-0.36%,-300463.16,-0.30%
386,Entry long,LONG,7/24/2020 19:00,"9,532.09",73.60469,-2069.76,-0.30%,450.46,0.06%,-2550.4,-0.36%,-300463.16,-0.30%
387,Exit short,LONG,7/24/2020 23:00,"9,551.69",73.60469,-3512.42,-0.50%,68.45,0.01%,-4593.67,-0.66%,-303975.56,-0.50%
387,Entry short,SHORT,7/24/2020 21:00,"9,503.97",73.60469,-3512.42,-0.50%,68.45,0.01%,-4593.67,-0.66%,-303975.56,-0.50%
388,Exit long,SHORT,7/30/2020 11:00,"10,983.56",72.86939,104339.49,14.99%,134310.67,19.30%,-2819.32,-0.41%,-199636.08,14.99%
388,Entry long,LONG,7/24/2020 23:00,"9,551.69",72.86939,104339.49,14.99%,134310.67,19.30%,-2819.32,-0.41%,-199636.08,14.99%
389,Exit short,LONG,7/31/2020 0:00,"11,016.05",72.86926,-2367.52,-0.30%,11116.94,1.39%,-4477.09,-0.56%,-202003.6,-0.30%
389,Entry short,SHORT,7/30/2020 11:00,"10,983.56",72.86926,-2367.52,-0.30%,11116.94,1.39%,-4477.09,-0.56%,-202003.6,-0.30%
390,Exit long,SHORT,8/4/2020 16:00,"11,239.26",72.43982,16169.29,2.03%,80220.58,10.05%,-36042.43,-4.52%,-185834.3,2.03%
390,Entry long,LONG,7/31/2020 0:00,"11,016.05",72.43982,16169.29,2.03%,80220.58,10.05%,-36042.43,-4.52%,-185834.3,2.03%
391,Exit short,LONG,8/5/2020 2:00,"11,219.68",72.43943,1418.36,0.17%,17331.86,2.13%,-4399.97,-0.54%,-184415.94,0.17%
391,Entry short,SHORT,8/4/2020 16:00,"11,239.26",72.43943,1418.36,0.17%,17331.86,2.13%,-4399.97,-0.54%,-184415.94,0.17%
392,Exit long,SHORT,8/5/2020 8:00,"11,175.61",72.6924,-3203.55,-0.39%,3617.9,0.44%,-5664.92,-0.69%,-187619.48,-0.39%
392,Entry long,LONG,8/5/2020 2:00,"11,219.68",72.6924,-3203.55,-0.39%,3617.9,0.44%,-5664.92,-0.69%,-187619.48,-0.39%
393,Exit short,LONG,8/5/2020 11:00,"11,240.56",72.69227,-4721.36,-0.58%,6005.11,0.74%,-4731.54,-0.58%,-192340.86,-0.58%
393,Entry short,SHORT,8/5/2020 8:00,"11,175.61",72.69227,-4721.36,-0.58%,6005.11,0.74%,-4731.54,-0.58%,-192340.86,-0.58%
394,Exit long,SHORT,8/7/2020 21:00,"11,737.98",71.85221,35740.73,4.43%,48096.43,5.96%,-909.65,-0.11%,-156600.12,4.43%
394,Entry long,LONG,8/5/2020 11:00,"11,240.56",71.85221,35740.73,4.43%,48096.43,5.96%,-909.65,-0.11%,-156600.12,4.43%
395,Exit short,LONG,8/8/2020 18:00,"11,738.93",71.85221,-68.26,-0.01%,29889.08,3.54%,-3737.75,-0.44%,-156668.39,-0.01%
395,Entry short,SHORT,8/7/2020 21:00,"11,737.98",71.85221,-68.26,-0.01%,29889.08,3.54%,-3737.75,-0.44%,-156668.39,-0.01%
396,Exit long,SHORT,8/9/2020 2:00,"11,685.30",71.84523,-3853.06,-0.46%,4981.75,0.59%,-11059.14,-1.31%,-160521.45,-0.46%
396,Entry long,LONG,8/8/2020 18:00,"11,738.93",71.84523,-3853.06,-0.46%,4981.75,0.59%,-11059.14,-1.31%,-160521.45,-0.46%
397,Exit short,LONG,8/9/2020 3:00,"11,713.38",71.84056,-2017.28,-0.24%,2148.75,0.26%,-2636.55,-0.31%,-162538.73,-0.24%
397,Entry short,SHORT,8/9/2020 2:00,"11,685.30",71.84056,-2017.28,-0.24%,2148.75,0.26%,-2636.55,-0.31%,-162538.73,-0.24%
398,Exit long,SHORT,8/9/2020 14:00,"11,659.30",71.49563,-3866.48,-0.46%,5986.33,0.71%,-5746.82,-0.69%,-166405.22,-0.46%
398,Entry long,LONG,8/9/2020 3:00,"11,713.38",71.49563,-3866.48,-0.46%,5986.33,0.71%,-5746.82,-0.69%,-166405.22,-0.46%
399,Exit short,LONG,8/10/2020 8:00,"11,739.09",71.49612,-5704.68,-0.68%,9818.56,1.18%,-7554.99,-0.91%,-172109.89,-0.68%
399,Entry short,SHORT,8/9/2020 14:00,"11,659.30",71.49612,-5704.68,-0.68%,9818.56,1.18%,-7554.99,-0.91%,-172109.89,-0.68%
400,Exit long,SHORT,8/11/2020 14:00,"11,751.77",70.52433,894.25,0.11%,23150.32,2.80%,-20387.88,-2.46%,-171215.64,0.11%
400,Entry long,LONG,8/10/2020 8:00,"11,739.09",70.52433,894.25,0.11%,23150.32,2.80%,-20387.88,-2.46%,-171215.64,0.11%
401,Exit short,LONG,8/12/2020 18:00,"11,515.24",70.52421,16681.09,2.01%,44202.46,5.33%,-2238.44,-0.27%,-154534.55,2.01%
401,Entry short,SHORT,8/11/2020 14:00,"11,751.77",70.52421,16681.09,2.01%,44202.46,5.33%,-2238.44,-0.27%,-154534.55,2.01%
402,Exit long,SHORT,8/13/2020 15:00,"11,513.43",73.42131,-132.89,-0.02%,10407.47,1.23%,-6878.84,-0.81%,-154667.44,-0.02%
402,Entry long,LONG,8/12/2020 18:00,"11,515.24",73.42131,-132.89,-0.02%,10407.47,1.23%,-6878.84,-0.81%,-154667.44,-0.02%
403,Exit short,LONG,8/13/2020 22:00,"11,526.59",73.42143,-966.23,-0.11%,17846.55,2.11%,-7978.71,-0.94%,-155633.67,-0.11%
403,Entry short,SHORT,8/13/2020 15:00,"11,513.43",73.42143,-966.23,-0.11%,17846.55,2.11%,-7978.71,-0.94%,-155633.67,-0.11%
404,Exit long,SHORT,8/15/2020 20:00,"11,749.33",73.25378,16316.55,1.93%,33214,3.93%,-6171.63,-0.73%,-139317.12,1.93%
404,Entry long,LONG,8/13/2020 22:00,"11,526.59",73.25378,16316.55,1.93%,33214,3.93%,-6171.63,-0.73%,-139317.12,1.93%
405,Exit short,LONG,8/16/2020 1:00,"11,856.94",73.25378,-7882.84,-0.92%,1809.37,0.21%,-11141.17,-1.29%,-147199.95,-0.92%
405,Entry short,SHORT,8/15/2020 20:00,"11,749.33",73.25378,-7882.84,-0.92%,1809.37,0.21%,-11141.17,-1.29%,-147199.95,-0.92%
406,Exit long,SHORT,8/16/2020 18:00,"11,789.83",71.92302,-4826.75,-0.57%,8635.08,1.01%,-8051.06,-0.94%,-152026.72,-0.57%
406,Entry long,LONG,8/16/2020 1:00,"11,856.94",71.92302,-4826.75,-0.57%,8635.08,1.01%,-8051.06,-0.94%,-152026.72,-0.57%
407,Exit short,LONG,8/17/2020 0:00,"11,864.68",71.92413,-5383.52,-0.63%,7467.88,0.88%,-7843.33,-0.92%,-157410.23,-0.63%
407,Entry short,SHORT,8/16/2020 18:00,"11,789.83",71.92413,-5383.52,-0.63%,7467.88,0.88%,-7843.33,-0.92%,-157410.23,-0.63%
408,Exit long,SHORT,8/17/2020 14:00,"11,806.37",71.01592,-4140.94,-0.49%,4862.46,0.58%,-6739.41,-0.80%,-161551.17,-0.49%
408,Entry long,LONG,8/17/2020 0:00,"11,864.68",71.01592,-4140.94,-0.49%,4862.46,0.58%,-6739.41,-0.80%,-161551.17,-0.49%
409,Exit short,LONG,8/17/2020 19:00,"11,908.67",71.01664,-7265,-0.87%,997.78,0.12%,-8069.62,-0.96%,-168816.17,-0.87%
409,Entry short,SHORT,8/17/2020 14:00,"11,806.37",71.01664,-7265,-0.87%,997.78,0.12%,-8069.62,-0.96%,-168816.17,-0.87%
410,Exit long,SHORT,8/18/2020 17:00,"12,217.98",69.79676,21588.84,2.60%,39039.42,4.70%,-8980.75,-1.08%,-147227.34,2.60%
410,Entry long,LONG,8/17/2020 19:00,"11,908.67",69.79676,21588.84,2.60%,39039.42,4.70%,-8980.75,-1.08%,-147227.34,2.60%
411,Exit short,LONG,8/18/2020 20:00,"12,247.62",69.79653,-2068.77,-0.24%,4239.44,0.50%,-5493.68,-0.64%,-149296.11,-0.24%
411,Entry short,SHORT,8/18/2020 17:00,"12,217.98",69.79653,-2068.77,-0.24%,4239.44,0.50%,-5493.68,-0.64%,-149296.11,-0.24%
412,Exit long,SHORT,8/18/2020 21:00,"12,154.71",69.45871,-6453.41,-0.76%,859.2,0.10%,-16271.4,-1.91%,-155749.52,-0.76%
412,Entry long,LONG,8/18/2020 20:00,"12,247.62",69.45871,-6453.41,-0.76%,859.2,0.10%,-16271.4,-1.91%,-155749.52,-0.76%
413,Exit short,LONG,8/19/2020 6:00,"12,047.16",69.45871,7470.28,0.88%,23392.31,2.77%,-2362.29,-0.28%,-148279.23,0.88%
413,Entry short,SHORT,8/18/2020 21:00,"12,154.71",69.45871,7470.28,0.88%,23392.31,2.77%,-2362.29,-0.28%,-148279.23,0.88%
414,Exit long,SHORT,8/19/2020 7:00,"11,945.10",70.699,-7215.54,-0.85%,0,0.00%,-7378.15,-0.87%,-155494.77,-0.85%
414,Entry long,LONG,8/19/2020 6:00,"12,047.16",70.699,-7215.54,-0.85%,0,0.00%,-7378.15,-0.87%,-155494.77,-0.85%
415,Exit short,LONG,8/19/2020 21:00,"11,863.73",70.69888,5752.77,0.68%,23499.6,2.78%,-5301,-0.63%,-149742,0.68%
415,Entry short,SHORT,8/19/2020 7:00,"11,945.10",70.69888,5752.77,0.68%,23499.6,2.78%,-5301,-0.63%,-149742,0.68%
416,Exit long,SHORT,8/19/2020 22:00,"11,750.62",71.66869,-8106.45,-0.95%,895.86,0.11%,-9710.39,-1.14%,-157848.45,-0.95%
416,Entry long,LONG,8/19/2020 21:00,"11,863.73",71.66869,-8106.45,-0.95%,895.86,0.11%,-9710.39,-1.14%,-157848.45,-0.95%
417,Exit short,LONG,8/20/2020 7:00,"11,754.38",71.66869,-269.47,-0.03%,13589.82,1.61%,-3539,-0.42%,-158117.92,-0.03%
417,Entry short,SHORT,8/19/2020 22:00,"11,750.62",71.66869,-269.47,-0.03%,13589.82,1.61%,-3539,-0.42%,-158117.92,-0.03%
418,Exit long,SHORT,8/20/2020 13:00,"11,695.95",71.62027,-4184.77,-0.50%,5113.69,0.61%,-5398.02,-0.64%,-162302.7,-0.50%
418,Entry long,LONG,8/20/2020 7:00,"11,754.38",71.62027,-4184.77,-0.50%,5113.69,0.61%,-5398.02,-0.64%,-162302.7,-0.50%
419,Exit short,LONG,8/20/2020 17:00,"11,780.24",71.62285,-6037.09,-0.72%,2001.86,0.24%,-7667.23,-0.92%,-168339.78,-0.72%
419,Entry short,SHORT,8/20/2020 13:00,"11,695.95",71.62285,-6037.09,-0.72%,2001.86,0.24%,-7667.23,-0.92%,-168339.78,-0.72%
420,Exit long,SHORT,8/21/2020 9:00,"11,807.51",70.59488,1925.12,0.23%,7607.3,0.91%,-3075.11,-0.37%,-166414.67,0.23%
420,Entry long,LONG,8/20/2020 17:00,"11,780.24",70.59488,1925.12,0.23%,7607.3,0.91%,-3075.11,-0.37%,-166414.67,0.23%
421,Exit short,LONG,8/22/2020 18:00,"11,570.00",70.59789,16767.71,2.01%,30406.51,3.65%,-4597.33,-0.55%,-149646.95,2.01%
421,Entry short,SHORT,8/21/2020 9:00,"11,807.51",70.59789,16767.71,2.01%,30406.51,3.65%,-4597.33,-0.55%,-149646.95,2.01%
422,Exit long,SHORT,8/23/2020 12:00,"11,600.32",73.49637,2228.41,0.26%,8732.1,1.03%,-1819.04,-0.21%,-147418.55,0.26%
422,Entry long,LONG,8/22/2020 18:00,"11,570.00",73.49637,2228.41,0.26%,8732.1,1.03%,-1819.04,-0.21%,-147418.55,0.26%
423,Exit short,LONG,8/23/2020 23:00,"11,653.26",73.49637,-3890.9,-0.46%,6334.65,0.74%,-5113.14,-0.60%,-151309.45,-0.46%
423,Entry short,SHORT,8/23/2020 12:00,"11,600.32",73.49637,-3890.9,-0.46%,6334.65,0.74%,-5113.14,-0.60%,-151309.45,-0.46%
424,Exit long,SHORT,8/25/2020 0:00,"11,758.82",72.82872,7687.8,0.91%,12500.32,1.47%,-4964.73,-0.58%,-143621.66,0.91%
424,Entry long,LONG,8/23/2020 23:00,"11,653.26",72.82872,7687.8,0.91%,12500.32,1.47%,-4964.73,-0.58%,-143621.66,0.91%
425,Exit short,LONG,8/26/2020 22:00,"11,440.25",72.82859,23201,2.71%,46696.23,5.45%,-2270.8,-0.27%,-120420.65,2.71%
425,Entry short,SHORT,8/25/2020 0:00,"11,758.82",72.82859,23201,2.71%,46696.23,5.45%,-2270.8,-0.27%,-120420.65,2.71%
426,Exit long,SHORT,8/27/2020 10:00,"11,377.86",76.88462,-4796.83,-0.55%,7616.96,0.87%,-6236.11,-0.71%,-125217.48,-0.55%
426,Entry long,LONG,8/26/2020 22:00,"11,440.25",76.88462,-4796.83,-0.55%,7616.96,0.87%,-6236.11,-0.71%,-125217.48,-0.55%
427,Exit short,LONG,8/28/2020 10:00,"11,373.70",76.88462,319.84,0.04%,19441.04,2.22%,-16479.45,-1.88%,-124897.63,0.04%
427,Entry short,SHORT,8/27/2020 10:00,"11,377.86",76.88462,319.84,0.04%,19441.04,2.22%,-16479.45,-1.88%,-124897.63,0.04%
428,Exit long,SHORT,8/29/2020 21:00,"11,438.27",76.94113,4968.09,0.57%,15874.49,1.81%,-2042.02,-0.23%,-119929.55,0.57%
428,Entry long,LONG,8/28/2020 10:00,"11,373.70",76.94113,4968.09,0.57%,15874.49,1.81%,-2042.02,-0.23%,-119929.55,0.57%
429,Exit short,LONG,8/29/2020 23:00,"11,500.98",76.94087,-4824.96,-0.55%,200.82,0.02%,-5980.61,-0.68%,-124754.51,-0.55%
429,Entry short,SHORT,8/29/2020 21:00,"11,438.27",76.94087,-4824.96,-0.55%,200.82,0.02%,-5980.61,-0.68%,-124754.51,-0.55%
430,Exit long,SHORT,8/30/2020 8:00,"11,506.09",76.10168,388.88,0.04%,3654.4,0.42%,-3270.85,-0.37%,-124365.63,0.04%
430,Entry long,LONG,8/29/2020 23:00,"11,500.98",76.10168,388.88,0.04%,3654.4,0.42%,-3270.85,-0.37%,-124365.63,0.04%
431,Exit short,LONG,8/30/2020 9:00,"11,621.51",76.10181,-8783.67,-1.00%,693.29,0.08%,-10951.81,-1.25%,-133149.3,-1.00%
431,Entry short,SHORT,8/30/2020 8:00,"11,506.09",76.10181,-8783.67,-1.00%,693.29,0.08%,-10951.81,-1.25%,-133149.3,-1.00%
432,Exit long,SHORT,8/30/2020 18:00,"11,562.92",74.59032,-4370.25,-0.50%,1177.78,0.14%,-5424.95,-0.63%,-137519.55,-0.50%
432,Entry long,LONG,8/30/2020 9:00,"11,621.51",74.59032,-4370.25,-0.50%,1177.78,0.14%,-5424.95,-0.63%,-137519.55,-0.50%
433,Exit short,LONG,8/30/2020 21:00,"11,627.64",74.59019,-4827.48,-0.56%,435.61,0.05%,-7622.37,-0.88%,-142347.03,-0.56%
433,Entry short,SHORT,8/30/2020 18:00,"11,562.92",74.59019,-4827.48,-0.56%,435.61,0.05%,-7622.37,-0.88%,-142347.03,-0.56%
434,Exit long,SHORT,8/31/2020 13:00,"11,668.05",73.75512,2980.44,0.35%,7320.2,0.85%,-5159.17,-0.60%,-139366.58,0.35%
434,Entry long,LONG,8/30/2020 21:00,"11,627.64",73.75512,2980.44,0.35%,7320.2,0.85%,-5159.17,-0.60%,-139366.58,0.35%
435,Exit short,LONG,8/31/2020 21:00,"11,713.87",73.75983,-3379.68,-0.39%,7232.15,0.84%,-9789.4,-1.14%,-142746.25,-0.39%
435,Entry short,SHORT,8/31/2020 13:00,"11,668.05",73.75983,-3379.68,-0.39%,7232.15,0.84%,-9789.4,-1.14%,-142746.25,-0.39%
436,Exit long,SHORT,9/1/2020 7:00,"11,649.51",73.18279,-4710.04,-0.55%,2743.62,0.32%,-7242.9,-0.84%,-147456.3,-0.55%
436,Entry long,LONG,8/31/2020 21:00,"11,713.87",73.18279,-4710.04,-0.55%,2743.62,0.32%,-7242.9,-0.84%,-147456.3,-0.55%
437,Exit short,LONG,9/1/2020 12:00,"11,692.67",73.18279,-3158.57,-0.37%,9843.82,1.15%,-5158.65,-0.61%,-150614.88,-0.37%
437,Entry short,SHORT,9/1/2020 7:00,"11,649.51",73.18279,-3158.57,-0.37%,9843.82,1.15%,-5158.65,-0.61%,-150614.88,-0.37%
438,Exit long,SHORT,9/2/2020 10:00,"11,858.00",72.64265,12010.01,1.41%,26019.15,3.06%,-386.46,-0.05%,-138604.86,1.41%
438,Entry long,LONG,9/1/2020 12:00,"11,692.67",72.64265,12010.01,1.41%,26019.15,3.06%,-386.46,-0.05%,-138604.86,1.41%
439,Exit short,LONG,9/3/2020 9:00,"11,422.94",72.64253,31603.86,3.67%,50697.22,5.89%,-3050.99,-0.35%,-107001,3.67%
439,Entry short,SHORT,9/2/2020 10:00,"11,858.00",72.64253,31603.86,3.67%,50697.22,5.89%,-3050.99,-0.35%,-107001,3.67%
440,Exit long,SHORT,9/3/2020 12:00,"11,277.63",78.1758,-11359.73,-1.27%,1174.98,0.13%,-12365.07,-1.38%,-118360.73,-1.27%
440,Entry long,LONG,9/3/2020 9:00,"11,422.94",78.1758,-11359.73,-1.27%,1174.98,0.13%,-12365.07,-1.38%,-118360.73,-1.27%
441,Exit short,LONG,9/4/2020 17:00,"10,518.37",78.17593,59355.86,6.73%,102944.41,11.68%,-14460.2,-1.64%,-59004.87,6.73%
441,Entry short,SHORT,9/3/2020 12:00,"11,277.63",78.17593,59355.86,6.73%,102944.41,11.68%,-14460.2,-1.64%,-59004.87,6.73%
442,Exit long,SHORT,9/5/2020 13:00,"10,403.00",89.4619,-10321.22,-1.10%,9722.72,1.03%,-57512.37,-6.11%,-69326.09,-1.10%
442,Entry long,LONG,9/4/2020 17:00,"10,518.37",89.4619,-10321.22,-1.10%,9722.72,1.03%,-57512.37,-6.11%,-69326.09,-1.10%
443,Exit short,LONG,9/6/2020 16:00,"10,238.16",89.46206,14746.93,1.58%,51709.07,5.56%,-8717.18,-0.94%,-54579.16,1.58%
443,Entry short,SHORT,9/5/2020 13:00,"10,403.00",89.46206,14746.93,1.58%,51709.07,5.56%,-8717.18,-0.94%,-54579.16,1.58%
444,Exit long,SHORT,9/7/2020 12:00,"10,170.61",92.34284,-6237.76,-0.66%,10063.52,1.06%,-10893.68,-1.15%,-60816.92,-0.66%
444,Entry long,LONG,9/6/2020 16:00,"10,238.16",92.34284,-6237.76,-0.66%,10063.52,1.06%,-10893.68,-1.15%,-60816.92,-0.66%
445,Exit short,LONG,9/8/2020 7:00,"10,373.45",92.34284,-18730.82,-1.99%,27297.47,2.91%,-22175.21,-2.36%,-79547.74,-1.99%
445,Entry short,SHORT,9/7/2020 12:00,"10,170.61",92.34284,-18730.82,-1.99%,27297.47,2.91%,-22175.21,-2.36%,-79547.74,-1.99%
446,Exit long,SHORT,9/8/2020 11:00,"10,302.82",88.73172,-6267.12,-0.68%,5727.63,0.62%,-6910.43,-0.75%,-85814.87,-0.68%
446,Entry long,LONG,9/8/2020 7:00,"10,373.45",88.73172,-6267.12,-0.68%,5727.63,0.62%,-6910.43,-0.75%,-85814.87,-0.68%
447,Exit short,LONG,9/9/2020 7:00,"10,126.66",88.73154,15630.95,1.71%,40179.41,4.40%,-2713.41,-0.30%,-70183.91,1.71%
447,Entry short,SHORT,9/8/2020 11:00,"10,302.82",88.73154,15630.95,1.71%,40179.41,4.40%,-2713.41,-0.30%,-70183.91,1.71%
448,Exit long,SHORT,9/10/2020 17:00,"10,276.88",91.81881,13793.02,1.48%,26750.49,2.88%,-13373.41,-1.44%,-56390.89,1.48%
448,Entry long,LONG,9/9/2020 7:00,"10,126.66",91.81881,13793.02,1.48%,26750.49,2.88%,-13373.41,-1.44%,-56390.89,1.48%
449,Exit short,LONG,9/10/2020 21:00,"10,437.95",91.81863,-14789.23,-1.57%,3294.45,0.35%,-15895.64,-1.68%,-71180.12,-1.57%
449,Entry short,SHORT,9/10/2020 17:00,"10,276.88",91.81863,-14789.23,-1.57%,3294.45,0.35%,-15895.64,-1.68%,-71180.12,-1.57%
450,Exit long,SHORT,9/11/2020 3:00,"10,270.09",88.98506,-14937.03,-1.61%,4039.92,0.43%,-16722.96,-1.80%,-86117.16,-1.61%
450,Entry long,LONG,9/10/2020 21:00,"10,437.95",88.98506,-14937.03,-1.61%,4039.92,0.43%,-16722.96,-1.80%,-86117.16,-1.61%
451,Exit short,LONG,9/11/2020 7:00,"10,336.86",88.98489,-5941.52,-0.65%,681.62,0.07%,-7588.63,-0.83%,-92058.67,-0.65%
451,Entry short,SHORT,9/11/2020 3:00,"10,270.09",88.98489,-5941.52,-0.65%,681.62,0.07%,-7588.63,-0.83%,-92058.67,-0.65%
452,Exit long,SHORT,9/11/2020 10:00,"10,258.92",87.83514,-6845.87,-0.75%,3819.07,0.42%,-7607.4,-0.84%,-98904.55,-0.75%
452,Entry long,LONG,9/11/2020 7:00,"10,336.86",87.83514,-6845.87,-0.75%,3819.07,0.42%,-7607.4,-0.84%,-98904.55,-0.75%
453,Exit short,LONG,9/11/2020 23:00,"10,318.77",87.83531,-5256.94,-0.58%,5175.26,0.57%,-6586.77,-0.73%,-104161.49,-0.58%
453,Entry short,SHORT,9/11/2020 10:00,"10,258.92",87.83531,-5256.94,-0.58%,5175.26,0.57%,-6586.77,-0.73%,-104161.49,-0.58%
454,Exit long,SHORT,9/12/2020 21:00,"10,294.01",86.81657,-2149.58,-0.24%,6866.32,0.77%,-4436.33,-0.50%,-106311.07,-0.24%
454,Entry long,LONG,9/11/2020 23:00,"10,318.77",86.81657,-2149.58,-0.24%,6866.32,0.77%,-4436.33,-0.50%,-106311.07,-0.24%
455,Exit short,LONG,9/12/2020 23:00,"10,360.00",86.8164,-5729.01,-0.64%,1646.91,0.18%,-7465.34,-0.84%,-112040.08,-0.64%
455,Entry short,SHORT,9/12/2020 21:00,"10,294.01",86.8164,-5729.01,-0.64%,1646.91,0.18%,-7465.34,-0.84%,-112040.08,-0.64%
456,Exit long,SHORT,9/13/2020 19:00,"10,324.88",85.71058,-3010.16,-0.34%,18865.76,2.12%,-4861.5,-0.55%,-115050.23,-0.34%
456,Entry long,LONG,9/12/2020 23:00,"10,360.00",85.71058,-3010.16,-0.34%,18865.76,2.12%,-4861.5,-0.55%,-115050.23,-0.34%
457,Exit short,LONG,9/14/2020 10:00,"10,348.69",85.71041,-2040.76,-0.23%,10703.52,1.21%,-3955.54,-0.45%,-117091,-0.23%
457,Entry short,SHORT,9/13/2020 19:00,"10,324.88",85.71041,-2040.76,-0.23%,10703.52,1.21%,-3955.54,-0.45%,-117091,-0.23%
458,Exit long,SHORT,9/17/2020 11:00,"10,872.30",85.31585,44672.23,5.06%,63501.44,7.19%,-11632.82,-1.32%,-72418.77,5.06%
458,Entry long,LONG,9/14/2020 10:00,"10,348.69",85.31585,44672.23,5.06%,63501.44,7.19%,-11632.82,-1.32%,-72418.77,5.06%
459,Exit short,LONG,9/18/2020 1:00,"10,860.86",85.316,976.02,0.11%,10789.91,1.16%,-4921.88,-0.53%,-71442.76,0.11%
459,Entry short,SHORT,9/17/2020 11:00,"10,872.30",85.316,976.02,0.11%,10789.91,1.16%,-4921.88,-0.53%,-71442.76,0.11%
460,Exit long,SHORT,9/19/2020 1:00,"10,834.43",85.49573,-2259.65,-0.24%,15147.28,1.63%,-4105.5,-0.44%,-73702.41,-0.24%
460,Entry long,LONG,9/18/2020 1:00,"10,860.86",85.49573,-2259.65,-0.24%,15147.28,1.63%,-4105.5,-0.44%,-73702.41,-0.24%
461,Exit short,LONG,9/19/2020 6:00,"10,928.03",85.49573,-8002.4,-0.86%,1404.69,0.15%,-9435.31,-1.02%,-81704.8,-0.86%
461,Entry short,SHORT,9/19/2020 1:00,"10,834.43",85.49573,-8002.4,-0.86%,1404.69,0.15%,-9435.31,-1.02%,-81704.8,-0.86%
462,Exit long,SHORT,9/20/2020 10:00,"10,918.37",84.03101,-811.74,-0.09%,21155.65,2.30%,-3667.95,-0.40%,-82516.55,-0.09%
462,Entry long,LONG,9/19/2020 6:00,"10,928.03",84.03101,-811.74,-0.09%,21155.65,2.30%,-3667.95,-0.40%,-82516.55,-0.09%
463,Exit short,LONG,9/20/2020 18:00,"10,983.64",84.03117,-5484.71,-0.60%,1599.95,0.17%,-6465.36,-0.70%,-88001.26,-0.60%
463,Entry short,SHORT,9/20/2020 10:00,"10,918.37",84.03117,-5484.71,-0.60%,1599.95,0.17%,-6465.36,-0.70%,-88001.26,-0.60%
464,Exit long,SHORT,9/20/2020 20:00,"10,850.63",83.03246,-11044.15,-1.21%,0,0.00%,-13163.97,-1.44%,-99045.41,-1.21%
464,Entry long,LONG,9/20/2020 18:00,"10,983.64",83.03246,-11044.15,-1.21%,0,0.00%,-13163.97,-1.44%,-99045.41,-1.21%
465,Exit short,LONG,9/21/2020 5:00,"10,871.66",83.03246,-1746.17,-0.19%,10597.43,1.18%,-4412.34,-0.49%,-100791.58,-0.19%
465,Entry short,SHORT,9/20/2020 20:00,"10,850.63",83.03246,-1746.17,-0.19%,10597.43,1.18%,-4412.34,-0.49%,-100791.58,-0.19%
466,Exit long,SHORT,9/21/2020 17:00,"10,700.01",82.71108,-14197.36,-1.58%,9693.74,1.08%,-15190.72,-1.69%,-114988.94,-1.58%
466,Entry long,LONG,9/21/2020 5:00,"10,871.66",82.71108,-14197.36,-1.58%,9693.74,1.08%,-15190.72,-1.69%,-114988.94,-1.58%
467,Exit short,LONG,9/23/2020 3:00,"10,491.98",82.71123,17206.42,1.94%,33387.21,3.77%,-2894.07,-0.33%,-97782.52,1.94%
467,Entry short,SHORT,9/21/2020 17:00,"10,700.01",82.71123,17206.42,1.94%,33387.21,3.77%,-2894.07,-0.33%,-97782.52,1.94%
468,Exit long,SHORT,9/23/2020 13:00,"10,473.21",85.99131,-1614.06,-0.18%,6942.08,0.77%,-4305.58,-0.48%,-99396.58,-0.18%
468,Entry long,LONG,9/23/2020 3:00,"10,491.98",85.99131,-1614.06,-0.18%,6942.08,0.77%,-4305.58,-0.48%,-99396.58,-0.18%
469,Exit short,LONG,9/23/2020 18:00,"10,487.99",85.99115,-1270.95,-0.14%,7974.82,0.89%,-1806.67,-0.20%,-100667.53,-0.14%
469,Entry short,SHORT,9/23/2020 13:00,"10,473.21",85.99115,-1270.95,-0.14%,7974.82,0.89%,-1806.67,-0.20%,-100667.53,-0.14%
470,Exit long,SHORT,9/24/2020 1:00,"10,455.89",85.74862,-2752.53,-0.31%,4215.4,0.47%,-3736.92,-0.42%,-103420.05,-0.31%
470,Entry long,LONG,9/23/2020 18:00,"10,487.99",85.74862,-2752.53,-0.31%,4215.4,0.47%,-3736.92,-0.42%,-103420.05,-0.31%
471,Exit short,LONG,9/24/2020 19:00,"10,410.00",85.74879,3935.01,0.44%,27359.87,3.05%,-669.7,-0.07%,-99485.05,0.44%
471,Entry short,SHORT,9/24/2020 1:00,"10,455.89",85.74879,3935.01,0.44%,27359.87,3.05%,-669.7,-0.07%,-99485.05,0.44%
472,Exit long,SHORT,9/25/2020 16:00,"10,599.80",86.50463,16418.58,1.82%,33325.04,3.70%,-6753.42,-0.75%,-83066.47,1.82%
472,Entry long,LONG,9/24/2020 19:00,"10,410.00",86.50463,16418.58,1.82%,33325.04,3.70%,-6753.42,-0.75%,-83066.47,1.82%
473,Exit short,LONG,9/26/2020 0:00,"10,651.35",86.50479,-4459.32,-0.49%,3768.15,0.41%,-7291.49,-0.80%,-87525.79,-0.49%
473,Entry short,SHORT,9/25/2020 16:00,"10,599.80",86.50479,-4459.32,-0.49%,3768.15,0.41%,-7291.49,-0.80%,-87525.79,-0.49%
474,Exit long,SHORT,9/26/2020 17:00,"10,694.12",85.66763,3664,0.40%,14528.37,1.59%,-1368.11,-0.15%,-83861.78,0.40%
474,Entry long,LONG,9/26/2020 0:00,"10,651.35",85.66763,3664,0.40%,14528.37,1.59%,-1368.11,-0.15%,-83861.78,0.40%
475,Exit short,LONG,9/27/2020 1:00,"10,742.69",85.66747,-4160.87,-0.45%,2777.34,0.30%,-4787.1,-0.52%,-88022.66,-0.45%
475,Entry short,SHORT,9/26/2020 17:00,"10,694.12",85.66747,-4160.87,-0.45%,2777.34,0.30%,-4787.1,-0.52%,-88022.66,-0.45%
476,Exit long,SHORT,9/27/2020 6:00,"10,731.46",84.89298,-953.35,-0.10%,2696.2,0.30%,-3523.91,-0.39%,-88976,-0.10%
476,Entry long,LONG,9/27/2020 1:00,"10,742.69",84.89298,-953.35,-0.10%,2696.2,0.30%,-3523.91,-0.39%,-88976,-0.10%
477,Exit short,LONG,9/27/2020 8:00,"10,775.54",84.89282,-3742.08,-0.41%,971.17,0.11%,-4120.7,-0.45%,-92718.08,-0.41%
477,Entry short,SHORT,9/27/2020 6:00,"10,731.46",84.89282,-3742.08,-0.41%,971.17,0.11%,-4120.7,-0.45%,-92718.08,-0.41%
478,Exit long,SHORT,9/27/2020 17:00,"10,629.79",84.19843,-12271.92,-1.35%,1975.3,0.22%,-14050.19,-1.55%,-104990,-1.35%
478,Entry long,LONG,9/27/2020 8:00,"10,775.54",84.19843,-12271.92,-1.35%,1975.3,0.22%,-14050.19,-1.55%,-104990,-1.35%
479,Exit short,LONG,9/27/2020 22:00,"10,674.43",84.19827,-3758.61,-0.42%,2944.41,0.33%,-4873.4,-0.54%,-108748.61,-0.42%
479,Entry short,SHORT,9/27/2020 17:00,"10,629.79",84.19827,-3758.61,-0.42%,2944.41,0.33%,-4873.4,-0.54%,-108748.61,-0.42%
480,Exit long,SHORT,9/29/2020 3:00,"10,868.63",83.49389,16214.51,1.82%,23008.41,2.58%,-6215.28,-0.70%,-92534.09,1.82%
480,Entry long,LONG,9/27/2020 22:00,"10,674.43",83.49389,16214.51,1.82%,23008.41,2.58%,-6215.28,-0.70%,-92534.09,1.82%
481,Exit short,LONG,9/29/2020 5:00,"10,885.08",83.49404,-1373.48,-0.15%,1786.77,0.20%,-1666.54,-0.18%,-93907.57,-0.15%
481,Entry short,SHORT,9/29/2020 3:00,"10,868.63",83.49404,-1373.48,-0.15%,1786.77,0.20%,-1666.54,-0.18%,-93907.57,-0.15%
482,Exit long,SHORT,9/29/2020 7:00,"10,696.11",83.24168,-15730.18,-1.74%,35.79,0.00%,-21566.25,-2.38%,-109637.75,-1.74%
482,Entry long,LONG,9/29/2020 5:00,"10,885.08",83.24168,-15730.18,-1.74%,35.79,0.00%,-21566.25,-2.38%,-109637.75,-1.74%
483,Exit short,LONG,9/29/2020 18:00,"10,776.17",83.24168,-6664.33,-0.75%,3270.57,0.37%,-7379.37,-0.83%,-116302.09,-0.75%
483,Entry short,SHORT,9/29/2020 7:00,"10,696.11",83.24168,-6664.33,-0.75%,3270.57,0.37%,-7379.37,-0.83%,-116302.09,-0.75%
484,Exit long,SHORT,9/30/2020 0:00,"10,692.40",81.99991,-6869.13,-0.78%,1708.06,0.19%,-9133.97,-1.03%,-123171.21,-0.78%
484,Entry long,LONG,9/29/2020 18:00,"10,776.17",81.99991,-6869.13,-0.78%,1708.06,0.19%,-9133.97,-1.03%,-123171.21,-0.78%
485,Exit short,LONG,9/30/2020 6:00,"10,764.00",82.00486,-5871.55,-0.67%,4635.73,0.53%,-7466.54,-0.85%,-129042.77,-0.67%
485,Entry short,SHORT,9/30/2020 0:00,"10,692.40",82.00486,-5871.55,-0.67%,4635.73,0.53%,-7466.54,-0.85%,-129042.77,-0.67%
486,Exit long,SHORT,9/30/2020 12:00,"10,752.80",80.91405,-906.24,-0.10%,8377.84,0.96%,-5178.5,-0.59%,-129949,-0.10%
486,Entry long,LONG,9/30/2020 6:00,"10,764.00",80.91405,-906.24,-0.10%,8377.84,0.96%,-5178.5,-0.59%,-129949,-0.10%
487,Exit short,LONG,9/30/2020 23:00,"10,777.39",80.9139,-1989.67,-0.23%,7093.72,0.82%,-3317.47,-0.38%,-131938.67,-0.23%
487,Entry short,SHORT,9/30/2020 12:00,"10,752.80",80.9139,-1989.67,-0.23%,7093.72,0.82%,-3317.47,-0.38%,-131938.67,-0.23%
488,Exit long,SHORT,10/2/2020 0:00,"10,522.72",80.54467,-20512.31,-2.36%,11486.48,1.32%,-27416.6,-3.16%,-152450.98,-2.36%
488,Entry long,LONG,9/30/2020 23:00,"10,777.39",80.54467,-20512.31,-2.36%,11486.48,1.32%,-27416.6,-3.16%,-152450.98,-2.36%
489,Exit short,LONG,10/2/2020 23:00,"10,512.74",80.54467,803.84,0.09%,11978.6,1.41%,-11430.9,-1.35%,-151647.14,0.09%
489,Entry short,SHORT,10/2/2020 0:00,"10,522.72",80.54467,803.84,0.09%,11978.6,1.41%,-11430.9,-1.35%,-151647.14,0.09%
490,Exit long,SHORT,10/3/2020 16:00,"10,507.66",80.69759,-409.94,-0.05%,5427.72,0.64%,-4012.28,-0.47%,-152057.1,-0.05%
490,Entry long,LONG,10/2/2020 23:00,"10,512.74",80.69759,-409.94,-0.05%,5427.72,0.64%,-4012.28,-0.47%,-152057.1,-0.05%
491,Exit short,LONG,10/3/2020 23:00,"10,541.97",80.69759,-2768.73,-0.33%,280.83,0.03%,-4546.5,-0.54%,-154825.83,-0.33%
491,Entry short,SHORT,10/3/2020 16:00,"10,507.66",80.69759,-2768.73,-0.33%,280.83,0.03%,-4546.5,-0.54%,-154825.83,-0.33%
492,Exit long,SHORT,10/4/2020 9:00,"10,541.14",80.17216,-66.54,-0.01%,4937.8,0.58%,-1932.15,-0.23%,-154892.38,-0.01%
492,Entry long,LONG,10/3/2020 23:00,"10,541.97",80.17216,-66.54,-0.01%,4937.8,0.58%,-1932.15,-0.23%,-154892.38,-0.01%
493,Exit short,LONG,10/4/2020 10:00,"10,548.14",80.17231,-561.21,-0.07%,1107.18,0.13%,-987.72,-0.12%,-155453.58,-0.07%
493,Entry short,SHORT,10/4/2020 9:00,"10,541.14",80.17231,-561.21,-0.07%,1107.18,0.13%,-987.72,-0.12%,-155453.58,-0.07%
494,Exit long,SHORT,10/6/2020 15:00,"10,711.15",80.06621,13051.59,1.55%,20165.48,2.39%,-485.2,-0.06%,-142401.98,1.55%
494,Entry long,LONG,10/4/2020 10:00,"10,548.14",80.06621,13051.59,1.55%,20165.48,2.39%,-485.2,-0.06%,-142401.98,1.55%
495,Exit short,LONG,10/7/2020 15:00,"10,618.69",80.06591,7402.89,0.86%,14904.27,1.74%,-3911.22,-0.46%,-134999.1,0.86%
495,Entry short,SHORT,10/6/2020 15:00,"10,711.15",80.06591,7402.89,0.86%,14904.27,1.74%,-3911.22,-0.46%,-134999.1,0.86%
496,Exit long,SHORT,10/8/2020 13:00,"10,614.44",81.46022,-346.21,-0.04%,5146.66,0.59%,-3967.11,-0.46%,-135345.3,-0.04%
496,Entry long,LONG,10/7/2020 15:00,"10,618.69",81.46022,-346.21,-0.04%,5146.66,0.59%,-3967.11,-0.46%,-135345.3,-0.04%
497,Exit short,LONG,10/8/2020 21:00,"10,736.72",81.46022,-9960.96,-1.15%,6845.1,0.79%,-11041.93,-1.28%,-145306.25,-1.15%
497,Entry short,SHORT,10/8/2020 13:00,"10,614.44",81.46022,-9960.96,-1.15%,6845.1,0.79%,-11041.93,-1.28%,-145306.25,-1.15%
498,Exit long,SHORT,10/11/2020 12:00,"11,322.23",79.60473,46609.37,5.45%,60044.25,7.03%,-1967.83,-0.23%,-98696.88,5.45%
498,Entry long,LONG,10/8/2020 21:00,"10,736.72",79.60473,46609.37,5.45%,60044.25,7.03%,-1967.83,-0.23%,-98696.88,5.45%
499,Exit short,LONG,10/11/2020 13:00,"11,337.95",79.60473,-1251.39,-0.14%,1469.5,0.16%,-1677.27,-0.19%,-99948.27,-0.14%
499,Entry short,SHORT,10/11/2020 12:00,"11,322.23",79.60473,-1251.39,-0.14%,1469.5,0.16%,-1677.27,-0.19%,-99948.27,-0.14%
500,Exit long,SHORT,10/12/2020 19:00,"11,244.41",79.38413,-7425.59,-0.83%,8498.07,0.94%,-13173.8,-1.46%,-107373.86,-0.83%
500,Entry long,LONG,10/11/2020 13:00,"11,337.95",79.38413,-7425.59,-0.83%,8498.07,0.94%,-13173.8,-1.46%,-107373.86,-0.83%
501,Exit short,LONG,10/12/2020 22:00,"11,468.87",79.38399,-17818.53,-2.00%,657.3,0.07%,-22581.57,-2.53%,-125192.39,-2.00%
501,Entry short,SHORT,10/12/2020 19:00,"11,244.41",79.38399,-17818.53,-2.00%,657.3,0.07%,-22581.57,-2.53%,-125192.39,-2.00%
502,Exit long,SHORT,10/13/2020 21:00,"11,349.70",76.27684,-9089.91,-1.04%,19156.17,2.19%,-11249.31,-1.29%,-134282.3,-1.04%
502,Entry long,LONG,10/12/2020 22:00,"11,468.87",76.27684,-9089.91,-1.04%,19156.17,2.19%,-11249.31,-1.29%,-134282.3,-1.04%
503,Exit short,LONG,10/14/2020 5:00,"11,446.58",76.2767,-7389.69,-0.85%,3790.95,0.44%,-8425.52,-0.97%,-141671.98,-0.85%
503,Entry short,SHORT,10/13/2020 21:00,"11,349.70",76.2767,-7389.69,-0.85%,3790.95,0.44%,-8425.52,-0.97%,-141671.98,-0.85%
504,Exit long,SHORT,10/14/2020 12:00,"11,394.67",74.98461,-3892.45,-0.45%,3027.88,0.35%,-6417.18,-0.75%,-145564.44,-0.45%
504,Entry long,LONG,10/14/2020 5:00,"11,446.58",74.98461,-3892.45,-0.45%,3027.88,0.35%,-6417.18,-0.75%,-145564.44,-0.45%
505,Exit short,LONG,10/14/2020 14:00,"11,421.34",74.98554,-1999.86,-0.23%,1338.49,0.16%,-2123.59,-0.25%,-147564.31,-0.23%
505,Entry short,SHORT,10/14/2020 12:00,"11,394.67",74.98554,-1999.86,-0.23%,1338.49,0.16%,-2123.59,-0.25%,-147564.31,-0.23%
506,Exit long,SHORT,10/14/2020 19:00,"11,362.93",74.63547,-4359.46,-0.51%,1989.78,0.23%,-4802.05,-0.56%,-151923.77,-0.51%
506,Entry long,LONG,10/14/2020 14:00,"11,421.34",74.63547,-4359.46,-0.51%,1989.78,0.23%,-4802.05,-0.56%,-151923.77,-0.51%
507,Exit short,LONG,10/14/2020 21:00,"11,530.98",74.63534,-12542.47,-1.48%,896.37,0.11%,-13811.27,-1.63%,-164466.23,-1.48%
507,Entry short,SHORT,10/14/2020 19:00,"11,362.93",74.63534,-12542.47,-1.48%,896.37,0.11%,-13811.27,-1.63%,-164466.23,-1.48%
508,Exit long,SHORT,10/14/2020 23:00,"11,320.76",72.4599,-15232.52,-1.82%,391.28,0.05%,-18185.99,-2.18%,-179698.75,-1.82%
508,Entry long,LONG,10/14/2020 21:00,"11,530.98",72.4599,-15232.52,-1.82%,391.28,0.05%,-18185.99,-2.18%,-179698.75,-1.82%
509,Exit short,LONG,10/15/2020 4:00,"11,381.65",72.4599,-4412.08,-0.54%,2445.52,0.30%,-4767.86,-0.58%,-184110.84,-0.54%
509,Entry short,SHORT,10/14/2020 23:00,"11,320.76",72.4599,-4412.08,-0.54%,2445.52,0.30%,-4767.86,-0.58%,-184110.84,-0.54%
510,Exit long,SHORT,10/15/2020 17:00,"11,313.39",71.68473,-4893.2,-0.60%,3786.39,0.46%,-9377.8,-1.15%,-189004.03,-0.60%
510,Entry long,LONG,10/15/2020 4:00,"11,381.65",71.68473,-4893.2,-0.60%,3786.39,0.46%,-9377.8,-1.15%,-189004.03,-0.60%
511,Exit short,LONG,10/15/2020 21:00,"11,404.33",71.68461,-6519,-0.80%,2751.26,0.34%,-7366.31,-0.91%,-195523.03,-0.80%
511,Entry short,SHORT,10/15/2020 17:00,"11,313.39",71.68461,-6519,-0.80%,2751.26,0.34%,-7366.31,-0.91%,-195523.03,-0.80%
512,Exit long,SHORT,10/16/2020 16:00,"11,304.04",70.54136,-7074.59,-0.88%,15026.02,1.87%,-14413.72,-1.79%,-202597.62,-0.88%
512,Entry long,LONG,10/15/2020 21:00,"11,404.33",70.54136,-7074.59,-0.88%,15026.02,1.87%,-14413.72,-1.79%,-202597.62,-0.88%
513,Exit short,LONG,10/17/2020 5:00,"11,333.58",70.54136,-2083.79,-0.26%,6492.63,0.81%,-6570.22,-0.82%,-204681.42,-0.26%
513,Entry short,SHORT,10/16/2020 16:00,"11,304.04",70.54136,-2083.79,-0.26%,6492.63,0.81%,-6570.22,-0.82%,-204681.42,-0.26%
514,Exit long,SHORT,10/17/2020 8:00,"11,296.75",70.17351,-2584.49,-0.32%,1082.08,0.14%,-4287.6,-0.54%,-207265.9,-0.32%
514,Entry long,LONG,10/17/2020 5:00,"11,333.58",70.17351,-2584.49,-0.32%,1082.08,0.14%,-4287.6,-0.54%,-207265.9,-0.32%
515,Exit short,LONG,10/17/2020 10:00,"11,343.95",70.17364,-3312.2,-0.42%,406.31,0.05%,-3666.57,-0.46%,-210578.11,-0.42%
515,Entry short,SHORT,10/17/2020 8:00,"11,296.75",70.17364,-3312.2,-0.42%,406.31,0.05%,-3666.57,-0.46%,-210578.11,-0.42%
516,Exit long,SHORT,10/23/2020 14:00,"12,877.31",69.58968,106706.03,13.52%,130392.27,16.52%,-6190,-0.78%,-103872.07,13.52%
516,Entry long,LONG,10/17/2020 10:00,"11,343.95",69.58968,106706.03,13.52%,130392.27,16.52%,-6190,-0.78%,-103872.07,13.52%
517,Exit short,LONG,10/23/2020 18:00,"13,015.03",69.58968,-9583.89,-1.07%,1823.25,0.20%,-10464.9,-1.17%,-113455.96,-1.07%
517,Entry short,SHORT,10/23/2020 14:00,"12,877.31",69.58968,-9583.89,-1.07%,1823.25,0.20%,-10464.9,-1.17%,-113455.96,-1.07%
518,Exit long,SHORT,10/23/2020 23:00,"12,921.10",68.11704,-6398.23,-0.72%,787.43,0.09%,-8458.77,-0.95%,-119854.19,-0.72%
518,Entry long,LONG,10/23/2020 18:00,"13,015.03",68.11704,-6398.23,-0.72%,787.43,0.09%,-8458.77,-0.95%,-119854.19,-0.72%
519,Exit short,LONG,10/24/2020 6:00,"12,934.53",68.11694,-914.81,-0.10%,13692.87,1.56%,-2017.62,-0.23%,-120769.01,-0.10%
519,Entry short,SHORT,10/23/2020 23:00,"12,921.10",68.11694,-914.81,-0.10%,13692.87,1.56%,-2017.62,-0.23%,-120769.01,-0.10%
520,Exit long,SHORT,10/24/2020 16:00,"12,931.00",67.97548,-239.95,-0.03%,5208.96,0.59%,-4386.46,-0.50%,-121008.96,-0.03%
520,Entry long,LONG,10/24/2020 6:00,"12,934.53",67.97548,-239.95,-0.03%,5208.96,0.59%,-4386.46,-0.50%,-121008.96,-0.03%
521,Exit short,LONG,10/24/2020 18:00,"12,977.09",67.97548,-3132.99,-0.36%,1670.84,0.19%,-4028.23,-0.46%,-124141.95,-0.36%
521,Entry short,SHORT,10/24/2020 16:00,"12,931.00",67.97548,-3132.99,-0.36%,1670.84,0.19%,-4028.23,-0.46%,-124141.95,-0.36%
522,Exit long,SHORT,10/28/2020 19:00,"13,318.33",67.49263,23031.19,2.63%,59554.82,6.80%,-14314.51,-1.63%,-101110.77,2.63%
522,Entry long,LONG,10/24/2020 18:00,"12,977.09",67.49263,23031.19,2.63%,59554.82,6.80%,-14314.51,-1.63%,-101110.77,2.63%
523,Exit short,LONG,10/29/2020 13:00,"13,284.84",67.49263,2260.33,0.25%,29044.1,3.23%,-3816.03,-0.42%,-98850.44,0.25%
523,Entry short,SHORT,10/28/2020 19:00,"13,318.33",67.49263,2260.33,0.25%,29044.1,3.23%,-3816.03,-0.42%,-98850.44,0.25%
524,Exit long,SHORT,10/29/2020 16:00,"13,123.96",67.83302,-10912.98,-1.21%,2818.46,0.31%,-13827.08,-1.53%,-109763.41,-1.21%
524,Entry long,LONG,10/29/2020 13:00,"13,284.84",67.83302,-10912.98,-1.21%,2818.46,0.31%,-13827.08,-1.53%,-109763.41,-1.21%
525,Exit short,LONG,10/29/2020 22:00,"13,427.01",67.83292,-20556.77,-2.31%,13782.97,1.55%,-24257.05,-2.72%,-130320.18,-2.31%
525,Entry short,SHORT,10/29/2020 16:00,"13,123.96",67.83292,-20556.77,-2.31%,13782.97,1.55%,-24257.05,-2.72%,-130320.18,-2.31%
526,Exit long,SHORT,10/30/2020 13:00,"13,181.56",64.77082,-15898,-1.83%,15737.37,1.81%,-16353.98,-1.88%,-146218.17,-1.83%
526,Entry long,LONG,10/29/2020 22:00,"13,427.01",64.77082,-15898,-1.83%,15737.37,1.81%,-16353.98,-1.88%,-146218.17,-1.83%
527,Exit short,LONG,10/30/2020 20:00,"13,328.81",64.77092,-9537.52,-1.12%,4311.15,0.50%,-12171.1,-1.43%,-155755.7,-1.12%
527,Entry short,SHORT,10/30/2020 13:00,"13,181.56",64.77092,-9537.52,-1.12%,4311.15,0.50%,-12171.1,-1.43%,-155755.7,-1.12%
528,Exit long,SHORT,11/1/2020 11:00,"13,690.01",63.33981,22878.34,2.71%,48847.03,5.79%,-6806.5,-0.81%,-132877.36,2.71%
528,Entry long,LONG,10/30/2020 20:00,"13,328.81",63.33981,22878.34,2.71%,48847.03,5.79%,-6806.5,-0.81%,-132877.36,2.71%
529,Exit short,LONG,11/1/2020 15:00,"13,792.51",63.33981,-6492.33,-0.75%,5511.2,0.64%,-7546.94,-0.87%,-139369.69,-0.75%
529,Entry short,SHORT,11/1/2020 11:00,"13,690.01",63.33981,-6492.33,-0.75%,5511.2,0.64%,-7546.94,-0.87%,-139369.69,-0.75%
530,Exit long,SHORT,11/1/2020 19:00,"13,696.58",62.39838,-5985.88,-0.70%,1216.14,0.14%,-8579.78,-1.00%,-145355.56,-0.70%
530,Entry long,LONG,11/1/2020 15:00,"13,792.51",62.39838,-5985.88,-0.70%,1216.14,0.14%,-8579.78,-1.00%,-145355.56,-0.70%
531,Exit short,LONG,11/1/2020 21:00,"13,793.76",62.39838,-6063.87,-0.71%,1777.73,0.21%,-6390.84,-0.75%,-151419.44,-0.71%
531,Entry short,SHORT,11/1/2020 19:00,"13,696.58",62.39838,-6063.87,-0.71%,1777.73,0.21%,-6390.84,-0.75%,-151419.44,-0.71%
532,Exit long,SHORT,11/2/2020 11:00,"13,697.54",61.51925,-5919.38,-0.70%,4321.11,0.51%,-9486.88,-1.12%,-157338.83,-0.70%
532,Entry long,LONG,11/1/2020 21:00,"13,793.76",61.51925,-5919.38,-0.70%,4321.11,0.51%,-9486.88,-1.12%,-157338.83,-0.70%
533,Exit short,LONG,11/3/2020 1:00,"13,512.51",61.51916,11382.89,1.35%,30912.76,3.67%,-3796.96,-0.45%,-145955.94,1.35%
533,Entry short,SHORT,11/2/2020 11:00,"13,697.54",61.51916,11382.89,1.35%,30912.76,3.67%,-3796.96,-0.45%,-145955.94,1.35%
534,Exit long,SHORT,11/3/2020 11:00,"13,391.95",63.20395,-7619.87,-0.89%,11850.11,1.39%,-12799.43,-1.50%,-153575.8,-0.89%
534,Entry long,LONG,11/3/2020 1:00,"13,512.51",63.20395,-7619.87,-0.89%,11850.11,1.39%,-12799.43,-1.50%,-153575.8,-0.89%
535,Exit short,LONG,11/3/2020 16:00,"13,516.43",63.20395,-7867.63,-0.93%,6760.29,0.80%,-10335.11,-1.22%,-161443.42,-0.93%
535,Entry short,SHORT,11/3/2020 11:00,"13,391.95",63.20395,-7867.63,-0.93%,6760.29,0.80%,-10335.11,-1.22%,-161443.42,-0.93%
536,Exit long,SHORT,11/4/2020 16:00,"13,645.22",62.03979,7990.1,0.95%,34102.03,4.07%,-3007.07,-0.36%,-153453.33,0.95%
536,Entry long,LONG,11/3/2020 16:00,"13,516.43",62.03979,7990.1,0.95%,34102.03,4.07%,-3007.07,-0.36%,-153453.33,0.95%
537,Exit short,LONG,11/4/2020 20:00,"13,824.68",62.03979,-11133.66,-1.32%,2309.12,0.27%,-12308.07,-1.45%,-164586.98,-1.32%
537,Entry short,SHORT,11/4/2020 16:00,"13,645.22",62.03979,-11133.66,-1.32%,2309.12,0.27%,-12308.07,-1.45%,-164586.98,-1.32%
538,Exit long,SHORT,11/7/2020 15:00,"15,444.33",60.4291,97873.99,11.72%,129035.47,15.45%,-5291.17,-0.63%,-66712.99,11.72%
538,Entry long,LONG,11/4/2020 20:00,"13,824.68",60.4291,97873.99,11.72%,129035.47,15.45%,-5291.17,-0.63%,-66712.99,11.72%
539,Exit short,LONG,11/7/2020 18:00,"15,551.78",60.4291,-6493.11,-0.70%,3402.16,0.36%,-7379,-0.79%,-73206.1,-0.70%
539,Entry short,SHORT,11/7/2020 15:00,"15,444.33",60.4291,-6493.11,-0.70%,3402.16,0.36%,-7379,-0.79%,-73206.1,-0.70%
540,Exit long,SHORT,11/7/2020 22:00,"15,297.77",59.59407,-15137.49,-1.63%,1869.47,0.20%,-16971.2,-1.83%,-88343.59,-1.63%
540,Entry long,LONG,11/7/2020 18:00,"15,551.78",59.59407,-15137.49,-1.63%,1869.47,0.20%,-16971.2,-1.83%,-88343.59,-1.63%
541,Exit short,LONG,11/8/2020 12:00,"14,985.62",59.59407,18602.29,2.04%,56825.93,6.23%,-6688.24,-0.73%,-69741.3,2.04%
541,Entry short,SHORT,11/7/2020 22:00,"15,297.77",59.59407,18602.29,2.04%,56825.93,6.23%,-6688.24,-0.73%,-69741.3,2.04%
542,Exit long,SHORT,11/8/2020 15:00,"14,931.71",62.07683,-3346.56,-0.36%,6614.91,0.71%,-4932.62,-0.53%,-73087.86,-0.36%
542,Entry long,LONG,11/8/2020 12:00,"14,985.62",62.07683,-3346.56,-0.36%,6614.91,0.71%,-4932.62,-0.53%,-73087.86,-0.36%
543,Exit short,LONG,11/8/2020 17:00,"15,026.95",62.07675,-5912.19,-0.64%,5196.45,0.56%,-6349.83,-0.69%,-79000.05,-0.64%
543,Entry short,SHORT,11/8/2020 15:00,"14,931.71",62.07675,-5912.19,-0.64%,5196.45,0.56%,-6349.83,-0.69%,-79000.05,-0.64%
544,Exit long,SHORT,11/9/2020 15:00,"15,303.27",61.28996,16935.64,1.84%,38186.71,4.15%,-2118.79,-0.23%,-62064.41,1.84%
544,Entry long,LONG,11/8/2020 17:00,"15,026.95",61.28996,16935.64,1.84%,38186.71,4.15%,-2118.79,-0.23%,-62064.41,1.84%
545,Exit short,LONG,11/9/2020 19:00,"15,802.40",61.28988,-30591.62,-3.26%,10006.8,1.07%,-32896.12,-3.51%,-92656.02,-3.26%
545,Entry short,SHORT,11/9/2020 15:00,"15,303.27",61.28988,-30591.62,-3.26%,10006.8,1.07%,-32896.12,-3.51%,-92656.02,-3.26%
546,Exit long,SHORT,11/9/2020 23:00,"15,000.96",57.41818,-46017.23,-5.07%,344.51,0.04%,-49486.43,-5.45%,-138673.25,-5.07%
546,Entry long,LONG,11/9/2020 19:00,"15,802.40",57.41818,-46017.23,-5.07%,344.51,0.04%,-49486.43,-5.45%,-138673.25,-5.07%
547,Exit short,LONG,11/10/2020 3:00,"15,360.00",57.4181,-20615.39,-2.39%,11220.65,1.30%,-25773.84,-2.99%,-159288.64,-2.39%
547,Entry short,SHORT,11/9/2020 23:00,"15,000.96",57.4181,-20615.39,-2.39%,11220.65,1.30%,-25773.84,-2.99%,-159288.64,-2.39%
548,Exit long,SHORT,11/10/2020 19:00,"15,279.24",54.73381,-4420.3,-0.53%,7261.53,0.86%,-11220.43,-1.33%,-163708.95,-0.53%
548,Entry long,LONG,11/10/2020 3:00,"15,360.00",54.73381,-4420.3,-0.53%,7261.53,0.86%,-11220.43,-1.33%,-163708.95,-0.53%
549,Exit short,LONG,11/11/2020 3:00,"15,297.94",54.73381,-1023.52,-0.12%,11317.86,1.35%,-6262.09,-0.75%,-164732.47,-0.12%
549,Entry short,SHORT,11/10/2020 19:00,"15,279.24",54.73381,-1023.52,-0.12%,11317.86,1.35%,-6262.09,-0.75%,-164732.47,-0.12%
550,Exit long,SHORT,11/12/2020 12:00,"15,661.38",54.6,19843.82,2.38%,36421.48,4.36%,-2062.24,-0.25%,-144888.64,2.38%
550,Entry long,LONG,11/11/2020 3:00,"15,297.94",54.6,19843.82,2.38%,36421.48,4.36%,-2062.24,-0.25%,-144888.64,2.38%
551,Exit short,LONG,11/12/2020 13:00,"15,747.95",54.6,-4726.72,-0.55%,675.4,0.08%,-6324.32,-0.74%,-149615.38,-0.55%
551,Entry short,SHORT,11/12/2020 12:00,"15,661.38",54.6,-4726.72,-0.55%,675.4,0.08%,-6324.32,-0.74%,-149615.38,-0.55%
552,Exit long,SHORT,11/14/2020 13:00,"16,164.02",53.99977,22467.68,2.64%,39530.53,4.65%,-7989.27,-0.94%,-127147.69,2.64%
552,Entry long,LONG,11/12/2020 13:00,"15,747.95",53.99977,22467.68,2.64%,39530.53,4.65%,-7989.27,-0.94%,-127147.69,2.64%
553,Exit short,LONG,11/15/2020 5:00,"15,990.48",53.9997,9371.11,1.07%,26676.93,3.06%,-2200.49,-0.25%,-117776.58,1.07%
553,Entry short,SHORT,11/14/2020 13:00,"16,164.02",53.9997,9371.11,1.07%,26676.93,3.06%,-2200.49,-0.25%,-117776.58,1.07%
554,Exit long,SHORT,11/15/2020 11:00,"15,929.48",55.17179,-3365.48,-0.38%,8303.91,0.94%,-6740.34,-0.76%,-121142.05,-0.38%
554,Entry long,LONG,11/15/2020 5:00,"15,990.48",55.17179,-3365.48,-0.38%,8303.91,0.94%,-6740.34,-0.76%,-121142.05,-0.38%
555,Exit short,LONG,11/15/2020 14:00,"16,053.48",55.17179,-6841.3,-0.78%,2563.83,0.29%,-8324.87,-0.95%,-127983.36,-0.78%
555,Entry short,SHORT,11/15/2020 11:00,"15,929.48",55.17179,-6841.3,-0.78%,2563.83,0.29%,-8324.87,-0.95%,-127983.36,-0.78%
556,Exit long,SHORT,11/15/2020 20:00,"15,985.20",54.31947,-3708.93,-0.43%,6872.5,0.79%,-7087.6,-0.81%,-131692.3,-0.43%
556,Entry long,LONG,11/15/2020 14:00,"16,053.48",54.31947,-3708.93,-0.43%,6872.5,0.79%,-7087.6,-0.81%,-131692.3,-0.43%
557,Exit short,LONG,11/16/2020 13:00,"16,108.77",54.31947,-6712.26,-0.77%,11433.16,1.32%,-8505.34,-0.98%,-138404.55,-0.77%
557,Entry short,SHORT,11/15/2020 20:00,"15,985.20",54.31947,-6712.26,-0.77%,11433.16,1.32%,-8505.34,-0.98%,-138404.55,-0.77%
558,Exit long,SHORT,11/19/2020 17:00,"17,426.52",53.48617,70481.4,8.18%,126663.81,14.70%,-117.67,-0.01%,-67923.15,8.18%
558,Entry long,LONG,11/16/2020 13:00,"16,108.77",53.48617,70481.4,8.18%,126663.81,14.70%,-117.67,-0.01%,-67923.15,8.18%
559,Exit short,LONG,11/19/2020 21:00,"18,000.56",53.48611,-30703.17,-3.29%,3456.81,0.37%,-31038.52,-3.33%,-98626.31,-3.29%
559,Entry short,SHORT,11/19/2020 17:00,"17,426.52",53.48611,-30703.17,-3.29%,3456.81,0.37%,-31038.52,-3.33%,-98626.31,-3.29%
560,Exit long,SHORT,11/20/2020 8:00,"17,777.25",50.07475,-11182.19,-1.24%,8975.4,1.00%,-15983.86,-1.77%,-109808.51,-1.24%
560,Entry long,LONG,11/19/2020 21:00,"18,000.56",50.07475,-11182.19,-1.24%,8975.4,1.00%,-15983.86,-1.77%,-109808.51,-1.24%
561,Exit short,LONG,11/20/2020 12:00,"18,194.78",50.07475,-20907.71,-2.35%,1863.28,0.21%,-22871.64,-2.57%,-130716.22,-2.35%
561,Entry short,SHORT,11/20/2020 8:00,"17,777.25",50.07475,-20907.71,-2.35%,1863.28,0.21%,-22871.64,-2.57%,-130716.22,-2.35%
562,Exit long,SHORT,11/22/2020 9:00,"18,470.39",47.77649,13167.68,1.51%,36841.41,4.24%,-7132.07,-0.82%,-117548.54,1.51%
562,Entry long,LONG,11/20/2020 12:00,"18,194.78",47.77649,13167.68,1.51%,36841.41,4.24%,-7132.07,-0.82%,-117548.54,1.51%
563,Exit short,LONG,11/23/2020 0:00,"18,554.93",47.77654,-4039.03,-0.46%,41065.37,4.65%,-6717.86,-0.76%,-121587.57,-0.46%
563,Entry short,SHORT,11/22/2020 9:00,"18,470.39",47.77654,-4039.03,-0.46%,41065.37,4.65%,-6717.86,-0.76%,-121587.57,-0.46%
564,Exit long,SHORT,11/23/2020 9:00,"18,211.56",47.34118,-16255.54,-1.85%,6099.44,0.69%,-26271.04,-2.99%,-137843.11,-1.85%
564,Entry long,LONG,11/23/2020 0:00,"18,554.93",47.34118,-16255.54,-1.85%,6099.44,0.69%,-26271.04,-2.99%,-137843.11,-1.85%
565,Exit short,LONG,11/23/2020 14:00,"18,519.99",47.34118,-14601.44,-1.69%,1487.46,0.17%,-14601.91,-1.69%,-152444.55,-1.69%
565,Entry short,SHORT,11/23/2020 9:00,"18,211.56",47.34118,-14601.44,-1.69%,1487.46,0.17%,-14601.91,-1.69%,-152444.55,-1.69%
566,Exit long,SHORT,11/25/2020 11:00,"18,808.04",45.7643,13182.41,1.56%,41141.19,4.85%,-22973.22,-2.71%,-139262.14,1.56%
566,Entry long,LONG,11/23/2020 14:00,"18,519.99",45.7643,13182.41,1.56%,41141.19,4.85%,-22973.22,-2.71%,-139262.14,1.56%
567,Exit short,LONG,11/25/2020 17:00,"19,169.79",45.76435,-16555.25,-1.92%,8376.71,0.97%,-18761.55,-2.18%,-155817.39,-1.92%
567,Entry short,SHORT,11/25/2020 11:00,"18,808.04",45.76435,-16555.25,-1.92%,8376.71,0.97%,-18761.55,-2.18%,-155817.39,-1.92%
568,Exit long,SHORT,11/26/2020 2:00,"19,056.68",44.03713,-4981.04,-0.59%,13846.15,1.64%,-15800.08,-1.87%,-160798.44,-0.59%
568,Entry long,LONG,11/25/2020 17:00,"19,169.79",44.03713,-4981.04,-0.59%,13846.15,1.64%,-15800.08,-1.87%,-160798.44,-0.59%
569,Exit short,LONG,11/28/2020 7:00,"17,139.53",44.03713,84425.78,10.06%,126328.44,15.05%,-3008.62,-0.36%,-76372.66,10.06%
569,Entry short,SHORT,11/26/2020 2:00,"19,056.68",44.03713,84425.78,10.06%,126328.44,15.05%,-3008.62,-0.36%,-76372.66,10.06%
570,Exit long,SHORT,12/2/2020 11:00,"18,618.00",53.88877,79672.93,8.63%,148111.67,16.04%,-14763.91,-1.60%,3300.28,8.63%
570,Entry long,LONG,11/28/2020 7:00,"17,139.53",53.88877,79672.93,8.63%,148111.67,16.04%,-14763.91,-1.60%,3300.28,8.63%
571,Exit short,LONG,12/2/2020 14:00,"18,924.13",53.88872,-16496.95,-1.64%,15519.95,1.55%,-17350.55,-1.73%,-13196.68,-1.64%
571,Entry short,SHORT,12/2/2020 11:00,"18,618.00",53.88872,-16496.95,-1.64%,15519.95,1.55%,-17350.55,-1.73%,-13196.68,-1.64%
572,Exit long,SHORT,12/3/2020 13:00,"18,922.83",52.13106,-67.77,-0.01%,21784.01,2.21%,-10204.66,-1.03%,-13264.45,-0.01%
572,Entry long,LONG,12/2/2020 14:00,"18,924.13",52.13106,-67.77,-0.01%,21784.01,2.21%,-10204.66,-1.03%,-13264.45,-0.01%
573,Exit short,LONG,12/3/2020 16:00,"19,378.79",52.14524,-23776.14,-2.41%,2206.79,0.22%,-27489.41,-2.79%,-37040.59,-2.41%
573,Entry short,SHORT,12/3/2020 13:00,"18,922.83",52.14524,-23776.14,-2.41%,2206.79,0.22%,-27489.41,-2.79%,-37040.59,-2.41%
574,Exit long,SHORT,12/4/2020 12:00,"19,286.78",49.69141,-4572.11,-0.47%,10892.85,1.13%,-13972.73,-1.45%,-41612.7,-0.47%
574,Entry long,LONG,12/3/2020 16:00,"19,378.79",49.69141,-4572.11,-0.47%,10892.85,1.13%,-13972.73,-1.45%,-41612.7,-0.47%
575,Exit short,LONG,12/5/2020 3:00,"19,038.73",49.69141,12325.95,1.29%,29834.72,3.11%,-7968.51,-0.83%,-29286.74,1.29%
575,Entry short,SHORT,12/4/2020 12:00,"19,286.78",49.69141,12325.95,1.29%,29834.72,3.11%,-7968.51,-0.83%,-29286.74,1.29%
576,Exit long,SHORT,12/5/2020 5:00,"18,807.09",50.98623,-11810.45,-1.22%,337.02,0.03%,-15965.32,-1.64%,-41097.19,-1.22%
576,Entry long,LONG,12/5/2020 3:00,"19,038.73",50.98623,-11810.45,-1.22%,337.02,0.03%,-15965.32,-1.64%,-41097.19,-1.22%
577,Exit short,LONG,12/5/2020 13:00,"18,955.83",50.98624,-7583.69,-0.79%,15657.36,1.63%,-8306.17,-0.87%,-48680.89,-0.79%
577,Entry short,SHORT,12/5/2020 5:00,"18,807.09",50.98624,-7583.69,-0.79%,15657.36,1.63%,-8306.17,-0.87%,-48680.89,-0.79%
578,Exit long,SHORT,12/6/2020 21:00,"18,953.07",50.19362,-138.53,-0.01%,19383.27,2.04%,-4960.64,-0.52%,-48819.42,-0.01%
578,Entry long,LONG,12/5/2020 13:00,"18,955.83",50.19362,-138.53,-0.01%,19383.27,2.04%,-4960.64,-0.52%,-48819.42,-0.01%
579,Exit short,LONG,12/6/2020 22:00,"19,120.27",50.18609,-8391.11,-0.88%,1108.61,0.12%,-8956.21,-0.94%,-57210.53,-0.88%
579,Entry short,SHORT,12/6/2020 21:00,"18,953.07",50.18609,-8391.11,-0.88%,1108.61,0.12%,-8956.21,-0.94%,-57210.53,-0.88%
580,Exit long,SHORT,12/7/2020 19:00,"19,103.79",49.30978,-812.63,-0.09%,14824.49,1.57%,-5042.91,-0.53%,-58023.16,-0.09%
580,Entry long,LONG,12/6/2020 22:00,"19,120.27",49.30978,-812.63,-0.09%,14824.49,1.57%,-5042.91,-0.53%,-58023.16,-0.09%
581,Exit short,LONG,12/8/2020 8:00,"19,228.41",49.30837,-6144.81,-0.65%,9906.55,1.05%,-7556.01,-0.80%,-64167.97,-0.65%
581,Entry short,SHORT,12/7/2020 19:00,"19,103.79",49.30837,-6144.81,-0.65%,9906.55,1.05%,-7556.01,-0.80%,-64167.97,-0.65%
582,Exit long,SHORT,12/8/2020 17:00,"18,791.78",48.66928,-21250.47,-2.27%,3233.1,0.35%,-25717.33,-2.75%,-85418.44,-2.27%
582,Entry long,LONG,12/8/2020 8:00,"19,228.41",48.66928,-21250.47,-2.27%,3233.1,0.35%,-25717.33,-2.75%,-85418.44,-2.27%
583,Exit short,LONG,12/9/2020 21:00,"18,483.24",48.66923,15016.4,1.64%,55569.56,6.08%,-8908.9,-0.97%,-70402.03,1.64%
583,Entry short,SHORT,12/8/2020 17:00,"18,791.78",48.66923,15016.4,1.64%,55569.56,6.08%,-8908.9,-0.97%,-70402.03,1.64%
584,Exit long,SHORT,12/10/2020 13:00,"18,372.36",50.29271,-5576.46,-0.60%,7862.26,0.85%,-16005.15,-1.72%,-75978.49,-0.60%
584,Entry long,LONG,12/9/2020 21:00,"18,483.24",50.29271,-5576.46,-0.60%,7862.26,0.85%,-16005.15,-1.72%,-75978.49,-0.60%
585,Exit short,LONG,12/11/2020 2:00,"18,274.74",50.29411,4909.71,0.53%,23197.66,2.51%,-5413.66,-0.59%,-71068.78,0.53%
585,Entry short,SHORT,12/10/2020 13:00,"18,372.36",50.29411,4909.71,0.53%,23197.66,2.51%,-5413.66,-0.59%,-71068.78,0.53%
586,Exit long,SHORT,12/11/2020 9:00,"17,901.44",50.83137,-18975.35,-2.04%,8183.85,0.88%,-23928.36,-2.58%,-90044.12,-2.04%
586,Entry long,LONG,12/11/2020 2:00,"18,274.74",50.83137,-18975.35,-2.04%,8183.85,0.88%,-23928.36,-2.58%,-90044.12,-2.04%
587,Exit short,LONG,12/11/2020 23:00,"18,104.74",50.83143,-10334.03,-1.14%,16729.13,1.84%,-11719.69,-1.29%,-100378.16,-1.14%
587,Entry short,SHORT,12/11/2020 9:00,"17,901.44",50.83143,-10334.03,-1.14%,16729.13,1.84%,-11719.69,-1.29%,-100378.16,-1.14%
588,Exit long,SHORT,12/14/2020 6:00,"19,112.41",49.68985,50070.97,5.57%,64907.86,7.22%,-12558.61,-1.40%,-50307.19,5.57%
588,Entry long,LONG,12/11/2020 23:00,"18,104.74",49.68985,50070.97,5.57%,64907.86,7.22%,-12558.61,-1.40%,-50307.19,5.57%
589,Exit short,LONG,12/14/2020 10:00,"19,297.90",49.68985,-9216.97,-0.97%,5585.64,0.59%,-9673.62,-1.02%,-59524.16,-0.97%
589,Entry short,SHORT,12/14/2020 6:00,"19,112.41",49.68985,-9216.97,-0.97%,5585.64,0.59%,-9673.62,-1.02%,-59524.16,-0.97%
590,Exit long,SHORT,12/14/2020 13:00,"19,085.53",48.73564,-10349.99,-1.10%,2392.92,0.25%,-12869.13,-1.37%,-69874.15,-1.10%
590,Entry long,LONG,12/14/2020 10:00,"19,297.90",48.73564,-10349.99,-1.10%,2392.92,0.25%,-12869.13,-1.37%,-69874.15,-1.10%
591,Exit short,LONG,12/14/2020 14:00,"19,206.24",48.7346,-5882.75,-0.63%,250.01,0.03%,-5965.11,-0.64%,-75756.9,-0.63%
591,Entry short,SHORT,12/14/2020 13:00,"19,085.53",48.7346,-5882.75,-0.63%,250.01,0.03%,-5965.11,-0.64%,-75756.9,-0.63%
592,Exit long,SHORT,12/18/2020 22:00,"22,610.65",48.12207,163827.25,17.73%,221061.23,23.92%,-8530.6,-0.92%,88070.36,17.73%
592,Entry long,LONG,12/14/2020 14:00,"19,206.24",48.12207,163827.25,17.73%,221061.23,23.92%,-8530.6,-0.92%,88070.36,17.73%
593,Exit short,LONG,12/19/2020 2:00,"22,781.44",48.12202,-8218.76,-0.76%,12543.01,1.15%,-10509.37,-0.97%,79851.6,-0.76%
593,Entry short,SHORT,12/18/2020 22:00,"22,610.65",48.12202,-8218.76,-0.76%,12543.01,1.15%,-10509.37,-0.97%,79851.6,-0.76%
594,Exit long,SHORT,12/19/2020 16:00,"22,983.77",47.40049,9590.54,0.89%,21024.96,1.95%,-7329.54,-0.68%,89442.14,0.89%
594,Entry long,LONG,12/19/2020 2:00,"22,781.44",47.40049,9590.54,0.89%,21024.96,1.95%,-7329.54,-0.68%,89442.14,0.89%
595,Exit short,LONG,12/19/2020 18:00,"23,020.00",47.40049,-1717.32,-0.16%,2641.16,0.24%,-4582.68,-0.42%,87724.82,-0.16%
595,Entry short,SHORT,12/19/2020 16:00,"22,983.77",47.40049,-1717.32,-0.16%,2641.16,0.24%,-4582.68,-0.42%,87724.82,-0.16%
596,Exit long,SHORT,12/19/2020 19:00,"22,888.53",47.25133,-6212.13,-0.57%,2054.96,0.19%,-6850.97,-0.63%,81512.69,-0.57%
596,Entry long,LONG,12/19/2020 18:00,"23,020.00",47.25133,-6212.13,-0.57%,2054.96,0.19%,-6850.97,-0.63%,81512.69,-0.57%
597,Exit short,LONG,12/19/2020 20:00,"23,041.53",47.25129,-7229.45,-0.67%,82.22,0.01%,-11302.04,-1.05%,74283.24,-0.67%
597,Entry short,SHORT,12/19/2020 19:00,"22,888.53",47.25129,-7229.45,-0.67%,82.22,0.01%,-11302.04,-1.05%,74283.24,-0.67%
598,Exit long,SHORT,12/21/2020 19:00,"22,646.70",46.62378,-18408.47,-1.71%,58441.51,5.44%,-32241.74,-3.00%,55874.77,-1.71%
598,Entry long,LONG,12/19/2020 20:00,"23,041.53",46.62378,-18408.47,-1.71%,58441.51,5.44%,-32241.74,-3.00%,55874.77,-1.71%
599,Exit short,LONG,12/22/2020 6:00,"23,169.88",46.62378,-24392.63,-2.31%,38777,3.67%,-28330.01,-2.68%,31482.14,-2.31%
599,Entry short,SHORT,12/21/2020 19:00,"22,646.70",46.62378,-24392.63,-2.31%,38777,3.67%,-28330.01,-2.68%,31482.14,-2.31%
600,Exit long,SHORT,12/22/2020 8:00,"22,558.41",44.51426,-27219.13,-2.64%,2602.75,0.25%,-29819.21,-2.89%,4263.01,-2.64%
600,Entry long,LONG,12/22/2020 6:00,"23,169.88",44.51426,-27219.13,-2.64%,2602.75,0.25%,-29819.21,-2.89%,4263.01,-2.64%
601,Exit short,LONG,12/22/2020 19:00,"23,119.47",44.51834,-24977.46,-2.49%,9126.71,0.91%,-26559.2,-2.64%,-20714.45,-2.49%
601,Entry short,SHORT,12/22/2020 8:00,"22,558.41",44.51834,-24977.46,-2.49%,9126.71,0.91%,-26559.2,-2.64%,-20714.45,-2.49%
602,Exit long,SHORT,12/23/2020 21:00,"23,617.34",42.35757,21088.56,2.15%,41532.87,4.24%,-13108.4,-1.34%,374.11,2.15%
602,Entry long,LONG,12/22/2020 19:00,"23,119.47",42.35757,21088.56,2.15%,41532.87,4.24%,-13108.4,-1.34%,374.11,2.15%
603,Exit short,LONG,12/23/2020 22:00,"23,759.68",42.35761,-6029.18,-0.60%,3434.78,0.34%,-8969.22,-0.90%,-5655.07,-0.60%
603,Entry short,SHORT,12/23/2020 21:00,"23,617.34",42.35761,-6029.18,-0.60%,3434.78,0.34%,-8969.22,-0.90%,-5655.07,-0.60%
604,Exit long,SHORT,12/23/2020 23:00,"23,449.66",41.85013,-12974.38,-1.30%,5698.73,0.57%,-17731.06,-1.78%,-18629.45,-1.30%
604,Entry long,LONG,12/23/2020 22:00,"23,759.68",41.85013,-12974.38,-1.30%,5698.73,0.57%,-17731.06,-1.78%,-18629.45,-1.30%
605,Exit short,LONG,12/24/2020 16:00,"23,447.42",41.85009,93.74,0.01%,35558.35,3.62%,-9576.56,-0.98%,-18535.7,0.01%
605,Entry short,SHORT,12/23/2020 23:00,"23,449.66",41.85009,93.74,0.01%,35558.35,3.62%,-9576.56,-0.98%,-18535.7,0.01%
606,Exit long,SHORT,12/28/2020 5:00,"26,404.45",41.85809,123775.63,12.61%,208226.42,21.22%,-18213.71,-1.86%,105239.92,12.61%
606,Entry long,LONG,12/24/2020 16:00,"23,447.42",41.85809,123775.63,12.61%,208226.42,21.22%,-18213.71,-1.86%,105239.92,12.61%
607,Exit short,LONG,12/28/2020 8:00,"26,877.69",41.85809,-19808.92,-1.79%,12701.84,1.15%,-23923.99,-2.16%,85431,-1.79%
607,Entry short,SHORT,12/28/2020 5:00,"26,404.45",41.85809,-19808.92,-1.79%,12701.84,1.15%,-23923.99,-2.16%,85431,-1.79%
608,Exit long,SHORT,12/29/2020 5:00,"26,627.31",40.38405,-10111.36,-0.93%,25131.4,2.32%,-12921.28,-1.19%,75319.64,-0.93%
608,Entry long,LONG,12/28/2020 8:00,"26,877.69",40.38405,-10111.36,-0.93%,25131.4,2.32%,-12921.28,-1.19%,75319.64,-0.93%
609,Exit short,LONG,12/29/2020 18:00,"26,741.04",40.38408,-4592.88,-0.43%,30179.43,2.81%,-21664.44,-2.01%,70726.77,-0.43%
609,Entry short,SHORT,12/29/2020 5:00,"26,627.31",40.38408,-4592.88,-0.43%,30179.43,2.81%,-21664.44,-2.01%,70726.77,-0.43%
610,Exit long,SHORT,1/1/2021 0:00,"28,382.47",40.04061,65723.86,6.14%,102462.32,9.57%,-21463.77,-2.00%,136450.62,6.14%
610,Entry long,LONG,12/29/2020 18:00,"26,741.04",40.04061,65723.86,6.14%,102462.32,9.57%,-21463.77,-2.00%,136450.62,6.14%
611,Exit short,LONG,1/1/2021 2:00,"28,872.24",40.04058,-19610.68,-1.73%,819.63,0.07%,-20642.12,-1.82%,116839.95,-1.73%
611,Entry short,SHORT,1/1/2021 0:00,"28,382.47",40.04058,-19610.68,-1.73%,819.63,0.07%,-20642.12,-1.82%,116839.95,-1.73%
612,Exit long,SHORT,1/2/2021 2:00,"29,072.70",38.6821,7754.21,0.69%,28151.29,2.52%,-9580.4,-0.86%,124594.16,0.69%
612,Entry long,LONG,1/1/2021 2:00,"28,872.24",38.6821,7754.21,0.69%,28151.29,2.52%,-9580.4,-0.86%,124594.16,0.69%
613,Exit short,LONG,1/2/2021 6:00,"29,262.32",38.68213,-7334.91,-0.65%,7439.73,0.66%,-9826.81,-0.87%,117259.26,-0.65%
613,Entry short,SHORT,1/2/2021 2:00,"29,072.70",38.68213,-7334.91,-0.65%,7439.73,0.66%,-9826.81,-0.87%,117259.26,-0.65%
614,Exit long,SHORT,1/4/2021 2:00,"32,769.79",38.18081,133918.05,11.99%,210597.33,18.85%,-12057.12,-1.08%,251177.3,11.99%
614,Entry long,LONG,1/2/2021 6:00,"29,262.32",38.18081,133918.05,11.99%,210597.33,18.85%,-12057.12,-1.08%,251177.3,11.99%
615,Exit short,LONG,1/4/2021 5:00,"33,559.06",38.18081,-30134.97,-2.41%,11991.83,0.96%,-41698.41,-3.33%,221042.33,-2.41%
615,Entry short,SHORT,1/4/2021 2:00,"32,769.79",38.18081,-30134.97,-2.41%,11991.83,0.96%,-41698.41,-3.33%,221042.33,-2.41%
616,Exit long,SHORT,1/4/2021 7:00,"33,000.05",36.38647,-20340.4,-1.67%,3712.88,0.30%,-34896.81,-2.86%,200701.94,-1.67%
616,Entry long,LONG,1/4/2021 5:00,"33,559.06",36.38647,-20340.4,-1.67%,3712.88,0.30%,-34896.81,-2.86%,200701.94,-1.67%
617,Exit short,LONG,1/4/2021 10:00,"33,454.21",36.38485,-16524.54,-1.38%,21823.63,1.82%,-21392.47,-1.78%,184177.39,-1.38%
617,Entry short,SHORT,1/4/2021 7:00,"33,000.05",36.38485,-16524.54,-1.38%,21823.63,1.82%,-21392.47,-1.78%,184177.39,-1.38%
618,Exit long,SHORT,1/4/2021 15:00,"32,068.84",35.39694,-49037.86,-4.14%,5160.52,0.44%,-68996.07,-5.83%,135139.53,-4.14%
618,Entry long,LONG,1/4/2021 10:00,"33,454.21",35.39694,-49037.86,-4.14%,5160.52,0.44%,-68996.07,-5.83%,135139.53,-4.14%
619,Exit short,LONG,1/4/2021 23:00,"31,745.71",35.39696,11437.82,1.01%,139422.97,12.28%,-17664.5,-1.56%,146577.34,1.01%
619,Entry short,SHORT,1/4/2021 15:00,"32,068.84",35.39696,11437.82,1.01%,139422.97,12.28%,-17664.5,-1.56%,146577.34,1.01%
620,Exit long,SHORT,1/5/2021 6:00,"31,332.05",36.11753,-14940.38,-1.30%,6294.92,0.55%,-40428.16,-3.53%,131636.97,-1.30%
620,Entry long,LONG,1/4/2021 23:00,"31,745.71",36.11753,-14940.38,-1.30%,6294.92,0.55%,-40428.16,-3.53%,131636.97,-1.30%
621,Exit short,LONG,1/5/2021 7:00,"31,989.75",36.11755,-23754.51,-2.10%,6575.2,0.58%,-25244.72,-2.23%,107882.46,-2.10%
621,Entry short,SHORT,1/5/2021 6:00,"31,332.05",36.11755,-23754.51,-2.10%,6575.2,0.58%,-25244.72,-2.23%,107882.46,-2.10%
622,Exit long,SHORT,1/5/2021 13:00,"30,436.26",34.63472,-53804.69,-4.86%,29911.58,2.70%,-72377.91,-6.53%,54077.77,-4.86%
622,Entry long,LONG,1/5/2021 7:00,"31,989.75",34.63472,-53804.69,-4.86%,29911.58,2.70%,-72377.91,-6.53%,54077.77,-4.86%
623,Exit short,LONG,1/5/2021 18:00,"31,347.73",34.6323,-31566.3,-2.99%,18571.92,1.76%,-47989.28,-4.55%,22511.47,-2.99%
623,Entry short,SHORT,1/5/2021 13:00,"30,436.26",34.6323,-31566.3,-2.99%,18571.92,1.76%,-47989.28,-4.55%,22511.47,-2.99%
624,Exit long,SHORT,1/9/2021 13:00,"39,293.41",32.62256,259208.42,25.35%,345873.2,33.82%,-7697.29,-0.75%,281719.88,25.35%
624,Entry long,LONG,1/5/2021 18:00,"31,347.73",32.62256,259208.42,25.35%,345873.2,33.82%,-7697.29,-0.75%,281719.88,25.35%
625,Exit short,LONG,1/9/2021 18:00,"40,376.03",32.6192,-35314.2,-2.76%,18704.18,1.46%,-49143.76,-3.83%,246405.69,-2.76%
625,Entry short,SHORT,1/9/2021 13:00,"39,293.41",32.6192,-35314.2,-2.76%,18704.18,1.46%,-49143.76,-3.83%,246405.69,-2.76%
626,Exit long,SHORT,1/10/2021 19:00,"39,175.09",30.86994,-37072.94,-2.97%,30992.49,2.49%,-45935.4,-3.69%,209332.75,-2.97%
626,Entry long,LONG,1/9/2021 18:00,"40,376.03",30.86994,-37072.94,-2.97%,30992.49,2.49%,-45935.4,-3.69%,209332.75,-2.97%
627,Exit short,LONG,1/12/2021 6:00,"34,361.16",30.86994,148605.73,12.29%,270269.1,22.35%,-29354.53,-2.43%,357938.47,12.29%
627,Entry short,SHORT,1/10/2021 19:00,"39,175.09",30.86994,148605.73,12.29%,270269.1,22.35%,-29354.53,-2.43%,357938.47,12.29%
628,Exit long,SHORT,1/12/2021 22:00,"33,416.47",39.52385,-37337.79,-2.75%,89594.24,6.60%,-72334.97,-5.33%,320600.7,-2.75%
628,Entry long,LONG,1/12/2021 6:00,"34,361.16",39.52385,-37337.79,-2.75%,89594.24,6.60%,-72334.97,-5.33%,320600.7,-2.75%
629,Exit short,LONG,1/13/2021 2:00,"35,040.78",39.51945,-64191.84,-4.86%,378.99,0.03%,-84315.93,-6.38%,256408.84,-4.86%
629,Entry short,SHORT,1/12/2021 22:00,"33,416.47",39.51945,-64191.84,-4.86%,378.99,0.03%,-84315.93,-6.38%,256408.84,-4.86%
630,Exit long,SHORT,1/13/2021 8:00,"32,526.93",35.85561,-90135.62,-7.17%,367.16,0.03%,-95403.89,-7.59%,166273.22,-7.17%
630,Entry long,LONG,1/13/2021 2:00,"35,040.78",35.85561,-90135.62,-7.17%,367.16,0.03%,-95403.89,-7.59%,166273.22,-7.17%
631,Exit short,LONG,1/13/2021 15:00,"34,986.90",35.85561,-88203.73,-7.56%,1427.77,0.12%,-95151.47,-8.16%,78069.5,-7.56%
631,Entry short,SHORT,1/13/2021 8:00,"32,526.93",35.85561,-88203.73,-7.56%,1427.77,0.12%,-95151.47,-8.16%,78069.5,-7.56%
632,Exit long,SHORT,1/13/2021 23:00,"34,673.90",30.81351,-9644.63,-0.89%,8107.03,0.75%,-29886.02,-2.77%,68424.88,-0.89%
632,Entry long,LONG,1/13/2021 15:00,"34,986.90",30.81351,-9644.63,-0.89%,8107.03,0.75%,-29886.02,-2.77%,68424.88,-0.89%
633,Exit short,LONG,1/14/2021 0:00,"34,784.98",30.81351,-3422.76,-0.32%,8793.25,0.82%,-7891.34,-0.74%,65002.11,-0.32%
633,Entry short,SHORT,1/13/2021 23:00,"34,673.90",30.81351,-3422.76,-0.32%,8793.25,0.82%,-7891.34,-0.74%,65002.11,-0.32%
634,Exit long,SHORT,1/15/2021 13:00,"37,808.90",30.61997,92592.34,8.69%,162745.75,15.28%,-4070.01,-0.38%,157594.45,8.69%
634,Entry long,LONG,1/14/2021 0:00,"34,784.98",30.61997,92592.34,8.69%,162745.75,15.28%,-4070.01,-0.38%,157594.45,8.69%
635,Exit short,LONG,1/16/2021 9:00,"37,003.76",30.61698,24650.96,2.13%,104125.29,8.99%,-29732.15,-2.57%,182245.4,2.13%
635,Entry short,SHORT,1/15/2021 13:00,"37,808.90",30.61698,24650.96,2.13%,104125.29,8.99%,-29732.15,-2.57%,182245.4,2.13%
636,Exit long,SHORT,1/16/2021 13:00,"35,854.37",31.94578,-36718.16,-3.11%,7136.69,0.60%,-47399.87,-4.01%,145527.23,-3.11%
636,Entry long,LONG,1/16/2021 9:00,"37,003.76",31.94578,-36718.16,-3.11%,7136.69,0.60%,-47399.87,-4.01%,145527.23,-3.11%
637,Exit short,LONG,1/16/2021 16:00,"37,462.57",31.94944,-51381.09,-4.49%,976.69,0.09%,-52576.96,-4.59%,94146.16,-4.49%
637,Entry short,SHORT,1/16/2021 13:00,"35,854.37",31.94944,-51381.09,-4.49%,976.69,0.09%,-52576.96,-4.59%,94146.16,-4.49%
638,Exit long,SHORT,1/17/2021 2:00,"36,484.95",29.20355,-28549.97,-2.61%,14234.69,1.30%,-31030.82,-2.84%,65596.18,-2.61%
638,Entry long,LONG,1/16/2021 16:00,"37,462.57",29.20355,-28549.97,-2.61%,14234.69,1.30%,-31030.82,-2.84%,65596.18,-2.61%
639,Exit short,LONG,1/18/2021 5:00,"36,542.97",29.20645,-1694.56,-0.16%,76957.54,7.22%,-10734.83,-1.01%,63901.62,-0.16%
639,Entry short,SHORT,1/17/2021 2:00,"36,484.95",29.20645,-1694.56,-0.16%,76957.54,7.22%,-10734.83,-1.01%,63901.62,-0.16%
640,Exit long,SHORT,1/18/2021 11:00,"35,108.27",29.11373,-41769.47,-3.93%,4571.73,0.43%,-49492.76,-4.65%,22132.15,-3.93%
640,Entry long,LONG,1/18/2021 5:00,"36,542.97",29.11373,-41769.47,-3.93%,4571.73,0.43%,-49492.76,-4.65%,22132.15,-3.93%
641,Exit short,LONG,1/18/2021 16:00,"36,233.19",29.11371,-32750.59,-3.20%,8974.88,0.88%,-39062.74,-3.82%,-10618.44,-3.20%
641,Entry short,SHORT,1/18/2021 11:00,"35,108.27",29.11371,-32750.59,-3.20%,8974.88,0.88%,-39062.74,-3.82%,-10618.44,-3.20%
642,Exit long,SHORT,1/19/2021 2:00,"35,755.62",27.30594,-13040.5,-1.32%,33767.62,3.41%,-22751.04,-2.30%,-23658.94,-1.32%
642,Entry long,LONG,1/18/2021 16:00,"36,233.19",27.30594,-13040.5,-1.32%,33767.62,3.41%,-22751.04,-2.30%,-23658.94,-1.32%
643,Exit short,LONG,1/19/2021 5:00,"36,198.01",27.30594,-12079.87,-1.24%,1636.17,0.17%,-17595.4,-1.80%,-35738.82,-1.24%
643,Entry short,SHORT,1/19/2021 2:00,"35,755.62",27.30594,-12079.87,-1.24%,1636.17,0.17%,-17595.4,-1.80%,-35738.82,-1.24%
644,Exit long,SHORT,1/20/2021 4:00,"36,436.26",26.63851,6346.63,0.66%,44006.55,4.56%,-5221.15,-0.54%,-29392.19,0.66%
644,Entry long,LONG,1/19/2021 5:00,"36,198.01",26.63851,6346.63,0.66%,44006.55,4.56%,-5221.15,-0.54%,-29392.19,0.66%
645,Exit short,LONG,1/21/2021 2:00,"35,250.39",26.63851,31589.81,3.25%,80881.45,8.33%,-9100.25,-0.94%,2197.62,3.25%
645,Entry short,SHORT,1/20/2021 4:00,"36,436.26",26.63851,31589.81,3.25%,80881.45,8.33%,-9100.25,-0.94%,2197.62,3.25%
646,Exit long,SHORT,1/21/2021 12:00,"34,247.92",28.43047,-28500.69,-2.84%,11929.71,1.19%,-30998.88,-3.09%,-26303.07,-2.84%
646,Entry long,LONG,1/21/2021 2:00,"35,250.39",28.43047,-28500.69,-2.84%,11929.71,1.19%,-30998.88,-3.09%,-26303.07,-2.84%
647,Exit short,LONG,1/22/2021 18:00,"31,386.37",28.43083,81356.24,8.36%,153467.34,15.76%,-21922.73,-2.25%,55053.17,8.36%
647,Entry short,SHORT,1/21/2021 12:00,"34,247.92",28.43083,81356.24,8.36%,153467.34,15.76%,-21922.73,-2.25%,55053.17,8.36%
648,Exit long,SHORT,1/23/2021 12:00,"32,582.01",33.61501,40191.45,3.81%,82026,7.77%,-3373.94,-0.32%,95244.62,3.81%
648,Entry long,LONG,1/22/2021 18:00,"31,386.37",33.61501,40191.45,3.81%,82026,7.77%,-3373.94,-0.32%,95244.62,3.81%
649,Exit short,LONG,1/23/2021 13:00,"33,357.15",33.61501,-26056.34,-2.38%,10586.71,0.97%,-26774.69,-2.44%,69188.28,-2.38%
649,Entry short,SHORT,1/23/2021 12:00,"32,582.01",33.61501,-26056.34,-2.38%,10586.71,0.97%,-26774.69,-2.44%,69188.28,-2.38%
650,Exit long,SHORT,1/23/2021 18:00,"32,344.37",32.06564,-32475.44,-3.04%,3169.69,0.30%,-38034.66,-3.56%,36712.84,-3.04%
650,Entry long,LONG,1/23/2021 13:00,"33,357.15",32.06564,-32475.44,-3.04%,3169.69,0.30%,-38034.66,-3.56%,36712.84,-3.04%
651,Exit short,LONG,1/24/2021 5:00,"32,344.21",32.05234,5.13,0.00%,30584.66,2.95%,-6346.36,-0.61%,36717.97,0.00%
651,Entry short,SHORT,1/23/2021 18:00,"32,344.37",32.05234,5.13,0.00%,30584.66,2.95%,-6346.36,-0.61%,36717.97,0.00%
652,Exit long,SHORT,1/24/2021 8:00,"31,876.35",32.05264,-14996.15,-1.45%,6231.03,0.60%,-22892.32,-2.21%,21721.82,-1.45%
652,Entry long,LONG,1/24/2021 5:00,"32,344.21",32.05264,-14996.15,-1.45%,6231.03,0.60%,-22892.32,-2.21%,21721.82,-1.45%
653,Exit short,LONG,1/24/2021 11:00,"32,480.06",32.05266,-19350.51,-1.89%,3959.79,0.39%,-19350.51,-1.89%,2371.31,-1.89%
653,Entry short,SHORT,1/24/2021 8:00,"31,876.35",32.05266,-19350.51,-1.89%,3959.79,0.39%,-19350.51,-1.89%,2371.31,-1.89%
654,Exit long,SHORT,1/24/2021 23:00,"31,956.90",30.86114,-16145.31,-1.61%,18237.08,1.82%,-19176.5,-1.91%,-13774,-1.61%
654,Entry long,LONG,1/24/2021 11:00,"32,480.06",30.86114,-16145.31,-1.61%,18237.08,1.82%,-19176.5,-1.91%,-13774,-1.61%
655,Exit short,LONG,1/25/2021 8:00,"32,575.15",30.86112,-19079.89,-1.93%,32617.12,3.31%,-26977.86,-2.74%,-32853.89,-1.93%
655,Entry short,SHORT,1/24/2021 23:00,"31,956.90",30.86112,-19079.89,-1.93%,32617.12,3.31%,-26977.86,-2.74%,-32853.89,-1.93%
656,Exit long,SHORT,1/26/2021 5:00,"32,715.53",29.6905,4167.95,0.43%,68283.7,7.06%,-12466.15,-1.29%,-28685.94,0.43%
656,Entry long,LONG,1/25/2021 8:00,"32,575.15",29.6905,4167.95,0.43%,68283.7,7.06%,-12466.15,-1.29%,-28685.94,0.43%
657,Exit short,LONG,1/27/2021 1:00,"32,184.36",29.68969,15770.27,1.62%,55761.99,5.74%,-3319.31,-0.34%,-12915.67,1.62%
657,Entry short,SHORT,1/26/2021 5:00,"32,715.53",29.68969,15770.27,1.62%,55761.99,5.74%,-3319.31,-0.34%,-12915.67,1.62%
658,Exit long,SHORT,1/27/2021 10:00,"31,802.17",30.66968,-11721.64,-1.19%,22619.5,2.29%,-13048.11,-1.32%,-24637.31,-1.19%
658,Entry long,LONG,1/27/2021 1:00,"32,184.36",30.66968,-11721.64,-1.19%,22619.5,2.29%,-13048.11,-1.32%,-24637.31,-1.19%
659,Exit short,LONG,1/28/2021 9:00,"30,880.57",30.66968,28265.18,2.90%,78528.18,8.05%,-6996.06,-0.72%,3627.86,2.90%
659,Entry short,SHORT,1/27/2021 10:00,"31,802.17",30.66968,28265.18,2.90%,78528.18,8.05%,-6996.06,-0.72%,3627.86,2.90%
660,Exit long,SHORT,1/29/2021 15:00,"32,266.36",32.4975,45034.71,4.49%,111447.9,11.11%,-2998.54,-0.30%,48662.57,4.49%
660,Entry long,LONG,1/28/2021 9:00,"30,880.57",32.4975,45034.71,4.49%,111447.9,11.11%,-2998.54,-0.30%,48662.57,4.49%
661,Exit short,LONG,1/29/2021 18:00,"36,617.23",32.50018,-141404.06,-13.48%,8432.17,0.80%,-186019.33,-17.74%,-92741.48,-13.48%
661,Entry short,SHORT,1/29/2021 15:00,"32,266.36",32.50018,-141404.06,-13.48%,8432.17,0.80%,-186019.33,-17.74%,-92741.48,-13.48%
662,Exit long,SHORT,1/30/2021 3:00,"34,322.50",24.77682,-56856.11,-6.27%,47439.43,5.23%,-77235.05,-8.51%,-149597.6,-6.27%
662,Entry long,LONG,1/29/2021 18:00,"36,617.23",24.77682,-56856.11,-6.27%,47439.43,5.23%,-77235.05,-8.51%,-149597.6,-6.27%
663,Exit short,LONG,1/30/2021 18:00,"34,299.82",24.77682,561.94,0.07%,37103.29,4.36%,-25580.58,-3.01%,-149035.66,0.07%
663,Entry short,SHORT,1/30/2021 3:00,"34,322.50",24.77682,561.94,0.07%,37103.29,4.36%,-25580.58,-3.01%,-149035.66,0.07%
664,Exit long,SHORT,1/31/2021 10:00,"33,748.69",24.80958,-13673.3,-1.61%,12409.26,1.46%,-22060.43,-2.59%,-162708.95,-1.61%
664,Entry long,LONG,1/30/2021 18:00,"34,299.82",24.80958,-13673.3,-1.61%,12409.26,1.46%,-22060.43,-2.59%,-162708.95,-1.61%
665,Exit short,LONG,2/1/2021 11:00,"33,573.25",24.80958,4352.59,0.52%,39125.2,4.67%,-11693,-1.40%,-158356.38,0.52%
665,Entry short,SHORT,1/31/2021 10:00,"33,748.69",24.80958,4352.59,0.52%,39125.2,4.67%,-11693,-1.40%,-158356.38,0.52%
666,Exit long,SHORT,2/1/2021 21:00,"33,702.25",25.0678,3233.75,0.38%,28678.06,3.41%,-7244.84,-0.86%,-155122.62,0.38%
666,Entry long,LONG,2/1/2021 11:00,"33,573.25",25.0678,3233.75,0.38%,28678.06,3.41%,-7244.84,-0.86%,-155122.62,0.38%
667,Exit short,LONG,2/2/2021 15:00,"34,223.38",25.06887,-13064.14,-1.55%,14263.94,1.69%,-17491.8,-2.07%,-168186.77,-1.55%
667,Entry short,SHORT,2/1/2021 21:00,"33,702.25",25.06887,-13064.14,-1.55%,14263.94,1.69%,-17491.8,-2.07%,-168186.77,-1.55%
668,Exit long,SHORT,2/3/2021 18:00,"35,985.27",24.3054,42823.44,5.15%,63719.52,7.66%,-3484.91,-0.42%,-125363.32,5.15%
668,Entry long,LONG,2/2/2021 15:00,"34,223.38",24.3054,42823.44,5.15%,63719.52,7.66%,-3484.91,-0.42%,-125363.32,5.15%
669,Exit short,LONG,2/3/2021 21:00,"36,537.42",24.3054,-13420.23,-1.53%,4238.13,0.48%,-17871.52,-2.04%,-138783.55,-1.53%
669,Entry short,SHORT,2/3/2021 18:00,"35,985.27",24.3054,-13420.23,-1.53%,4238.13,0.48%,-17871.52,-2.04%,-138783.55,-1.53%
670,Exit long,SHORT,2/5/2021 0:00,"36,929.53",23.5708,9242.35,1.07%,51168.67,5.94%,-8850.13,-1.03%,-129541.2,1.07%
670,Entry long,LONG,2/3/2021 21:00,"36,537.42",23.5708,9242.35,1.07%,51168.67,5.94%,-8850.13,-1.03%,-129541.2,1.07%
671,Exit short,LONG,2/5/2021 3:00,"37,467.18",23.5708,-12672.84,-1.46%,3951.41,0.45%,-13446.2,-1.54%,-142214.05,-1.46%
671,Entry short,SHORT,2/5/2021 0:00,"36,929.53",23.5708,-12672.84,-1.46%,3951.41,0.45%,-13446.2,-1.54%,-142214.05,-1.46%
672,Exit long,SHORT,2/7/2021 8:00,"39,564.16",22.89432,48008.93,5.60%,79862.95,9.31%,-20540.33,-2.39%,-94205.11,5.60%
672,Entry long,LONG,2/5/2021 3:00,"37,467.18",22.89432,48008.93,5.60%,79862.95,9.31%,-20540.33,-2.39%,-94205.11,5.60%
673,Exit short,LONG,2/7/2021 16:00,"39,496.96",22.89432,1538.5,0.17%,37573.24,4.15%,-566.41,-0.06%,-92666.61,0.17%
673,Entry short,SHORT,2/7/2021 8:00,"39,564.16",22.89432,1538.5,0.17%,37573.24,4.15%,-566.41,-0.06%,-92666.61,0.17%
674,Exit long,SHORT,2/7/2021 22:00,"38,215.01",22.97223,-29449.25,-3.25%,4664.28,0.51%,-30647.02,-3.38%,-122115.86,-3.25%
674,Entry long,LONG,2/7/2021 16:00,"39,496.96",22.97223,-29449.25,-3.25%,4664.28,0.51%,-30647.02,-3.38%,-122115.86,-3.25%
675,Exit short,LONG,2/8/2021 7:00,"38,795.69",22.97223,-13339.51,-1.52%,19848.24,2.26%,-19870.75,-2.26%,-135455.38,-1.52%
675,Entry short,SHORT,2/7/2021 22:00,"38,215.01",22.97223,-13339.51,-1.52%,19848.24,2.26%,-19870.75,-2.26%,-135455.38,-1.52%
676,Exit long,SHORT,2/8/2021 10:00,"38,249.00",22.28455,-12182.74,-1.41%,7449.95,0.86%,-14411.19,-1.67%,-147638.12,-1.41%
676,Entry long,LONG,2/8/2021 7:00,"38,795.69",22.28455,-12182.74,-1.41%,7449.95,0.86%,-14411.19,-1.67%,-147638.12,-1.41%
677,Exit short,LONG,2/8/2021 15:00,"39,269.78",22.28455,-22747.62,-2.67%,5796.43,0.68%,-25466.34,-2.99%,-170385.73,-2.67%
677,Entry short,SHORT,2/8/2021 10:00,"38,249.00",22.28455,-22747.62,-2.67%,5796.43,0.68%,-25466.34,-2.99%,-170385.73,-2.67%
678,Exit long,SHORT,2/10/2021 10:00,"46,276.52",21.12583,148023.2,17.84%,187437.03,22.59%,-8979.11,-1.08%,-22362.54,17.84%
678,Entry long,LONG,2/8/2021 15:00,"39,269.78",21.12583,148023.2,17.84%,187437.03,22.59%,-8979.11,-1.08%,-22362.54,17.84%
679,Exit short,LONG,2/10/2021 19:00,"46,586.55",21.12599,-6549.69,-0.67%,14503.84,1.48%,-21833.29,-2.23%,-28912.23,-0.67%
679,Entry short,SHORT,2/10/2021 10:00,"46,276.52",21.12599,-6549.69,-0.67%,14503.84,1.48%,-21833.29,-2.23%,-28912.23,-0.67%
680,Exit long,SHORT,2/10/2021 20:00,"45,655.13",20.8448,-19415.26,-2.00%,141.54,0.01%,-43493.72,-4.48%,-48327.5,-2.00%
680,Entry long,LONG,2/10/2021 19:00,"46,586.55",20.8448,-19415.26,-2.00%,141.54,0.01%,-43493.72,-4.48%,-48327.5,-2.00%
681,Exit short,LONG,2/11/2021 6:00,"45,200.00",20.8448,9487.09,1.00%,40191.48,4.22%,-6942.78,-0.73%,-38840.4,1.00%
681,Entry short,SHORT,2/10/2021 20:00,"45,655.13",20.8448,9487.09,1.00%,40191.48,4.22%,-6942.78,-0.73%,-38840.4,1.00%
682,Exit long,SHORT,2/11/2021 9:00,"44,180.08",21.2646,-21688.19,-2.26%,2596.2,0.27%,-25644.68,-2.67%,-60528.59,-2.26%
682,Entry long,LONG,2/11/2021 6:00,"45,200.00",21.2646,-21688.19,-2.26%,2596.2,0.27%,-25644.68,-2.67%,-60528.59,-2.26%
683,Exit short,LONG,2/11/2021 17:00,"45,500.98",21.26459,-28088.4,-2.99%,159.7,0.02%,-30388.8,-3.23%,-88616.99,-2.99%
683,Entry short,SHORT,2/11/2021 9:00,"44,180.08",21.26459,-28088.4,-2.99%,159.7,0.02%,-30388.8,-3.23%,-88616.99,-2.99%
684,Exit long,SHORT,2/12/2021 14:00,"47,380.15",20.02996,37639.7,4.13%,69800.8,7.66%,-3004.09,-0.33%,-50977.29,4.13%
684,Entry long,LONG,2/11/2021 17:00,"45,500.98",20.02996,37639.7,4.13%,69800.8,7.66%,-3004.09,-0.33%,-50977.29,4.13%
685,Exit short,LONG,2/12/2021 20:00,"47,669.82",20.02996,-5802.08,-0.61%,9547.68,1.01%,-12395.54,-1.31%,-56779.37,-0.61%
685,Entry short,SHORT,2/12/2021 14:00,"47,380.15",20.02996,-5802.08,-0.61%,9547.68,1.01%,-12395.54,-1.31%,-56779.37,-0.61%
686,Exit long,SHORT,2/13/2021 19:00,"46,586.23",19.78653,-21440.49,-2.27%,9501.1,1.01%,-30566.63,-3.24%,-78219.85,-2.27%
686,Entry long,LONG,2/12/2021 20:00,"47,669.82",19.78653,-21440.49,-2.27%,9501.1,1.01%,-30566.63,-3.24%,-78219.85,-2.27%
687,Exit short,LONG,2/14/2021 0:00,"47,136.90",19.78653,-10895.85,-1.18%,7592.09,0.82%,-16104.45,-1.75%,-89115.7,-1.18%
687,Entry short,SHORT,2/13/2021 19:00,"46,586.23",19.78653,-10895.85,-1.18%,7592.09,0.82%,-16104.45,-1.75%,-89115.7,-1.18%
688,Exit long,SHORT,2/14/2021 2:00,"46,790.39",19.32423,-6696.04,-0.74%,1026.12,0.11%,-7750.37,-0.85%,-95811.74,-0.74%
688,Entry long,LONG,2/14/2021 0:00,"47,136.90",19.32423,-6696.04,-0.74%,1026.12,0.11%,-7750.37,-0.85%,-95811.74,-0.74%
689,Exit short,LONG,2/14/2021 7:00,"47,156.78",19.32422,-7080.2,-0.78%,2643.75,0.29%,-11729.22,-1.30%,-102891.94,-0.78%
689,Entry short,SHORT,2/14/2021 2:00,"46,790.39",19.32422,-7080.2,-0.78%,2643.75,0.29%,-11729.22,-1.30%,-102891.94,-0.78%
690,Exit long,SHORT,2/15/2021 9:00,"48,011.45",19.02645,16261.34,1.81%,48529.82,5.41%,-2713.36,-0.30%,-86630.61,1.81%
690,Entry long,LONG,2/14/2021 7:00,"47,156.78",19.02645,16261.34,1.81%,48529.82,5.41%,-2713.36,-0.30%,-86630.61,1.81%
691,Exit short,LONG,2/15/2021 18:00,"47,849.99",19.02399,3071.61,0.34%,46431.09,5.08%,-3850.08,-0.42%,-83558.99,0.34%
691,Entry short,SHORT,2/15/2021 9:00,"48,011.45",19.02399,3071.61,0.34%,46431.09,5.08%,-3850.08,-0.42%,-83558.99,0.34%
692,Exit long,SHORT,2/17/2021 1:00,"48,230.63",19.15237,7290.16,0.80%,54377.22,5.93%,-16209.99,-1.77%,-76268.84,0.80%
692,Entry long,LONG,2/15/2021 18:00,"47,849.99",19.15237,7290.16,0.80%,54377.22,5.93%,-16209.99,-1.77%,-76268.84,0.80%
693,Exit short,LONG,2/17/2021 6:00,"49,113.91",19.15237,-16916.91,-1.83%,9205.2,1.00%,-18182.69,-1.97%,-93185.74,-1.83%
693,Entry short,SHORT,2/17/2021 1:00,"48,230.63",19.15237,-16916.91,-1.83%,9205.2,1.00%,-18182.69,-1.97%,-93185.74,-1.83%
694,Exit long,SHORT,2/18/2021 19:00,"51,375.12",18.46749,41758.88,4.60%,64725.41,7.14%,-3334.86,-0.37%,-51426.87,4.61%
694,Entry long,LONG,2/17/2021 6:00,"49,113.91",18.46749,41758.88,4.60%,64725.41,7.14%,-3334.86,-0.37%,-51426.87,4.61%
695,Exit short,LONG,2/18/2021 22:00,"52,233.43",18.46366,-15847.54,-1.67%,8737.37,0.92%,-16799.71,-1.77%,-67274.41,-1.67%
695,Entry short,SHORT,2/18/2021 19:00,"51,375.12",18.46366,-15847.54,-1.67%,8737.37,0.92%,-16799.71,-1.77%,-67274.41,-1.67%
696,Exit long,SHORT,2/19/2021 7:00,"51,552.61",17.85687,-12157.31,-1.30%,474.46,0.05%,-13989.61,-1.50%,-79431.73,-1.30%
696,Entry long,LONG,2/18/2021 22:00,"52,233.43",17.85687,-12157.31,-1.30%,474.46,0.05%,-13989.61,-1.50%,-79431.73,-1.30%
697,Exit short,LONG,2/19/2021 16:00,"52,236.31",17.85687,-12208.74,-1.33%,15042.81,1.63%,-13234.8,-1.44%,-91640.47,-1.33%
697,Entry short,SHORT,2/19/2021 7:00,"51,552.61",17.85687,-12208.74,-1.33%,15042.81,1.63%,-13234.8,-1.44%,-91640.47,-1.33%
698,Exit long,SHORT,2/22/2021 9:00,"56,860.04",17.38942,80403.98,8.85%,106362.21,11.71%,-307.62,-0.03%,-11236.48,8.85%
698,Entry long,LONG,2/19/2021 16:00,"52,236.31",17.38942,80403.98,8.85%,106362.21,11.71%,-307.62,-0.03%,-11236.48,8.85%
699,Exit short,LONG,2/24/2021 9:00,"50,191.68",17.38942,115958.91,11.73%,208107.53,21.05%,-7267.91,-0.74%,104722.43,11.73%
699,Entry short,SHORT,2/22/2021 9:00,"56,860.04",17.38942,115958.91,11.73%,208107.53,21.05%,-7267.91,-0.74%,104722.43,11.73%
700,Exit long,SHORT,2/24/2021 23:00,"49,819.49",22.01013,-8191.95,-0.74%,26044.81,2.36%,-38334.6,-3.47%,96530.48,-0.74%
700,Entry long,LONG,2/24/2021 9:00,"50,191.68",22.01013,-8191.95,-0.74%,26044.81,2.36%,-38334.6,-3.47%,96530.48,-0.74%
701,Exit short,LONG,2/25/2021 8:00,"50,507.24",22.01007,-15137.43,-1.38%,39426.86,3.60%,-23011.75,-2.10%,81393.05,-1.38%
701,Entry short,SHORT,2/24/2021 23:00,"49,819.49",22.01007,-15137.43,-1.38%,39426.86,3.60%,-23011.75,-2.10%,81393.05,-1.38%
702,Exit long,SHORT,2/25/2021 17:00,"48,977.03",21.41064,-32762.77,-3.03%,8085.51,0.75%,-41226.83,-3.81%,48630.28,-3.03%
702,Entry long,LONG,2/25/2021 8:00,"50,507.24",21.41064,-32762.77,-3.03%,8085.51,0.75%,-41226.83,-3.81%,48630.28,-3.03%
703,Exit short,LONG,2/25/2021 20:00,"51,497.98",21.41065,-53975.18,-5.15%,3513.7,0.34%,-54018.43,-5.15%,-5344.9,-5.15%
703,Entry short,SHORT,2/25/2021 17:00,"48,977.03",21.41065,-53975.18,-5.15%,3513.7,0.34%,-54018.43,-5.15%,-5344.9,-5.15%
704,Exit long,SHORT,2/26/2021 2:00,"49,543.04",19.32308,-37775.46,-3.80%,10506.93,1.06%,-43899.91,-4.41%,-43120.36,-3.80%
704,Entry long,LONG,2/25/2021 20:00,"51,497.98",19.32308,-37775.46,-3.80%,10506.93,1.06%,-43899.91,-4.41%,-43120.36,-3.80%
705,Exit short,LONG,2/26/2021 23:00,"47,590.66",19.3141,37708.46,3.94%,104996.47,10.97%,-8825.77,-0.92%,-5411.9,3.94%
705,Entry short,SHORT,2/26/2021 2:00,"49,543.04",19.3141,37708.46,3.94%,104996.47,10.97%,-8825.77,-0.92%,-5411.9,3.94%
706,Exit long,SHORT,2/27/2021 5:00,"45,680.00",20.89543,-39924.06,-4.01%,17415.3,1.75%,-43685.24,-4.39%,-45335.96,-4.01%
706,Entry long,LONG,2/26/2021 23:00,"47,590.66",20.89543,-39924.06,-4.01%,17415.3,1.75%,-43685.24,-4.39%,-45335.96,-4.01%
707,Exit short,LONG,2/27/2021 12:00,"47,657.48",20.89895,-41327.25,-4.33%,14211.29,1.49%,-50271.8,-5.27%,-86663.22,-4.33%
707,Entry short,SHORT,2/27/2021 5:00,"45,680.00",20.89895,-41327.25,-4.33%,14211.29,1.49%,-50271.8,-5.27%,-86663.22,-4.33%
708,Exit long,SHORT,2/27/2021 15:00,"47,153.01",19.16461,-9667.97,-1.06%,14115.12,1.55%,-18116.31,-1.98%,-96331.19,-1.06%
708,Entry long,LONG,2/27/2021 12:00,"47,657.48",19.16461,-9667.97,-1.06%,14115.12,1.55%,-18116.31,-1.98%,-96331.19,-1.06%
709,Exit short,LONG,2/28/2021 3:00,"47,405.38",19.1646,-4836.57,-0.54%,17788.01,1.97%,-12399.3,-1.37%,-101167.76,-0.54%
709,Entry short,SHORT,2/27/2021 15:00,"47,153.01",19.1646,-4836.57,-0.54%,17788.01,1.97%,-12399.3,-1.37%,-101167.76,-0.54%
710,Exit long,SHORT,2/28/2021 6:00,"45,828.44",18.96054,-29899.63,-3.33%,2877.45,0.32%,-31538.58,-3.51%,-131067.4,-3.33%
710,Entry long,LONG,2/28/2021 3:00,"47,405.38",18.96054,-29899.63,-3.33%,2877.45,0.32%,-31538.58,-3.51%,-131067.4,-3.33%
711,Exit short,LONG,3/1/2021 6:00,"45,179.99",18.96055,12294.97,1.41%,53628.78,6.17%,-15358.42,-1.77%,-118772.43,1.41%
711,Entry short,SHORT,2/28/2021 6:00,"45,828.44",18.96055,12294.97,1.41%,53628.78,6.17%,-15358.42,-1.77%,-118772.43,1.41%
712,Exit long,SHORT,3/2/2021 23:00,"48,676.09",19.50481,68190.77,7.74%,97914.34,11.11%,-6436.39,-0.73%,-50581.66,7.74%
712,Entry long,LONG,3/1/2021 6:00,"45,179.99",19.50481,68190.77,7.74%,97914.34,11.11%,-6436.39,-0.73%,-50581.66,7.74%
713,Exit short,LONG,3/3/2021 9:00,"48,848.63",19.50481,-3365.36,-0.35%,31763.39,3.35%,-4024.62,-0.42%,-53947.02,-0.35%
713,Entry short,SHORT,3/2/2021 23:00,"48,676.09",19.50481,-3365.36,-0.35%,31763.39,3.35%,-4024.62,-0.42%,-53947.02,-0.35%
714,Exit long,SHORT,3/4/2021 12:00,"49,065.32",19.36703,4196.64,0.44%,73427.58,7.76%,-6857.86,-0.72%,-49750.38,0.44%
714,Entry long,LONG,3/3/2021 9:00,"48,848.63",19.36703,4196.64,0.44%,73427.58,7.76%,-6857.86,-0.72%,-49750.38,0.44%
715,Exit short,LONG,3/5/2021 15:00,"47,380.00",19.36703,32639.64,3.43%,53556.04,5.64%,-32747.9,-3.45%,-17110.73,3.43%
715,Entry short,SHORT,3/4/2021 12:00,"49,065.32",19.36703,32639.64,3.43%,53556.04,5.64%,-32747.9,-3.45%,-17110.73,3.43%
716,Exit long,SHORT,3/6/2021 18:00,"48,035.37",20.74481,13595.53,1.38%,42919.56,4.37%,-19954.02,-2.03%,-3515.21,1.38%
716,Entry long,LONG,3/5/2021 15:00,"47,380.00",20.74481,13595.53,1.38%,42919.56,4.37%,-19954.02,-2.03%,-3515.21,1.38%
717,Exit short,LONG,3/7/2021 4:00,"48,518.51",20.74481,-10022.65,-1.01%,20026.42,2.01%,-14510.37,-1.46%,-13537.86,-1.01%
717,Entry short,SHORT,3/6/2021 18:00,"48,035.37",20.74481,-10022.65,-1.01%,20026.42,2.01%,-14510.37,-1.46%,-13537.86,-1.01%
718,Exit long,SHORT,3/8/2021 16:00,"49,880.49",20.33167,27691.33,2.81%,67681.48,6.86%,-5161.8,-0.52%,14153.47,2.81%
718,Entry long,LONG,3/7/2021 4:00,"48,518.51",20.33167,27691.33,2.81%,67681.48,6.86%,-5161.8,-0.52%,14153.47,2.81%
719,Exit short,LONG,3/8/2021 19:00,"50,490.39",20.33166,-12400.28,-1.22%,9769.16,0.96%,-13815.57,-1.36%,1753.19,-1.22%
719,Entry short,SHORT,3/8/2021 16:00,"49,880.49",20.33166,-12400.28,-1.22%,9769.16,0.96%,-13815.57,-1.36%,1753.19,-1.22%
720,Exit long,SHORT,3/11/2021 15:00,"55,034.21",19.83535,90128.26,9.00%,136810.36,13.66%,-7743.32,-0.77%,91881.45,9.00%
720,Entry long,LONG,3/8/2021 19:00,"50,490.39",19.83535,90128.26,9.00%,136810.36,13.66%,-7743.32,-0.77%,91881.45,9.00%
721,Exit short,LONG,3/11/2021 21:00,"56,921.18",19.84004,-37437.56,-3.43%,15106.01,1.38%,-38981.51,-3.57%,54443.89,-3.43%
721,Entry short,SHORT,3/11/2021 15:00,"55,034.21",19.84004,-37437.56,-3.43%,15106.01,1.38%,-38981.51,-3.57%,54443.89,-3.43%
722,Exit long,SHORT,3/12/2021 16:00,"56,506.71",18.52463,-7677.9,-0.73%,22763.44,2.16%,-19750.59,-1.87%,46765.99,-0.73%
722,Entry long,LONG,3/11/2021 21:00,"56,921.18",18.52463,-7677.9,-0.73%,22763.44,2.16%,-19750.59,-1.87%,46765.99,-0.73%
723,Exit short,LONG,3/13/2021 0:00,"57,367.21",18.52463,-15940.44,-1.52%,28599.62,2.73%,-20732.77,-1.98%,30825.55,-1.52%
723,Entry short,SHORT,3/12/2021 16:00,"56,506.71",18.52463,-15940.44,-1.52%,28599.62,2.73%,-20732.77,-1.98%,30825.55,-1.52%
724,Exit long,SHORT,3/13/2021 9:00,"56,386.39",17.96889,-17624.25,-1.71%,7201.75,0.70%,-23101.16,-2.24%,13201.3,-1.71%
724,Entry long,LONG,3/13/2021 0:00,"57,367.21",17.96889,-17624.25,-1.71%,7201.75,0.70%,-23101.16,-2.24%,13201.3,-1.71%
725,Exit short,LONG,3/13/2021 12:00,"56,882.74",17.96889,-8918.86,-0.88%,5537.29,0.55%,-9211.03,-0.91%,4282.44,-0.88%
725,Entry short,SHORT,3/13/2021 9:00,"56,386.39",17.96889,-8918.86,-0.88%,5537.29,0.55%,-9211.03,-0.91%,4282.44,-0.88%
726,Exit long,SHORT,3/14/2021 23:00,"59,681.21",17.6468,49384.04,4.92%,87550.36,8.72%,-6896.72,-0.69%,53666.48,4.92%
726,Entry long,LONG,3/13/2021 12:00,"56,882.74",17.6468,49384.04,4.92%,87550.36,8.72%,-6896.72,-0.69%,53666.48,4.92%
727,Exit short,LONG,3/15/2021 10:00,"60,069.63",17.65491,-6857.52,-0.65%,17226.6,1.63%,-18869.39,-1.79%,46808.96,-0.65%
727,Entry short,SHORT,3/14/2021 23:00,"59,681.21",17.65491,-6857.52,-0.65%,17226.6,1.63%,-18869.39,-1.79%,46808.96,-0.65%
728,Exit long,SHORT,3/15/2021 13:00,"59,019.39",17.42659,-18302.1,-1.75%,9825.11,0.94%,-18552.87,-1.77%,28506.86,-1.75%
728,Entry long,LONG,3/15/2021 10:00,"60,069.63",17.42659,-18302.1,-1.75%,9825.11,0.94%,-18552.87,-1.77%,28506.86,-1.75%
729,Exit short,LONG,3/16/2021 17:00,"55,870.43",17.42659,54875.64,5.34%,100168.91,9.74%,-6030.12,-0.59%,83382.49,5.34%
729,Entry short,SHORT,3/15/2021 13:00,"59,019.39",17.42659,54875.64,5.34%,100168.91,9.74%,-6030.12,-0.59%,83382.49,5.34%
730,Exit long,SHORT,3/17/2021 12:00,"55,569.06",19.39098,-5843.86,-0.54%,25576.7,2.36%,-24695.19,-2.28%,77538.63,-0.54%
730,Entry long,LONG,3/16/2021 17:00,"55,870.43",19.39098,-5843.86,-0.54%,25576.7,2.36%,-24695.19,-2.28%,77538.63,-0.54%
731,Exit short,LONG,3/18/2021 1:00,"55,542.50",19.39098,515.02,0.05%,28027.14,2.60%,-14688.09,-1.36%,78053.66,0.05%
731,Entry short,SHORT,3/17/2021 12:00,"55,569.06",19.39098,515.02,0.05%,28027.14,2.60%,-14688.09,-1.36%,78053.66,0.05%
732,Exit long,SHORT,3/18/2021 21:00,"57,846.31",19.40952,44715.85,4.15%,78007.64,7.24%,0,0.00%,122769.5,4.15%
732,Entry long,LONG,3/18/2021 1:00,"55,542.50",19.40952,44715.85,4.15%,78007.64,7.24%,0,0.00%,122769.5,4.15%
733,Exit short,LONG,3/18/2021 23:00,"59,533.67",19.40952,-32750.85,-2.92%,6721.71,0.60%,-34764,-3.10%,90018.66,-2.92%
733,Entry short,SHORT,3/18/2021 21:00,"57,846.31",19.40952,-32750.85,-2.92%,6721.71,0.60%,-34764,-3.10%,90018.66,-2.92%
734,Exit long,SHORT,3/19/2021 2:00,"58,221.02",18.30927,-24033.66,-2.20%,10917.82,1.00%,-28078.55,-2.58%,65984.99,-2.20%
734,Entry long,LONG,3/18/2021 23:00,"59,533.67",18.30927,-24033.66,-2.20%,10917.82,1.00%,-28078.55,-2.58%,65984.99,-2.20%
735,Exit short,LONG,3/19/2021 16:00,"58,338.09",18.30928,-2143.47,-0.20%,35708.22,3.35%,-6352.95,-0.60%,63841.52,-0.20%
735,Entry short,SHORT,3/19/2021 2:00,"58,221.02",18.30928,-2143.47,-0.20%,35708.22,3.35%,-6352.95,-0.60%,63841.52,-0.20%
736,Exit long,SHORT,3/20/2021 11:00,"58,367.75",18.2358,540.87,0.05%,20604.81,1.94%,-9444.69,-0.89%,64382.4,0.05%
736,Entry long,LONG,3/19/2021 16:00,"58,338.09",18.2358,540.87,0.05%,20604.81,1.94%,-9444.69,-0.89%,64382.4,0.05%
737,Exit short,LONG,3/20/2021 17:00,"58,780.03",18.23579,-7518.25,-0.71%,7070.93,0.66%,-9687.76,-0.91%,56864.15,-0.71%
737,Entry short,SHORT,3/20/2021 11:00,"58,367.75",18.23579,-7518.25,-0.71%,7070.93,0.66%,-9687.76,-0.91%,56864.15,-0.71%
738,Exit long,SHORT,3/21/2021 6:00,"58,503.01",17.97999,-4980.82,-0.47%,19777.45,1.87%,-11659.66,-1.10%,51883.33,-0.47%
738,Entry long,LONG,3/20/2021 17:00,"58,780.03",17.97999,-4980.82,-0.47%,19777.45,1.87%,-11659.66,-1.10%,51883.33,-0.47%
739,Exit short,LONG,3/21/2021 23:00,"57,159.04",17.97998,24164.56,2.30%,54891.08,5.22%,-1547.9,-0.15%,76047.88,2.30%
739,Entry short,SHORT,3/21/2021 6:00,"58,503.01",17.97998,24164.56,2.30%,54891.08,5.22%,-1547.9,-0.15%,76047.88,2.30%
740,Exit long,SHORT,3/22/2021 21:00,"56,969.98",18.8255,-3559.15,-0.33%,23940.2,2.22%,-16378.94,-1.52%,72488.73,-0.33%
740,Entry long,LONG,3/21/2021 23:00,"57,159.04",18.8255,-3559.15,-0.33%,23940.2,2.22%,-16378.94,-1.52%,72488.73,-0.33%
741,Exit short,LONG,3/23/2021 21:00,"55,263.35",18.8255,32128.16,3.00%,74736.86,6.97%,-5822.35,-0.54%,104616.9,3.00%
741,Entry short,SHORT,3/22/2021 21:00,"56,969.98",18.8255,32128.16,3.00%,74736.86,6.97%,-5822.35,-0.54%,104616.9,3.00%
742,Exit long,SHORT,3/24/2021 6:00,"54,387.91",19.98822,-17498.49,-1.58%,11344.31,1.03%,-21452.36,-1.94%,87118.41,-1.58%
742,Entry long,LONG,3/23/2021 21:00,"55,263.35",19.98822,-17498.49,-1.58%,11344.31,1.03%,-21452.36,-1.94%,87118.41,-1.58%
743,Exit short,LONG,3/24/2021 16:00,"56,280.40",19.98823,-37827.53,-3.48%,17520.08,1.61%,-40220.71,-3.70%,49290.89,-3.48%
743,Entry short,SHORT,3/24/2021 6:00,"54,387.91",19.98823,-37827.53,-3.48%,17520.08,1.61%,-40220.71,-3.70%,49290.89,-3.48%
744,Exit long,SHORT,3/25/2021 3:00,"54,736.52",18.64397,-28784.05,-2.74%,17144.99,1.63%,-30086.52,-2.87%,20506.83,-2.74%
744,Entry long,LONG,3/24/2021 16:00,"56,280.40",18.64397,-28784.05,-2.74%,17144.99,1.63%,-30086.52,-2.87%,20506.83,-2.74%
745,Exit short,LONG,3/26/2021 4:00,"51,981.60",18.64398,51362.67,5.03%,80336.16,7.87%,-127.9,-0.01%,71869.51,5.03%
745,Entry short,SHORT,3/25/2021 3:00,"54,736.52",18.64398,51362.67,5.03%,80336.16,7.87%,-127.9,-0.01%,71869.51,5.03%
746,Exit long,SHORT,3/26/2021 7:00,"51,293.78",20.62081,-14183.4,-1.32%,15231.36,1.42%,-15689.96,-1.46%,57686.1,-1.32%
746,Entry long,LONG,3/26/2021 4:00,"51,981.60",20.62081,-14183.4,-1.32%,15231.36,1.42%,-15689.96,-1.46%,57686.1,-1.32%
747,Exit short,LONG,3/26/2021 9:00,"52,255.41",20.62016,-19828.96,-1.87%,1632.7,0.15%,-21779.43,-2.06%,37857.14,-1.87%
747,Entry short,SHORT,3/26/2021 7:00,"51,293.78",20.62016,-19828.96,-1.87%,1632.7,0.15%,-21779.43,-2.06%,37857.14,-1.87%
748,Exit long,SHORT,3/26/2021 10:00,"51,696.70",19.86123,-11096.67,-1.07%,2174.01,0.21%,-13990.45,-1.35%,26760.47,-1.07%
748,Entry long,LONG,3/26/2021 9:00,"52,255.41",19.86123,-11096.67,-1.07%,2174.01,0.21%,-13990.45,-1.35%,26760.47,-1.07%
749,Exit short,LONG,3/26/2021 11:00,"52,407.19",19.86123,-14111.2,-1.37%,0,0.00%,-20397.09,-1.99%,12649.26,-1.37%
749,Entry short,SHORT,3/26/2021 10:00,"51,696.70",19.86123,-14111.2,-1.37%,0,0.00%,-20397.09,-1.99%,12649.26,-1.37%
750,Exit long,SHORT,3/27/2021 20:00,"54,291.29",19.32271,36405.92,3.60%,60824.22,6.01%,-4537.94,-0.45%,49055.18,3.60%
750,Entry long,LONG,3/26/2021 11:00,"52,407.19",19.32271,36405.92,3.60%,60824.22,6.01%,-4537.94,-0.45%,49055.18,3.60%
751,Exit short,LONG,3/28/2021 0:00,"56,163.52",19.32271,-36176.56,-3.45%,4345.1,0.41%,-37267.9,-3.55%,12878.62,-3.45%
751,Entry short,SHORT,3/27/2021 20:00,"54,291.29",19.32271,-36176.56,-3.45%,4345.1,0.41%,-37267.9,-3.55%,12878.62,-3.45%
752,Exit long,SHORT,3/28/2021 20:00,"55,525.25",18.03183,-11509.18,-1.14%,9680.21,0.96%,-15730.79,-1.55%,1369.45,-1.14%
752,Entry long,LONG,3/28/2021 0:00,"56,163.52",18.03183,-11509.18,-1.14%,9680.21,0.96%,-15730.79,-1.55%,1369.45,-1.14%
753,Exit short,LONG,3/29/2021 0:00,"56,275.59",18.03448,-13531.99,-1.35%,1158.54,0.12%,-17398.76,-1.74%,-12162.54,-1.35%
753,Entry short,SHORT,3/28/2021 20:00,"55,525.25",18.03448,-13531.99,-1.35%,1158.54,0.12%,-17398.76,-1.74%,-12162.54,-1.35%
754,Exit long,SHORT,3/29/2021 2:00,"55,192.08",17.55356,-19019.46,-1.93%,879.26,0.09%,-19597.14,-1.98%,-31182,-1.93%
754,Entry long,LONG,3/29/2021 0:00,"56,275.59",17.55356,-19019.46,-1.93%,879.26,0.09%,-19597.14,-1.98%,-31182,-1.93%
755,Exit short,LONG,3/29/2021 16:00,"57,129.58",17.55356,-34010.02,-3.51%,8780.99,0.91%,-35772.75,-3.69%,-65192.02,-3.51%
755,Entry short,SHORT,3/29/2021 2:00,"55,192.08",17.55356,-34010.02,-3.51%,8780.99,0.91%,-35772.75,-3.69%,-65192.02,-3.51%
756,Exit long,SHORT,3/30/2021 11:00,"57,181.33",16.36497,846.89,0.09%,20885.63,2.23%,-2668.14,-0.29%,-64345.14,0.09%
756,Entry long,LONG,3/29/2021 16:00,"57,129.58",16.36497,846.89,0.09%,20885.63,2.23%,-2668.14,-0.29%,-64345.14,0.09%
757,Exit short,LONG,3/30/2021 13:00,"57,670.14",16.36294,-7998.37,-0.85%,1799.6,0.19%,-10764.03,-1.15%,-72343.51,-0.85%
757,Entry short,SHORT,3/30/2021 11:00,"57,181.33",16.36294,-7998.37,-0.85%,1799.6,0.19%,-10764.03,-1.15%,-72343.51,-0.85%
758,Exit long,SHORT,4/1/2021 16:00,"58,839.70",16.08556,18813.03,2.03%,34259.99,3.69%,-14495.34,-1.56%,-53530.48,2.03%
758,Entry long,LONG,3/30/2021 13:00,"57,670.14",16.08556,18813.03,2.03%,34259.99,3.69%,-14495.34,-1.56%,-53530.48,2.03%
759,Exit short,LONG,4/1/2021 23:00,"58,974.66",16.08555,-2170.91,-0.23%,11657.2,1.23%,-6813.84,-0.72%,-55701.38,-0.23%
759,Entry short,SHORT,4/1/2021 16:00,"58,839.70",16.08555,-2170.91,-0.23%,11657.2,1.23%,-6813.84,-0.72%,-55701.38,-0.23%
760,Exit long,SHORT,4/2/2021 1:00,"58,501.63",16.01194,-7574.13,-0.80%,2755.82,0.29%,-10525.13,-1.11%,-63275.51,-0.80%
760,Entry long,LONG,4/1/2021 23:00,"58,974.66",16.01194,-7574.13,-0.80%,2755.82,0.29%,-10525.13,-1.11%,-63275.51,-0.80%
761,Exit short,LONG,4/2/2021 3:00,"58,918.99",16.01193,-6682.74,-0.71%,9065.64,0.97%,-7231.15,-0.77%,-69958.25,-0.71%
761,Entry short,SHORT,4/2/2021 1:00,"58,501.63",16.01193,-6682.74,-0.71%,9065.64,0.97%,-7231.15,-0.77%,-69958.25,-0.71%
762,Exit long,SHORT,4/3/2021 3:00,"58,850.00",15.78509,-1089.01,-0.12%,20220.86,2.17%,-7322.55,-0.79%,-71047.27,-0.12%
762,Entry long,LONG,4/2/2021 3:00,"58,918.99",15.78509,-1089.01,-0.12%,20220.86,2.17%,-7322.55,-0.79%,-71047.27,-0.12%
763,Exit short,LONG,4/3/2021 10:00,"59,408.20",15.78509,-8811.24,-0.95%,6652.31,0.72%,-9472.32,-1.02%,-79858.5,-0.95%
763,Entry short,SHORT,4/3/2021 3:00,"58,850.00",15.78509,-8811.24,-0.95%,6652.31,0.72%,-9472.32,-1.02%,-79858.5,-0.95%
764,Exit long,SHORT,4/3/2021 20:00,"59,254.75",15.48845,-2376.7,-0.26%,5940.13,0.65%,-10179.63,-1.11%,-82235.2,-0.26%
764,Entry long,LONG,4/3/2021 10:00,"59,408.20",15.48845,-2376.7,-0.26%,5940.13,0.65%,-10179.63,-1.11%,-82235.2,-0.26%
765,Exit short,LONG,4/4/2021 20:00,"57,755.07",15.48845,23227.72,2.53%,44401.52,4.84%,-3098.93,-0.34%,-59007.48,2.53%
765,Entry short,SHORT,4/3/2021 20:00,"59,254.75",15.48845,23227.72,2.53%,44401.52,4.84%,-3098.93,-0.34%,-59007.48,2.53%
766,Exit long,SHORT,4/5/2021 11:00,"57,467.12",16.2928,-4691.51,-0.50%,12020.5,1.28%,-7088.51,-0.75%,-63699,-0.50%
766,Entry long,LONG,4/4/2021 20:00,"57,755.07",16.2928,-4691.51,-0.50%,12020.5,1.28%,-7088.51,-0.75%,-63699,-0.50%
767,Exit short,LONG,4/5/2021 20:00,"57,959.22",16.29281,-8017.69,-0.86%,11231.45,1.20%,-10713.34,-1.14%,-71716.69,-0.86%
767,Entry short,SHORT,4/5/2021 11:00,"57,467.12",16.29281,-8017.69,-0.86%,11231.45,1.20%,-10713.34,-1.14%,-71716.69,-0.86%
768,Exit long,SHORT,4/6/2021 17:00,"58,681.85",16.01614,11573.74,1.25%,24601.11,2.65%,-3403.11,-0.37%,-60142.94,1.25%
768,Entry long,LONG,4/5/2021 20:00,"57,959.22",16.01614,11573.74,1.25%,24601.11,2.65%,-3403.11,-0.37%,-60142.94,1.25%
769,Exit short,LONG,4/8/2021 10:00,"56,497.44",16.01614,34985.82,3.72%,51393.39,5.47%,-5063.5,-0.54%,-25157.13,3.72%
769,Entry short,SHORT,4/6/2021 17:00,"58,681.85",16.01614,34985.82,3.72%,51393.39,5.47%,-5063.5,-0.54%,-25157.13,3.72%
770,Exit long,SHORT,4/8/2021 19:00,"56,421.17",17.25463,-1316.01,-0.13%,14431.95,1.48%,-4031.37,-0.41%,-26473.14,-0.13%
770,Entry long,LONG,4/8/2021 10:00,"56,497.44",17.25463,-1316.01,-0.13%,14431.95,1.48%,-4031.37,-0.41%,-26473.14,-0.13%
771,Exit short,LONG,4/8/2021 22:00,"57,688.37",17.25463,-21865.07,-2.25%,1887.66,0.19%,-25724.06,-2.64%,-48338.21,-2.25%
771,Entry short,SHORT,4/8/2021 19:00,"56,421.17",17.25463,-21865.07,-2.25%,1887.66,0.19%,-25724.06,-2.64%,-48338.21,-2.25%
772,Exit long,SHORT,4/10/2021 0:00,"58,207.56",16.4966,8564.87,0.90%,19903.64,2.09%,-3948.13,-0.41%,-39773.34,0.90%
772,Entry long,LONG,4/8/2021 22:00,"57,688.37",16.4966,8564.87,0.90%,19903.64,2.09%,-3948.13,-0.41%,-39773.34,0.90%
773,Exit short,LONG,4/10/2021 1:00,"58,405.02",16.49659,-3257.42,-0.34%,2094.9,0.22%,-3964.63,-0.41%,-43030.75,-0.34%
773,Entry short,SHORT,4/10/2021 0:00,"58,207.56",16.49659,-3257.42,-0.34%,2094.9,0.22%,-3964.63,-0.41%,-43030.75,-0.34%
774,Exit long,SHORT,4/10/2021 6:00,"58,086.37",16.38501,-5221.08,-0.55%,3194.75,0.33%,-6226.63,-0.65%,-48251.84,-0.55%
774,Entry long,LONG,4/10/2021 1:00,"58,405.02",16.38501,-5221.08,-0.55%,3194.75,0.33%,-6226.63,-0.65%,-48251.84,-0.55%
775,Exit short,LONG,4/10/2021 10:00,"58,721.22",16.38505,-10402.05,-1.09%,3491,0.37%,-10595.06,-1.11%,-58653.89,-1.09%
775,Entry short,SHORT,4/10/2021 6:00,"58,086.37",16.38505,-10402.05,-1.09%,3491,0.37%,-10595.06,-1.11%,-58653.89,-1.09%
776,Exit long,SHORT,4/11/2021 1:00,"60,100.48",16.03058,22110.34,2.35%,44545.46,4.73%,-226.35,-0.02%,-36543.55,2.35%
776,Entry long,LONG,4/10/2021 10:00,"58,721.22",16.03058,22110.34,2.35%,44545.46,4.73%,-226.35,-0.02%,-36543.55,2.35%
777,Exit short,LONG,4/11/2021 10:00,"60,509.70",16.03076,-6560.11,-0.68%,27667.01,2.87%,-8007.68,-0.83%,-43103.66,-0.68%
777,Entry short,SHORT,4/11/2021 1:00,"60,100.48",16.03076,-6560.11,-0.68%,27667.01,2.87%,-8007.68,-0.83%,-43103.66,-0.68%
778,Exit long,SHORT,4/11/2021 14:00,"59,735.01",15.81393,-12250.89,-1.28%,2993.58,0.31%,-18500.24,-1.93%,-55354.55,-1.28%
778,Entry long,LONG,4/11/2021 10:00,"60,509.70",15.81393,-12250.89,-1.28%,2993.58,0.31%,-18500.24,-1.93%,-55354.55,-1.28%
779,Exit short,LONG,4/12/2021 2:00,"59,865.01",15.81393,-2055.81,-0.22%,7946.34,0.84%,-6478.81,-0.69%,-57410.36,-0.22%
779,Entry short,SHORT,4/11/2021 14:00,"59,735.01",15.81393,-2055.81,-0.22%,7946.34,0.84%,-6478.81,-0.69%,-57410.36,-0.22%
780,Exit long,SHORT,4/12/2021 22:00,"59,888.45",15.74525,369.07,0.04%,22594.28,2.40%,-8099.67,-0.86%,-57041.29,0.04%
780,Entry long,LONG,4/12/2021 2:00,"59,865.01",15.74525,369.07,0.04%,22594.28,2.40%,-8099.67,-0.86%,-57041.29,0.04%
781,Exit short,LONG,4/13/2021 9:00,"60,641.13",15.74525,-11851.13,-1.26%,4369.15,0.46%,-14041.77,-1.49%,-68892.43,-1.26%
781,Entry short,SHORT,4/12/2021 22:00,"59,888.45",15.74525,-11851.13,-1.26%,4369.15,0.46%,-14041.77,-1.49%,-68892.43,-1.26%
782,Exit long,SHORT,4/14/2021 23:00,"63,045.03",15.35439,36910.42,3.96%,64686.05,6.95%,-4765.85,-0.51%,-31982.01,3.96%
782,Entry long,LONG,4/13/2021 9:00,"60,641.13",15.35439,36910.42,3.96%,64686.05,6.95%,-4765.85,-0.51%,-31982.01,3.96%
783,Exit short,LONG,4/15/2021 7:00,"62,959.53",15.35439,1312.8,0.14%,26778.52,2.77%,-11048.86,-1.14%,-30669.21,0.14%
783,Entry short,SHORT,4/14/2021 23:00,"63,045.03",15.35439,1312.8,0.14%,26778.52,2.77%,-11048.86,-1.14%,-30669.21,0.14%
784,Exit long,SHORT,4/15/2021 15:00,"62,842.56",15.39609,-1800.88,-0.19%,8189.49,0.84%,-9637.64,-0.99%,-32470.09,-0.19%
784,Entry long,LONG,4/15/2021 7:00,"62,959.53",15.39609,-1800.88,-0.19%,8189.49,0.84%,-9637.64,-0.99%,-32470.09,-0.19%
785,Exit short,LONG,4/16/2021 3:00,"63,363.29",15.39609,-8017.21,-0.83%,12664.21,1.31%,-11246.23,-1.16%,-40487.3,-0.83%
785,Entry short,SHORT,4/15/2021 15:00,"62,842.56",15.39609,-8017.21,-0.83%,12664.21,1.31%,-11246.23,-1.16%,-40487.3,-0.83%
786,Exit long,SHORT,4/16/2021 11:00,"62,942.41",15.14303,-6373.4,-0.66%,6613.11,0.69%,-10286.36,-1.07%,-46860.69,-0.66%
786,Entry long,LONG,4/16/2021 3:00,"63,363.29",15.14303,-6373.4,-0.66%,6613.11,0.69%,-10286.36,-1.07%,-46860.69,-0.66%
787,Exit short,LONG,4/17/2021 3:00,"61,713.42",15.14303,18610.63,1.95%,44557,4.67%,-293.77,-0.03%,-28250.06,1.95%
787,Entry short,SHORT,4/16/2021 11:00,"62,942.41",15.14303,18610.63,1.95%,44557,4.67%,-293.77,-0.03%,-28250.06,1.95%
788,Exit long,SHORT,4/17/2021 8:00,"61,439.99",15.74616,-4305.47,-0.44%,5897.88,0.61%,-9436.36,-0.97%,-32555.53,-0.44%
788,Entry long,LONG,4/17/2021 3:00,"61,713.42",15.74616,-4305.47,-0.44%,5897.88,0.61%,-9436.36,-0.97%,-32555.53,-0.44%
789,Exit short,LONG,4/17/2021 10:00,"62,164.89",15.74616,-11414.39,-1.18%,0.16,0.00%,-13678.37,-1.41%,-43969.93,-1.18%
789,Entry short,SHORT,4/17/2021 8:00,"61,439.99",15.74616,-11414.39,-1.18%,0.16,0.00%,-13678.37,-1.41%,-43969.93,-1.18%
790,Exit long,SHORT,4/17/2021 19:00,"60,886.93",15.37893,-19653.66,-2.06%,5246.68,0.55%,-22519.98,-2.36%,-63623.58,-2.06%
790,Entry long,LONG,4/17/2021 10:00,"62,164.89",15.37893,-19653.66,-2.06%,5246.68,0.55%,-22519.98,-2.36%,-63623.58,-2.06%
791,Exit short,LONG,4/19/2021 4:00,"56,179.99",15.37893,72387.7,7.73%,153106.94,16.35%,-5153.02,-0.55%,8764.12,7.73%
791,Entry short,SHORT,4/17/2021 19:00,"60,886.93",15.37893,72387.7,7.73%,153106.94,16.35%,-5153.02,-0.55%,8764.12,7.73%
792,Exit long,SHORT,4/19/2021 18:00,"56,522.65",17.95593,6152.78,0.61%,24183.41,2.40%,-11536.86,-1.14%,14916.9,0.61%
792,Entry long,LONG,4/19/2021 4:00,"56,179.99",17.95593,6152.78,0.61%,24183.41,2.40%,-11536.86,-1.14%,14916.9,0.61%
793,Exit short,LONG,4/20/2021 6:00,"55,993.56",17.95593,9500.3,0.94%,41317.85,4.07%,-14388.8,-1.42%,24417.2,0.94%
793,Entry short,SHORT,4/19/2021 18:00,"56,522.65",17.95593,9500.3,0.94%,41317.85,4.07%,-14388.8,-1.42%,24417.2,0.94%
794,Exit long,SHORT,4/20/2021 7:00,"55,633.14",18.29526,-6593.98,-0.64%,3772.12,0.37%,-8710.56,-0.85%,17823.22,-0.64%
794,Entry long,LONG,4/20/2021 6:00,"55,993.56",18.29526,-6593.98,-0.64%,3772.12,0.37%,-8710.56,-0.85%,17823.22,-0.64%
795,Exit short,LONG,4/20/2021 19:00,"56,266.83",18.29526,-11593.52,-1.14%,42137.28,4.14%,-14379.89,-1.41%,6229.7,-1.14%
795,Entry short,SHORT,4/20/2021 7:00,"55,633.14",18.29526,-11593.52,-1.14%,42137.28,4.14%,-14379.89,-1.41%,6229.7,-1.14%
796,Exit long,SHORT,4/21/2021 19:00,"54,563.36",17.88317,-30463.44,-3.03%,14474.82,1.44%,-35587.15,-3.54%,-24233.74,-3.03%
796,Entry long,LONG,4/20/2021 19:00,"56,266.83",17.88317,-30463.44,-3.03%,14474.82,1.44%,-35587.15,-3.54%,-24233.74,-3.03%
797,Exit short,LONG,4/21/2021 22:00,"56,182.12",17.88317,-28948.56,-2.97%,4709.71,0.48%,-31646.77,-3.24%,-53182.3,-2.97%
797,Entry short,SHORT,4/21/2021 19:00,"54,563.36",17.88317,-28948.56,-2.97%,4709.71,0.48%,-31646.77,-3.24%,-53182.3,-2.97%
798,Exit long,SHORT,4/22/2021 4:00,"54,956.93",16.85265,-20647.7,-2.18%,2773.61,0.29%,-23680,-2.50%,-73830,-2.18%
798,Entry long,LONG,4/21/2021 22:00,"56,182.12",16.85265,-20647.7,-2.18%,2773.61,0.29%,-23680,-2.50%,-73830,-2.18%
799,Exit short,LONG,4/24/2021 2:00,"50,563.59",16.85265,74039.42,7.99%,125669.03,13.57%,-9514.16,-1.03%,209.42,7.99%
799,Entry short,SHORT,4/22/2021 4:00,"54,956.93",16.85265,74039.42,7.99%,125669.03,13.57%,-9514.16,-1.03%,209.42,7.99%
800,Exit long,SHORT,4/24/2021 8:00,"49,864.94",19.78121,-13820.14,-1.38%,14593.59,1.46%,-19852.22,-1.98%,-13610.72,-1.38%
800,Entry long,LONG,4/24/2021 2:00,"50,563.59",19.78121,-13820.14,-1.38%,14593.59,1.46%,-19852.22,-1.98%,-13610.72,-1.38%
801,Exit short,LONG,4/25/2021 2:00,"50,562.05",19.78121,-13789.68,-1.40%,23891.75,2.42%,-18511.26,-1.88%,-27400.4,-1.40%
801,Entry short,SHORT,4/24/2021 8:00,"49,864.94",19.78121,-13789.68,-1.40%,23891.75,2.42%,-18511.26,-1.88%,-27400.4,-1.40%
802,Exit long,SHORT,4/25/2021 10:00,"50,289.01",19.23575,-5252.13,-0.54%,8424.3,0.87%,-16266.52,-1.67%,-32652.53,-0.54%
802,Entry long,LONG,4/25/2021 2:00,"50,562.05",19.23575,-5252.13,-0.54%,8424.3,0.87%,-16266.52,-1.67%,-32652.53,-0.54%
803,Exit short,LONG,4/25/2021 23:00,"50,257.97",19.23576,597.08,0.06%,21680.05,2.24%,-5364.85,-0.55%,-32055.45,0.06%
803,Entry short,SHORT,4/25/2021 10:00,"50,289.01",19.23576,597.08,0.06%,21680.05,2.24%,-5364.85,-0.55%,-32055.45,0.06%
804,Exit long,SHORT,4/26/2021 3:00,"49,333.01",19.25952,-17814.28,-1.84%,3390.25,0.35%,-18544.61,-1.92%,-49869.74,-1.84%
804,Entry long,LONG,4/25/2021 23:00,"50,257.97",19.25952,-17814.28,-1.84%,3390.25,0.35%,-18544.61,-1.92%,-49869.74,-1.84%
805,Exit short,LONG,4/26/2021 10:00,"51,961.34",19.25952,-50620.37,-5.33%,46280.82,4.87%,-60994.71,-6.42%,-100490.12,-5.33%
805,Entry short,SHORT,4/26/2021 3:00,"49,333.01",19.25952,-50620.37,-5.33%,46280.82,4.87%,-60994.71,-6.42%,-100490.12,-5.33%
806,Exit long,SHORT,4/28/2021 14:00,"54,144.18",17.30557,37775.29,4.20%,65357.25,7.27%,-2215.63,-0.25%,-62714.82,4.20%
806,Entry long,LONG,4/26/2021 10:00,"51,961.34",17.30557,37775.29,4.20%,65357.25,7.27%,-2215.63,-0.25%,-62714.82,4.20%
807,Exit short,LONG,4/28/2021 21:00,"54,780.01",17.31091,-11006.8,-1.17%,3921.61,0.42%,-20475.69,-2.18%,-73721.62,-1.17%
807,Entry short,SHORT,4/28/2021 14:00,"54,144.18",17.31091,-11006.8,-1.17%,3921.61,0.42%,-20475.69,-2.18%,-73721.62,-1.17%
808,Exit long,SHORT,4/28/2021 23:00,"54,338.14",16.90906,-7471.61,-0.81%,2321.28,0.25%,-11310.47,-1.22%,-81193.23,-0.81%
808,Entry long,LONG,4/28/2021 21:00,"54,780.01",16.90906,-7471.61,-0.81%,2321.28,0.25%,-11310.47,-1.22%,-81193.23,-0.81%
809,Exit short,LONG,4/29/2021 1:00,"54,838.73",16.90905,-8464.5,-0.92%,1569.33,0.17%,-10776.31,-1.17%,-89657.73,-0.92%
809,Entry short,SHORT,4/28/2021 23:00,"54,338.14",16.90905,-8464.5,-0.92%,1569.33,0.17%,-10776.31,-1.17%,-89657.73,-0.92%
810,Exit long,SHORT,4/29/2021 11:00,"54,265.10",16.60035,-9522.46,-1.05%,26382.44,2.90%,-13890.01,-1.53%,-99180.19,-1.05%
810,Entry long,LONG,4/29/2021 1:00,"54,838.73",16.60035,-9522.46,-1.05%,26382.44,2.90%,-13890.01,-1.53%,-99180.19,-1.05%
811,Exit short,LONG,4/30/2021 11:00,"53,679.04",16.60035,9728.8,1.08%,32107.73,3.56%,-7874.04,-0.87%,-89451.38,1.08%
811,Entry short,SHORT,4/29/2021 11:00,"54,265.10",16.60035,9728.8,1.08%,32107.73,3.56%,-7874.04,-0.87%,-89451.38,1.08%
812,Exit long,SHORT,5/1/2021 22:00,"57,430.79",16.96283,63640.3,6.99%,81065.88,8.90%,-101.61,-0.01%,-25811.09,6.99%
812,Entry long,LONG,4/30/2021 11:00,"53,679.04",16.96283,63640.3,6.99%,81065.88,8.90%,-101.61,-0.01%,-25811.09,6.99%
813,Exit short,LONG,5/2/2021 3:00,"57,770.32",16.96283,-5759.39,-0.59%,8051.41,0.83%,-9637.94,-0.99%,-31570.48,-0.59%
813,Entry short,SHORT,5/1/2021 22:00,"57,430.79",16.96283,-5759.39,-0.59%,8051.41,0.83%,-9637.94,-0.99%,-31570.48,-0.59%
814,Exit long,SHORT,5/2/2021 5:00,"57,451.57",16.76344,-5343.35,-0.55%,1794.86,0.19%,-6677.05,-0.69%,-36913.82,-0.55%
814,Entry long,LONG,5/2/2021 3:00,"57,770.32",16.76344,-5343.35,-0.55%,1794.86,0.19%,-6677.05,-0.69%,-36913.82,-0.55%
815,Exit short,LONG,5/2/2021 6:00,"57,660.31",16.76344,-3499.2,-0.36%,3485.45,0.36%,-4437.28,-0.46%,-40413.02,-0.36%
815,Entry short,SHORT,5/2/2021 5:00,"57,451.57",16.76344,-3499.2,-0.36%,3485.45,0.36%,-4437.28,-0.46%,-40413.02,-0.36%
816,Exit long,SHORT,5/2/2021 9:00,"57,415.60",16.64355,-4072.84,-0.42%,4638.39,0.48%,-6412.93,-0.67%,-44485.87,-0.42%
816,Entry long,LONG,5/2/2021 6:00,"57,660.31",16.64355,-4072.84,-0.42%,4638.39,0.48%,-6412.93,-0.67%,-44485.87,-0.42%
817,Exit short,LONG,5/2/2021 20:00,"56,839.66",16.64206,9584.83,1.00%,22971.87,2.40%,-4733,-0.50%,-34901.04,1.00%
817,Entry short,SHORT,5/2/2021 9:00,"57,415.60",16.64206,9584.83,1.00%,22971.87,2.40%,-4733,-0.50%,-34901.04,1.00%
818,Exit long,SHORT,5/2/2021 21:00,"56,680.84",16.97932,-2696.66,-0.28%,1088.03,0.11%,-6599.01,-0.68%,-37597.69,-0.28%
818,Entry long,LONG,5/2/2021 20:00,"56,839.66",16.97932,-2696.66,-0.28%,1088.03,0.11%,-6599.01,-0.68%,-37597.69,-0.28%
819,Exit short,LONG,5/2/2021 22:00,"56,823.51",16.97932,-2422.44,-0.25%,353.85,0.04%,-5402.14,-0.56%,-40020.13,-0.25%
819,Entry short,SHORT,5/2/2021 21:00,"56,680.84",16.97932,-2422.44,-0.25%,353.85,0.04%,-5402.14,-0.56%,-40020.13,-0.25%
820,Exit long,SHORT,5/3/2021 0:00,"56,557.81",16.89405,-4488.75,-0.47%,395.49,0.04%,-10000.6,-1.04%,-44508.88,-0.47%
820,Entry long,LONG,5/2/2021 22:00,"56,823.51",16.89405,-4488.75,-0.47%,395.49,0.04%,-10000.6,-1.04%,-44508.88,-0.47%
821,Exit short,LONG,5/3/2021 2:00,"56,840.44",16.89406,-4774.77,-0.50%,1506.61,0.16%,-5780.81,-0.61%,-49283.65,-0.50%
821,Entry short,SHORT,5/3/2021 0:00,"56,557.81",16.89406,-4774.77,-0.50%,1506.61,0.16%,-5780.81,-0.61%,-49283.65,-0.50%
822,Exit long,SHORT,5/3/2021 23:00,"57,603.33",16.72604,12760.13,1.34%,35810.45,3.77%,-10511.31,-1.11%,-36523.52,1.34%
822,Entry long,LONG,5/3/2021 2:00,"56,840.44",16.72604,12760.13,1.34%,35810.45,3.77%,-10511.31,-1.11%,-36523.52,1.34%
823,Exit short,LONG,5/4/2021 18:00,"56,406.72",16.72605,20014.56,2.08%,50568.37,5.25%,-9478.15,-0.98%,-16508.96,2.08%
823,Entry short,SHORT,5/3/2021 23:00,"57,603.33",16.72605,20014.56,2.08%,50568.37,5.25%,-9478.15,-0.98%,-16508.96,2.08%
824,Exit long,SHORT,5/4/2021 21:00,"55,461.35",17.4357,-16483.19,-1.68%,434.67,0.04%,-21040.01,-2.14%,-32992.15,-1.68%
824,Entry long,LONG,5/4/2021 18:00,"56,406.72",17.4357,-16483.19,-1.68%,434.67,0.04%,-21040.01,-2.14%,-32992.15,-1.68%
825,Exit short,LONG,5/5/2021 16:00,"55,425.02",17.4357,633.44,0.07%,44658.93,4.62%,-1632.85,-0.17%,-32358.71,0.07%
825,Entry short,SHORT,5/4/2021 21:00,"55,461.35",17.4357,633.44,0.07%,44658.93,4.62%,-1632.85,-0.17%,-32358.71,0.07%
826,Exit long,SHORT,5/7/2021 0:00,"56,718.04",17.45856,22574.27,2.33%,51240.52,5.30%,-7420.24,-0.77%,-9784.44,2.33%
826,Entry long,LONG,5/5/2021 16:00,"55,425.02",17.45856,22574.27,2.33%,51240.52,5.30%,-7420.24,-0.77%,-9784.44,2.33%
827,Exit short,LONG,5/7/2021 19:00,"56,464.74",17.45856,4422.25,0.45%,26502.79,2.68%,-7055.53,-0.71%,-5362.19,0.45%
827,Entry short,SHORT,5/7/2021 0:00,"56,718.04",17.45856,4422.25,0.45%,26502.79,2.68%,-7055.53,-0.71%,-5362.19,0.45%
828,Exit long,SHORT,5/9/2021 12:00,"58,157.87",17.6152,29824.82,3.00%,53466.71,5.38%,-4165.99,-0.42%,24462.63,3.00%
828,Entry long,LONG,5/7/2021 19:00,"56,464.74",17.6152,29824.82,3.00%,53466.71,5.38%,-4165.99,-0.42%,24462.63,3.00%
829,Exit short,LONG,5/10/2021 5:00,"58,025.88",17.6152,2325.03,0.23%,33860.11,3.31%,-8143.33,-0.79%,26787.66,0.23%
829,Entry short,SHORT,5/9/2021 12:00,"58,157.87",17.6152,2325.03,0.23%,33860.11,3.31%,-8143.33,-0.79%,26787.66,0.23%
830,Exit long,SHORT,5/10/2021 18:00,"57,866.24",17.69533,-2824.88,-0.28%,26085.04,2.54%,-8420.85,-0.82%,23962.78,-0.28%
830,Entry long,LONG,5/10/2021 5:00,"58,025.88",17.69533,-2824.88,-0.28%,26085.04,2.54%,-8420.85,-0.82%,23962.78,-0.28%
831,Exit short,LONG,5/11/2021 22:00,"55,688.00",17.69533,38544.68,3.76%,79031.59,7.72%,-12872.64,-1.26%,62507.45,3.76%
831,Entry short,SHORT,5/10/2021 18:00,"57,866.24",17.69533,38544.68,3.76%,79031.59,7.72%,-12872.64,-1.26%,62507.45,3.76%
832,Exit long,SHORT,5/12/2021 18:00,"56,026.83",19.07964,6464.75,0.61%,44112.32,4.15%,-2723.05,-0.26%,68972.21,0.61%
832,Entry long,LONG,5/11/2021 22:00,"55,688.00",19.07964,6464.75,0.61%,44112.32,4.15%,-2723.05,-0.26%,68972.21,0.61%
833,Exit short,LONG,5/14/2021 9:00,"50,019.56",19.07964,114616.55,10.72%,191308.31,17.90%,-16659.77,-1.56%,183588.77,10.72%
833,Entry short,SHORT,5/12/2021 18:00,"56,026.83",19.07964,114616.55,10.72%,191308.31,17.90%,-16659.77,-1.56%,183588.77,10.72%
834,Exit long,SHORT,5/14/2021 11:00,"49,157.94",23.66576,-20390.89,-1.72%,1209.79,0.10%,-23631.44,-2.00%,163197.86,-1.72%
834,Entry long,LONG,5/14/2021 9:00,"50,019.56",23.66576,-20390.89,-1.72%,1209.79,0.10%,-23631.44,-2.00%,163197.86,-1.72%
835,Exit short,LONG,5/14/2021 16:00,"50,365.97",23.66246,-28584.96,-2.46%,8475.66,0.73%,-29867.47,-2.57%,134612.9,-2.46%
835,Entry short,SHORT,5/14/2021 11:00,"49,157.94",23.66246,-28584.96,-2.46%,8475.66,0.73%,-29867.47,-2.57%,134612.9,-2.46%
836,Exit long,SHORT,5/15/2021 4:00,"49,146.01",22.52736,-27482.48,-2.42%,25163.74,2.22%,-29307.42,-2.58%,107130.43,-2.42%
836,Entry long,LONG,5/14/2021 16:00,"50,365.97",22.52736,-27482.48,-2.42%,25163.74,2.22%,-29307.42,-2.58%,107130.43,-2.42%
837,Exit short,LONG,5/16/2021 12:00,"48,102.77",22.52737,23501.45,2.12%,60351.05,5.45%,-35007.31,-3.16%,130631.88,2.12%
837,Entry short,SHORT,5/15/2021 4:00,"49,146.01",22.52737,23501.45,2.12%,60351.05,5.45%,-35007.31,-3.16%,130631.88,2.12%
838,Exit long,SHORT,5/16/2021 23:00,"47,727.26",23.5045,-8826.17,-0.78%,39795.94,3.52%,-12616.27,-1.12%,121805.7,-0.78%
838,Entry long,LONG,5/16/2021 12:00,"48,102.77",23.5045,-8826.17,-0.78%,39795.94,3.52%,-12616.27,-1.12%,121805.7,-0.78%
839,Exit short,LONG,5/17/2021 19:00,"45,733.55",23.5045,46861.16,4.18%,129986.7,11.59%,-8704.42,-0.78%,168666.86,4.18%
839,Entry short,SHORT,5/16/2021 23:00,"47,727.26",23.5045,46861.16,4.18%,129986.7,11.59%,-8704.42,-0.78%,168666.86,4.18%
840,Exit long,SHORT,5/17/2021 23:00,"43,357.00",25.55613,-60735.42,-5.20%,1469.22,0.13%,-65872.2,-5.64%,107931.44,-5.20%
840,Entry long,LONG,5/17/2021 19:00,"45,733.55",25.55613,-60735.42,-5.20%,1469.22,0.13%,-65872.2,-5.64%,107931.44,-5.20%
841,Exit short,LONG,5/18/2021 9:00,"45,079.58",25.55369,-44018.27,-3.97%,34650.81,3.13%,-49173.99,-4.44%,63913.16,-3.97%
841,Entry short,SHORT,5/17/2021 23:00,"43,357.00",25.55369,-44018.27,-3.97%,34650.81,3.13%,-49173.99,-4.44%,63913.16,-3.97%
842,Exit long,SHORT,5/18/2021 21:00,"43,691.39",23.60851,-32773.1,-3.08%,16991.28,1.60%,-44138,-4.15%,31140.07,-3.08%
842,Entry long,LONG,5/18/2021 9:00,"45,079.58",23.60851,-32773.1,-3.08%,16991.28,1.60%,-44138,-4.15%,31140.07,-3.08%
843,Exit short,LONG,5/20/2021 2:00,"37,961.01",23.60053,135240,13.12%,323124.06,31.34%,-3168.61,-0.31%,166380.08,13.12%
843,Entry short,SHORT,5/18/2021 21:00,"43,691.39",23.60053,135240,13.12%,323124.06,31.34%,-3168.61,-0.31%,166380.08,13.12%
844,Exit long,SHORT,5/20/2021 8:00,"35,825.80",30.72572,-65605.87,-5.62%,68794.58,5.90%,-95588.02,-8.20%,100774.21,-5.62%
844,Entry long,LONG,5/20/2021 2:00,"37,961.01",30.72572,-65605.87,-5.62%,68794.58,5.90%,-95588.02,-8.20%,100774.21,-5.62%
845,Exit short,LONG,5/20/2021 11:00,"38,340.01",30.72573,-77250.94,-7.02%,9396.24,0.85%,-85208.59,-7.74%,23523.27,-7.02%
845,Entry short,SHORT,5/20/2021 8:00,"35,825.80",30.72573,-77250.94,-7.02%,9396.24,0.85%,-85208.59,-7.74%,23523.27,-7.02%
846,Exit long,SHORT,5/21/2021 13:00,"39,846.48",26.69441,40214.33,3.93%,109758.34,10.72%,-6139.98,-0.60%,63737.6,3.93%
846,Entry long,LONG,5/20/2021 11:00,"38,340.01",26.69441,40214.33,3.93%,109758.34,10.72%,-6139.98,-0.60%,63737.6,3.93%
847,Exit short,LONG,5/21/2021 18:00,"40,738.21",26.69589,-23805.52,-2.24%,16671.05,1.57%,-36133.15,-3.40%,39932.07,-2.24%
847,Entry short,SHORT,5/21/2021 13:00,"39,846.48",26.69589,-23805.52,-2.24%,16671.05,1.57%,-36133.15,-3.40%,39932.07,-2.24%
848,Exit long,SHORT,5/21/2021 23:00,"36,803.28",25.52719,-100447.7,-9.66%,26833.93,2.58%,-109607.88,-10.54%,-60515.63,-9.66%
848,Entry long,LONG,5/21/2021 18:00,"40,738.21",25.52719,-100447.7,-9.66%,26833.93,2.58%,-109607.88,-10.54%,-60515.63,-9.66%
849,Exit short,LONG,5/22/2021 9:00,"37,620.75",25.52719,-20867.71,-2.22%,84629.78,9.01%,-30233.13,-3.22%,-81383.34,-2.22%
849,Entry short,SHORT,5/21/2021 23:00,"36,803.28",25.52719,-20867.71,-2.22%,84629.78,9.01%,-30233.13,-3.22%,-81383.34,-2.22%
850,Exit long,SHORT,5/22/2021 12:00,"36,304.19",24.4178,-32147.5,-3.50%,11702.23,1.27%,-42624.69,-4.64%,-113530.84,-3.50%
850,Entry long,LONG,5/22/2021 9:00,"37,620.75",24.4178,-32147.5,-3.50%,11702.23,1.27%,-42624.69,-4.64%,-113530.84,-3.50%
851,Exit short,LONG,5/22/2021 17:00,"37,174.99",24.41781,-21263.03,-2.40%,26946.76,3.04%,-28041.9,-3.16%,-134793.88,-2.40%
851,Entry short,SHORT,5/22/2021 12:00,"36,304.19",24.41781,-21263.03,-2.40%,26946.76,3.04%,-28041.9,-3.16%,-134793.88,-2.40%
852,Exit long,SHORT,5/23/2021 4:00,"38,022.81",23.2754,19733.35,2.28%,38497.75,4.45%,-7913.4,-0.91%,-115060.52,2.28%
852,Entry long,LONG,5/22/2021 17:00,"37,174.99",23.2754,19733.35,2.28%,38497.75,4.45%,-7913.4,-0.91%,-115060.52,2.28%
853,Exit short,LONG,5/24/2021 9:00,"35,089.33",23.27391,68273.55,7.72%,160864.61,18.18%,-8778.69,-0.99%,-46786.97,7.72%
853,Entry short,SHORT,5/23/2021 4:00,"38,022.81",23.27391,68273.55,7.72%,160864.61,18.18%,-8778.69,-0.99%,-46786.97,7.72%
854,Exit long,SHORT,5/25/2021 18:00,"37,103.25",27.16532,54708.78,5.74%,131226.7,13.77%,-28749.87,-3.02%,7921.81,5.74%
854,Entry long,LONG,5/24/2021 9:00,"35,089.33",27.16532,54708.78,5.74%,131226.7,13.77%,-28749.87,-3.02%,7921.81,5.74%
855,Exit short,LONG,5/26/2021 1:00,"37,951.99",27.16532,-23056.29,-2.29%,18571.03,1.84%,-37431.91,-3.71%,-15134.49,-2.29%
855,Entry short,SHORT,5/25/2021 18:00,"37,103.25",27.16532,-23056.29,-2.29%,18571.03,1.84%,-37431.91,-3.71%,-15134.49,-2.29%
856,Exit long,SHORT,5/26/2021 23:00,"38,758.62",25.95031,20932.3,2.13%,74970.7,7.61%,-24418.98,-2.48%,5797.81,2.13%
856,Entry long,LONG,5/26/2021 1:00,"37,951.99",25.95031,20932.3,2.13%,74970.7,7.61%,-24418.98,-2.48%,5797.81,2.13%
857,Exit short,LONG,5/27/2021 7:00,"39,241.92",25.95029,-12541.77,-1.25%,22280.66,2.22%,-17959.42,-1.79%,-6743.96,-1.25%
857,Entry short,SHORT,5/26/2021 23:00,"38,758.62",25.95029,-12541.77,-1.25%,22280.66,2.22%,-17959.42,-1.79%,-6743.96,-1.25%
858,Exit long,SHORT,5/27/2021 9:00,"37,624.60",25.3111,-40936.15,-4.12%,29.87,0.00%,-44039.29,-4.43%,-47680.11,-4.12%
858,Entry long,LONG,5/27/2021 7:00,"39,241.92",25.3111,-40936.15,-4.12%,29.87,0.00%,-44039.29,-4.43%,-47680.11,-4.12%
859,Exit short,LONG,5/27/2021 14:00,"38,246.67",25.31109,-15745.27,-1.65%,12410.79,1.30%,-17095.11,-1.80%,-63425.38,-1.65%
859,Entry short,SHORT,5/27/2021 9:00,"37,624.60",25.31109,-15745.27,-1.65%,12410.79,1.30%,-17095.11,-1.80%,-63425.38,-1.65%
860,Exit long,SHORT,5/28/2021 4:00,"38,444.07",24.48774,4833.88,0.52%,53002.98,5.66%,-10299.3,-1.10%,-58591.5,0.52%
860,Entry long,LONG,5/27/2021 14:00,"38,246.67",24.48774,4833.88,0.52%,53002.98,5.66%,-10299.3,-1.10%,-58591.5,0.52%
861,Exit short,LONG,5/30/2021 12:00,"34,750.71",24.48774,90442.04,9.61%,124032.12,13.18%,-18201.25,-1.93%,31850.54,9.61%
861,Entry short,SHORT,5/28/2021 4:00,"38,444.07",24.48774,90442.04,9.61%,124032.12,13.18%,-18201.25,-1.93%,31850.54,9.61%
862,Exit long,SHORT,5/31/2021 8:00,"35,312.82",29.69132,16689.79,1.62%,51582.43,5.00%,-0.3,0.00%,48540.33,1.62%
862,Entry long,LONG,5/30/2021 12:00,"34,750.71",29.69132,16689.79,1.62%,51582.43,5.00%,-0.3,0.00%,48540.33,1.62%
863,Exit short,LONG,5/31/2021 17:00,"35,931.48",29.6929,-18369.81,-1.75%,34413.48,3.28%,-31835.84,-3.04%,30170.52,-1.75%
863,Entry short,SHORT,5/31/2021 8:00,"35,312.82",29.6929,-18369.81,-1.75%,34413.48,3.28%,-31835.84,-3.04%,30170.52,-1.75%
864,Exit long,SHORT,6/1/2021 15:00,"36,831.58",28.67314,25808.69,2.51%,56294.84,5.46%,-133.9,-0.01%,55979.21,2.51%
864,Entry long,LONG,5/31/2021 17:00,"35,931.48",28.67314,25808.69,2.51%,56294.84,5.46%,-133.9,-0.01%,55979.21,2.51%
865,Exit short,LONG,6/2/2021 12:00,"36,662.22",28.67048,4855.63,0.46%,33417.74,3.16%,-17443.69,-1.65%,60834.84,0.46%
865,Entry short,SHORT,6/1/2021 15:00,"36,831.58",28.67048,4855.63,0.46%,33417.74,3.16%,-17443.69,-1.65%,60834.84,0.46%
866,Exit long,SHORT,6/3/2021 10:00,"37,400.07",28.93092,21346.68,2.01%,45212.66,4.26%,-5050.18,-0.48%,82181.52,2.01%
866,Entry long,LONG,6/2/2021 12:00,"36,662.22",28.93092,21346.68,2.01%,45212.66,4.26%,-5050.18,-0.48%,82181.52,2.01%
867,Exit short,LONG,6/3/2021 11:00,"37,635.24",28.93528,-6804.71,-0.63%,1738.14,0.16%,-8066.87,-0.75%,75376.81,-0.63%
867,Entry short,SHORT,6/3/2021 10:00,"37,400.07",28.93528,-6804.71,-0.63%,1738.14,0.16%,-8066.87,-0.75%,75376.81,-0.63%
868,Exit long,SHORT,6/4/2021 11:00,"37,933.73",28.57469,8529.26,0.79%,52599.15,4.89%,-9000.46,-0.84%,83906.07,0.79%
868,Entry long,LONG,6/3/2021 11:00,"37,635.24",28.57469,8529.26,0.79%,52599.15,4.89%,-9000.46,-0.84%,83906.07,0.79%
869,Exit short,LONG,6/5/2021 1:00,"37,082.78",28.57367,24314.76,2.24%,67964.76,6.27%,-157.73,-0.01%,108220.84,2.24%
869,Entry short,SHORT,6/4/2021 11:00,"37,933.73",28.57367,24314.76,2.24%,67964.76,6.27%,-157.73,-0.01%,108220.84,2.24%
870,Exit long,SHORT,6/5/2021 19:00,"35,869.42",29.88506,-36261.34,-3.27%,25169.8,2.27%,-42310.67,-3.82%,71959.5,-3.27%
870,Entry long,LONG,6/5/2021 1:00,"37,082.78",29.88506,-36261.34,-3.27%,25169.8,2.27%,-42310.67,-3.82%,71959.5,-3.27%
871,Exit short,LONG,6/6/2021 13:00,"36,236.66",29.88505,-10974.98,-1.02%,31959.67,2.98%,-16902.39,-1.58%,60984.52,-1.02%
871,Entry short,SHORT,6/5/2021 19:00,"35,869.42",29.88505,-10974.98,-1.02%,31959.67,2.98%,-16902.39,-1.58%,60984.52,-1.02%
872,Exit long,SHORT,6/6/2021 20:00,"35,869.80",29.27932,-10741.41,-1.01%,7124.83,0.67%,-15682.59,-1.48%,50243.1,-1.01%
872,Entry long,LONG,6/6/2021 13:00,"36,236.66",29.27932,-10741.41,-1.01%,7124.83,0.67%,-15682.59,-1.48%,50243.1,-1.01%
873,Exit short,LONG,6/7/2021 9:00,"36,679.08",29.27931,-23695.16,-2.26%,18967.14,1.81%,-30163.54,-2.87%,26547.94,-2.26%
873,Entry short,SHORT,6/6/2021 20:00,"35,869.80",29.27931,-23695.16,-2.26%,18967.14,1.81%,-30163.54,-2.87%,26547.94,-2.26%
874,Exit long,SHORT,6/7/2021 16:00,"36,103.25",27.98728,-16115.91,-1.57%,2250.46,0.22%,-23185.22,-2.26%,10432.03,-1.57%
874,Entry long,LONG,6/7/2021 9:00,"36,679.08",27.98728,-16115.91,-1.57%,2250.46,0.22%,-23185.22,-2.26%,10432.03,-1.57%
875,Exit short,LONG,6/7/2021 17:00,"36,269.67",27.98728,-4657.64,-0.46%,2113.04,0.21%,-8123.87,-0.80%,5774.38,-0.46%
875,Entry short,SHORT,6/7/2021 16:00,"36,103.25",27.98728,-4657.64,-0.46%,2113.04,0.21%,-8123.87,-0.80%,5774.38,-0.46%
876,Exit long,SHORT,6/8/2021 0:00,"35,793.36",27.73043,-13208.28,-1.31%,14081.51,1.40%,-16104.45,-1.60%,-7433.9,-1.31%
876,Entry long,LONG,6/7/2021 17:00,"36,269.67",27.73043,-13208.28,-1.31%,14081.51,1.40%,-16104.45,-1.60%,-7433.9,-1.31%
877,Exit short,LONG,6/9/2021 5:00,"33,456.20",27.73045,64810.5,6.53%,132922.03,13.39%,-3424.16,-0.34%,57376.6,6.53%
877,Entry short,SHORT,6/8/2021 0:00,"35,793.36",27.73045,64810.5,6.53%,132922.03,13.39%,-3424.16,-0.34%,57376.6,6.53%
878,Exit long,SHORT,6/9/2021 10:00,"32,870.77",31.61321,-18507.32,-1.75%,10737.11,1.02%,-33490.4,-3.17%,38869.28,-1.75%
878,Entry long,LONG,6/9/2021 5:00,"33,456.20",31.61321,-18507.32,-1.75%,10737.11,1.02%,-33490.4,-3.17%,38869.28,-1.75%
879,Exit short,LONG,6/9/2021 14:00,"34,203.89",31.60465,-42132.79,-4.06%,10564.8,1.02%,-47066.59,-4.53%,-3263.51,-4.06%
879,Entry short,SHORT,6/9/2021 10:00,"32,870.77",31.60465,-42132.79,-4.06%,10564.8,1.02%,-47066.59,-4.53%,-3263.51,-4.06%
880,Exit long,SHORT,6/11/2021 1:00,"36,443.50",29.141,65264.48,6.55%,124930.67,12.53%,-11536.63,-1.16%,62000.97,6.55%
880,Entry long,LONG,6/9/2021 14:00,"34,203.89",29.141,65264.48,6.55%,124930.67,12.53%,-11536.63,-1.16%,62000.97,6.55%
881,Exit short,LONG,6/11/2021 13:00,"37,007.14",29.14102,-16425.04,-1.55%,19276.79,1.82%,-28893.32,-2.72%,45575.92,-1.55%
881,Entry short,SHORT,6/11/2021 1:00,"36,443.50",29.14102,-16425.04,-1.55%,19276.79,1.82%,-28893.32,-2.72%,45575.92,-1.55%
882,Exit long,SHORT,6/11/2021 14:00,"36,509.33",28.25338,-14064.81,-1.35%,1145.39,0.11%,-15741.09,-1.51%,31511.1,-1.35%
882,Entry long,LONG,6/11/2021 13:00,"37,007.14",28.25338,-14064.81,-1.35%,1145.39,0.11%,-15741.09,-1.51%,31511.1,-1.35%
883,Exit short,LONG,6/11/2021 15:00,"37,147.56",28.25335,-18032.13,-1.75%,3362.43,0.33%,-19435.2,-1.88%,13478.97,-1.75%
883,Entry short,SHORT,6/11/2021 14:00,"36,509.33",28.25335,-18032.13,-1.75%,3362.43,0.33%,-19435.2,-1.88%,13478.97,-1.75%
884,Exit long,SHORT,6/12/2021 0:00,"36,653.66",27.28253,-13474.84,-1.33%,14537.22,1.43%,-17352.78,-1.71%,4.13,-1.33%
884,Entry long,LONG,6/11/2021 15:00,"37,147.56",27.28253,-13474.84,-1.33%,14537.22,1.43%,-17352.78,-1.71%,4.13,-1.33%
885,Exit short,LONG,6/12/2021 6:00,"37,350.69",27.28251,-19016.73,-1.90%,2096.66,0.21%,-23051.54,-2.31%,-19012.6,-1.90%
885,Entry short,SHORT,6/12/2021 0:00,"36,653.66",27.28251,-19016.73,-1.90%,2096.66,0.21%,-23051.54,-2.31%,-19012.6,-1.90%
886,Exit long,SHORT,6/12/2021 9:00,"36,228.43",26.26423,-29475.29,-3.00%,2966.28,0.30%,-31220.03,-3.18%,-48487.89,-3.00%
886,Entry long,LONG,6/12/2021 6:00,"37,350.69",26.26423,-29475.29,-3.00%,2966.28,0.30%,-31220.03,-3.18%,-48487.89,-3.00%
887,Exit short,LONG,6/13/2021 4:00,"35,994.50",26.26423,6143.99,0.65%,42760,4.49%,-3887.11,-0.41%,-42343.91,0.65%
887,Entry short,SHORT,6/12/2021 9:00,"36,228.43",26.26423,6143.99,0.65%,42760,4.49%,-3887.11,-0.41%,-42343.91,0.65%
888,Exit long,SHORT,6/13/2021 7:00,"35,546.12",26.60563,-11929.43,-1.25%,1268.02,0.13%,-15276.42,-1.60%,-54273.34,-1.25%
888,Entry long,LONG,6/13/2021 4:00,"35,994.50",26.60563,-11929.43,-1.25%,1268.02,0.13%,-15276.42,-1.60%,-54273.34,-1.25%
889,Exit short,LONG,6/13/2021 17:00,"35,835.62",26.60562,-7702.33,-0.81%,20995.03,2.22%,-10132.48,-1.07%,-61975.66,-0.81%
889,Entry short,SHORT,6/13/2021 7:00,"35,546.12",26.60562,-7702.33,-0.81%,20995.03,2.22%,-10132.48,-1.07%,-61975.66,-0.81%
890,Exit long,SHORT,6/15/2021 19:00,"39,839.90",26.17964,104830.61,11.17%,136878.42,14.59%,-4335.87,-0.46%,42854.95,11.18%
890,Entry long,LONG,6/13/2021 17:00,"35,835.62",26.17964,104830.61,11.17%,136878.42,14.59%,-4335.87,-0.46%,42854.95,11.18%
891,Exit short,LONG,6/15/2021 20:00,"40,419.86",26.17614,-15181.11,-1.46%,2318.94,0.22%,-15970.06,-1.53%,27673.83,-1.46%
891,Entry short,SHORT,6/15/2021 19:00,"39,839.90",26.17614,-15181.11,-1.46%,2318.94,0.22%,-15970.06,-1.53%,27673.83,-1.46%
892,Exit long,SHORT,6/16/2021 8:00,"39,880.04",25.42755,-13726.3,-1.34%,23142.63,2.25%,-23227.05,-2.26%,13947.53,-1.34%
892,Entry long,LONG,6/15/2021 20:00,"40,419.86",25.42755,-13726.3,-1.34%,23142.63,2.25%,-23227.05,-2.26%,13947.53,-1.34%
893,Exit short,LONG,6/16/2021 11:00,"40,013.64",25.42493,-3396.77,-0.34%,6865.75,0.68%,-7676.04,-0.76%,10550.76,-0.34%
893,Entry short,SHORT,6/16/2021 8:00,"39,880.04",25.42493,-3396.77,-0.34%,6865.75,0.68%,-7676.04,-0.76%,10550.76,-0.34%
894,Exit long,SHORT,6/16/2021 18:00,"39,756.43",25.25516,-6495.88,-0.64%,12968.52,1.28%,-8779.7,-0.87%,4054.88,-0.64%
894,Entry long,LONG,6/16/2021 11:00,"40,013.64",25.25516,-6495.88,-0.64%,12968.52,1.28%,-8779.7,-0.87%,4054.88,-0.64%
895,Exit short,LONG,6/17/2021 17:00,"39,493.92",25.25515,6629.73,0.66%,41429.06,4.13%,-511.42,-0.05%,10684.61,0.66%
895,Entry short,SHORT,6/16/2021 18:00,"39,756.43",25.25515,6629.73,0.66%,41429.06,4.13%,-511.42,-0.05%,10684.61,0.66%
896,Exit long,SHORT,6/17/2021 20:00,"38,782.93",25.59089,-18194.87,-1.80%,1229.39,0.12%,-22689.91,-2.25%,-7510.26,-1.80%
896,Entry long,LONG,6/17/2021 17:00,"39,493.92",25.59089,-18194.87,-1.80%,1229.39,0.12%,-22689.91,-2.25%,-7510.26,-1.80%
897,Exit short,LONG,6/18/2021 12:00,"37,920.85",25.59089,22061.4,2.22%,40175.91,4.05%,-9393.65,-0.95%,14551.14,2.22%
897,Entry short,SHORT,6/17/2021 20:00,"38,782.93",25.59089,22061.4,2.22%,40175.91,4.05%,-9393.65,-0.95%,14551.14,2.22%
898,Exit long,SHORT,6/18/2021 13:00,"37,606.58",26.75444,-8408.12,-0.83%,4990.24,0.49%,-10897.08,-1.07%,6143.02,-0.83%
898,Entry long,LONG,6/18/2021 12:00,"37,920.85",26.75444,-8408.12,-0.83%,4990.24,0.49%,-10897.08,-1.07%,6143.02,-0.83%
899,Exit short,LONG,6/18/2021 19:00,"37,818.57",26.75444,-5671.67,-0.56%,14521.78,1.44%,-11328.1,-1.13%,471.35,-0.56%
899,Entry short,SHORT,6/18/2021 13:00,"37,606.58",26.75444,-5671.67,-0.56%,14521.78,1.44%,-11328.1,-1.13%,471.35,-0.56%
900,Exit long,SHORT,6/18/2021 20:00,"37,433.92",26.44974,-10173.89,-1.02%,3437.94,0.34%,-13523.49,-1.35%,-9702.55,-1.02%
900,Entry long,LONG,6/18/2021 19:00,"37,818.57",26.44974,-10173.89,-1.02%,3437.94,0.34%,-13523.49,-1.35%,-9702.55,-1.02%
901,Exit short,LONG,6/19/2021 19:00,"35,940.22",26.45454,39515.14,3.99%,69586.02,7.03%,-5623.44,-0.57%,29812.6,3.99%
901,Entry short,SHORT,6/18/2021 20:00,"37,433.92",26.45454,39515.14,3.99%,69586.02,7.03%,-5623.44,-0.57%,29812.6,3.99%
902,Exit long,SHORT,6/19/2021 21:00,"35,769.31",28.65348,-4897.17,-0.48%,14807.55,1.44%,-11181.16,-1.09%,24915.43,-0.48%
902,Entry long,LONG,6/19/2021 19:00,"35,940.22",28.65348,-4897.17,-0.48%,14807.55,1.44%,-11181.16,-1.09%,24915.43,-0.48%
903,Exit short,LONG,6/19/2021 22:00,"36,241.56",28.65348,-13531.6,-1.32%,77.65,0.01%,-15206.11,-1.48%,11383.83,-1.32%
903,Entry short,SHORT,6/19/2021 21:00,"35,769.31",28.65348,-13531.6,-1.32%,77.65,0.01%,-15206.11,-1.48%,11383.83,-1.32%
904,Exit long,SHORT,6/20/2021 2:00,"35,509.89",27.90499,-20417.24,-2.02%,3026.02,0.30%,-24597.69,-2.43%,-9033.42,-2.02%
904,Entry long,LONG,6/19/2021 22:00,"36,241.56",27.90499,-20417.24,-2.02%,3026.02,0.30%,-24597.69,-2.43%,-9033.42,-2.02%
905,Exit short,LONG,6/21/2021 3:00,"35,502.83",27.90677,197.02,0.02%,60666.25,6.12%,-19258.74,-1.94%,-8836.39,0.02%
905,Entry short,SHORT,6/20/2021 2:00,"35,509.89",27.90677,197.02,0.02%,60666.25,6.12%,-19258.74,-1.94%,-8836.39,0.02%
906,Exit long,SHORT,6/21/2021 12:00,"34,243.90",27.91789,-35146.67,-3.55%,17724.79,1.79%,-51489.8,-5.19%,-43983.06,-3.55%
906,Entry long,LONG,6/21/2021 3:00,"35,502.83",27.91789,-35146.67,-3.55%,17724.79,1.79%,-51489.8,-5.19%,-43983.06,-3.55%
907,Exit short,LONG,6/22/2021 12:00,"32,910.84",27.91787,37216.2,3.89%,85872.58,8.98%,-9941.55,-1.04%,-6766.87,3.89%
907,Entry short,SHORT,6/21/2021 12:00,"34,243.90",27.91787,37216.2,3.89%,85872.58,8.98%,-9941.55,-1.04%,-6766.87,3.89%
908,Exit long,SHORT,6/22/2021 16:00,"31,720.87",30.17949,-35912.69,-3.62%,3328.19,0.34%,-41884.3,-4.22%,-42679.55,-3.62%
908,Entry long,LONG,6/22/2021 12:00,"32,910.84",30.17949,-35912.69,-3.62%,3328.19,0.34%,-41884.3,-4.22%,-42679.55,-3.62%
909,Exit short,LONG,6/23/2021 2:00,"32,986.41",30.17951,-38193.38,-3.99%,87999.53,9.19%,-47620.55,-4.97%,-80872.93,-3.99%
909,Entry short,SHORT,6/22/2021 16:00,"31,720.87",30.17951,-38193.38,-3.99%,87999.53,9.19%,-47620.55,-4.97%,-80872.93,-3.99%
910,Exit long,SHORT,6/23/2021 23:00,"33,490.14",27.86382,14035.84,1.53%,52790.52,5.74%,-36317.98,-3.95%,-66837.09,1.53%
910,Entry long,LONG,6/23/2021 2:00,"32,986.41",27.86382,14035.84,1.53%,52790.52,5.74%,-36317.98,-3.95%,-66837.09,1.53%
911,Exit short,LONG,6/24/2021 20:00,"34,067.16",27.86381,-16077.98,-1.72%,33536.05,3.59%,-21451.23,-2.30%,-82915.06,-1.72%
911,Entry short,SHORT,6/23/2021 23:00,"33,490.14",27.86381,-16077.98,-1.72%,33536.05,3.59%,-21451.23,-2.30%,-82915.06,-1.72%
912,Exit long,SHORT,6/25/2021 16:00,"34,292.52",26.92351,6067.48,0.66%,38577.08,4.21%,-8512.14,-0.93%,-76847.59,0.66%
912,Entry long,LONG,6/24/2021 20:00,"34,067.16",26.92351,6067.48,0.66%,38577.08,4.21%,-8512.14,-0.93%,-76847.59,0.66%
913,Exit short,LONG,6/27/2021 3:00,"31,573.97",26.91993,73183.17,7.93%,111489.43,12.08%,-5046.95,-0.55%,-3664.41,7.93%
913,Entry short,SHORT,6/25/2021 16:00,"34,292.52",26.91993,73183.17,7.93%,111489.43,12.08%,-5046.95,-0.55%,-3664.41,7.93%
914,Exit long,SHORT,6/28/2021 4:00,"32,627.00",31.55558,33228.97,3.34%,63122.2,6.34%,-21085.12,-2.12%,29564.56,3.34%
914,Entry long,LONG,6/27/2021 3:00,"31,573.97",31.55558,33228.97,3.34%,63122.2,6.34%,-21085.12,-2.12%,29564.56,3.34%
915,Exit short,LONG,6/28/2021 6:00,"34,406.38",31.5556,-56149.4,-5.45%,8515.91,0.83%,-62227.64,-6.04%,-26584.84,-5.45%
915,Entry short,SHORT,6/28/2021 4:00,"32,627.00",31.5556,-56149.4,-5.45%,8515.91,0.83%,-62227.64,-6.04%,-26584.84,-5.45%
916,Exit long,SHORT,6/28/2021 19:00,"34,107.20",28.29168,-8464.3,-0.87%,25217.22,2.59%,-12628.84,-1.30%,-35049.14,-0.87%
916,Entry long,LONG,6/28/2021 6:00,"34,406.38",28.29168,-8464.3,-0.87%,25217.22,2.59%,-12628.84,-1.30%,-35049.14,-0.87%
917,Exit short,LONG,6/28/2021 23:00,"34,969.98",28.2917,-24409.51,-2.53%,6916.76,0.72%,-25258.83,-2.62%,-59458.66,-2.53%
917,Entry short,SHORT,6/28/2021 19:00,"34,107.20",28.2917,-24409.51,-2.53%,6916.76,0.72%,-25258.83,-2.62%,-59458.66,-2.53%
918,Exit long,SHORT,6/30/2021 11:00,"35,119.99",26.89566,4034.62,0.43%,43840.47,4.66%,-27944.05,-2.97%,-55424.04,0.43%
918,Entry long,LONG,6/28/2021 23:00,"34,969.98",26.89566,4034.62,0.43%,43840.47,4.66%,-27944.05,-2.97%,-55424.04,0.43%
919,Exit short,LONG,7/2/2021 20:00,"33,238.22",26.89567,50611.47,5.36%,65114.15,6.89%,-5737.92,-0.61%,-4812.57,5.36%
919,Entry short,SHORT,6/30/2021 11:00,"35,119.99",26.89567,50611.47,5.36%,65114.15,6.89%,-5737.92,-0.61%,-4812.57,5.36%
920,Exit long,SHORT,7/4/2021 10:00,"34,597.74",29.94105,40705.46,4.09%,51121.05,5.14%,-5885.51,-0.59%,35892.88,4.09%
920,Entry long,LONG,7/2/2021 20:00,"33,238.22",29.94105,40705.46,4.09%,51121.05,5.14%,-5885.51,-0.59%,35892.88,4.09%
921,Exit short,LONG,7/4/2021 11:00,"34,641.62",29.94105,-1313.81,-0.13%,1059.91,0.10%,-5157.65,-0.50%,34579.07,-0.13%
921,Entry short,SHORT,7/4/2021 10:00,"34,597.74",29.94105,-1313.81,-0.13%,1059.91,0.10%,-5157.65,-0.50%,34579.07,-0.13%
922,Exit long,SHORT,7/5/2021 9:00,"34,558.05",29.86522,-2495.84,-0.24%,39608.15,3.83%,-5862.24,-0.57%,32083.23,-0.24%
922,Entry long,LONG,7/4/2021 11:00,"34,641.62",29.86522,-2495.84,-0.24%,39608.15,3.83%,-5862.24,-0.57%,32083.23,-0.24%
923,Exit short,LONG,7/6/2021 2:00,"33,982.03",29.8652,17202.95,1.67%,42781.9,4.15%,-2779.26,-0.27%,49286.18,1.67%
923,Entry short,SHORT,7/5/2021 9:00,"34,558.05",29.8652,17202.95,1.67%,42781.9,4.15%,-2779.26,-0.27%,49286.18,1.67%
924,Exit long,SHORT,7/8/2021 5:00,"34,241.15",30.87769,8001.03,0.76%,35103.3,3.35%,-13895.89,-1.32%,57287.21,0.76%
924,Entry long,LONG,7/6/2021 2:00,"33,982.03",30.87769,8001.03,0.76%,35103.3,3.35%,-13895.89,-1.32%,57287.21,0.76%
925,Exit short,LONG,7/9/2021 1:00,"32,863.83",30.87767,42528.43,4.02%,66823.91,6.32%,-1582.79,-0.15%,99815.64,4.02%
925,Entry short,SHORT,7/8/2021 5:00,"34,241.15",30.87767,42528.43,4.02%,66823.91,6.32%,-1582.79,-0.15%,99815.64,4.02%
926,Exit long,SHORT,7/9/2021 6:00,"32,557.44",33.46583,-10253.6,-0.93%,10482.5,0.95%,-11908.15,-1.08%,89562.05,-0.93%
926,Entry long,LONG,7/9/2021 1:00,"32,863.83",33.46583,-10253.6,-0.93%,10482.5,0.95%,-11908.15,-1.08%,89562.05,-0.93%
927,Exit short,LONG,7/9/2021 12:00,"33,028.96",33.46583,-15779.81,-1.45%,9918.27,0.91%,-19587.88,-1.80%,73782.24,-1.45%
927,Entry short,SHORT,7/9/2021 6:00,"32,557.44",33.46583,-15779.81,-1.45%,9918.27,0.91%,-19587.88,-1.80%,73782.24,-1.45%
928,Exit long,SHORT,7/9/2021 19:00,"32,774.99",32.5103,-8256.64,-0.77%,9136.69,0.85%,-14010.64,-1.30%,65525.6,-0.77%
928,Entry long,LONG,7/9/2021 12:00,"33,028.96",32.5103,-8256.64,-0.77%,9136.69,0.85%,-14010.64,-1.30%,65525.6,-0.77%
929,Exit short,LONG,7/9/2021 20:00,"32,996.49",32.51032,-7201.04,-0.68%,4548.52,0.43%,-7282.64,-0.68%,58324.56,-0.68%
929,Entry short,SHORT,7/9/2021 19:00,"32,774.99",32.51032,-7201.04,-0.68%,4548.52,0.43%,-7282.64,-0.68%,58324.56,-0.68%
930,Exit long,SHORT,7/10/2021 18:00,"33,624.09",32.07383,20129.54,1.90%,40589.75,3.84%,-1394.89,-0.13%,78454.1,1.90%
930,Entry long,LONG,7/9/2021 20:00,"32,996.49",32.07383,20129.54,1.90%,40589.75,3.84%,-1394.89,-0.13%,78454.1,1.90%
931,Exit short,LONG,7/10/2021 23:00,"33,862.55",32.07385,-7648.33,-0.71%,1895.24,0.18%,-10241.5,-0.95%,70805.77,-0.71%
931,Entry short,SHORT,7/10/2021 18:00,"33,624.09",32.07385,-7648.33,-0.71%,1895.24,0.18%,-10241.5,-0.95%,70805.77,-0.71%
932,Exit long,SHORT,7/11/2021 12:00,"33,460.70",31.62214,-12707.36,-1.19%,10417.91,0.97%,-27124.52,-2.53%,58098.41,-1.19%
932,Entry long,LONG,7/10/2021 23:00,"33,862.55",31.62214,-12707.36,-1.19%,10417.91,0.97%,-27124.52,-2.53%,58098.41,-1.19%
933,Exit short,LONG,7/11/2021 17:00,"33,693.45",31.62212,-7360.05,-0.70%,2802.98,0.26%,-12942.93,-1.22%,50738.36,-0.70%
933,Entry short,SHORT,7/11/2021 12:00,"33,460.70",31.62212,-7360.05,-0.70%,2802.98,0.26%,-12942.93,-1.22%,50738.36,-0.70%
934,Exit long,SHORT,7/12/2021 17:00,"34,050.12",31.18527,11122.85,1.06%,30716.87,2.92%,-2475.49,-0.24%,61861.22,1.06%
934,Entry long,LONG,7/11/2021 17:00,"33,693.45",31.18527,11122.85,1.06%,30716.87,2.92%,-2475.49,-0.24%,61861.22,1.06%
935,Exit short,LONG,7/14/2021 21:00,"32,784.00",31.18524,39484.26,3.72%,77966.84,7.34%,-100.73,-0.01%,101345.47,3.72%
935,Entry short,SHORT,7/12/2021 17:00,"34,050.12",31.18524,39484.26,3.72%,77966.84,7.34%,-100.73,-0.01%,101345.47,3.72%
936,Exit long,SHORT,7/15/2021 12:00,"32,665.53",33.59399,-3979.88,-0.36%,13479.59,1.22%,-11493.85,-1.04%,97365.59,-0.36%
936,Entry long,LONG,7/14/2021 21:00,"32,784.00",33.59399,-3979.88,-0.36%,13479.59,1.22%,-11493.85,-1.04%,97365.59,-0.36%
937,Exit short,LONG,7/17/2021 1:00,"32,055.24",33.59399,20502.08,1.87%,55279.92,5.04%,0,0.00%,117867.66,1.87%
937,Entry short,SHORT,7/15/2021 12:00,"32,665.53",33.59399,20502.08,1.87%,55279.92,5.04%,0,0.00%,117867.66,1.87%
938,Exit long,SHORT,7/17/2021 4:00,"31,819.98",34.87316,-8204.26,-0.73%,1031.55,0.09%,-8691.79,-0.78%,109663.41,-0.73%
938,Entry long,LONG,7/17/2021 1:00,"32,055.24",34.87316,-8204.26,-0.73%,1031.55,0.09%,-8691.79,-0.78%,109663.41,-0.73%
939,Exit short,LONG,7/17/2021 17:00,"31,605.47",34.87316,7480.64,0.67%,22865.29,2.06%,-4740.66,-0.43%,117144.05,0.67%
939,Entry short,SHORT,7/17/2021 4:00,"31,819.98",34.87316,7480.64,0.67%,22865.29,2.06%,-4740.66,-0.43%,117144.05,0.67%
940,Exit long,SHORT,7/17/2021 18:00,"31,280.01",35.33749,-11500.94,-1.03%,283.76,0.03%,-12174.12,-1.09%,105643.11,-1.03%
940,Entry long,LONG,7/17/2021 17:00,"31,605.47",35.33749,-11500.94,-1.03%,283.76,0.03%,-12174.12,-1.09%,105643.11,-1.03%
941,Exit short,LONG,7/17/2021 21:00,"31,618.78",35.34663,-11974.38,-1.08%,1060.75,0.10%,-17159.73,-1.55%,93668.73,-1.08%
941,Entry short,SHORT,7/17/2021 18:00,"31,280.01",35.34663,-11974.38,-1.08%,1060.75,0.10%,-17159.73,-1.55%,93668.73,-1.08%
942,Exit long,SHORT,7/18/2021 15:00,"31,712.10",34.58921,3227.87,0.30%,28232.4,2.58%,-5821.71,-0.53%,96896.59,0.30%
942,Entry long,LONG,7/17/2021 21:00,"31,618.78",34.58921,3227.87,0.30%,28232.4,2.58%,-5821.71,-0.53%,96896.59,0.30%
943,Exit short,LONG,7/19/2021 7:00,"31,778.57",34.58921,-2299.14,-0.21%,20861.79,1.90%,-7986.65,-0.73%,94597.45,-0.21%
943,Entry short,SHORT,7/18/2021 15:00,"31,712.10",34.58921,-2299.14,-0.21%,20861.79,1.90%,-7986.65,-0.73%,94597.45,-0.21%
944,Exit long,SHORT,7/19/2021 8:00,"31,600.69",34.44453,-6126.99,-0.56%,2866.47,0.26%,-8173.69,-0.75%,88470.46,-0.56%
944,Entry long,LONG,7/19/2021 7:00,"31,778.57",34.44453,-6126.99,-0.56%,2866.47,0.26%,-8173.69,-0.75%,88470.46,-0.56%
945,Exit short,LONG,7/19/2021 14:00,"31,793.54",34.44451,-6642.62,-0.61%,5814.92,0.53%,-10275.14,-0.94%,81827.84,-0.61%
945,Entry short,SHORT,7/19/2021 8:00,"31,600.69",34.44451,-6642.62,-0.61%,5814.92,0.53%,-10275.14,-0.94%,81827.84,-0.61%
946,Exit long,SHORT,7/19/2021 16:00,"31,486.59",34.02665,-10444.48,-0.97%,2070.18,0.19%,-10668.72,-0.99%,71383.35,-0.97%
946,Entry long,LONG,7/19/2021 14:00,"31,793.54",34.02665,-10444.48,-0.97%,2070.18,0.19%,-10668.72,-0.99%,71383.35,-0.97%
947,Exit short,LONG,7/21/2021 12:00,"30,682.95",34.02665,27345.18,2.55%,75150.92,7.01%,-2138.57,-0.20%,98728.53,2.55%
947,Entry short,SHORT,7/19/2021 16:00,"31,486.59",34.02665,27345.18,2.55%,75150.92,7.01%,-2138.57,-0.20%,98728.53,2.55%
948,Exit long,SHORT,7/23/2021 16:00,"32,318.75",35.80906,58576.46,5.33%,79927.61,7.27%,-6551.27,-0.60%,157304.98,5.33%
948,Entry long,LONG,7/21/2021 12:00,"30,682.95",35.80906,58576.46,5.33%,79927.61,7.27%,-6551.27,-0.60%,157304.98,5.33%
949,Exit short,LONG,7/24/2021 5:00,"32,605.61",35.80908,-10272.19,-0.89%,14124.18,1.22%,-12294.33,-1.06%,147032.8,-0.89%
949,Entry short,SHORT,7/23/2021 16:00,"32,318.75",35.80908,-10272.19,-0.89%,14124.18,1.22%,-12294.33,-1.06%,147032.8,-0.89%
950,Exit long,SHORT,7/25/2021 22:00,"34,105.01",35.179,52747.4,4.60%,77196.45,6.73%,-1122.56,-0.10%,199780.19,4.60%
950,Entry long,LONG,7/24/2021 5:00,"32,605.61",35.179,52747.4,4.60%,77196.45,6.73%,-1122.56,-0.10%,199780.19,4.60%
951,Exit short,LONG,7/26/2021 1:00,"34,459.99",35.179,-12487.84,-1.04%,5205.09,0.43%,-12488.19,-1.04%,187292.34,-1.04%
951,Entry short,SHORT,7/25/2021 22:00,"34,105.01",35.179,-12487.84,-1.04%,5205.09,0.43%,-12488.19,-1.04%,187292.34,-1.04%
952,Exit long,SHORT,7/27/2021 9:00,"36,875.76",34.4542,83233.42,7.01%,209826.42,17.67%,-9466.64,-0.80%,270525.78,7.01%
952,Entry long,LONG,7/26/2021 1:00,"34,459.99",34.4542,83233.42,7.01%,209826.42,17.67%,-9466.64,-0.80%,270525.78,7.01%
953,Exit short,LONG,7/27/2021 18:00,"37,608.56",34.45422,-25248.05,-1.99%,16977.66,1.34%,-28593.21,-2.25%,245277.72,-1.99%
953,Entry short,SHORT,7/27/2021 9:00,"36,875.76",34.45422,-25248.05,-1.99%,16977.66,1.34%,-28593.21,-2.25%,245277.72,-1.99%
954,Exit long,SHORT,7/29/2021 11:00,"39,609.78",33.11153,66263.45,5.32%,108984.62,8.75%,-8561.32,-0.69%,311541.2,5.32%
954,Entry long,LONG,7/27/2021 18:00,"37,608.56",33.11153,66263.45,5.32%,108984.62,8.75%,-8561.32,-0.69%,311541.2,5.32%
955,Exit short,LONG,7/29/2021 12:00,"39,963.96",33.11154,-11727.44,-0.89%,3900.21,0.30%,-16746.16,-1.28%,299813.72,-0.89%
955,Entry short,SHORT,7/29/2021 11:00,"39,609.78",33.11154,-11727.44,-0.89%,3900.21,0.30%,-16746.16,-1.28%,299813.72,-0.89%
956,Exit long,SHORT,7/30/2021 1:00,"39,605.84",32.52464,-11647.72,-0.90%,21987.96,1.69%,-16716.36,-1.29%,288166,-0.90%
956,Entry long,LONG,7/29/2021 12:00,"39,963.96",32.52464,-11647.72,-0.90%,21987.96,1.69%,-16716.36,-1.29%,288166,-0.90%
957,Exit short,LONG,7/30/2021 9:00,"40,099.50",32.52464,-16056.11,-1.25%,7020.12,0.54%,-26457.49,-2.05%,272109.9,-1.25%
957,Entry short,SHORT,7/30/2021 1:00,"39,605.84",32.52464,-16056.11,-1.25%,7020.12,0.54%,-26457.49,-2.05%,272109.9,-1.25%
958,Exit long,SHORT,7/30/2021 12:00,"39,805.49",31.72385,-9327.13,-0.73%,4774.44,0.38%,-14573.94,-1.15%,262782.75,-0.73%
958,Entry long,LONG,7/30/2021 9:00,"40,099.50",31.72385,-9327.13,-0.73%,4774.44,0.38%,-14573.94,-1.15%,262782.75,-0.73%
959,Exit short,LONG,7/31/2021 1:00,"39,018.96",31.72383,24951.74,1.98%,47340.2,3.75%,-2457.96,-0.19%,287734.5,1.98%
959,Entry short,SHORT,7/30/2021 12:00,"39,805.49",31.72383,24951.74,1.98%,47340.2,3.75%,-2457.96,-0.19%,287734.5,1.98%
960,Exit long,SHORT,8/1/2021 1:00,"41,164.18",33.0028,70798.27,5.50%,113167.92,8.79%,-4665.61,-0.36%,358532.78,5.50%
960,Entry long,LONG,7/31/2021 1:00,"39,018.96",33.0028,70798.27,5.50%,113167.92,8.79%,-4665.61,-0.36%,358532.78,5.50%
961,Exit short,LONG,8/1/2021 5:00,"41,961.86",33.00278,-26325.66,-1.94%,1621.43,0.12%,-27080.43,-1.99%,332207.12,-1.94%
961,Entry short,SHORT,8/1/2021 1:00,"41,164.18",33.00278,-26325.66,-1.94%,1621.43,0.12%,-27080.43,-1.99%,332207.12,-1.94%
962,Exit long,SHORT,8/1/2021 20:00,"41,553.69",31.74803,-12958.59,-0.97%,20227.94,1.52%,-26727.4,-2.01%,319248.53,-0.97%
962,Entry long,LONG,8/1/2021 5:00,"41,961.86",31.74803,-12958.59,-0.97%,20227.94,1.52%,-26727.4,-2.01%,319248.53,-0.97%
963,Exit short,LONG,8/4/2021 8:00,"38,410.76",31.74804,99781.87,7.56%,124187.54,9.41%,-2249.98,-0.17%,419030.4,7.56%
963,Entry short,SHORT,8/1/2021 20:00,"41,553.69",31.74804,99781.87,7.56%,124187.54,9.41%,-2249.98,-0.17%,419030.4,7.56%
964,Exit long,SHORT,8/4/2021 10:00,"38,095.67",36.95073,-11642.81,-0.82%,5766.53,0.41%,-13318.15,-0.94%,407387.6,-0.82%
964,Entry long,LONG,8/4/2021 8:00,"38,410.76",36.95073,-11642.81,-0.82%,5766.53,0.41%,-13318.15,-0.94%,407387.6,-0.82%
965,Exit short,LONG,8/4/2021 21:00,"39,013.01",36.9435,-33889.75,-2.41%,21689.9,1.54%,-42191.69,-3.00%,373497.84,-2.41%
965,Entry short,SHORT,8/4/2021 10:00,"38,095.67",36.9435,-33889.75,-2.41%,21689.9,1.54%,-42191.69,-3.00%,373497.84,-2.41%
966,Exit long,SHORT,8/5/2021 15:00,"38,870.58",35.20614,-5014.41,-0.37%,33679.95,2.45%,-10245.34,-0.75%,368483.44,-0.37%
966,Entry long,LONG,8/4/2021 21:00,"39,013.01",35.20614,-5014.41,-0.37%,33679.95,2.45%,-10245.34,-0.75%,368483.44,-0.37%
967,Exit short,LONG,8/6/2021 2:00,"40,840.01",35.20614,-69336.03,-5.07%,54142.82,3.96%,-74510.98,-5.44%,299147.4,-5.07%
967,Entry short,SHORT,8/5/2021 15:00,"38,870.58",35.20614,-69336.03,-5.07%,54142.82,3.96%,-74510.98,-5.44%,299147.4,-5.07%
968,Exit long,SHORT,8/9/2021 0:00,"43,720.00",31.81066,91614.38,7.05%,142193.33,10.95%,-31370.08,-2.41%,390761.78,7.05%
968,Entry long,LONG,8/6/2021 2:00,"40,840.01",31.81066,91614.38,7.05%,142193.33,10.95%,-31370.08,-2.41%,390761.78,7.05%
969,Exit short,LONG,8/9/2021 16:00,"43,720.00",31.81065,0,0.00%,29933.82,2.15%,-27388.97,-1.97%,390761.78,0.00%
969,Entry short,SHORT,8/9/2021 0:00,"43,720.00",31.81065,0,0.00%,29933.82,2.15%,-27388.97,-1.97%,390761.78,0.00%
970,Exit long,SHORT,8/10/2021 13:00,"45,562.45",31.81481,58617.2,4.21%,94808.13,6.82%,-2029.78,-0.15%,449378.97,4.21%
970,Entry long,LONG,8/9/2021 16:00,"43,720.00",31.81481,58617.2,4.21%,94808.13,6.82%,-2029.78,-0.15%,449378.97,4.21%
971,Exit short,LONG,8/10/2021 16:00,"46,134.83",31.81082,-18207.88,-1.26%,8348.75,0.58%,-19244.91,-1.33%,431171.1,-1.26%
971,Entry short,SHORT,8/10/2021 13:00,"45,562.45",31.81082,-18207.88,-1.26%,8348.75,0.58%,-19244.91,-1.33%,431171.1,-1.26%
972,Exit long,SHORT,8/10/2021 18:00,"45,346.37",31.02148,-24459.19,-1.71%,1135.08,0.08%,-26625.11,-1.86%,406711.9,-1.71%
972,Entry long,LONG,8/10/2021 16:00,"46,134.83",31.02148,-24459.19,-1.71%,1135.08,0.08%,-26625.11,-1.86%,406711.9,-1.71%
973,Exit short,LONG,8/11/2021 6:00,"45,445.04",31.02148,-3060.89,-0.22%,23480.47,1.67%,-23316.36,-1.66%,403651,-0.22%
973,Entry short,SHORT,8/10/2021 18:00,"45,346.37",31.02148,-3060.89,-0.22%,23480.47,1.67%,-23316.36,-1.66%,403651,-0.22%
974,Exit long,SHORT,8/12/2021 7:00,"45,510.67",30.88676,2027.1,0.14%,40104.3,2.86%,-6521.43,-0.46%,405678.12,0.14%
974,Entry long,LONG,8/11/2021 6:00,"45,445.04",30.88676,2027.1,0.14%,40104.3,2.86%,-6521.43,-0.46%,405678.12,0.14%
975,Exit short,LONG,8/13/2021 14:00,"45,833.35",30.88678,-9966.55,-0.71%,53763.69,3.82%,-21850.85,-1.55%,395711.56,-0.71%
975,Entry short,SHORT,8/12/2021 7:00,"45,510.67",30.88678,-9966.55,-0.71%,53763.69,3.82%,-21850.85,-1.55%,395711.56,-0.71%
976,Exit long,SHORT,8/14/2021 18:00,"46,308.15",30.45189,14458.56,1.04%,70363.66,5.04%,-0.3,0.00%,410170.12,1.04%
976,Entry long,LONG,8/13/2021 14:00,"45,833.35",30.45189,14458.56,1.04%,70363.66,5.04%,-0.3,0.00%,410170.12,1.04%
977,Exit short,LONG,8/15/2021 1:00,"46,775.88",30.45187,-14243.25,-1.01%,10265.94,0.73%,-20617.13,-1.46%,395926.88,-1.01%
977,Entry short,SHORT,8/14/2021 18:00,"46,308.15",30.45187,-14243.25,-1.01%,10265.94,0.73%,-20617.13,-1.46%,395926.88,-1.01%
978,Exit long,SHORT,8/15/2021 13:00,"46,617.70",29.84289,-4720.55,-0.34%,17869.63,1.28%,-13268.15,-0.95%,391206.3,-0.34%
978,Entry long,LONG,8/15/2021 1:00,"46,775.88",29.84289,-4720.55,-0.34%,17869.63,1.28%,-13268.15,-0.95%,391206.3,-0.34%
979,Exit short,LONG,8/16/2021 3:00,"46,337.77",29.84287,8353.92,0.60%,33355.38,2.40%,-4638.48,-0.33%,399560.25,0.60%
979,Entry short,SHORT,8/15/2021 13:00,"46,617.70",29.84287,8353.92,0.60%,33355.38,2.40%,-4638.48,-0.33%,399560.25,0.60%
980,Exit long,SHORT,8/16/2021 23:00,"46,344.03",30.19822,189.04,0.01%,51821.96,3.70%,-11657.72,-0.83%,399749.28,0.01%
980,Entry long,LONG,8/16/2021 3:00,"46,337.77",30.19822,189.04,0.01%,51821.96,3.70%,-11657.72,-0.83%,399749.28,0.01%
981,Exit short,LONG,8/17/2021 19:00,"46,845.15",30.20344,-15135.55,-1.08%,33362.12,2.38%,-24645.1,-1.76%,384613.72,-1.08%
981,Entry short,SHORT,8/16/2021 23:00,"46,344.03",30.20344,-15135.55,-1.08%,33362.12,2.38%,-24645.1,-1.76%,384613.72,-1.08%
982,Exit long,SHORT,8/17/2021 21:00,"46,373.51",29.55178,-13937.8,-1.01%,7017.07,0.51%,-16701.19,-1.21%,370675.94,-1.01%
982,Entry long,LONG,8/17/2021 19:00,"46,845.15",29.55178,-13937.8,-1.01%,7017.07,0.51%,-16701.19,-1.21%,370675.94,-1.01%
983,Exit short,LONG,8/18/2021 14:00,"45,395.90",29.5573,28895.51,2.11%,64146.14,4.68%,-2556.41,-0.19%,399571.44,2.11%
983,Entry short,SHORT,8/17/2021 21:00,"46,373.51",29.5573,28895.51,2.11%,64146.14,4.68%,-2556.41,-0.19%,399571.44,2.11%
984,Exit long,SHORT,8/19/2021 5:00,"44,577.95",30.83036,-25217.69,-1.80%,18624.62,1.33%,-30673.12,-2.19%,374353.75,-1.80%
984,Entry long,LONG,8/18/2021 14:00,"45,395.90",30.83036,-25217.69,-1.80%,18624.62,1.33%,-30673.12,-2.19%,374353.75,-1.80%
985,Exit short,LONG,8/19/2021 21:00,"44,982.89",30.83034,-12484.44,-0.91%,20047.43,1.46%,-20243.51,-1.47%,361869.3,-0.91%
985,Entry short,SHORT,8/19/2021 5:00,"44,577.95",30.83034,-12484.44,-0.91%,20047.43,1.46%,-20243.51,-1.47%,361869.3,-0.91%
986,Exit long,SHORT,8/22/2021 20:00,"48,861.56",30.27528,117427.82,8.62%,144538.73,10.61%,0,0.00%,479297.12,8.62%
986,Entry long,LONG,8/19/2021 21:00,"44,982.89",30.27528,117427.82,8.62%,144538.73,10.61%,0,0.00%,479297.12,8.62%
987,Exit short,LONG,8/23/2021 6:00,"49,250.13",30.27527,-11764.06,-0.80%,24570.2,1.66%,-12841.26,-0.87%,467533.06,-0.80%
987,Entry short,SHORT,8/22/2021 20:00,"48,861.56",30.27527,-11764.06,-0.80%,24570.2,1.66%,-12841.26,-0.87%,467533.06,-0.80%
988,Exit long,SHORT,8/24/2021 1:00,"49,413.67",29.79753,4873.09,0.33%,37243.04,2.54%,-5367.13,-0.37%,472406.16,0.33%
988,Entry long,LONG,8/23/2021 6:00,"49,250.13",29.79753,4873.09,0.33%,37243.04,2.54%,-5367.13,-0.37%,472406.16,0.33%
989,Exit short,LONG,8/24/2021 14:00,"49,791.97",29.79754,-11272.41,-0.77%,18993.25,1.29%,-11511.68,-0.78%,461133.75,-0.77%
989,Entry short,SHORT,8/24/2021 1:00,"49,413.67",29.79754,-11272.41,-0.77%,18993.25,1.29%,-11511.68,-0.78%,461133.75,-0.77%
990,Exit long,SHORT,8/24/2021 21:00,"48,597.18",29.34475,-35060.81,-2.40%,1996.32,0.14%,-41074.14,-2.81%,426072.94,-2.40%
990,Entry long,LONG,8/24/2021 14:00,"49,791.97",29.34475,-35060.81,-2.40%,1996.32,0.14%,-41074.14,-2.81%,426072.94,-2.40%
991,Exit short,LONG,8/25/2021 13:00,"48,520.03",29.34476,2263.95,0.16%,29262.01,2.05%,-3578.3,-0.25%,428336.88,0.16%
991,Entry short,SHORT,8/24/2021 21:00,"48,597.18",29.34476,2263.95,0.16%,29262.01,2.05%,-3578.3,-0.25%,428336.88,0.16%
992,Exit long,SHORT,8/25/2021 15:00,"48,144.58",29.43809,-11052.53,-0.77%,2467.21,0.17%,-15308.69,-1.07%,417284.34,-0.77%
992,Entry long,LONG,8/25/2021 13:00,"48,520.03",29.43809,-11052.53,-0.77%,2467.21,0.17%,-15308.69,-1.07%,417284.34,-0.77%
993,Exit short,LONG,8/25/2021 23:00,"48,817.41",29.43808,-19806.82,-1.40%,29976.8,2.12%,-22238.11,-1.57%,397477.53,-1.40%
993,Entry short,SHORT,8/25/2021 15:00,"48,144.58",29.43808,-19806.82,-1.40%,29976.8,2.12%,-22238.11,-1.57%,397477.53,-1.40%
994,Exit long,SHORT,8/26/2021 12:00,"47,884.09",28.62057,-26712.15,-1.91%,15324.31,1.10%,-34825.8,-2.49%,370765.38,-1.91%
994,Entry long,LONG,8/25/2021 23:00,"48,817.41",28.62057,-26712.15,-1.91%,15324.31,1.10%,-34825.8,-2.49%,370765.38,-1.91%
995,Exit short,LONG,8/27/2021 5:00,"47,253.83",28.62673,18042.28,1.32%,46778.65,3.41%,-4908.34,-0.36%,388807.66,1.32%
995,Entry short,SHORT,8/26/2021 12:00,"47,884.09",28.62673,18042.28,1.32%,46778.65,3.41%,-4908.34,-0.36%,388807.66,1.32%
996,Exit long,SHORT,8/28/2021 19:00,"48,670.48",29.39037,41635.87,3.00%,60108.31,4.33%,-26622.68,-1.92%,430443.53,3.00%
996,Entry long,LONG,8/27/2021 5:00,"47,253.83",29.39037,41635.87,3.00%,60108.31,4.33%,-26622.68,-1.92%,430443.53,3.00%
997,Exit short,LONG,8/29/2021 2:00,"48,788.98",29.39037,-3482.76,-0.24%,9510.72,0.66%,-15562.79,-1.09%,426960.78,-0.24%
997,Entry short,SHORT,8/28/2021 19:00,"48,670.48",29.39037,-3482.76,-0.24%,9510.72,0.66%,-15562.79,-1.09%,426960.78,-0.24%
998,Exit long,SHORT,8/29/2021 3:00,"48,651.94",29.24759,-4008.09,-0.28%,0,0.00%,-8451.97,-0.59%,422952.7,-0.28%
998,Entry long,LONG,8/29/2021 2:00,"48,788.98",29.24759,-4008.09,-0.28%,0,0.00%,-8451.97,-0.59%,422952.7,-0.28%
999,Exit short,LONG,8/29/2021 4:00,"48,721.41",29.2476,-2031.83,-0.14%,2154.09,0.15%,-2263.76,-0.16%,420920.84,-0.14%
999,Entry short,SHORT,8/29/2021 3:00,"48,651.94",29.2476,-2031.83,-0.14%,2154.09,0.15%,-2263.76,-0.16%,420920.84,-0.14%
1000,Exit long,SHORT,8/29/2021 12:00,"48,141.83",29.16419,-16902.98,-1.19%,26564.49,1.87%,-27964.67,-1.97%,404017.88,-1.19%
1000,Entry long,LONG,8/29/2021 4:00,"48,721.41",29.16419,-16902.98,-1.19%,26564.49,1.87%,-27964.67,-1.97%,404017.88,-1.19%
1001,Exit short,LONG,8/29/2021 18:00,"48,526.67",29.16419,-11223.55,-0.80%,1803.22,0.13%,-14844.86,-1.06%,392794.3,-0.80%
1001,Entry short,SHORT,8/29/2021 12:00,"48,141.83",29.16419,-11223.55,-0.80%,1803.22,0.13%,-14844.86,-1.06%,392794.3,-0.80%
1002,Exit long,SHORT,8/29/2021 21:00,"48,314.72",28.70162,-6083.31,-0.44%,2104.69,0.15%,-12101.75,-0.87%,386711,-0.44%
1002,Entry long,LONG,8/29/2021 18:00,"48,526.67",28.70162,-6083.31,-0.44%,2104.69,0.15%,-12101.75,-0.87%,386711,-0.44%
1003,Exit short,LONG,8/30/2021 1:00,"48,779.35",28.70162,-13335.63,-0.96%,4492.95,0.32%,-13896.75,-1.00%,373375.38,-0.96%
1003,Entry short,SHORT,8/29/2021 21:00,"48,314.72",28.70162,-13335.63,-0.96%,4492.95,0.32%,-13896.75,-1.00%,373375.38,-0.96%
1004,Exit long,SHORT,8/30/2021 11:00,"47,964.02",28.15485,-22955.49,-1.67%,17063.81,1.24%,-27488.99,-2.00%,350419.88,-1.67%
1004,Entry long,LONG,8/30/2021 1:00,"48,779.35",28.15485,-22955.49,-1.67%,17063.81,1.24%,-27488.99,-2.00%,350419.88,-1.67%
1005,Exit short,LONG,8/31/2021 1:00,"48,313.28",28.15485,-9833.36,-0.73%,16724.54,1.24%,-10388.29,-0.77%,340586.53,-0.73%
1005,Entry short,SHORT,8/30/2021 11:00,"47,964.02",28.15485,-9833.36,-0.73%,16724.54,1.24%,-10388.29,-0.77%,340586.53,-0.73%
1006,Exit long,SHORT,8/31/2021 9:00,"46,877.84",27.74779,-39830.29,-2.97%,10643.77,0.79%,-44764.95,-3.34%,300756.22,-2.97%
1006,Entry long,LONG,8/31/2021 1:00,"48,313.28",27.74779,-39830.29,-2.97%,10643.77,0.79%,-44764.95,-3.34%,300756.22,-2.97%
1007,Exit short,LONG,8/31/2021 16:00,"47,735.02",27.74778,-23784.84,-1.83%,3547.28,0.27%,-30471.5,-2.34%,276971.38,-1.83%
1007,Entry short,SHORT,8/31/2021 9:00,"46,877.84",27.74778,-23784.84,-1.83%,3547.28,0.27%,-30471.5,-2.34%,276971.38,-1.83%
1008,Exit long,SHORT,8/31/2021 18:00,"47,417.59",26.75124,-8491.65,-0.66%,1318.84,0.10%,-15997.78,-1.25%,268479.75,-0.66%
1008,Entry long,LONG,8/31/2021 16:00,"47,735.02",26.75124,-8491.65,-0.66%,1318.84,0.10%,-15997.78,-1.25%,268479.75,-0.66%
1009,Exit short,LONG,8/31/2021 19:00,"47,969.51",26.75124,-14764.54,-1.16%,2707.49,0.21%,-17530.89,-1.38%,253715.2,-1.16%
1009,Entry short,SHORT,8/31/2021 18:00,"47,417.59",26.75124,-14764.54,-1.16%,2707.49,0.21%,-17530.89,-1.38%,253715.2,-1.16%
1010,Exit long,SHORT,8/31/2021 23:00,"47,397.13",26.13566,-14959.53,-1.19%,7229.12,0.58%,-20634.37,-1.65%,238755.67,-1.19%
1010,Entry long,LONG,8/31/2021 19:00,"47,969.51",26.13566,-14959.53,-1.19%,7229.12,0.58%,-20634.37,-1.65%,238755.67,-1.19%
1011,Exit short,LONG,9/1/2021 13:00,"47,424.31",26.13566,-710.37,-0.06%,23133.46,1.87%,-4488.02,-0.36%,238045.3,-0.06%
1011,Entry short,SHORT,8/31/2021 23:00,"47,397.13",26.13566,-710.37,-0.06%,23133.46,1.87%,-4488.02,-0.36%,238045.3,-0.06%
1012,Exit long,SHORT,9/3/2021 2:00,"49,373.25",26.10571,50878.46,4.11%,78991.18,6.38%,-8719.31,-0.70%,288923.75,4.11%
1012,Entry long,LONG,9/1/2021 13:00,"47,424.31",26.10571,50878.46,4.11%,78991.18,6.38%,-8719.31,-0.70%,288923.75,4.11%
1013,Exit short,LONG,9/3/2021 5:00,"49,808.42",26.10571,-11360.42,-0.88%,3510.43,0.27%,-12221.65,-0.95%,277563.34,-0.88%
1013,Entry short,SHORT,9/3/2021 2:00,"49,373.25",26.10571,-11360.42,-0.88%,3510.43,0.27%,-12221.65,-0.95%,277563.34,-0.88%
1014,Exit long,SHORT,9/3/2021 8:00,"48,570.38",25.64953,-31755.14,-2.49%,209.56,0.02%,-33560.36,-2.63%,245808.2,-2.49%
1014,Entry long,LONG,9/3/2021 5:00,"49,808.42",25.64953,-31755.14,-2.49%,209.56,0.02%,-33560.36,-2.63%,245808.2,-2.49%
1015,Exit short,LONG,9/3/2021 14:00,"49,396.31",25.64954,-21184.72,-1.70%,6503.18,0.52%,-30384.96,-2.44%,224623.47,-1.70%
1015,Entry short,SHORT,9/3/2021 8:00,"48,570.38",25.64954,-21184.72,-1.70%,6503.18,0.52%,-30384.96,-2.44%,224623.47,-1.70%
1016,Exit long,SHORT,9/4/2021 8:00,"49,918.54",24.79325,12947.78,1.06%,39760.69,3.25%,-4475.18,-0.37%,237571.25,1.06%
1016,Entry long,LONG,9/3/2021 14:00,"49,396.31",24.79325,12947.78,1.06%,39760.69,3.25%,-4475.18,-0.37%,237571.25,1.06%
1017,Exit short,LONG,9/4/2021 11:00,"50,282.19",24.79181,-9015.54,-0.73%,8496.4,0.69%,-10708.33,-0.87%,228555.72,-0.73%
1017,Entry short,SHORT,9/4/2021 8:00,"49,918.54",24.79181,-9015.54,-0.73%,8496.4,0.69%,-10708.33,-0.87%,228555.72,-0.73%
1018,Exit long,SHORT,9/4/2021 23:00,"49,873.52",24.43787,-9987.02,-0.81%,6195,0.50%,-14471.86,-1.18%,218568.69,-0.81%
1018,Entry long,LONG,9/4/2021 11:00,"50,282.19",24.43787,-9987.02,-0.81%,6195,0.50%,-14471.86,-1.18%,218568.69,-0.81%
1019,Exit short,LONG,9/5/2021 4:00,"50,156.65",24.43317,-6917.76,-0.57%,12302.59,1.01%,-8714.33,-0.72%,211650.92,-0.57%
1019,Entry short,SHORT,9/4/2021 23:00,"49,873.52",24.43317,-6917.76,-0.57%,12302.59,1.01%,-8714.33,-0.72%,211650.92,-0.57%
1020,Exit long,SHORT,9/7/2021 17:00,"50,860.50",24.15733,17003.14,1.40%,66755.16,5.51%,-17070.78,-1.41%,228654.06,1.40%
1020,Entry long,LONG,9/5/2021 4:00,"50,156.65",24.15733,17003.14,1.40%,66755.16,5.51%,-17070.78,-1.41%,228654.06,1.40%
1021,Exit short,LONG,9/9/2021 3:00,"46,436.31",24.15733,106876.62,8.70%,193680.19,15.76%,-9295.98,-0.76%,335530.7,8.70%
1021,Entry short,SHORT,9/7/2021 17:00,"50,860.50",24.15733,106876.62,8.70%,193680.19,15.76%,-9295.98,-0.76%,335530.7,8.70%
1022,Exit long,SHORT,9/10/2021 15:00,"46,160.55",28.76047,-7930.99,-0.59%,27715.31,2.08%,-26552.53,-1.99%,327599.7,-0.59%
1022,Entry long,LONG,9/9/2021 3:00,"46,436.31",28.76047,-7930.99,-0.59%,27715.31,2.08%,-26552.53,-1.99%,327599.7,-0.59%
1023,Exit short,LONG,9/11/2021 12:00,"45,302.20",28.76048,24686.56,1.86%,58333.73,4.39%,-9618.66,-0.72%,352286.25,1.86%
1023,Entry short,SHORT,9/10/2021 15:00,"46,160.55",28.76048,24686.56,1.86%,58333.73,4.39%,-9618.66,-0.72%,352286.25,1.86%
1024,Exit long,SHORT,9/12/2021 6:00,"45,088.94",29.84875,-6365.54,-0.47%,20468.18,1.51%,-16019.23,-1.18%,345920.72,-0.47%
1024,Entry long,LONG,9/11/2021 12:00,"45,302.20",29.84875,-6365.54,-0.47%,20468.18,1.51%,-16019.23,-1.18%,345920.72,-0.47%
1025,Exit short,LONG,9/12/2021 15:00,"45,357.03",29.85035,-8002.58,-0.59%,10354.49,0.77%,-12270.28,-0.91%,337918.12,-0.59%
1025,Entry short,SHORT,9/12/2021 6:00,"45,088.94",29.85035,-8002.58,-0.59%,10354.49,0.77%,-12270.28,-0.91%,337918.12,-0.59%
1026,Exit long,SHORT,9/13/2021 2:00,"45,896.64",29.49749,15917.14,1.19%,26946.84,2.01%,-1649.79,-0.12%,353835.25,1.19%
1026,Entry long,LONG,9/12/2021 15:00,"45,357.03",29.49749,15917.14,1.19%,26946.84,2.01%,-1649.79,-0.12%,353835.25,1.19%
1027,Exit short,LONG,9/13/2021 7:00,"46,025.23",29.49748,-3793.08,-0.28%,29398.37,2.17%,-16617.7,-1.23%,350042.2,-0.28%
1027,Entry short,SHORT,9/13/2021 2:00,"45,896.64",29.49748,-3793.08,-0.28%,29398.37,2.17%,-16617.7,-1.23%,350042.2,-0.28%
1028,Exit long,SHORT,9/13/2021 10:00,"44,960.37",29.33264,-31235.15,-2.31%,7640.57,0.57%,-35428.55,-2.62%,318807.03,-2.31%
1028,Entry long,LONG,9/13/2021 7:00,"46,025.23",29.33264,-31235.15,-2.31%,7640.57,0.57%,-35428.55,-2.62%,318807.03,-2.31%
1029,Exit short,LONG,9/13/2021 21:00,"46,140.01",29.33265,-34601.97,-2.62%,23353.78,1.77%,-56307.84,-4.27%,284205.06,-2.62%
1029,Entry short,SHORT,9/13/2021 10:00,"44,960.37",29.33265,-34601.97,-2.62%,23353.78,1.77%,-56307.84,-4.27%,284205.06,-2.62%
1030,Exit long,SHORT,9/16/2021 17:00,"47,905.98",27.83278,49151.86,3.83%,67271.55,5.24%,-77097.08,-6.00%,333356.9,3.83%
1030,Entry long,LONG,9/13/2021 21:00,"46,140.01",27.83278,49151.86,3.83%,67271.55,5.24%,-77097.08,-6.00%,333356.9,3.83%
1031,Exit short,LONG,9/17/2021 12:00,"48,071.14",27.83278,-4596.86,-0.34%,24628.67,1.85%,-8917.62,-0.67%,328760.06,-0.34%
1031,Entry short,SHORT,9/16/2021 17:00,"47,905.98",27.83278,-4596.86,-0.34%,24628.67,1.85%,-8917.62,-0.67%,328760.06,-0.34%
1032,Exit long,SHORT,9/17/2021 18:00,"47,454.40",27.64069,-17047.12,-1.28%,2179.74,0.16%,-20627.42,-1.55%,311712.94,-1.28%
1032,Entry long,LONG,9/17/2021 12:00,"48,071.14",27.64069,-17047.12,-1.28%,2179.74,0.16%,-20627.42,-1.55%,311712.94,-1.28%
1033,Exit short,LONG,9/18/2021 9:00,"47,597.34",27.64154,-3951.08,-0.30%,20864.94,1.59%,-9272.91,-0.71%,307761.84,-0.30%
1033,Entry short,SHORT,9/17/2021 18:00,"47,454.40",27.64154,-3951.08,-0.30%,20864.94,1.59%,-9272.91,-0.71%,307761.84,-0.30%
1034,Exit long,SHORT,9/19/2021 4:00,"47,974.02",27.47553,10349.48,0.79%,34230.66,2.62%,-1858.72,-0.14%,318111.34,0.79%
1034,Entry long,LONG,9/18/2021 9:00,"47,597.34",27.47553,10349.48,0.79%,34230.66,2.62%,-1858.72,-0.14%,318111.34,0.79%
1035,Exit short,LONG,9/19/2021 14:00,"48,129.12",27.47552,-4261.45,-0.32%,10500.87,0.80%,-10957.51,-0.83%,313849.88,-0.32%
1035,Entry short,SHORT,9/19/2021 4:00,"47,974.02",27.47552,-4261.45,-0.32%,10500.87,0.80%,-10957.51,-0.83%,313849.88,-0.32%
1036,Exit long,SHORT,9/19/2021 20:00,"47,274.53",27.29843,-23328.96,-1.78%,5565.6,0.42%,-28939.34,-2.20%,290520.9,-1.78%
1036,Entry long,LONG,9/19/2021 14:00,"48,129.12",27.29843,-23328.96,-1.78%,5565.6,0.42%,-28939.34,-2.20%,290520.9,-1.78%
1037,Exit short,LONG,9/21/2021 17:00,"43,149.96",27.29843,112594.29,8.72%,193123.56,14.96%,-13935.03,-1.08%,403115.22,8.72%
1037,Entry short,SHORT,9/19/2021 20:00,"47,274.53",27.29843,112594.29,8.72%,193123.56,14.96%,-13935.03,-1.08%,403115.22,8.72%
1038,Exit long,SHORT,9/21/2021 22:00,"42,429.75",32.51718,-23419.2,-1.67%,15902.2,1.13%,-32641.72,-2.33%,379696,-1.67%
1038,Entry long,LONG,9/21/2021 17:00,"43,149.96",32.51718,-23419.2,-1.67%,15902.2,1.13%,-32641.72,-2.33%,379696,-1.67%
1039,Exit short,LONG,9/22/2021 15:00,"42,541.23",32.51718,-3625.02,-0.26%,92015.49,6.67%,-28785.83,-2.09%,376071,-0.26%
1039,Entry short,SHORT,9/21/2021 22:00,"42,429.75",32.51718,-3625.02,-0.26%,92015.49,6.67%,-28785.83,-2.09%,376071,-0.26%
1040,Exit long,SHORT,9/23/2021 20:00,"43,509.01",32.34863,31306.36,2.27%,59695.19,4.34%,-22636.6,-1.64%,407377.34,2.28%
1040,Entry long,LONG,9/22/2021 15:00,"42,541.23",32.34863,31306.36,2.27%,59695.19,4.34%,-22636.6,-1.64%,407377.34,2.28%
1041,Exit short,LONG,9/24/2021 1:00,"44,817.30",32.3468,-42319,-3.01%,2878.87,0.20%,-46183.47,-3.28%,365058.34,-3.01%
1041,Entry short,SHORT,9/23/2021 20:00,"43,509.01",32.3468,-42319,-3.01%,2878.87,0.20%,-46183.47,-3.28%,365058.34,-3.01%
1042,Exit long,SHORT,9/24/2021 12:00,"44,261.63",30.45829,-16924.76,-1.24%,4910.79,0.36%,-24893.56,-1.82%,348133.6,-1.24%
1042,Entry long,LONG,9/24/2021 1:00,"44,817.30",30.45829,-16924.76,-1.24%,4910.79,0.36%,-24893.56,-1.82%,348133.6,-1.24%
1043,Exit short,LONG,9/25/2021 5:00,"42,911.69",30.45829,41116.86,3.05%,109242.62,8.10%,-28581.15,-2.12%,389250.47,3.05%
1043,Entry short,SHORT,9/24/2021 12:00,"44,261.63",30.45829,41116.86,3.05%,109242.62,8.10%,-28581.15,-2.12%,389250.47,3.05%
1044,Exit long,SHORT,9/25/2021 13:00,"42,446.09",32.37463,-15073.63,-1.09%,5888.3,0.42%,-28721.15,-2.07%,374176.84,-1.09%
1044,Entry long,LONG,9/25/2021 5:00,"42,911.69",32.37463,-15073.63,-1.09%,5888.3,0.42%,-28721.15,-2.07%,374176.84,-1.09%
1045,Exit short,LONG,9/25/2021 17:00,"42,649.28",32.37463,-6578.2,-0.48%,25893.55,1.88%,-14680.28,-1.07%,367598.62,-0.48%
1045,Entry short,SHORT,9/25/2021 13:00,"42,446.09",32.37463,-6578.2,-0.48%,25893.55,1.88%,-14680.28,-1.07%,367598.62,-0.48%
1046,Exit long,SHORT,9/25/2021 21:00,"42,500.01",32.06614,-4786.51,-0.35%,10182.92,0.74%,-13313.22,-0.97%,362812.12,-0.35%
1046,Entry long,LONG,9/25/2021 17:00,"42,649.28",32.06614,-4786.51,-0.35%,10182.92,0.74%,-13313.22,-0.97%,362812.12,-0.35%
1047,Exit short,LONG,9/26/2021 0:00,"42,629.61",32.06615,-4155.77,-0.30%,11020.49,0.81%,-8514.52,-0.62%,358656.34,-0.30%
1047,Entry short,SHORT,9/25/2021 21:00,"42,500.01",32.06615,-4155.77,-0.30%,11020.49,0.81%,-8514.52,-0.62%,358656.34,-0.30%
1048,Exit long,SHORT,9/26/2021 10:00,"42,062.50",31.87118,-18074.46,-1.33%,5855.69,0.43%,-23125.41,-1.70%,340581.88,-1.33%
1048,Entry long,LONG,9/26/2021 0:00,"42,629.61",31.87118,-18074.46,-1.33%,5855.69,0.43%,-23125.41,-1.70%,340581.88,-1.33%
1049,Exit short,LONG,9/26/2021 22:00,"43,318.37",31.87118,-40026.06,-2.99%,41830.92,3.12%,-53683.82,-4.00%,300555.8,-2.99%
1049,Entry short,SHORT,9/26/2021 10:00,"42,062.50",31.87118,-40026.06,-2.99%,41830.92,3.12%,-53683.82,-4.00%,300555.8,-2.99%
1050,Exit long,SHORT,9/27/2021 18:00,"43,772.19",30.0232,13625.13,1.05%,30972.83,2.38%,-19355.96,-1.49%,314180.94,1.05%
1050,Entry long,LONG,9/26/2021 22:00,"43,318.37",30.0232,13625.13,1.05%,30972.83,2.38%,-19355.96,-1.49%,314180.94,1.05%
1051,Exit short,LONG,9/29/2021 12:00,"42,245.79",30.02319,45827.4,3.49%,90619.3,6.90%,-9534.16,-0.73%,360008.34,3.49%
1051,Entry short,SHORT,9/27/2021 18:00,"43,772.19",30.02319,45827.4,3.49%,90619.3,6.90%,-9534.16,-0.73%,360008.34,3.49%
1052,Exit long,SHORT,9/30/2021 1:00,"41,219.72",32.19273,-33032,-2.43%,11081.06,0.81%,-33666.51,-2.48%,326976.34,-2.43%
1052,Entry long,LONG,9/29/2021 12:00,"42,245.79",32.19273,-33032,-2.43%,11081.06,0.81%,-33666.51,-2.48%,326976.34,-2.43%
1053,Exit short,LONG,9/30/2021 9:00,"42,965.41",32.19275,-56198.56,-4.24%,10292.67,0.78%,-63652.79,-4.80%,270777.78,-4.24%
1053,Entry short,SHORT,9/30/2021 1:00,"41,219.72",32.19275,-56198.56,-4.24%,10292.67,0.78%,-63652.79,-4.80%,270777.78,-4.24%
1054,Exit long,SHORT,10/1/2021 0:00,"42,950.66",29.57676,-436.26,-0.03%,25571.77,2.01%,-7938.4,-0.62%,270341.53,-0.03%
1054,Entry long,LONG,9/30/2021 9:00,"42,965.41",29.57676,-436.26,-0.03%,25571.77,2.01%,-7938.4,-0.62%,270341.53,-0.03%
1055,Exit short,LONG,10/1/2021 1:00,"43,333.12",29.57676,-11311.93,-0.89%,1300.49,0.10%,-13290.02,-1.05%,259029.61,-0.89%
1055,Entry short,SHORT,10/1/2021 0:00,"42,950.66",29.57676,-11311.93,-0.89%,1300.49,0.10%,-13290.02,-1.05%,259029.61,-0.89%
1056,Exit long,SHORT,10/2/2021 18:00,"47,606.04",29.05467,124148.28,9.86%,149976.72,11.91%,-6773.22,-0.54%,383177.88,9.86%
1056,Entry long,LONG,10/1/2021 1:00,"43,333.12",29.05467,124148.28,9.86%,149976.72,11.91%,-6773.22,-0.54%,383177.88,9.86%
1057,Exit short,LONG,10/2/2021 20:00,"47,729.24",29.05467,-3579.54,-0.26%,3707.38,0.27%,-5199.62,-0.38%,379598.34,-0.26%
1057,Entry short,SHORT,10/2/2021 18:00,"47,606.04",29.05467,-3579.54,-0.26%,3707.38,0.27%,-5199.62,-0.38%,379598.34,-0.26%
1058,Exit long,SHORT,10/3/2021 8:00,"47,274.57",28.90469,-13142.1,-0.95%,17555.26,1.27%,-18534.84,-1.34%,366456.25,-0.95%
1058,Entry long,LONG,10/2/2021 20:00,"47,729.24",28.90469,-13142.1,-0.95%,17555.26,1.27%,-18534.84,-1.34%,366456.25,-0.95%
1059,Exit short,LONG,10/3/2021 13:00,"47,990.13",28.90467,-20683.03,-1.51%,1482.81,0.11%,-23858.78,-1.75%,345773.22,-1.51%
1059,Entry short,SHORT,10/3/2021 8:00,"47,274.57",28.90467,-20683.03,-1.51%,1482.81,0.11%,-23858.78,-1.75%,345773.22,-1.51%
1060,Exit long,SHORT,10/4/2021 6:00,"47,988.23",28.04269,-53.28,0.00%,34715.45,2.58%,-10940.29,-0.81%,345719.94,0.00%
1060,Entry long,LONG,10/3/2021 13:00,"47,990.13",28.04269,-53.28,0.00%,34715.45,2.58%,-10940.29,-0.81%,345719.94,0.00%
1061,Exit short,LONG,10/4/2021 21:00,"48,113.91",28.0427,-3524.41,-0.26%,21144.76,1.57%,-9303.73,-0.69%,342195.53,-0.26%
1061,Entry short,SHORT,10/4/2021 6:00,"47,988.23",28.0427,-3524.41,-0.26%,21144.76,1.57%,-9303.73,-0.69%,342195.53,-0.26%
1062,Exit long,SHORT,10/7/2021 18:00,"53,906.62",27.89343,161578.55,12.04%,212996.73,15.87%,-34111.16,-2.54%,503774.1,12.04%
1062,Entry long,LONG,10/4/2021 21:00,"48,113.91",27.89343,161578.55,12.04%,212996.73,15.87%,-34111.16,-2.54%,503774.1,12.04%
1063,Exit short,LONG,10/8/2021 4:00,"54,167.18",27.8959,-7268.56,-0.48%,15332.15,1.02%,-22132.05,-1.47%,496505.53,-0.48%
1063,Entry short,SHORT,10/7/2021 18:00,"53,906.62",27.8959,-7268.56,-0.48%,15332.15,1.02%,-22132.05,-1.47%,496505.53,-0.48%
1064,Exit long,SHORT,10/8/2021 7:00,"53,785.22",27.62754,-10552.61,-0.71%,13071.14,0.87%,-15468.94,-1.03%,485952.9,-0.71%
1064,Entry long,LONG,10/8/2021 4:00,"54,167.18",27.62754,-10552.61,-0.71%,13071.14,0.87%,-15468.94,-1.03%,485952.9,-0.71%
1065,Exit short,LONG,10/8/2021 9:00,"54,297.35",27.62753,-14148.89,-0.95%,2034.77,0.14%,-16901.97,-1.14%,471804.03,-0.95%
1065,Entry short,SHORT,10/8/2021 7:00,"53,785.22",27.62753,-14148.89,-0.95%,2034.77,0.14%,-16901.97,-1.14%,471804.03,-0.95%
1066,Exit long,SHORT,10/8/2021 11:00,"53,815.21",27.10636,-13069.06,-0.89%,3595.39,0.24%,-16435.4,-1.12%,458734.97,-0.89%
1066,Entry long,LONG,10/8/2021 9:00,"54,297.35",27.10636,-13069.06,-0.89%,3595.39,0.24%,-16435.4,-1.12%,458734.97,-0.89%
1067,Exit short,LONG,10/8/2021 13:00,"54,172.94",27.10636,-9696.76,-0.66%,5356.22,0.37%,-9725.49,-0.67%,449038.22,-0.66%
1067,Entry short,SHORT,10/8/2021 11:00,"53,815.21",27.10636,-9696.76,-0.66%,5356.22,0.37%,-9725.49,-0.67%,449038.22,-0.66%
1068,Exit long,SHORT,10/8/2021 23:00,"54,324.83",26.74836,4062.81,0.28%,51545.7,3.56%,-4626.13,-0.32%,453101.03,0.28%
1068,Entry long,LONG,10/8/2021 13:00,"54,172.94",26.74836,4062.81,0.28%,51545.7,3.56%,-4626.13,-0.32%,453101.03,0.28%
1069,Exit short,LONG,10/9/2021 11:00,"54,562.58",26.74837,-6359.42,-0.44%,17738.45,1.22%,-12023.93,-0.83%,446741.6,-0.44%
1069,Entry short,SHORT,10/8/2021 23:00,"54,324.83",26.74837,-6359.42,-0.44%,17738.45,1.22%,-12023.93,-0.83%,446741.6,-0.44%
1070,Exit long,SHORT,10/10/2021 3:00,"54,656.81",26.51722,2498.72,0.17%,24566.08,1.70%,-4728.29,-0.33%,449240.3,0.17%
1070,Entry long,LONG,10/9/2021 11:00,"54,562.58",26.51722,2498.72,0.17%,24566.08,1.70%,-4728.29,-0.33%,449240.3,0.17%
1071,Exit short,LONG,10/10/2021 7:00,"54,949.72",26.51527,-7766.59,-0.54%,8851.06,0.61%,-13474.79,-0.93%,441473.72,-0.54%
1071,Entry short,SHORT,10/10/2021 3:00,"54,656.81",26.51527,-7766.59,-0.54%,8851.06,0.61%,-13474.79,-0.93%,441473.72,-0.54%
1072,Exit long,SHORT,10/10/2021 9:00,"54,382.83",26.23259,-14870.99,-1.03%,6539.26,0.45%,-14915.85,-1.03%,426602.75,-1.03%
1072,Entry long,LONG,10/10/2021 7:00,"54,949.72",26.23259,-14870.99,-1.03%,6539.26,0.45%,-14915.85,-1.03%,426602.75,-1.03%
1073,Exit short,LONG,10/10/2021 11:00,"55,049.16",26.23259,-17479.56,-1.23%,7944.02,0.56%,-20859.37,-1.46%,409123.2,-1.23%
1073,Entry short,SHORT,10/10/2021 9:00,"54,382.83",26.23259,-17479.56,-1.23%,7944.02,0.56%,-20859.37,-1.46%,409123.2,-1.23%
1074,Exit long,SHORT,10/10/2021 19:00,"55,145.00",25.59755,2453.27,0.17%,26244.4,1.86%,-9449.59,-0.67%,411576.44,0.17%
1074,Entry long,LONG,10/10/2021 11:00,"55,049.16",25.59755,2453.27,0.17%,26244.4,1.86%,-9449.59,-0.67%,411576.44,0.17%
1075,Exit short,LONG,10/11/2021 0:00,"55,471.07",25.59754,-8346.59,-0.59%,12977.95,0.92%,-10402.33,-0.74%,403229.84,-0.59%
1075,Entry short,SHORT,10/10/2021 19:00,"55,145.00",25.59754,-8346.59,-0.59%,12977.95,0.92%,-10402.33,-0.74%,403229.84,-0.59%
1076,Exit long,SHORT,10/12/2021 22:00,"56,397.90",25.2966,23445.65,1.67%,59901.59,4.27%,-28767.8,-2.05%,426675.5,1.67%
1076,Entry long,LONG,10/11/2021 0:00,"55,471.07",25.2966,23445.65,1.67%,59901.59,4.27%,-28767.8,-2.05%,426675.5,1.67%
1077,Exit short,LONG,10/14/2021 0:00,"56,941.73",25.2966,-13757.05,-0.96%,63719.61,4.47%,-18266.68,-1.28%,412918.44,-0.96%
1077,Entry short,SHORT,10/12/2021 22:00,"56,397.90",25.2966,-13757.05,-0.96%,63719.61,4.47%,-18266.68,-1.28%,412918.44,-0.96%
1078,Exit long,SHORT,10/14/2021 20:00,"57,563.02",24.81341,15416.32,1.09%,39473.42,2.79%,-8299.09,-0.59%,428334.78,1.09%
1078,Entry long,LONG,10/14/2021 0:00,"56,941.73",24.81341,15416.32,1.09%,39473.42,2.79%,-8299.09,-0.59%,428334.78,1.09%
1079,Exit short,LONG,10/15/2021 11:00,"59,431.70",24.8134,-46368.3,-3.25%,18485.24,1.29%,-46915.44,-3.28%,381966.47,-3.25%
1079,Entry short,SHORT,10/14/2021 20:00,"57,563.02",24.8134,-46368.3,-3.25%,18485.24,1.29%,-46915.44,-3.28%,381966.47,-3.25%
1080,Exit long,SHORT,10/16/2021 20:00,"60,679.14",23.25301,29006.73,2.10%,81415.77,5.89%,-16103.41,-1.17%,410973.22,2.10%
1080,Entry long,LONG,10/15/2021 11:00,"59,431.70",23.25301,29006.73,2.10%,81415.77,5.89%,-16103.41,-1.17%,410973.22,2.10%
1081,Exit short,LONG,10/17/2021 10:00,"61,100.00",23.25301,-9786.26,-0.69%,12304.1,0.87%,-16900.29,-1.20%,401186.94,-0.69%
1081,Entry short,SHORT,10/16/2021 20:00,"60,679.14",23.25301,-9786.26,-0.69%,12304.1,0.87%,-16900.29,-1.20%,401186.94,-0.69%
1082,Exit long,SHORT,10/17/2021 13:00,"60,648.87",22.93268,-10345.62,-0.74%,6043.45,0.43%,-11254.44,-0.80%,390841.3,-0.74%
1082,Entry long,LONG,10/17/2021 10:00,"61,100.00",22.93268,-10345.62,-0.74%,6043.45,0.43%,-11254.44,-0.80%,390841.3,-0.74%
1083,Exit short,LONG,10/18/2021 7:00,"61,528.32",22.93268,-20168.14,-1.45%,38661.52,2.78%,-24526.96,-1.76%,370673.2,-1.45%
1083,Entry short,SHORT,10/17/2021 13:00,"60,648.87",22.93268,-20168.14,-1.45%,38661.52,2.78%,-24526.96,-1.76%,370673.2,-1.45%
1084,Exit long,SHORT,10/18/2021 18:00,"61,316.54",22.2771,-4717.84,-0.34%,26007.62,1.90%,-21147.65,-1.54%,365955.34,-0.34%
1084,Entry long,LONG,10/18/2021 7:00,"61,528.32",22.2771,-4717.84,-0.34%,26007.62,1.90%,-21147.65,-1.54%,365955.34,-0.34%
1085,Exit short,LONG,10/19/2021 11:00,"62,588.86",22.27711,-28343.61,-2.08%,32793.91,2.40%,-37458.07,-2.74%,337611.72,-2.08%
1085,Entry short,SHORT,10/18/2021 18:00,"61,316.54",22.27711,-28343.61,-2.08%,32793.91,2.40%,-37458.07,-2.74%,337611.72,-2.08%
1086,Exit long,SHORT,10/20/2021 19:00,"63,788.00",21.3714,25627.3,1.92%,40544.54,3.03%,-27069.87,-2.02%,363239.03,1.92%
1086,Entry long,LONG,10/19/2021 11:00,"62,588.86",21.3714,25627.3,1.92%,40544.54,3.03%,-27069.87,-2.02%,363239.03,1.92%
1087,Exit short,LONG,10/20/2021 20:00,"64,374.29",21.3714,-12529.84,-0.92%,598.4,0.04%,-16391.86,-1.20%,350709.2,-0.92%
1087,Entry short,SHORT,10/20/2021 19:00,"63,788.00",21.3714,-12529.84,-0.92%,598.4,0.04%,-16391.86,-1.20%,350709.2,-0.92%
1088,Exit long,SHORT,10/21/2021 9:00,"64,992.18",20.98212,12964.64,0.96%,55092.96,4.08%,-4800.29,-0.36%,363673.8,0.96%
1088,Entry long,LONG,10/20/2021 20:00,"64,374.29",20.98212,12964.64,0.96%,55092.96,4.08%,-4800.29,-0.36%,363673.8,0.96%
1089,Exit short,LONG,10/21/2021 17:00,"66,185.89",20.98212,-25046.57,-1.84%,19499.94,1.43%,-34569.3,-2.54%,338627.25,-1.84%
1089,Entry short,SHORT,10/21/2021 9:00,"64,992.18",20.98212,-25046.57,-1.84%,19499.94,1.43%,-34569.3,-2.54%,338627.25,-1.84%
1090,Exit long,SHORT,10/21/2021 20:00,"65,060.15",20.22526,-22768.38,-1.70%,1031.89,0.08%,-40670.77,-3.04%,315858.88,-1.70%
1090,Entry long,LONG,10/21/2021 17:00,"66,185.89",20.22526,-22768.38,-1.70%,1031.89,0.08%,-40670.77,-3.04%,315858.88,-1.70%
1091,Exit short,LONG,10/22/2021 15:00,"63,371.33",20.22526,34156.82,2.60%,61892.33,4.70%,-10918.2,-0.83%,350015.7,2.60%
1091,Entry short,SHORT,10/21/2021 20:00,"65,060.15",20.22526,34156.82,2.60%,61892.33,4.70%,-10918.2,-0.83%,350015.7,2.60%
1092,Exit long,SHORT,10/22/2021 23:00,"60,690.94",21.30325,-57101.02,-4.23%,7691.75,0.57%,-61635.2,-4.57%,292914.7,-4.23%
1092,Entry long,LONG,10/22/2021 15:00,"63,371.33",21.30325,-57101.02,-4.23%,7691.75,0.57%,-61635.2,-4.57%,292914.7,-4.23%
1093,Exit short,LONG,10/25/2021 5:00,"60,977.22",21.30325,-6098.69,-0.47%,25144.44,1.94%,-22511.14,-1.74%,286816,-0.47%
1093,Entry short,SHORT,10/22/2021 23:00,"60,690.94",21.30325,-6098.69,-0.47%,25144.44,1.94%,-22511.14,-1.74%,286816,-0.47%
1094,Exit long,SHORT,10/26/2021 12:00,"62,459.33",21.10323,31277.31,2.43%,57683.78,4.48%,-6905.4,-0.54%,318093.28,2.43%
1094,Entry long,LONG,10/25/2021 5:00,"60,977.22",21.10323,31277.31,2.43%,57683.78,4.48%,-6905.4,-0.54%,318093.28,2.43%
1095,Exit short,LONG,10/28/2021 16:00,"60,560.37",21.10322,40074.17,3.04%,94106.22,7.14%,-13731.23,-1.04%,358167.47,3.04%
1095,Entry short,SHORT,10/26/2021 12:00,"62,459.33",21.10322,40074.17,3.04%,94106.22,7.14%,-13731.23,-1.04%,358167.47,3.04%
1096,Exit long,SHORT,10/30/2021 11:00,"61,679.95",22.42666,25108.44,1.85%,54264.22,4.00%,-61457.35,-4.53%,383275.9,1.85%
1096,Entry long,LONG,10/28/2021 16:00,"60,560.37",22.42666,25108.44,1.85%,54264.22,4.00%,-61457.35,-4.53%,383275.9,1.85%
1097,Exit short,LONG,10/31/2021 4:00,"61,642.10",22.42667,848.85,0.06%,22582.54,1.63%,-12851.6,-0.93%,384124.75,0.06%
1097,Entry short,SHORT,10/30/2021 11:00,"61,679.95",22.42667,848.85,0.06%,22582.54,1.63%,-12851.6,-0.93%,384124.75,0.06%
1098,Exit long,SHORT,10/31/2021 14:00,"61,296.21",22.4542,-7766.68,-0.56%,17137.04,1.24%,-12941.25,-0.93%,376358.06,-0.56%
1098,Entry long,LONG,10/31/2021 4:00,"61,642.10",22.4542,-7766.68,-0.56%,17137.04,1.24%,-12941.25,-0.93%,376358.06,-0.56%
1099,Exit short,LONG,11/1/2021 5:00,"61,444.34",22.45421,-3326.14,-0.24%,30332.27,2.20%,-4575.94,-0.33%,373031.94,-0.24%
1099,Entry short,SHORT,10/31/2021 14:00,"61,296.21",22.45421,-3326.14,-0.24%,30332.27,2.20%,-4575.94,-0.33%,373031.94,-0.24%
1100,Exit long,SHORT,11/1/2021 12:00,"60,501.62",22.34595,-21065.97,-1.53%,6501.78,0.47%,-45570.99,-3.32%,351965.97,-1.53%
1100,Entry long,LONG,11/1/2021 5:00,"61,444.34",22.34595,-21065.97,-1.53%,6501.78,0.47%,-45570.99,-3.32%,351965.97,-1.53%
1101,Exit short,LONG,11/1/2021 15:00,"62,176.29",22.34594,-37422.07,-2.77%,4862.92,0.36%,-40141.8,-2.97%,314543.88,-2.77%
1101,Entry short,SHORT,11/1/2021 12:00,"60,501.62",22.34594,-37422.07,-2.77%,4862.92,0.36%,-40141.8,-2.97%,314543.88,-2.77%
1102,Exit long,SHORT,11/2/2021 0:00,"61,034.82",21.14079,-24131.58,-1.84%,5527.26,0.42%,-24423.74,-1.86%,290412.3,-1.84%
1102,Entry long,LONG,11/1/2021 15:00,"62,176.29",21.14079,-24131.58,-1.84%,5527.26,0.42%,-24423.74,-1.86%,290412.3,-1.84%
1103,Exit short,LONG,11/2/2021 13:00,"61,754.25",21.14223,-15210.35,-1.18%,15056.44,1.17%,-15938.49,-1.24%,275201.94,-1.18%
1103,Entry short,SHORT,11/2/2021 0:00,"61,034.82",21.14223,-15210.35,-1.18%,15056.44,1.17%,-15938.49,-1.24%,275201.94,-1.18%
1104,Exit long,SHORT,11/3/2021 5:00,"62,999.95",20.64962,25723.23,2.02%,51949.28,4.07%,-8214.42,-0.64%,300925.2,2.02%
1104,Entry long,LONG,11/2/2021 13:00,"61,754.25",20.64962,25723.23,2.02%,51949.28,4.07%,-8214.42,-0.64%,300925.2,2.02%
1105,Exit short,LONG,11/3/2021 11:00,"63,210.40",20.64962,-4345.71,-0.33%,8578.89,0.66%,-10325.84,-0.79%,296579.47,-0.33%
1105,Entry short,SHORT,11/3/2021 5:00,"62,999.95",20.64962,-4345.71,-0.33%,8578.89,0.66%,-10325.84,-0.79%,296579.47,-0.33%
1106,Exit long,SHORT,11/3/2021 12:00,"62,762.40",20.51211,-9189.42,-0.71%,0,0.00%,-9895.04,-0.76%,287390.03,-0.71%
1106,Entry long,LONG,11/3/2021 11:00,"63,210.40",20.51211,-9189.42,-0.71%,0,0.00%,-9895.04,-0.76%,287390.03,-0.71%
1107,Exit short,LONG,11/4/2021 4:00,"62,719.88",20.51212,872.18,0.07%,48811.46,3.79%,-15129.74,-1.18%,288262.22,0.07%
1107,Entry short,SHORT,11/3/2021 12:00,"62,762.40",20.51212,872.18,0.07%,48811.46,3.79%,-15129.74,-1.18%,288262.22,0.07%
1108,Exit long,SHORT,11/4/2021 9:00,"62,331.95",20.53723,-7967.01,-0.62%,9860.33,0.77%,-9567.68,-0.74%,280295.22,-0.62%
1108,Entry long,LONG,11/4/2021 4:00,"62,719.88",20.53723,-7967.01,-0.62%,9860.33,0.77%,-9567.68,-0.74%,280295.22,-0.62%
1109,Exit short,LONG,11/5/2021 12:00,"62,088.02",20.53995,5010.31,0.39%,33992.39,2.66%,-10167.27,-0.79%,285305.53,0.39%
1109,Entry short,SHORT,11/4/2021 9:00,"62,331.95",20.53995,5010.31,0.39%,33992.39,2.66%,-10167.27,-0.79%,285305.53,0.39%
1110,Exit long,SHORT,11/5/2021 18:00,"61,573.00",20.70134,-10661.6,-0.83%,10510.07,0.82%,-13299.99,-1.03%,274643.9,-0.83%
1110,Entry long,LONG,11/5/2021 12:00,"62,088.02",20.70134,-10661.6,-0.83%,10510.07,0.82%,-13299.99,-1.03%,274643.9,-0.83%
1111,Exit short,LONG,11/6/2021 13:00,"61,418.26",20.70134,3203.33,0.25%,17637.54,1.38%,-7356.64,-0.58%,277847.25,0.25%
1111,Entry short,SHORT,11/5/2021 18:00,"61,573.00",20.70134,3203.33,0.25%,17637.54,1.38%,-7356.64,-0.58%,277847.25,0.25%
1112,Exit long,SHORT,11/6/2021 16:00,"61,014.07",20.80566,-8409.44,-0.66%,2959.19,0.23%,-18875.94,-1.48%,269437.8,-0.66%
1112,Entry long,LONG,11/6/2021 13:00,"61,418.26",20.80566,-8409.44,-0.66%,2959.19,0.23%,-18875.94,-1.48%,269437.8,-0.66%
1113,Exit short,LONG,11/7/2021 4:00,"61,146.27",20.80565,-2750.51,-0.22%,20058.1,1.58%,-8385.72,-0.66%,266687.28,-0.22%
1113,Entry short,SHORT,11/6/2021 16:00,"61,014.07",20.80565,-2750.51,-0.22%,20058.1,1.58%,-8385.72,-0.66%,266687.28,-0.22%
1114,Exit long,SHORT,11/7/2021 22:00,"61,781.47",20.71569,13158.61,1.04%,24936.1,1.97%,-152.88,-0.01%,279845.9,1.04%
1114,Entry long,LONG,11/7/2021 4:00,"61,146.27",20.71569,13158.61,1.04%,24936.1,1.97%,-152.88,-0.01%,279845.9,1.04%
1115,Exit short,LONG,11/8/2021 1:00,"62,445.01",20.71569,-13745.69,-1.07%,1671.76,0.13%,-14429.1,-1.13%,266100.22,-1.07%
1115,Entry short,SHORT,11/7/2021 22:00,"61,781.47",20.71569,-13745.69,-1.07%,1671.76,0.13%,-14429.1,-1.13%,266100.22,-1.07%
1116,Exit long,SHORT,11/10/2021 0:00,"66,692.99",20.27544,86129.66,6.80%,123259.27,9.74%,-7391.21,-0.58%,352229.88,6.80%
1116,Entry long,LONG,11/8/2021 1:00,"62,445.01",20.27544,86129.66,6.80%,123259.27,9.74%,-7391.21,-0.58%,352229.88,6.80%
1117,Exit short,LONG,11/10/2021 6:00,"67,292.72",20.27544,-12159.79,-0.90%,9541.42,0.71%,-22450.59,-1.66%,340070.1,-0.90%
1117,Entry short,SHORT,11/10/2021 0:00,"66,692.99",20.27544,-12159.79,-0.90%,9541.42,0.71%,-22450.59,-1.66%,340070.1,-0.90%
1118,Exit long,SHORT,11/10/2021 11:00,"66,487.23",19.91404,-16040.56,-1.20%,2872,0.21%,-18672.8,-1.39%,324029.53,-1.20%
1118,Entry long,LONG,11/10/2021 6:00,"67,292.72",19.91404,-16040.56,-1.20%,2872,0.21%,-18672.8,-1.39%,324029.53,-1.20%
1119,Exit short,LONG,11/10/2021 23:00,"68,349.42",19.91404,-37083.73,-2.80%,11933.09,0.90%,-50039.4,-3.78%,286945.8,-2.80%
1119,Entry short,SHORT,11/10/2021 11:00,"66,487.23",19.91404,-37083.73,-2.80%,11933.09,0.90%,-50039.4,-3.78%,286945.8,-2.80%
1120,Exit long,SHORT,11/11/2021 4:00,"65,840.26",18.82936,-47245.87,-3.67%,8023,0.62%,-65214.36,-5.07%,239699.92,-3.67%
1120,Entry long,LONG,11/10/2021 23:00,"68,349.42",18.82936,-47245.87,-3.67%,8023,0.62%,-65214.36,-5.07%,239699.92,-3.67%
1121,Exit short,LONG,11/11/2021 16:00,"65,365.58",18.8289,8937.7,0.72%,56813.57,4.58%,-6773.7,-0.55%,248637.62,0.72%
1121,Entry short,SHORT,11/11/2021 4:00,"65,840.26",18.8289,8937.7,0.72%,56813.57,4.58%,-6773.7,-0.55%,248637.62,0.72%
1122,Exit long,SHORT,11/12/2021 2:00,"64,746.00",19.10237,-11835.45,-0.95%,4479.31,0.36%,-18397.3,-1.47%,236802.17,-0.95%
1122,Entry long,LONG,11/11/2021 16:00,"65,365.58",19.10237,-11835.45,-0.95%,4479.31,0.36%,-18397.3,-1.47%,236802.17,-0.95%
1123,Exit short,LONG,11/12/2021 6:00,"65,160.27",19.10237,-7913.54,-0.64%,2246.63,0.18%,-10757.12,-0.87%,228888.64,-0.64%
1123,Entry short,SHORT,11/12/2021 2:00,"64,746.00",19.10237,-7913.54,-0.64%,2246.63,0.18%,-10757.12,-0.87%,228888.64,-0.64%
1124,Exit long,SHORT,11/12/2021 7:00,"64,774.25",18.85947,-7280.13,-0.59%,438.67,0.04%,-7284.09,-0.59%,221608.5,-0.59%
1124,Entry long,LONG,11/12/2021 6:00,"65,160.27",18.85947,-7280.13,-0.59%,438.67,0.04%,-7284.09,-0.59%,221608.5,-0.59%
1125,Exit short,LONG,11/12/2021 9:00,"65,103.56",18.85947,-6210.61,-0.51%,13621.25,1.12%,-11159.52,-0.91%,215397.89,-0.51%
1125,Entry short,SHORT,11/12/2021 7:00,"64,774.25",18.85947,-6210.61,-0.51%,13621.25,1.12%,-11159.52,-0.91%,215397.89,-0.51%
1126,Exit long,SHORT,11/12/2021 13:00,"64,676.39",18.66868,-7974.7,-0.66%,6480.65,0.53%,-8202.08,-0.67%,207423.19,-0.66%
1126,Entry long,LONG,11/12/2021 9:00,"65,103.56",18.66868,-7974.7,-0.66%,6480.65,0.53%,-8202.08,-0.67%,207423.19,-0.66%
1127,Exit short,LONG,11/13/2021 6:00,"63,914.34",18.66868,14226.47,1.18%,44774.78,3.71%,-5256.73,-0.44%,221649.66,1.18%
1127,Entry short,SHORT,11/12/2021 13:00,"64,676.39",18.66868,14226.47,1.18%,44774.78,3.71%,-5256.73,-0.44%,221649.66,1.18%
1128,Exit long,SHORT,11/13/2021 11:00,"63,773.93",19.11386,-2683.78,-0.22%,10334.1,0.85%,-6465.07,-0.53%,218965.89,-0.22%
1128,Entry long,LONG,11/13/2021 6:00,"63,914.34",19.11386,-2683.78,-0.22%,10334.1,0.85%,-6465.07,-0.53%,218965.89,-0.22%
1129,Exit short,LONG,11/13/2021 15:00,"64,029.99",19.11385,-4894.29,-0.40%,5044.72,0.41%,-6672.07,-0.55%,214071.6,-0.40%
1129,Entry short,SHORT,11/13/2021 11:00,"63,773.93",19.11385,-4894.29,-0.40%,5044.72,0.41%,-6672.07,-0.55%,214071.6,-0.40%
1130,Exit long,SHORT,11/13/2021 17:00,"63,453.17",18.96098,-10937.07,-0.90%,976.68,0.08%,-12699.49,-1.05%,203134.52,-0.90%
1130,Entry long,LONG,11/13/2021 15:00,"64,029.99",18.96098,-10937.07,-0.90%,976.68,0.08%,-12699.49,-1.05%,203134.52,-0.90%
1131,Exit short,LONG,11/13/2021 23:00,"64,689.00",18.96098,-23432.55,-1.95%,1513.66,0.13%,-26352.54,-2.19%,179701.97,-1.95%
1131,Entry short,SHORT,11/13/2021 17:00,"63,453.17",18.96098,-23432.55,-1.95%,1513.66,0.13%,-26352.54,-2.19%,179701.97,-1.95%
1132,Exit long,SHORT,11/14/2021 3:00,"63,941.65",18.23652,-13629.06,-1.16%,5671.56,0.48%,-15683.22,-1.33%,166072.9,-1.16%
1132,Entry long,LONG,11/13/2021 23:00,"64,689.00",18.23652,-13629.06,-1.16%,5671.56,0.48%,-15683.22,-1.33%,166072.9,-1.16%
1133,Exit short,LONG,11/14/2021 8:00,"64,974.05",18.23651,-18827.37,-1.61%,415.06,0.04%,-25136.29,-2.16%,147245.53,-1.61%
1133,Entry short,SHORT,11/14/2021 3:00,"63,941.65",18.23651,-18827.37,-1.61%,415.06,0.04%,-25136.29,-2.16%,147245.53,-1.61%
1134,Exit long,SHORT,11/14/2021 16:00,"64,301.70",17.65697,-11871.66,-1.03%,4019.96,0.35%,-16209.98,-1.41%,135373.88,-1.03%
1134,Entry long,LONG,11/14/2021 8:00,"64,974.05",17.65697,-11871.66,-1.03%,4019.96,0.35%,-16209.98,-1.41%,135373.88,-1.03%
1135,Exit short,LONG,11/15/2021 7:00,"65,519.11",17.65698,-21495.78,-1.89%,12808.9,1.13%,-22050.21,-1.94%,113878.09,-1.89%
1135,Entry short,SHORT,11/14/2021 16:00,"64,301.70",17.65698,-21495.78,-1.89%,12808.9,1.13%,-22050.21,-1.94%,113878.09,-1.89%
1136,Exit long,SHORT,11/15/2021 22:00,"64,851.00",17.00081,-11358.41,-1.02%,15006.79,1.35%,-12735.48,-1.14%,102519.68,-1.02%
1136,Entry long,LONG,11/15/2021 7:00,"65,519.11",17.00081,-11358.41,-1.02%,15006.79,1.35%,-12735.48,-1.14%,102519.68,-1.02%
1137,Exit short,LONG,11/18/2021 5:00,"60,098.62",17.00081,80794.31,7.33%,110131.25,9.99%,-822.84,-0.07%,183313.98,7.33%
1137,Entry short,SHORT,11/15/2021 22:00,"64,851.00",17.00081,80794.31,7.33%,110131.25,9.99%,-822.84,-0.07%,183313.98,7.33%
1138,Exit long,SHORT,11/18/2021 6:00,"59,969.02",19.68953,-2551.76,-0.22%,537.13,0.05%,-9410.81,-0.80%,180762.22,-0.22%
1138,Entry long,LONG,11/18/2021 5:00,"60,098.62",19.68953,-2551.76,-0.22%,537.13,0.05%,-9410.81,-0.80%,180762.22,-0.22%
1139,Exit short,LONG,11/18/2021 7:00,"60,344.86",19.68953,-7400.11,-0.63%,3627.01,0.31%,-10337.4,-0.88%,173362.11,-0.63%
1139,Entry short,SHORT,11/18/2021 6:00,"59,969.02",19.68953,-7400.11,-0.63%,3627.01,0.31%,-10337.4,-0.88%,173362.11,-0.63%
1140,Exit long,SHORT,11/18/2021 13:00,"59,801.19",19.44426,-10571.26,-0.90%,12272.05,1.05%,-15452.55,-1.32%,162790.84,-0.90%
1140,Entry long,LONG,11/18/2021 7:00,"60,344.86",19.44426,-10571.26,-0.90%,12272.05,1.05%,-15452.55,-1.32%,162790.84,-0.90%
1141,Exit short,LONG,11/19/2021 22:00,"57,994.61",19.44427,35127.63,3.02%,81689.07,7.03%,-4555.21,-0.39%,197918.48,3.02%
1141,Entry short,SHORT,11/18/2021 13:00,"59,801.19",19.44427,35127.63,3.02%,81689.07,7.03%,-4555.21,-0.39%,197918.48,3.02%
1142,Exit long,SHORT,11/20/2021 22:00,"58,337.69",20.65568,7086.55,0.59%,20353.28,1.70%,-9573.49,-0.80%,205005.03,0.59%
1142,Entry long,LONG,11/19/2021 22:00,"57,994.61",20.65568,7086.55,0.59%,20353.28,1.70%,-9573.49,-0.80%,205005.03,0.59%
1143,Exit short,LONG,11/21/2021 4:00,"59,408.02",20.65568,-22108.39,-1.83%,20339.44,1.69%,-26590.26,-2.21%,182896.64,-1.83%
1143,Entry short,SHORT,11/20/2021 22:00,"58,337.69",20.65568,-22108.39,-1.83%,20339.44,1.69%,-26590.26,-2.21%,182896.64,-1.83%
1144,Exit long,SHORT,11/21/2021 12:00,"58,600.00",19.91138,-16088.79,-1.36%,8700.88,0.74%,-18079.93,-1.53%,166807.84,-1.36%
1144,Entry long,LONG,11/21/2021 4:00,"59,408.02",19.91138,-16088.79,-1.36%,8700.88,0.74%,-18079.93,-1.53%,166807.84,-1.36%
1145,Exit short,LONG,11/22/2021 0:00,"59,857.68",19.91139,-25042.16,-2.15%,2256.96,0.19%,-27539.64,-2.36%,141765.69,-2.15%
1145,Entry short,SHORT,11/21/2021 12:00,"58,600.00",19.91139,-25042.16,-2.15%,2256.96,0.19%,-27539.64,-2.36%,141765.69,-2.15%
1146,Exit long,SHORT,11/22/2021 7:00,"58,617.70",19.07466,-23652.2,-2.07%,3282.37,0.29%,-25897.28,-2.27%,118113.49,-2.07%
1146,Entry long,LONG,11/22/2021 0:00,"59,857.68",19.07466,-23652.2,-2.07%,3282.37,0.29%,-25897.28,-2.27%,118113.49,-2.07%
1147,Exit short,LONG,11/24/2021 0:00,"57,458.79",19.07467,22105.83,1.98%,62959.76,5.63%,-15761.4,-1.41%,140219.31,1.98%
1147,Entry short,SHORT,11/22/2021 7:00,"58,617.70",19.07467,22105.83,1.98%,62959.76,5.63%,-15761.4,-1.41%,140219.31,1.98%
1148,Exit long,SHORT,11/24/2021 10:00,"56,258.78",19.84413,-23813.15,-2.09%,7850.34,0.69%,-26249.62,-2.30%,116406.16,-2.09%
1148,Entry long,LONG,11/24/2021 0:00,"57,458.79",19.84413,-23813.15,-2.09%,7850.34,0.69%,-26249.62,-2.30%,116406.16,-2.09%
1149,Exit short,LONG,11/25/2021 7:00,"57,138.29",19.84412,-17453.1,-1.56%,8369.85,0.75%,-25821.57,-2.31%,98953.06,-1.56%
1149,Entry short,SHORT,11/24/2021 10:00,"56,258.78",19.84412,-17453.1,-1.56%,8369.85,0.75%,-25821.57,-2.31%,98953.06,-1.56%
1150,Exit long,SHORT,11/25/2021 14:00,"57,249.39",19.23321,2136.81,0.19%,21766.42,1.98%,-2659.76,-0.24%,101089.87,0.19%
1150,Entry long,LONG,11/25/2021 7:00,"57,138.29",19.23321,2136.81,0.19%,21766.42,1.98%,-2659.76,-0.24%,101089.87,0.19%
1151,Exit short,LONG,11/25/2021 15:00,"57,648.90",19.23321,-7683.86,-0.70%,133.48,0.01%,-8771.88,-0.80%,93406.01,-0.70%
1151,Entry short,SHORT,11/25/2021 14:00,"57,249.39",19.23321,-7683.86,-0.70%,133.48,0.01%,-8771.88,-0.80%,93406.01,-0.70%
1152,Exit long,SHORT,11/26/2021 10:00,"58,188.05",18.96664,10225.86,0.94%,33191.62,3.04%,-6053.2,-0.55%,103631.88,0.94%
1152,Entry long,LONG,11/25/2021 15:00,"57,648.90",18.96664,10225.86,0.94%,33191.62,3.04%,-6053.2,-0.55%,103631.88,0.94%
1153,Exit short,LONG,11/27/2021 20:00,"54,725.73",18.96664,65668.58,5.95%,88916.56,8.06%,-527.27,-0.05%,169300.45,5.95%
1153,Entry short,SHORT,11/26/2021 10:00,"58,188.05",18.96664,65668.58,5.95%,88916.56,8.06%,-527.27,-0.05%,169300.45,5.95%
1154,Exit long,SHORT,11/28/2021 4:00,"54,254.59",21.36655,-10066.64,-0.86%,10655.71,0.91%,-12630.62,-1.08%,159233.81,-0.86%
1154,Entry long,LONG,11/27/2021 20:00,"54,725.73",21.36655,-10066.64,-0.86%,10655.71,0.91%,-12630.62,-1.08%,159233.81,-0.86%
1155,Exit short,LONG,11/28/2021 7:00,"54,716.47",21.36655,-9868.78,-0.85%,5204.46,0.45%,-15101.66,-1.30%,149365.03,-0.85%
1155,Entry short,SHORT,11/28/2021 4:00,"54,254.59",21.36655,-9868.78,-0.85%,5204.46,0.45%,-15101.66,-1.30%,149365.03,-0.85%
1156,Exit long,SHORT,11/28/2021 9:00,"54,220.21",21.0023,-10422.6,-0.91%,2195.37,0.19%,-12999.79,-1.13%,138942.42,-0.91%
1156,Entry long,LONG,11/28/2021 7:00,"54,716.47",21.0023,-10422.6,-0.91%,2195.37,0.19%,-12999.79,-1.13%,138942.42,-0.91%
1157,Exit short,LONG,11/28/2021 15:00,"54,515.60",21.00586,-6204.92,-0.54%,11629.05,1.02%,-8747.68,-0.77%,132737.52,-0.54%
1157,Entry short,SHORT,11/28/2021 9:00,"54,220.21",21.00586,-6204.92,-0.54%,11629.05,1.02%,-8747.68,-0.77%,132737.52,-0.54%
1158,Exit long,SHORT,11/28/2021 21:00,"54,274.20",20.77821,-5015.86,-0.44%,8689.45,0.77%,-7997.12,-0.71%,127721.65,-0.44%
1158,Entry long,LONG,11/28/2021 15:00,"54,515.60",20.77821,-5015.86,-0.44%,8689.45,0.77%,-7997.12,-0.71%,127721.65,-0.44%
1159,Exit short,LONG,11/29/2021 5:00,"56,273.23",20.77822,-41536.29,-3.68%,21143.09,1.87%,-43962.56,-3.90%,86185.36,-3.68%
1159,Entry short,SHORT,11/28/2021 21:00,"54,274.20",20.77822,-41536.29,-3.68%,21143.09,1.87%,-43962.56,-3.90%,86185.36,-3.68%
1160,Exit long,SHORT,11/29/2021 20:00,"56,900.01",19.30199,12098.1,1.11%,38002.92,3.50%,-5273.88,-0.49%,98283.46,1.11%
1160,Entry long,LONG,11/29/2021 5:00,"56,273.23",19.30199,12098.1,1.11%,38002.92,3.50%,-5273.88,-0.49%,98283.46,1.11%
1161,Exit short,LONG,11/30/2021 0:00,"57,467.79",19.30199,-10959.28,-1.00%,1945.64,0.18%,-11581,-1.05%,87324.18,-1.00%
1161,Entry short,SHORT,11/29/2021 20:00,"56,900.01",19.30199,-10959.28,-1.00%,1945.64,0.18%,-11581,-1.05%,87324.18,-1.00%
1162,Exit long,SHORT,11/30/2021 9:00,"57,260.05",18.92057,-3930.56,-0.36%,26454.36,2.43%,-8159.5,-0.75%,83393.62,-0.36%
1162,Entry long,LONG,11/30/2021 0:00,"57,467.79",18.92057,-3930.56,-0.36%,26454.36,2.43%,-8159.5,-0.75%,83393.62,-0.36%
1163,Exit short,LONG,11/30/2021 20:00,"57,819.22",18.92058,-10579.82,-0.98%,26195.54,2.42%,-19945.13,-1.84%,72813.8,-0.98%
1163,Entry short,SHORT,11/30/2021 9:00,"57,260.05",18.92058,-10579.82,-0.98%,26195.54,2.42%,-19945.13,-1.84%,72813.8,-0.98%
1164,Exit long,SHORT,12/1/2021 9:00,"56,990.52",18.55462,-15376.21,-1.43%,25192.91,2.35%,-24477.62,-2.28%,57437.59,-1.43%
1164,Entry long,LONG,11/30/2021 20:00,"57,819.22",18.55462,-15376.21,-1.43%,25192.91,2.35%,-24477.62,-2.28%,57437.59,-1.43%
1165,Exit short,LONG,12/1/2021 11:00,"57,362.04",18.55462,-6893.41,-0.65%,3535.03,0.33%,-7412.2,-0.70%,50544.18,-0.65%
1165,Entry short,SHORT,12/1/2021 9:00,"56,990.52",18.55462,-6893.41,-0.65%,3535.03,0.33%,-7412.2,-0.70%,50544.18,-0.65%
1166,Exit long,SHORT,12/1/2021 13:00,"56,782.00",18.31429,-10623.02,-1.01%,972.86,0.09%,-11666.94,-1.11%,39921.15,-1.01%
1166,Entry long,LONG,12/1/2021 11:00,"57,362.04",18.31429,-10623.02,-1.01%,972.86,0.09%,-11666.94,-1.11%,39921.15,-1.01%
1167,Exit short,LONG,12/1/2021 21:00,"57,646.49",18.31427,-15832.5,-1.52%,2112.37,0.20%,-20933.21,-2.01%,24088.65,-1.52%
1167,Entry short,SHORT,12/1/2021 13:00,"56,782.00",18.31427,-15832.5,-1.52%,2112.37,0.20%,-20933.21,-2.01%,24088.65,-1.52%
1168,Exit long,SHORT,12/2/2021 4:00,"56,788.54",17.76497,-15241.46,-1.49%,24996.38,2.44%,-18258.3,-1.78%,8847.19,-1.49%
1168,Entry long,LONG,12/1/2021 21:00,"57,646.49",17.76497,-15241.46,-1.49%,24996.38,2.44%,-18258.3,-1.78%,8847.19,-1.49%
1169,Exit short,LONG,12/3/2021 2:00,"56,719.46",17.76497,1227.2,0.12%,17956.3,1.78%,-10426.79,-1.03%,10074.4,0.12%
1169,Entry short,SHORT,12/2/2021 4:00,"56,788.54",17.76497,1227.2,0.12%,17956.3,1.78%,-10426.79,-1.03%,10074.4,0.12%
1170,Exit long,SHORT,12/3/2021 10:00,"56,257.74",17.80825,-8222.42,-0.81%,8931.55,0.88%,-11907.49,-1.18%,1851.97,-0.81%
1170,Entry long,LONG,12/3/2021 2:00,"56,719.46",17.80825,-8222.42,-0.81%,8931.55,0.88%,-11907.49,-1.18%,1851.97,-0.81%
1171,Exit short,LONG,12/3/2021 14:00,"56,847.27",17.80825,-10498.5,-1.05%,3004.96,0.30%,-14027.56,-1.40%,-8646.52,-1.05%
1171,Entry short,SHORT,12/3/2021 10:00,"56,257.74",17.80825,-10498.5,-1.05%,3004.96,0.30%,-14027.56,-1.40%,-8646.52,-1.05%
1172,Exit long,SHORT,12/3/2021 22:00,"56,239.08",17.43889,-10606.16,-1.07%,13126.78,1.32%,-11949.82,-1.21%,-19252.68,-1.07%
1172,Entry long,LONG,12/3/2021 14:00,"56,847.27",17.43889,-10606.16,-1.07%,13126.78,1.32%,-11949.82,-1.21%,-19252.68,-1.07%
1173,Exit short,LONG,12/5/2021 3:00,"49,249.99",17.43889,121881.97,12.43%,248308.52,25.32%,-1954.73,-0.20%,102629.29,12.43%
1173,Entry short,SHORT,12/3/2021 22:00,"56,239.08",17.43889,121881.97,12.43%,248308.52,25.32%,-1954.73,-0.20%,102629.29,12.43%
1174,Exit long,SHORT,12/5/2021 23:00,"47,951.57",22.3884,-29069.55,-2.64%,10053.74,0.91%,-34092.61,-3.09%,73559.74,-2.64%
1174,Entry long,LONG,12/5/2021 3:00,"49,249.99",22.3884,-29069.55,-2.64%,10053.74,0.91%,-34092.61,-3.09%,73559.74,-2.64%
1175,Exit short,LONG,12/6/2021 5:00,"49,158.84",22.38841,-27028.85,-2.52%,1270.09,0.12%,-31337.51,-2.92%,46530.89,-2.52%
1175,Entry short,SHORT,12/5/2021 23:00,"47,951.57",22.38841,-27028.85,-2.52%,1270.09,0.12%,-31337.51,-2.92%,46530.89,-2.52%
1176,Exit long,SHORT,12/6/2021 15:00,"48,412.66",21.28877,-15885.25,-1.52%,8256.85,0.79%,-30396.96,-2.90%,30645.63,-1.52%
1176,Entry long,LONG,12/6/2021 5:00,"49,158.84",21.28877,-15885.25,-1.52%,8256.85,0.79%,-30396.96,-2.90%,30645.63,-1.52%
1177,Exit short,LONG,12/7/2021 0:00,"49,130.62",21.28876,-15284.48,-1.48%,27944.9,2.71%,-21227.66,-2.06%,15361.15,-1.48%
1177,Entry short,SHORT,12/6/2021 15:00,"48,412.66",21.28876,-15284.48,-1.48%,27944.9,2.71%,-21227.66,-2.06%,15361.15,-1.48%
1178,Exit long,SHORT,12/8/2021 4:00,"50,441.59",20.66733,27094.25,2.67%,57986.54,5.71%,-7659.73,-0.75%,42455.4,2.67%
1178,Entry long,LONG,12/7/2021 0:00,"49,130.62",20.66733,27094.25,2.67%,57986.54,5.71%,-7659.73,-0.75%,42455.4,2.67%
1179,Exit short,LONG,12/10/2021 20:00,"49,092.20",20.66658,27887.28,2.68%,64512.59,6.19%,-15673.74,-1.50%,70342.68,2.68%
1179,Entry short,SHORT,12/8/2021 4:00,"50,441.59",20.66658,27887.28,2.68%,64512.59,6.19%,-15673.74,-1.50%,70342.68,2.68%
1180,Exit long,SHORT,12/11/2021 2:00,"47,822.76",21.80756,-27683.39,-2.59%,22522.85,2.10%,-40150.77,-3.75%,42659.29,-2.59%
1180,Entry long,LONG,12/10/2021 20:00,"49,092.20",21.80756,-27683.39,-2.59%,22522.85,2.10%,-40150.77,-3.75%,42659.29,-2.59%
1181,Exit short,LONG,12/11/2021 4:00,"48,430.69",21.80257,-13254.44,-1.27%,8367.83,0.80%,-13991.15,-1.34%,29404.86,-1.27%
1181,Entry short,SHORT,12/11/2021 2:00,"47,822.76",21.80257,-13254.44,-1.27%,8367.83,0.80%,-13991.15,-1.34%,29404.86,-1.27%
1182,Exit long,SHORT,12/11/2021 6:00,"47,528.12",21.25521,-19184.31,-1.86%,1951.44,0.19%,-20844.56,-2.02%,10220.54,-1.86%
1182,Entry long,LONG,12/11/2021 4:00,"48,430.69",21.25521,-19184.31,-1.86%,1951.44,0.19%,-20844.56,-2.02%,10220.54,-1.86%
1183,Exit short,LONG,12/11/2021 12:00,"48,530.63",21.25521,-21308.56,-2.11%,16517.85,1.64%,-24562.1,-2.43%,-11088.02,-2.11%
1183,Entry short,SHORT,12/11/2021 6:00,"47,528.12",21.25521,-21308.56,-2.11%,16517.85,1.64%,-24562.1,-2.43%,-11088.02,-2.11%
1184,Exit long,SHORT,12/11/2021 19:00,"48,240.43",20.37706,-5913.42,-0.60%,7526.68,0.76%,-15594.56,-1.58%,-17001.44,-0.60%
1184,Entry long,LONG,12/11/2021 12:00,"48,530.63",20.37706,-5913.42,-0.60%,7526.68,0.76%,-15594.56,-1.58%,-17001.44,-0.60%
1185,Exit short,LONG,12/11/2021 20:00,"48,517.58",20.37706,-5647.5,-0.57%,1101.38,0.11%,-6744.6,-0.69%,-22648.94,-0.57%
1185,Entry short,SHORT,12/11/2021 19:00,"48,240.43",20.37706,-5647.5,-0.57%,1101.38,0.11%,-6744.6,-0.69%,-22648.94,-0.57%
1186,Exit long,SHORT,12/12/2021 17:00,"48,806.39",20.14426,5817.86,0.60%,23817.97,2.44%,-7203.18,-0.74%,-16831.08,0.60%
1186,Entry long,LONG,12/11/2021 20:00,"48,517.58",20.14426,5817.86,0.60%,23817.97,2.44%,-7203.18,-0.74%,-16831.08,0.60%
1187,Exit short,LONG,12/12/2021 20:00,"49,513.38",20.14426,-14241.79,-1.45%,3392.09,0.35%,-16648.83,-1.69%,-31072.87,-1.45%
1187,Entry short,SHORT,12/12/2021 17:00,"48,806.39",20.14426,-14241.79,-1.45%,3392.09,0.35%,-16648.83,-1.69%,-31072.87,-1.45%
1188,Exit long,SHORT,12/13/2021 10:00,"48,770.42",19.56899,-14538.98,-1.50%,24727.77,2.55%,-21198.11,-2.19%,-45611.85,-1.50%
1188,Entry long,LONG,12/12/2021 20:00,"49,513.38",19.56899,-14538.98,-1.50%,24727.77,2.55%,-21198.11,-2.19%,-45611.85,-1.50%
1189,Exit short,LONG,12/14/2021 18:00,"47,345.50",19.56899,27884.25,2.92%,60618.27,6.35%,-11359.41,-1.19%,-17727.6,2.92%
1189,Entry short,SHORT,12/13/2021 10:00,"48,770.42",19.56899,27884.25,2.92%,60618.27,6.35%,-11359.41,-1.19%,-17727.6,2.92%
1190,Exit long,SHORT,12/15/2021 0:00,"46,739.58",20.7469,-12570.96,-1.28%,12744.2,1.30%,-16870.34,-1.72%,-30298.57,-1.28%
1190,Entry long,LONG,12/14/2021 18:00,"47,345.50",20.7469,-12570.96,-1.28%,12744.2,1.30%,-16870.34,-1.72%,-30298.57,-1.28%
1191,Exit short,LONG,12/15/2021 6:00,"48,268.01",20.7469,-31710.18,-3.27%,6425.32,0.66%,-40681.14,-4.20%,-62008.75,-3.27%
1191,Entry short,SHORT,12/15/2021 0:00,"46,739.58",20.7469,-31710.18,-3.27%,6425.32,0.66%,-40681.14,-4.20%,-62008.75,-3.27%
1192,Exit long,SHORT,12/15/2021 19:00,"48,132.54",19.43298,-2632.59,-0.28%,11309.8,1.21%,-8395.24,-0.90%,-64641.34,-0.28%
1192,Entry long,LONG,12/15/2021 6:00,"48,268.01",19.43298,-2632.59,-0.28%,11309.8,1.21%,-8395.24,-0.90%,-64641.34,-0.28%
1193,Exit short,LONG,12/16/2021 5:00,"49,168.89",19.43297,-20139.36,-2.15%,30811.75,3.29%,-26573.81,-2.84%,-84780.69,-2.15%
1193,Entry short,SHORT,12/15/2021 19:00,"48,132.54",19.43297,-20139.36,-2.15%,30811.75,3.29%,-26573.81,-2.84%,-84780.69,-2.15%
1194,Exit long,SHORT,12/17/2021 1:00,"48,084.15",18.61378,-20191.11,-2.21%,4979.93,0.54%,-20640.63,-2.26%,-104971.8,-2.21%
1194,Entry long,LONG,12/16/2021 5:00,"49,168.89",18.61378,-20191.11,-2.21%,4979.93,0.54%,-20640.63,-2.26%,-104971.8,-2.21%
1195,Exit short,LONG,12/18/2021 18:00,"47,309.56",18.61378,14418.05,1.61%,48919.81,5.47%,-5647.23,-0.63%,-90553.76,1.61%
1195,Entry short,SHORT,12/17/2021 1:00,"48,084.15",18.61378,14418.05,1.61%,48919.81,5.47%,-5647.23,-0.63%,-90553.76,1.61%
1196,Exit long,SHORT,12/19/2021 1:00,"46,665.13",19.22329,-12388.06,-1.36%,951.17,0.10%,-14393.05,-1.58%,-102941.82,-1.36%
1196,Entry long,LONG,12/18/2021 18:00,"47,309.56",19.22329,-12388.06,-1.36%,951.17,0.10%,-14393.05,-1.58%,-102941.82,-1.36%
1197,Exit short,LONG,12/19/2021 7:00,"46,834.47",19.2233,-3255.27,-0.36%,6526.7,0.73%,-8359.64,-0.93%,-106197.09,-0.36%
1197,Entry short,SHORT,12/19/2021 1:00,"46,665.13",19.2233,-3255.27,-0.36%,6526.7,0.73%,-8359.64,-0.93%,-106197.09,-0.36%
1198,Exit long,SHORT,12/19/2021 8:00,"46,664.33",19.08428,-3247,-0.36%,1015.67,0.11%,-5428.91,-0.61%,-109444.09,-0.36%
1198,Entry long,LONG,12/19/2021 7:00,"46,834.47",19.08428,-3247,-0.36%,1015.67,0.11%,-5428.91,-0.61%,-109444.09,-0.36%
1199,Exit short,LONG,12/19/2021 11:00,"47,714.61",19.08429,-20043.85,-2.25%,4912.68,0.55%,-25313.78,-2.84%,-129487.94,-2.25%
1199,Entry short,SHORT,12/19/2021 8:00,"46,664.33",19.08429,-20043.85,-2.25%,4912.68,0.55%,-25313.78,-2.84%,-129487.94,-2.25%
1200,Exit long,SHORT,12/19/2021 17:00,"47,102.02",18.24588,-11177.24,-1.28%,6560.31,0.75%,-13038.69,-1.50%,-140665.19,-1.28%
1200,Entry long,LONG,12/19/2021 11:00,"47,714.61",18.24588,-11177.24,-1.28%,6560.31,0.75%,-13038.69,-1.50%,-140665.19,-1.28%
1201,Exit short,LONG,12/21/2021 4:00,"47,020.99",18.24411,1478.32,0.17%,28153.76,3.28%,-21856.26,-2.54%,-139186.88,0.17%
1201,Entry short,SHORT,12/19/2021 17:00,"47,102.02",18.24411,1478.32,0.17%,28153.76,3.28%,-21856.26,-2.54%,-139186.88,0.17%
1202,Exit long,SHORT,12/22/2021 3:00,"48,619.80",18.30697,29269.37,3.40%,42251.94,4.91%,-7157.84,-0.83%,-109917.5,3.40%
1202,Entry long,LONG,12/21/2021 4:00,"47,020.99",18.30697,29269.37,3.40%,42251.94,4.91%,-7157.84,-0.83%,-109917.5,3.40%
1203,Exit short,LONG,12/22/2021 5:00,"49,084.24",18.30699,-8502.5,-0.96%,2898.55,0.33%,-10200.66,-1.15%,-118420,-0.96%
1203,Entry short,SHORT,12/22/2021 3:00,"48,619.80",18.30699,-8502.5,-0.96%,2898.55,0.33%,-10200.66,-1.15%,-118420,-0.96%
1204,Exit long,SHORT,12/22/2021 20:00,"48,578.36",17.96054,-9085.88,-1.03%,8834.61,1.00%,-10277.74,-1.17%,-127505.87,-1.03%
1204,Entry long,LONG,12/22/2021 5:00,"49,084.24",17.96054,-9085.88,-1.03%,8834.61,1.00%,-10277.74,-1.17%,-127505.87,-1.03%
1205,Exit short,LONG,12/23/2021 20:00,"48,616.94",17.96055,-692.92,-0.08%,11816.96,1.35%,-11987.77,-1.37%,-128198.8,-0.08%
1205,Entry short,SHORT,12/22/2021 20:00,"48,578.36",17.96055,-692.92,-0.08%,11816.96,1.35%,-11987.77,-1.37%,-128198.8,-0.08%
1206,Exit long,SHORT,12/25/2021 17:00,"50,807.39",17.93205,39279.26,4.51%,57258.11,6.57%,-2742.53,-0.31%,-88919.54,4.51%
1206,Entry long,LONG,12/23/2021 20:00,"48,616.94",17.93205,39279.26,4.51%,57258.11,6.57%,-2742.53,-0.31%,-88919.54,4.51%
1207,Exit short,LONG,12/27/2021 0:00,"50,240.53",17.93204,10164.96,1.12%,25022.19,2.75%,-6255.41,-0.69%,-78754.58,1.12%
1207,Entry short,SHORT,12/25/2021 17:00,"50,807.39",17.93204,10164.96,1.12%,25022.19,2.75%,-6255.41,-0.69%,-78754.58,1.12%
1208,Exit long,SHORT,12/28/2021 7:00,"50,701.44",18.33669,8451.56,0.92%,33876.48,3.68%,-5974.09,-0.65%,-70303.02,0.92%
1208,Entry long,LONG,12/27/2021 0:00,"50,240.53",18.33669,8451.56,0.92%,33876.48,3.68%,-5974.09,-0.65%,-70303.02,0.92%
1209,Exit short,LONG,12/29/2021 23:00,"47,959.36",18.33669,50280.67,5.41%,75452.18,8.12%,-47.86,-0.01%,-20022.35,5.41%
1209,Entry short,SHORT,12/28/2021 7:00,"50,701.44",18.33669,50280.67,5.41%,75452.18,8.12%,-47.86,-0.01%,-20022.35,5.41%
1210,Exit long,SHORT,12/30/2021 5:00,"47,230.00",20.4335,-14903.38,-1.52%,1625.69,0.17%,-19107.16,-1.95%,-34925.72,-1.52%
1210,Entry long,LONG,12/29/2021 23:00,"47,959.36",20.4335,-14903.38,-1.52%,1625.69,0.17%,-19107.16,-1.95%,-34925.72,-1.52%
1211,Exit short,LONG,12/30/2021 15:00,"46,980.71",20.4335,5093.87,0.53%,27176.56,2.82%,-5279.61,-0.55%,-29831.85,0.53%
1211,Entry short,SHORT,12/30/2021 5:00,"47,230.00",20.4335,5093.87,0.53%,27176.56,2.82%,-5279.61,-0.55%,-29831.85,0.53%
1212,Exit long,SHORT,12/30/2021 17:00,"46,753.42",20.65035,-4693.62,-0.48%,4426.61,0.46%,-5373.22,-0.55%,-34525.47,-0.48%
1212,Entry long,LONG,12/30/2021 15:00,"46,980.71",20.65035,-4693.62,-0.48%,4426.61,0.46%,-5373.22,-0.55%,-34525.47,-0.48%
1213,Exit short,LONG,12/30/2021 18:00,"46,952.91",20.65035,-4119.54,-0.43%,1947.12,0.20%,-4326.45,-0.45%,-38645.01,-0.43%
1213,Entry short,SHORT,12/30/2021 17:00,"46,753.42",20.65035,-4119.54,-0.43%,1947.12,0.20%,-4326.45,-0.45%,-38645.01,-0.43%
1214,Exit long,SHORT,12/31/2021 7:00,"47,120.88",20.47487,3439.16,0.36%,19391.54,2.02%,-4584.53,-0.48%,-35205.85,0.36%
1214,Entry long,LONG,12/30/2021 18:00,"46,952.91",20.47487,3439.16,0.36%,19391.54,2.02%,-4584.53,-0.48%,-35205.85,0.36%
1215,Exit short,LONG,12/31/2021 13:00,"47,280.01",20.47487,-3258.17,-0.34%,6050.32,0.63%,-7762.43,-0.80%,-38464.02,-0.34%
1215,Entry short,SHORT,12/31/2021 7:00,"47,120.88",20.47487,-3258.17,-0.34%,6050.32,0.63%,-7762.43,-0.80%,-38464.02,-0.34%
1216,Exit long,SHORT,12/31/2021 20:00,"47,978.92",20.33705,14213.77,1.48%,25792.46,2.68%,-9012.36,-0.94%,-24250.25,1.48%
1216,Entry long,LONG,12/31/2021 13:00,"47,280.01",20.33705,14213.77,1.48%,25792.46,2.68%,-9012.36,-0.94%,-24250.25,1.48%
1217,Exit short,LONG,1/2/2022 1:00,"47,754.47",20.33705,4564.65,0.47%,46793.93,4.80%,-3886,-0.40%,-19685.6,0.47%
1217,Entry short,SHORT,12/31/2021 20:00,"47,978.92",20.33705,4564.65,0.47%,46793.93,4.80%,-3886,-0.40%,-19685.6,0.47%
1218,Exit long,SHORT,1/2/2022 6:00,"47,440.74",20.52821,-6440.32,-0.66%,1857.8,0.19%,-10926.14,-1.11%,-26125.91,-0.66%
1218,Entry long,LONG,1/2/2022 1:00,"47,754.47",20.52821,-6440.32,-0.66%,1857.8,0.19%,-10926.14,-1.11%,-26125.91,-0.66%
1219,Exit short,LONG,1/2/2022 7:00,"47,722.66",20.52822,-5787.32,-0.59%,3345.48,0.34%,-7662.36,-0.79%,-31913.23,-0.59%
1219,Entry short,SHORT,1/2/2022 6:00,"47,440.74",20.52822,-5787.32,-0.59%,3345.48,0.34%,-7662.36,-0.79%,-31913.23,-0.59%
1220,Exit long,SHORT,1/2/2022 9:00,"47,377.97",20.28569,-6992.27,-0.72%,554.61,0.06%,-8261.96,-0.85%,-38905.5,-0.72%
1220,Entry long,LONG,1/2/2022 7:00,"47,722.66",20.28569,-6992.27,-0.72%,554.61,0.06%,-8261.96,-0.85%,-38905.5,-0.72%
1221,Exit short,LONG,1/3/2022 0:00,"47,792.29",20.28568,-8404.76,-0.87%,12328.42,1.28%,-10305.73,-1.07%,-47310.27,-0.87%
1221,Entry short,SHORT,1/2/2022 9:00,"47,377.97",20.28568,-8404.76,-0.87%,12328.42,1.28%,-10305.73,-1.07%,-47310.27,-0.87%
1222,Exit long,SHORT,1/3/2022 3:00,"46,907.67",19.93395,-17633.97,-1.85%,3941.14,0.41%,-22690.61,-2.38%,-64944.23,-1.85%
1222,Entry long,LONG,1/3/2022 0:00,"47,792.29",19.93395,-17633.97,-1.85%,3941.14,0.41%,-22690.61,-2.38%,-64944.23,-1.85%
1223,Exit short,LONG,1/3/2022 19:00,"47,378.00",19.93396,-9375.54,-1.00%,3693.36,0.39%,-11196.31,-1.20%,-74319.77,-1.00%
1223,Entry short,SHORT,1/3/2022 3:00,"46,907.67",19.93396,-9375.54,-1.00%,3693.36,0.39%,-11196.31,-1.20%,-74319.77,-1.00%
1224,Exit long,SHORT,1/3/2022 22:00,"46,874.53",19.53818,-9836.89,-1.06%,3751.33,0.41%,-11976.9,-1.29%,-84156.66,-1.06%
1224,Entry long,LONG,1/3/2022 19:00,"47,378.00",19.53818,-9836.89,-1.06%,3751.33,0.41%,-11976.9,-1.29%,-84156.66,-1.06%
1225,Exit short,LONG,1/4/2022 19:00,"46,733.78",19.53818,2750,0.30%,23026.33,2.51%,-2803.14,-0.31%,-81406.66,0.30%
1225,Entry short,SHORT,1/3/2022 22:00,"46,874.53",19.53818,2750,0.30%,23026.33,2.51%,-2803.14,-0.31%,-81406.66,0.30%
1226,Exit long,SHORT,1/5/2022 3:00,"46,052.35",19.65588,-13394.11,-1.46%,16191.73,1.76%,-24251.03,-2.64%,-94800.77,-1.46%
1226,Entry long,LONG,1/4/2022 19:00,"46,733.78",19.65588,-13394.11,-1.46%,16191.73,1.76%,-24251.03,-2.64%,-94800.77,-1.46%
1227,Exit short,LONG,1/5/2022 12:00,"46,419.00",19.65587,-7206.82,-0.80%,6489.19,0.72%,-9762.09,-1.08%,-102007.59,-0.80%
1227,Entry short,SHORT,1/5/2022 3:00,"46,052.35",19.65587,-7206.82,-0.80%,6489.19,0.72%,-9762.09,-1.08%,-102007.59,-0.80%
1228,Exit long,SHORT,1/6/2022 3:00,"44,685.93",19.34916,-33533.45,-3.73%,12596.3,1.40%,-37131.04,-4.13%,-135541.05,-3.73%
1228,Entry long,LONG,1/5/2022 12:00,"46,419.00",19.34916,-33533.45,-3.73%,12596.3,1.40%,-37131.04,-4.13%,-135541.05,-3.73%
1229,Exit short,LONG,1/7/2022 2:00,"43,369.04",19.34521,25475.51,2.95%,43630.22,5.05%,-3135.08,-0.36%,-110065.53,2.95%
1229,Entry short,SHORT,1/6/2022 3:00,"44,685.93",19.34521,25475.51,2.95%,43630.22,5.05%,-3135.08,-0.36%,-110065.53,2.95%
1230,Exit long,SHORT,1/7/2022 8:00,"42,788.15",20.52004,-11919.89,-1.34%,4355.58,0.49%,-12948.97,-1.46%,-121985.41,-1.34%
1230,Entry long,LONG,1/7/2022 2:00,"43,369.04",20.52004,-11919.89,-1.34%,4355.58,0.49%,-12948.97,-1.46%,-121985.41,-1.34%
1231,Exit short,LONG,1/8/2022 3:00,"41,775.38",20.52004,20782.08,2.37%,44695.73,5.09%,-4973.03,-0.57%,-101203.34,2.37%
1231,Entry short,SHORT,1/7/2022 8:00,"42,788.15",20.52004,20782.08,2.37%,44695.73,5.09%,-4973.03,-0.57%,-101203.34,2.37%
1232,Exit long,SHORT,1/8/2022 23:00,"41,609.60",21.51498,-3566.75,-0.40%,10133.34,1.13%,-9435.61,-1.05%,-104770.09,-0.40%
1232,Entry long,LONG,1/8/2022 3:00,"41,775.38",21.51498,-3566.75,-0.40%,10133.34,1.13%,-9435.61,-1.05%,-104770.09,-0.40%
1233,Exit short,LONG,1/9/2022 11:00,"41,833.90",21.51498,-4825.81,-0.54%,23851.51,2.66%,-14853.94,-1.66%,-109595.9,-0.54%
1233,Entry short,SHORT,1/8/2022 23:00,"41,609.60",21.51498,-4825.81,-0.54%,23851.51,2.66%,-14853.94,-1.66%,-109595.9,-0.54%
1234,Exit long,SHORT,1/9/2022 17:00,"41,510.00",21.28428,-6893.98,-0.77%,5734.2,0.64%,-7738.11,-0.87%,-116489.87,-0.77%
1234,Entry long,LONG,1/9/2022 11:00,"41,833.90",21.28428,-6893.98,-0.77%,5734.2,0.64%,-7738.11,-0.87%,-116489.87,-0.77%
1235,Exit short,LONG,1/10/2022 0:00,"42,143.05",21.28427,-13474.01,-1.53%,6597.7,0.75%,-13542.12,-1.53%,-129963.88,-1.53%
1235,Entry short,SHORT,1/9/2022 17:00,"41,510.00",21.28427,-13474.01,-1.53%,6597.7,0.75%,-13542.12,-1.53%,-129963.88,-1.53%
1236,Exit long,SHORT,1/10/2022 8:00,"41,655.18",20.64484,-10072,-1.16%,13288.05,1.53%,-10722.52,-1.23%,-140035.88,-1.16%
1236,Entry long,LONG,1/10/2022 0:00,"42,143.05",20.64484,-10072,-1.16%,13288.05,1.53%,-10722.52,-1.23%,-140035.88,-1.16%
1237,Exit short,LONG,1/11/2022 10:00,"42,173.77",20.64483,-10706.2,-1.24%,41396.6,4.81%,-15376.89,-1.79%,-150742.08,-1.24%
1237,Entry short,SHORT,1/10/2022 8:00,"41,655.18",20.64483,-10706.2,-1.24%,41396.6,4.81%,-15376.89,-1.79%,-150742.08,-1.24%
1238,Exit long,SHORT,1/11/2022 18:00,"41,631.02",20.13711,-10929.42,-1.29%,9140.03,1.08%,-12057.5,-1.42%,-161671.5,-1.29%
1238,Entry long,LONG,1/11/2022 10:00,"42,173.77",20.13711,-10929.42,-1.29%,9140.03,1.08%,-12057.5,-1.42%,-161671.5,-1.29%
1239,Exit short,LONG,1/12/2022 2:00,"42,754.99",20.13711,-22633.51,-2.70%,7291.45,0.87%,-29581.01,-3.53%,-184305,-2.70%
1239,Entry short,SHORT,1/11/2022 18:00,"41,631.02",20.13711,-22633.51,-2.70%,7291.45,0.87%,-29581.01,-3.53%,-184305,-2.70%
1240,Exit long,SHORT,1/12/2022 10:00,"42,559.34",19.07834,-3732.68,-0.46%,6491.79,0.80%,-5818.7,-0.71%,-188037.69,-0.46%
1240,Entry long,LONG,1/12/2022 2:00,"42,754.99",19.07834,-3732.68,-0.46%,6491.79,0.80%,-5818.7,-0.71%,-188037.69,-0.46%
1241,Exit short,LONG,1/12/2022 19:00,"42,935.92",19.07835,-7184.52,-0.88%,1835.53,0.23%,-16870.22,-2.08%,-195222.2,-0.88%
1241,Entry short,SHORT,1/12/2022 10:00,"42,559.34",19.07835,-7184.52,-0.88%,1835.53,0.23%,-16870.22,-2.08%,-195222.2,-0.88%
1242,Exit long,SHORT,1/13/2022 11:00,"43,505.99",18.74369,10685.22,1.33%,25980.25,3.23%,-1160.42,-0.14%,-184537,1.33%
1242,Entry long,LONG,1/12/2022 19:00,"42,935.92",18.74369,10685.22,1.33%,25980.25,3.23%,-1160.42,-0.14%,-184537,1.33%
1243,Exit short,LONG,1/13/2022 16:00,"43,896.43",18.74369,-7318.29,-0.90%,427.17,0.05%,-7353.9,-0.90%,-191855.28,-0.90%
1243,Entry short,SHORT,1/13/2022 11:00,"43,505.99",18.74369,-7318.29,-0.90%,427.17,0.05%,-7353.9,-0.90%,-191855.28,-0.90%
1244,Exit long,SHORT,1/14/2022 2:00,"42,709.29",18.41025,-21855.54,-2.70%,11111.88,1.37%,-24511.77,-3.03%,-213710.83,-2.70%
1244,Entry long,LONG,1/13/2022 16:00,"43,896.43",18.41025,-21855.54,-2.70%,11111.88,1.37%,-24511.77,-3.03%,-213710.83,-2.70%
1245,Exit short,LONG,1/14/2022 14:00,"42,810.22",18.41026,-1858.15,-0.24%,7328.57,0.93%,-4948.86,-0.63%,-215568.97,-0.24%
1245,Entry short,SHORT,1/14/2022 2:00,"42,709.29",18.41026,-1858.15,-0.24%,7328.57,0.93%,-4948.86,-0.63%,-215568.97,-0.24%
1246,Exit long,SHORT,1/14/2022 15:00,"42,660.00",18.32345,-2752.55,-0.35%,1399.18,0.18%,-3852.14,-0.49%,-218321.52,-0.35%
1246,Entry long,LONG,1/14/2022 14:00,"42,810.22",18.32345,-2752.55,-0.35%,1399.18,0.18%,-3852.14,-0.49%,-218321.52,-0.35%
1247,Exit short,LONG,1/15/2022 0:00,"43,201.06",18.32345,-9914.09,-1.27%,17115.02,2.19%,-12595.91,-1.61%,-228235.61,-1.27%
1247,Entry short,SHORT,1/14/2022 15:00,"42,660.00",18.32345,-9914.09,-1.27%,17115.02,2.19%,-12595.91,-1.61%,-228235.61,-1.27%
1248,Exit long,SHORT,1/15/2022 12:00,"42,907.72",17.86447,-5240.36,-0.68%,4425.39,0.57%,-8720,-1.13%,-233475.97,-0.68%
1248,Entry long,LONG,1/15/2022 0:00,"43,201.06",17.86447,-5240.36,-0.68%,4425.39,0.57%,-8720,-1.13%,-233475.97,-0.68%
1249,Exit short,LONG,1/15/2022 14:00,"43,068.40",17.86447,-2870.46,-0.37%,1554.92,0.20%,-3431.59,-0.45%,-236346.44,-0.37%
1249,Entry short,SHORT,1/15/2022 12:00,"42,907.72",17.86447,-2870.46,-0.37%,1554.92,0.20%,-3431.59,-0.45%,-236346.44,-0.37%
1250,Exit long,SHORT,1/15/2022 21:00,"42,906.51",17.73118,-2870.5,-0.38%,3819.83,0.50%,-9103.19,-1.19%,-239216.94,-0.38%
1250,Entry long,LONG,1/15/2022 14:00,"43,068.40",17.73118,-2870.5,-0.38%,3819.83,0.50%,-9103.19,-1.19%,-239216.94,-0.38%
1251,Exit short,LONG,1/15/2022 22:00,"43,186.47",17.73118,-4964.02,-0.65%,3038.24,0.40%,-7243.01,-0.95%,-244180.95,-0.65%
1251,Entry short,SHORT,1/15/2022 21:00,"42,906.51",17.73118,-4964.02,-0.65%,3038.24,0.40%,-7243.01,-0.95%,-244180.95,-0.65%
1252,Exit long,SHORT,1/16/2022 8:00,"43,069.69",17.50128,-2043.8,-0.27%,10737.56,1.42%,-3423.95,-0.45%,-246224.75,-0.27%
1252,Entry long,LONG,1/15/2022 22:00,"43,186.47",17.50128,-2043.8,-0.27%,10737.56,1.42%,-3423.95,-0.45%,-246224.75,-0.27%
1253,Exit short,LONG,1/17/2022 0:00,"43,381.46",17.50129,-5456.38,-0.72%,8538.88,1.13%,-7093.45,-0.94%,-251681.12,-0.72%
1253,Entry short,SHORT,1/16/2022 8:00,"43,069.69",17.50129,-5456.38,-0.72%,8538.88,1.13%,-7093.45,-0.94%,-251681.12,-0.72%
1254,Exit long,SHORT,1/17/2022 5:00,"42,951.02",17.24974,-7424.98,-0.99%,817.12,0.11%,-10888.21,-1.46%,-259106.11,-0.99%
1254,Entry long,LONG,1/17/2022 0:00,"43,381.46",17.24974,-7424.98,-0.99%,817.12,0.11%,-10888.21,-1.46%,-259106.11,-0.99%
1255,Exit short,LONG,1/19/2022 5:00,"42,369.92",17.24973,10023.82,1.35%,29342.14,3.96%,-5384.16,-0.73%,-249082.3,1.35%
1255,Entry short,SHORT,1/17/2022 5:00,"42,951.02",17.24973,10023.82,1.35%,29342.14,3.96%,-5384.16,-0.73%,-249082.3,1.35%
1256,Exit long,SHORT,1/19/2022 13:00,"41,765.99",17.72289,-10703.38,-1.43%,5690.47,0.76%,-13946.67,-1.86%,-259785.67,-1.43%
1256,Entry long,LONG,1/19/2022 5:00,"42,369.92",17.72289,-10703.38,-1.43%,5690.47,0.76%,-13946.67,-1.86%,-259785.67,-1.43%
1257,Exit short,LONG,1/19/2022 20:00,"42,094.99",17.72289,-5830.83,-0.79%,11119.87,1.50%,-8980.54,-1.21%,-265616.5,-0.79%
1257,Entry short,SHORT,1/19/2022 13:00,"41,765.99",17.72289,-5830.83,-0.79%,11119.87,1.50%,-8980.54,-1.21%,-265616.5,-0.79%
1258,Exit long,SHORT,1/21/2022 6:00,"41,164.57",17.44586,-16231.98,-2.21%,24598.84,3.35%,-21545.46,-2.93%,-281848.5,-2.21%
1258,Entry long,LONG,1/19/2022 20:00,"42,094.99",17.44586,-16231.98,-2.21%,24598.84,3.35%,-21545.46,-2.93%,-281848.5,-2.21%
1259,Exit short,LONG,1/23/2022 12:00,"35,217.65",17.44586,103749.13,14.45%,124852.52,17.39%,-215.63,-0.03%,-178099.34,14.45%
1259,Entry short,SHORT,1/21/2022 6:00,"41,164.57",17.44586,103749.13,14.45%,124852.52,17.39%,-215.63,-0.03%,-178099.34,14.45%
1260,Exit long,SHORT,1/24/2022 3:00,"34,775.45",23.33773,-10319.94,-1.26%,21776.67,2.65%,-14390.98,-1.75%,-188419.3,-1.26%
1260,Entry long,LONG,1/23/2022 12:00,"35,217.65",23.33773,-10319.94,-1.26%,21776.67,2.65%,-14390.98,-1.75%,-188419.3,-1.26%
1261,Exit short,LONG,1/24/2022 7:00,"36,244.55",23.33774,-34285.47,-4.22%,1583.93,0.20%,-40223.76,-4.96%,-222704.77,-4.22%
1261,Entry short,SHORT,1/24/2022 3:00,"34,775.45",23.33774,-34285.47,-4.22%,1583.93,0.20%,-40223.76,-4.96%,-222704.77,-4.22%
1262,Exit long,SHORT,1/24/2022 11:00,"35,338.25",21.44585,-19436.37,-2.50%,149.05,0.02%,-23248.16,-2.99%,-242141.14,-2.50%
1262,Entry long,LONG,1/24/2022 7:00,"36,244.55",21.44585,-19436.37,-2.50%,149.05,0.02%,-23248.16,-2.99%,-242141.14,-2.50%
1263,Exit short,LONG,1/25/2022 2:00,"36,179.99",21.44585,-18051.83,-2.38%,51922.12,6.85%,-23542.18,-3.11%,-260192.97,-2.38%
1263,Entry short,SHORT,1/24/2022 11:00,"35,338.25",21.44585,-18051.83,-2.38%,51922.12,6.85%,-23542.18,-3.11%,-260192.97,-2.38%
1264,Exit long,SHORT,1/27/2022 4:00,"37,015.05",20.44796,17075.27,2.31%,56027.21,7.57%,-10795.5,-1.46%,-243117.7,2.31%
1264,Entry long,LONG,1/25/2022 2:00,"36,179.99",20.44796,17075.27,2.31%,56027.21,7.57%,-10795.5,-1.46%,-243117.7,2.31%
1265,Exit short,LONG,1/27/2022 17:00,"36,525.84",20.44796,10003.35,1.32%,30836.34,4.07%,-3410.72,-0.45%,-233114.36,1.32%
1265,Entry short,SHORT,1/27/2022 4:00,"37,015.05",20.44796,10003.35,1.32%,30836.34,4.07%,-3410.72,-0.45%,-233114.36,1.32%
1266,Exit long,SHORT,1/28/2022 3:00,"36,209.19",20.99569,-6648.28,-0.87%,14133.46,1.84%,-13479.65,-1.76%,-239762.64,-0.87%
1266,Entry long,LONG,1/27/2022 17:00,"36,525.84",20.99569,-6648.28,-0.87%,14133.46,1.84%,-13479.65,-1.76%,-239762.64,-0.87%
1267,Exit short,LONG,1/28/2022 7:00,"37,160.11",20.9957,-19965.23,-2.63%,14076.36,1.85%,-21526.47,-2.83%,-259727.88,-2.63%
1267,Entry short,SHORT,1/28/2022 3:00,"36,209.19",20.9957,-19965.23,-2.63%,14076.36,1.85%,-21526.47,-2.83%,-259727.88,-2.63%
1268,Exit long,SHORT,1/28/2022 17:00,"36,486.10",19.92116,-13427.06,-1.81%,6771,0.91%,-15113.59,-2.04%,-273154.94,-1.81%
1268,Entry long,LONG,1/28/2022 7:00,"37,160.11",19.92116,-13427.06,-1.81%,6771,0.91%,-15113.59,-2.04%,-273154.94,-1.81%
1269,Exit short,LONG,1/29/2022 2:00,"37,050.56",19.92114,-11244.69,-1.55%,6595.69,0.91%,-17741.77,-2.44%,-284399.62,-1.55%
1269,Entry short,SHORT,1/28/2022 17:00,"36,486.10",19.92114,-11244.69,-1.55%,6595.69,0.91%,-17741.77,-2.44%,-284399.62,-1.55%
1270,Exit long,SHORT,1/30/2022 17:00,"37,889.49",19.31414,16203.21,2.26%,32258.09,4.51%,-5514.38,-0.77%,-268196.4,2.26%
1270,Entry long,LONG,1/29/2022 2:00,"37,050.56",19.31414,16203.21,2.26%,32258.09,4.51%,-5514.38,-0.77%,-268196.4,2.26%
1271,Exit short,LONG,1/31/2022 15:00,"37,121.84",19.31415,14826.51,2.03%,24275.57,3.32%,-7139.48,-0.98%,-253369.89,2.03%
1271,Entry short,SHORT,1/30/2022 17:00,"37,889.49",19.31415,14826.51,2.03%,24275.57,3.32%,-7139.48,-0.98%,-253369.89,2.03%
1272,Exit long,SHORT,2/2/2022 9:00,"38,439.76",20.11297,26507.29,3.55%,43109.34,5.77%,-8001.74,-1.07%,-226862.61,3.55%
1272,Entry long,LONG,1/31/2022 15:00,"37,121.84",20.11297,26507.29,3.55%,43109.34,5.77%,-8001.74,-1.07%,-226862.61,3.55%
1273,Exit short,LONG,2/2/2022 20:00,"38,724.00",20.11296,-5716.91,-0.74%,4894.29,0.63%,-6710.69,-0.87%,-232579.52,-0.74%
1273,Entry short,SHORT,2/2/2022 9:00,"38,439.76",20.11296,-5716.91,-0.74%,4894.29,0.63%,-6710.69,-0.87%,-232579.52,-0.74%
1274,Exit long,SHORT,2/2/2022 23:00,"37,429.78",19.8177,-25648.46,-3.34%,956.01,0.12%,-27001.81,-3.52%,-258227.98,-3.34%
1274,Entry long,LONG,2/2/2022 20:00,"38,724.00",19.8177,-25648.46,-3.34%,956.01,0.12%,-27001.81,-3.52%,-258227.98,-3.34%
1275,Exit short,LONG,2/4/2022 8:00,"37,180.52",19.81769,4939.76,0.67%,23380.51,3.15%,-4846.61,-0.65%,-253288.23,0.67%
1275,Entry short,SHORT,2/2/2022 23:00,"37,429.78",19.81769,4939.76,0.67%,23380.51,3.15%,-4846.61,-0.65%,-253288.23,0.67%
1276,Exit long,SHORT,2/9/2022 0:00,"43,017.00",20.0834,117216.36,15.70%,166922.78,22.35%,-3088.63,-0.41%,-136071.86,15.70%
1276,Entry long,LONG,2/4/2022 8:00,"37,180.52",20.0834,117216.36,15.70%,166922.78,22.35%,-3088.63,-0.41%,-136071.86,15.70%
1277,Exit short,LONG,2/9/2022 6:00,"44,062.89",20.08341,-21005.04,-2.43%,7049.28,0.82%,-27642,-3.20%,-157076.9,-2.43%
1277,Entry short,SHORT,2/9/2022 0:00,"43,017.00",20.08341,-21005.04,-2.43%,7049.28,0.82%,-27642,-3.20%,-157076.9,-2.43%
1278,Exit long,SHORT,2/9/2022 11:00,"43,343.28",19.13,-13766.14,-1.63%,5337.08,0.63%,-18077.28,-2.14%,-170843.05,-1.63%
1278,Entry long,LONG,2/9/2022 6:00,"44,062.89",19.13,-13766.14,-1.63%,5337.08,0.63%,-18077.28,-2.14%,-170843.05,-1.63%
1279,Exit short,LONG,2/9/2022 18:00,"43,611.23",19.13,-5125.88,-0.62%,4175.7,0.50%,-11396.12,-1.37%,-175968.92,-0.62%
1279,Entry short,SHORT,2/9/2022 11:00,"43,343.28",19.13,-5125.88,-0.62%,4175.7,0.50%,-11396.12,-1.37%,-175968.92,-0.62%
1280,Exit long,SHORT,2/10/2022 12:00,"43,784.72",18.89247,3277.65,0.40%,22439.91,2.72%,-4526.82,-0.55%,-172691.27,0.40%
1280,Entry long,LONG,2/9/2022 18:00,"43,611.23",18.89247,3277.65,0.40%,22439.91,2.72%,-4526.82,-0.55%,-172691.27,0.40%
1281,Exit short,LONG,2/10/2022 15:00,"44,092.43",18.89491,-5814.15,-0.70%,1529.35,0.18%,-6554.27,-0.79%,-178505.42,-0.70%
1281,Entry short,SHORT,2/10/2022 12:00,"43,784.72",18.89491,-5814.15,-0.70%,1529.35,0.18%,-6554.27,-0.79%,-178505.42,-0.70%
1282,Exit long,SHORT,2/11/2022 7:00,"43,495.44",18.6312,-11122.64,-1.35%,32205.33,3.92%,-17111.27,-2.08%,-189628.06,-1.35%
1282,Entry long,LONG,2/10/2022 15:00,"44,092.43",18.6312,-11122.64,-1.35%,32205.33,3.92%,-17111.27,-2.08%,-189628.06,-1.35%
1283,Exit short,LONG,2/11/2022 20:00,"43,570.77",18.63119,-1403.49,-0.17%,16683.11,2.06%,-4740.15,-0.58%,-191031.55,-0.17%
1283,Entry short,SHORT,2/11/2022 7:00,"43,495.44",18.63119,-1403.49,-0.17%,16683.11,2.06%,-4740.15,-0.58%,-191031.55,-0.17%
1284,Exit long,SHORT,2/12/2022 2:00,"42,664.58",18.56676,-16825.01,-2.08%,6484.07,0.80%,-18375.52,-2.27%,-207856.56,-2.08%
1284,Entry long,LONG,2/11/2022 20:00,"43,570.77",18.56676,-16825.01,-2.08%,6484.07,0.80%,-18375.52,-2.27%,-207856.56,-2.08%
1285,Exit short,LONG,2/12/2022 20:00,"42,276.30",18.56676,7209.1,0.91%,18115.59,2.29%,-9586.39,-1.21%,-200647.47,0.91%
1285,Entry short,SHORT,2/12/2022 2:00,"42,664.58",18.56676,7209.1,0.91%,18115.59,2.29%,-9586.39,-1.21%,-200647.47,0.91%
1286,Exit long,SHORT,2/14/2022 2:00,"41,974.93",18.90781,-5698.25,-0.71%,15186.56,1.90%,-10896.57,-1.36%,-206345.7,-0.71%
1286,Entry long,LONG,2/12/2022 20:00,"42,276.30",18.90781,-5698.25,-0.71%,15186.56,1.90%,-10896.57,-1.36%,-206345.7,-0.71%
1287,Exit short,LONG,2/14/2022 18:00,"42,225.30",18.90781,-4733.95,-0.60%,8023.91,1.01%,-9887.27,-1.25%,-211079.66,-0.60%
1287,Entry short,SHORT,2/14/2022 2:00,"41,974.93",18.90781,-4733.95,-0.60%,8023.91,1.01%,-9887.27,-1.25%,-211079.66,-0.60%
1288,Exit long,SHORT,2/15/2022 4:00,"42,180.51",18.68359,-836.84,-0.11%,11529.64,1.46%,-7886.9,-1.00%,-211916.5,-0.11%
1288,Entry long,LONG,2/14/2022 18:00,"42,225.30",18.68359,-836.84,-0.11%,11529.64,1.46%,-7886.9,-1.00%,-211916.5,-0.11%
1289,Exit short,LONG,2/15/2022 8:00,"42,576.18",18.68359,-7392.54,-0.94%,1504.22,0.19%,-11574.3,-1.47%,-219309.03,-0.94%
1289,Entry short,SHORT,2/15/2022 4:00,"42,180.51",18.68359,-7392.54,-0.94%,1504.22,0.19%,-11574.3,-1.47%,-219309.03,-0.94%
1290,Exit long,SHORT,2/16/2022 11:00,"43,971.27",18.33633,25580.83,3.28%,39885.55,5.11%,-1064.97,-0.14%,-193728.2,3.28%
1290,Entry long,LONG,2/15/2022 8:00,"42,576.18",18.33633,25580.83,3.28%,39885.55,5.11%,-1064.97,-0.14%,-193728.2,3.28%
1291,Exit short,LONG,2/17/2022 4:00,"44,093.62",18.33633,-2243.45,-0.28%,12180.27,1.51%,-7431.9,-0.92%,-195971.66,-0.28%
1291,Entry short,SHORT,2/16/2022 11:00,"43,971.27",18.33633,-2243.45,-0.28%,12180.27,1.51%,-7431.9,-0.92%,-195971.66,-0.28%
1292,Exit long,SHORT,2/17/2022 11:00,"43,580.00",18.23457,-9365.64,-1.16%,1367.96,0.17%,-9456.08,-1.18%,-205337.3,-1.16%
1292,Entry long,LONG,2/17/2022 4:00,"44,093.62",18.23457,-9365.64,-1.16%,1367.96,0.17%,-9456.08,-1.18%,-205337.3,-1.16%
1293,Exit short,LONG,2/19/2022 10:00,"40,155.22",18.23457,62449.39,7.86%,75308.77,9.48%,-8066.24,-1.02%,-142887.9,7.86%
1293,Entry short,SHORT,2/17/2022 11:00,"43,580.00",18.23457,62449.39,7.86%,75308.77,9.48%,-8066.24,-1.02%,-142887.9,7.86%
1294,Exit long,SHORT,2/19/2022 17:00,"39,926.26",21.34497,-4887.14,-0.57%,6170.83,0.72%,-6101.03,-0.71%,-147775.05,-0.57%
1294,Entry long,LONG,2/19/2022 10:00,"40,155.22",21.34497,-4887.14,-0.57%,6170.83,0.72%,-6101.03,-0.71%,-147775.05,-0.57%
1295,Exit short,LONG,2/20/2022 4:00,"40,061.86",21.34497,-2894.38,-0.34%,6130.92,0.72%,-8951.23,-1.05%,-150669.42,-0.34%
1295,Entry short,SHORT,2/19/2022 17:00,"39,926.26",21.34497,-2894.38,-0.34%,6130.92,0.72%,-8951.23,-1.05%,-150669.42,-0.34%
1296,Exit long,SHORT,2/20/2022 5:00,"39,921.63",21.20046,-2972.94,-0.35%,204.37,0.02%,-5551.55,-0.65%,-153642.36,-0.35%
1296,Entry long,LONG,2/20/2022 4:00,"40,061.86",21.20046,-2972.94,-0.35%,204.37,0.02%,-5551.55,-0.65%,-153642.36,-0.35%
1297,Exit short,LONG,2/20/2022 7:00,"40,079.17",21.20047,-3339.92,-0.39%,1008.51,0.12%,-4629.55,-0.55%,-156982.28,-0.39%
1297,Entry short,SHORT,2/20/2022 5:00,"39,921.63",21.20047,-3339.92,-0.39%,1008.51,0.12%,-4629.55,-0.55%,-156982.28,-0.39%
1298,Exit long,SHORT,2/20/2022 8:00,"39,924.54",21.03381,-3252.46,-0.39%,973.23,0.12%,-4273.23,-0.51%,-160234.73,-0.39%
1298,Entry long,LONG,2/20/2022 7:00,"40,079.17",21.03381,-3252.46,-0.39%,973.23,0.12%,-4273.23,-0.51%,-160234.73,-0.39%
1299,Exit short,LONG,2/21/2022 10:00,"39,110.92",21.03381,17113.53,2.04%,40480.41,4.82%,-2002.42,-0.24%,-143121.22,2.04%
1299,Entry short,SHORT,2/20/2022 8:00,"39,924.54",21.03381,17113.53,2.04%,40480.41,4.82%,-2002.42,-0.24%,-143121.22,2.04%
1300,Exit long,SHORT,2/21/2022 17:00,"38,923.51",21.90893,-4105.95,-0.48%,8400.54,0.98%,-6799.44,-0.79%,-147227.17,-0.48%
1300,Entry long,LONG,2/21/2022 10:00,"39,110.92",21.90893,-4105.95,-0.48%,8400.54,0.98%,-6799.44,-0.79%,-147227.17,-0.48%
1301,Exit short,LONG,2/22/2022 20:00,"37,637.98",21.90893,28164.59,3.30%,56382.85,6.61%,-7877.57,-0.92%,-119062.58,3.30%
1301,Entry short,SHORT,2/21/2022 17:00,"38,923.51",21.90893,28164.59,3.30%,56382.85,6.61%,-7877.57,-0.92%,-119062.58,3.30%
1302,Exit long,SHORT,2/24/2022 2:00,"37,780.80",23.40554,3342.78,0.38%,37728.56,4.28%,-7462.39,-0.85%,-115719.8,0.38%
1302,Entry long,LONG,2/22/2022 20:00,"37,637.98",23.40554,3342.78,0.38%,37728.56,4.28%,-7462.39,-0.85%,-115719.8,0.38%
1303,Exit short,LONG,2/25/2022 0:00,"36,156.98",23.40554,38006.38,4.30%,80948.53,9.15%,-2214.4,-0.25%,-77713.41,4.30%
1303,Entry short,SHORT,2/24/2022 2:00,"37,780.80",23.40554,38006.38,4.30%,80948.53,9.15%,-2214.4,-0.25%,-77713.41,4.30%
1304,Exit long,SHORT,2/26/2022 14:00,"39,132.03",25.50784,75887.1,8.23%,106915.34,11.59%,-11096.42,-1.20%,-1826.32,8.23%
1304,Entry long,LONG,2/25/2022 0:00,"36,156.98",25.50784,75887.1,8.23%,106915.34,11.59%,-11096.42,-1.20%,-1826.32,8.23%
1305,Exit short,LONG,2/26/2022 22:00,"39,209.64",25.50784,-1979.66,-0.20%,14255.06,1.43%,-10559.48,-1.06%,-3805.98,-0.20%
1305,Entry short,SHORT,2/26/2022 14:00,"39,132.03",25.50784,-1979.66,-0.20%,14255.06,1.43%,-10559.48,-1.06%,-3805.98,-0.20%
1306,Exit long,SHORT,2/27/2022 9:00,"38,240.04",25.40687,-24634.5,-2.47%,12458.51,1.25%,-25219.62,-2.53%,-28440.48,-2.47%
1306,Entry long,LONG,2/26/2022 22:00,"39,209.64",25.40687,-24634.5,-2.47%,12458.51,1.25%,-25219.62,-2.53%,-28440.48,-2.47%
1307,Exit short,LONG,2/27/2022 17:00,"39,082.01",25.40686,-21391.81,-2.20%,1291.94,0.13%,-22715.51,-2.34%,-49832.3,-2.20%
1307,Entry short,SHORT,2/27/2022 9:00,"38,240.04",25.40686,-21391.81,-2.20%,1291.94,0.13%,-22715.51,-2.34%,-49832.3,-2.20%
1308,Exit long,SHORT,2/28/2022 5:00,"37,417.75",24.31215,-40461.74,-4.26%,18810.07,1.98%,-50618.14,-5.33%,-90294.03,-4.26%
1308,Entry long,LONG,2/27/2022 17:00,"39,082.01",24.31215,-40461.74,-4.26%,18810.07,1.98%,-50618.14,-5.33%,-90294.03,-4.26%
1309,Exit short,LONG,2/28/2022 15:00,"38,347.58",24.31215,-22606.17,-2.48%,2127.8,0.23%,-25911.4,-2.85%,-112900.2,-2.48%
1309,Entry short,SHORT,2/28/2022 5:00,"37,417.75",24.31215,-22606.17,-2.48%,2127.8,0.23%,-25911.4,-2.85%,-112900.2,-2.48%
1310,Exit long,SHORT,3/2/2022 16:00,"43,840.00",23.13313,127056.87,14.32%,152711.5,17.21%,-9546.81,-1.08%,14156.67,14.32%
1310,Entry long,LONG,2/28/2022 15:00,"38,347.58",23.13313,127056.87,14.32%,152711.5,17.21%,-9546.81,-1.08%,14156.67,14.32%
1311,Exit short,LONG,3/3/2022 21:00,"43,987.36",23.13313,-3408.9,-0.34%,21396.76,2.11%,-36087.68,-3.56%,10747.77,-0.34%
1311,Entry short,SHORT,3/2/2022 16:00,"43,840.00",23.13313,-3408.9,-0.34%,21396.76,2.11%,-36087.68,-3.56%,10747.77,-0.34%
1312,Exit long,SHORT,3/3/2022 23:00,"42,547.34",22.97814,-33088.98,-3.27%,2613.99,0.26%,-37656.57,-3.73%,-22341.21,-3.27%
1312,Entry long,LONG,3/3/2022 21:00,"43,987.36",22.97814,-33088.98,-3.27%,2613.99,0.26%,-37656.57,-3.73%,-22341.21,-3.27%
1313,Exit short,LONG,3/4/2022 19:00,"41,662.06",22.97814,20342.09,2.08%,38702.77,3.96%,-4656.75,-0.48%,-1999.13,2.08%
1313,Entry short,SHORT,3/3/2022 23:00,"42,547.34",22.97814,20342.09,2.08%,38702.77,3.96%,-4656.75,-0.48%,-1999.13,2.08%
1314,Exit long,SHORT,3/4/2022 21:00,"41,315.75",23.95465,-8295.73,-0.83%,4094.81,0.41%,-10005.62,-1.00%,-10294.86,-0.83%
1314,Entry long,LONG,3/4/2022 19:00,"41,662.06",23.95465,-8295.73,-0.83%,4094.81,0.41%,-10005.62,-1.00%,-10294.86,-0.83%
1315,Exit short,LONG,3/6/2022 1:00,"39,430.00",23.95466,45172.5,4.56%,69663.98,7.04%,-5292.78,-0.53%,34877.64,4.56%
1315,Entry short,SHORT,3/4/2022 21:00,"41,315.75",23.95466,45172.5,4.56%,69663.98,7.04%,-5292.78,-0.53%,34877.64,4.56%
1316,Exit long,SHORT,3/6/2022 17:00,"38,678.30",26.24594,-19729.07,-1.91%,6925.52,0.67%,-21156.06,-2.04%,15148.57,-1.91%
1316,Entry long,LONG,3/6/2022 1:00,"39,430.00",26.24594,-19729.07,-1.91%,6925.52,0.67%,-21156.06,-2.04%,15148.57,-1.91%
1317,Exit short,LONG,3/7/2022 1:00,"39,004.28",26.24594,-8555.65,-0.84%,15478.02,1.52%,-18112.32,-1.78%,6592.91,-0.84%
1317,Entry short,SHORT,3/6/2022 17:00,"38,678.30",26.24594,-8555.65,-0.84%,15478.02,1.52%,-18112.32,-1.78%,6592.91,-0.84%
1318,Exit long,SHORT,3/7/2022 7:00,"38,420.80",25.80724,-15058.01,-1.50%,6955.31,0.69%,-22640.18,-2.25%,-8465.09,-1.50%
1318,Entry long,LONG,3/7/2022 1:00,"39,004.28",25.80724,-15058.01,-1.50%,6955.31,0.69%,-22640.18,-2.25%,-8465.09,-1.50%
1319,Exit short,LONG,3/7/2022 20:00,"38,596.22",25.80724,-4527.11,-0.46%,21749.57,2.19%,-8886.98,-0.90%,-12992.2,-0.46%
1319,Entry short,SHORT,3/7/2022 7:00,"38,420.80",25.80724,-4527.11,-0.46%,21749.57,2.19%,-8886.98,-0.90%,-12992.2,-0.46%
1320,Exit long,SHORT,3/8/2022 3:00,"37,308.94",25.57266,-32919.17,-3.34%,24328.55,2.46%,-35889.69,-3.64%,-45911.37,-3.34%
1320,Entry long,LONG,3/7/2022 20:00,"38,596.22",25.57266,-32919.17,-3.34%,24328.55,2.46%,-35889.69,-3.64%,-45911.37,-3.34%
1321,Exit short,LONG,3/8/2022 11:00,"38,696.56",25.57265,-35485.12,-3.72%,3936.65,0.41%,-42530.9,-4.46%,-81396.49,-3.72%
1321,Entry short,SHORT,3/8/2022 3:00,"37,308.94",25.57265,-35485.12,-3.72%,3936.65,0.41%,-42530.9,-4.46%,-81396.49,-3.72%
1322,Exit long,SHORT,3/9/2022 0:00,"38,309.74",23.73951,-9182.92,-1.00%,12592.15,1.37%,-16512.25,-1.80%,-90579.41,-1.00%
1322,Entry long,LONG,3/8/2022 11:00,"38,696.56",23.73951,-9182.92,-1.00%,12592.15,1.37%,-16512.25,-1.80%,-90579.41,-1.00%
1323,Exit short,LONG,3/9/2022 10:00,"39,410.93",23.73862,-26140.73,-2.87%,491.15,0.05%,-28729.9,-3.16%,-116720.14,-2.87%
1323,Entry short,SHORT,3/9/2022 0:00,"38,309.74",23.73862,-26140.73,-2.87%,491.15,0.05%,-28729.9,-3.16%,-116720.14,-2.87%
1324,Exit long,SHORT,3/10/2022 10:00,"40,714.52",22.41205,29216.13,3.31%,71340.47,8.08%,-854.35,-0.10%,-87504.02,3.31%
1324,Entry long,LONG,3/9/2022 10:00,"39,410.93",22.41205,29216.13,3.31%,71340.47,8.08%,-854.35,-0.10%,-87504.02,3.31%
1325,Exit short,LONG,3/11/2022 7:00,"39,422.01",22.41205,28967.8,3.17%,48741.5,5.34%,-4792.14,-0.53%,-58536.22,3.17%
1325,Entry short,SHORT,3/10/2022 10:00,"40,714.52",22.41205,28967.8,3.17%,48741.5,5.34%,-4792.14,-0.53%,-58536.22,3.17%
1326,Exit long,SHORT,3/11/2022 8:00,"39,289.99",23.88169,-3152.86,-0.33%,421.27,0.04%,-6949.81,-0.74%,-61689.08,-0.33%
1326,Entry long,LONG,3/11/2022 7:00,"39,422.01",23.88169,-3152.86,-0.33%,421.27,0.04%,-6949.81,-0.74%,-61689.08,-0.33%
1327,Exit short,LONG,3/11/2022 17:00,"39,020.47",23.88167,6436.59,0.69%,25467.17,2.71%,-1406.15,-0.15%,-55252.49,0.69%
1327,Entry short,SHORT,3/11/2022 8:00,"39,289.99",23.88167,6436.59,0.69%,25467.17,2.71%,-1406.15,-0.15%,-55252.49,0.69%
1328,Exit long,SHORT,3/11/2022 23:00,"39,080.26",24.21158,1447.61,0.15%,29436.2,3.12%,-5171.84,-0.55%,-53804.88,0.15%
1328,Entry long,LONG,3/11/2022 17:00,"39,020.47",24.21158,1447.61,0.15%,29436.2,3.12%,-5171.84,-0.55%,-53804.88,0.15%
1329,Exit short,LONG,3/12/2022 17:00,"39,171.67",24.21158,-2213.18,-0.23%,18677.54,1.97%,-5997.93,-0.63%,-56018.06,-0.23%
1329,Entry short,SHORT,3/11/2022 23:00,"39,080.26",24.21158,-2213.18,-0.23%,18677.54,1.97%,-5997.93,-0.63%,-56018.06,-0.23%
1330,Exit long,SHORT,3/12/2022 22:00,"38,910.68",24.09857,-6289.49,-0.67%,2718.08,0.29%,-11891.44,-1.26%,-62307.55,-0.67%
1330,Entry long,LONG,3/12/2022 17:00,"39,171.67",24.09857,-6289.49,-0.67%,2718.08,0.29%,-11891.44,-1.26%,-62307.55,-0.67%
1331,Exit short,LONG,3/13/2022 11:00,"39,194.07",24.09858,-6829.3,-0.73%,4987.2,0.53%,-13881.5,-1.48%,-69136.84,-0.73%
1331,Entry short,SHORT,3/12/2022 22:00,"38,910.68",24.09858,-6829.3,-0.73%,4987.2,0.53%,-13881.5,-1.48%,-69136.84,-0.73%
1332,Exit long,SHORT,3/13/2022 17:00,"38,970.67",23.75008,-5305.77,-0.57%,2753.35,0.30%,-8213.25,-0.88%,-74442.61,-0.57%
1332,Entry long,LONG,3/13/2022 11:00,"39,194.07",23.75008,-5305.77,-0.57%,2753.35,0.30%,-8213.25,-0.88%,-74442.61,-0.57%
1333,Exit short,LONG,3/14/2022 2:00,"38,984.13",23.7501,-319.68,-0.03%,14265.97,1.54%,-2476.19,-0.27%,-74762.29,-0.03%
1333,Entry short,SHORT,3/13/2022 17:00,"38,970.67",23.7501,-319.68,-0.03%,14265.97,1.54%,-2476.19,-0.27%,-74762.29,-0.03%
1334,Exit long,SHORT,3/14/2022 4:00,"38,684.00",23.7337,-7123.2,-0.77%,1966.81,0.21%,-10184.84,-1.10%,-81885.48,-0.77%
1334,Entry long,LONG,3/14/2022 2:00,"38,984.13",23.7337,-7123.2,-0.77%,1966.81,0.21%,-10184.84,-1.10%,-81885.48,-0.77%
1335,Exit short,LONG,3/14/2022 12:00,"38,519.86",23.7337,3895.65,0.42%,26795.35,2.92%,-5624.89,-0.61%,-77989.84,0.42%
1335,Entry short,SHORT,3/14/2022 4:00,"38,684.00",23.7337,3895.65,0.42%,26795.35,2.92%,-5624.89,-0.61%,-77989.84,0.42%
1336,Exit long,SHORT,3/15/2022 12:00,"38,786.01",23.93596,6370.56,0.69%,34162.84,3.71%,-2500.35,-0.27%,-71619.28,0.69%
1336,Entry long,LONG,3/14/2022 12:00,"38,519.86",23.93596,6370.56,0.69%,34162.84,3.71%,-2500.35,-0.27%,-71619.28,0.69%
1337,Exit short,LONG,3/15/2022 22:00,"39,033.47",23.93596,-5923.19,-0.64%,16460.28,1.77%,-9625.13,-1.04%,-77542.47,-0.64%
1337,Entry short,SHORT,3/15/2022 12:00,"38,786.01",23.93596,-5923.19,-0.64%,16460.28,1.77%,-9625.13,-1.04%,-77542.47,-0.64%
1338,Exit long,SHORT,3/17/2022 19:00,"40,748.50",23.63247,40530.39,4.39%,63442.07,6.88%,-4844.42,-0.53%,-37012.08,4.39%
1338,Entry long,LONG,3/15/2022 22:00,"39,033.47",23.63247,40530.39,4.39%,63442.07,6.88%,-4844.42,-0.53%,-37012.08,4.39%
1339,Exit short,LONG,3/17/2022 20:00,"41,038.80",23.63247,-6860.51,-0.71%,1030.61,0.11%,-11456.31,-1.19%,-43872.58,-0.71%
1339,Entry short,SHORT,3/17/2022 19:00,"40,748.50",23.63247,-6860.51,-0.71%,1030.61,0.11%,-11456.31,-1.19%,-43872.58,-0.71%
1340,Exit long,SHORT,3/18/2022 18:00,"40,370.62",23.29813,-15567.34,-1.63%,3079.78,0.32%,-19179.25,-2.01%,-59439.93,-1.63%
1340,Entry long,LONG,3/17/2022 20:00,"41,038.80",23.29813,-15567.34,-1.63%,3079.78,0.32%,-19179.25,-2.01%,-59439.93,-1.63%
1341,Exit short,LONG,3/18/2022 23:00,"40,931.08",23.29813,-13057.67,-1.39%,5488.57,0.58%,-16363.21,-1.74%,-72497.59,-1.39%
1341,Entry short,SHORT,3/18/2022 18:00,"40,370.62",23.29813,-13057.67,-1.39%,5488.57,0.58%,-16363.21,-1.74%,-72497.59,-1.39%
1342,Exit long,SHORT,3/20/2022 11:00,"41,941.99",22.6601,22907.32,2.47%,33285.88,3.59%,-591.43,-0.06%,-49590.28,2.47%
1342,Entry long,LONG,3/18/2022 23:00,"40,931.08",22.6601,22907.32,2.47%,33285.88,3.59%,-591.43,-0.06%,-49590.28,2.47%
1343,Exit short,LONG,3/21/2022 17:00,"41,330.38",22.6601,13859.14,1.46%,33402.12,3.51%,-1495.57,-0.16%,-35731.13,1.46%
1343,Entry short,SHORT,3/20/2022 11:00,"41,941.99",22.6601,13859.14,1.46%,33402.12,3.51%,-1495.57,-0.16%,-35731.13,1.46%
1344,Exit long,SHORT,3/22/2022 0:00,"40,788.72",23.33075,-12637.33,-1.31%,4989.05,0.52%,-13809.47,-1.43%,-48368.46,-1.31%
1344,Entry long,LONG,3/21/2022 17:00,"41,330.38",23.33075,-12637.33,-1.31%,4989.05,0.52%,-13809.47,-1.43%,-48368.46,-1.31%
1345,Exit short,LONG,3/22/2022 4:00,"41,120.00",23.33075,-7729.01,-0.81%,689.19,0.07%,-11261.29,-1.18%,-56097.48,-0.81%
1345,Entry short,SHORT,3/22/2022 0:00,"40,788.72",23.33075,-7729.01,-0.81%,689.19,0.07%,-11261.29,-1.18%,-56097.48,-0.81%
1346,Exit long,SHORT,3/23/2022 2:00,"42,563.33",22.95481,33131.37,3.51%,51441.73,5.45%,-5612.22,-0.59%,-22966.11,3.51%
1346,Entry long,LONG,3/22/2022 4:00,"41,120.00",22.95481,33131.37,3.51%,51441.73,5.45%,-5612.22,-0.59%,-22966.11,3.51%
1347,Exit short,LONG,3/23/2022 23:00,"42,618.18",22.95482,-1259.07,-0.13%,18636.1,1.91%,-7089.37,-0.73%,-24225.18,-0.13%
1347,Entry short,SHORT,3/23/2022 2:00,"42,563.33",22.95482,-1259.07,-0.13%,18636.1,1.91%,-7089.37,-0.73%,-24225.18,-0.13%
1348,Exit long,SHORT,3/26/2022 22:00,"44,251.84",22.89574,37403.86,3.83%,56688.94,5.81%,-13000.43,-1.33%,13178.67,3.83%
1348,Entry long,LONG,3/23/2022 23:00,"42,618.18",22.89574,37403.86,3.83%,56688.94,5.81%,-13000.43,-1.33%,13178.67,3.83%
1349,Exit short,LONG,3/27/2022 2:00,"44,436.03",22.89574,-4217.17,-0.42%,2543.26,0.25%,-4878.62,-0.48%,8961.51,-0.42%
1349,Entry short,SHORT,3/26/2022 22:00,"44,251.84",22.89574,-4217.17,-0.42%,2543.26,0.25%,-4878.62,-0.48%,8961.51,-0.42%
1350,Exit long,SHORT,3/27/2022 18:00,"44,527.01",22.70593,2065.79,0.20%,11670.17,1.16%,-4110.45,-0.41%,11027.29,0.20%
1350,Entry long,LONG,3/27/2022 2:00,"44,436.03",22.70593,2065.79,0.20%,11670.17,1.16%,-4110.45,-0.41%,11027.29,0.20%
1351,Exit short,LONG,3/28/2022 0:00,"44,950.00",22.70593,-9604.38,-0.95%,2396.61,0.24%,-11558,-1.14%,1422.91,-0.95%
1351,Entry short,SHORT,3/27/2022 18:00,"44,527.01",22.70593,-9604.38,-0.95%,2396.61,0.24%,-11558,-1.14%,1422.91,-0.95%
1352,Exit long,SHORT,3/29/2022 11:00,"47,335.06",22.27859,53135.77,5.31%,72179.07,7.21%,-6057.1,-0.60%,54558.68,5.31%
1352,Entry long,LONG,3/28/2022 0:00,"44,950.00",22.27859,53135.77,5.31%,72179.07,7.21%,-6057.1,-0.60%,54558.68,5.31%
1353,Exit short,LONG,3/29/2022 12:00,"47,593.00",22.27859,-5746.54,-0.54%,321.03,0.03%,-7139.84,-0.68%,48812.15,-0.54%
1353,Entry short,SHORT,3/29/2022 11:00,"47,335.06",22.27859,-5746.54,-0.54%,321.03,0.03%,-7139.84,-0.68%,48812.15,-0.54%
1354,Exit long,SHORT,3/30/2022 22:00,"47,113.49",22.03711,-10567.01,-1.01%,11095.02,1.06%,-25289.35,-2.41%,38245.13,-1.01%
1354,Entry long,LONG,3/29/2022 12:00,"47,593.00",22.03711,-10567.01,-1.01%,11095.02,1.06%,-25289.35,-2.41%,38245.13,-1.01%
1355,Exit short,LONG,3/31/2022 0:00,"47,248.66",22.0371,-2978.75,-0.29%,4474.19,0.43%,-5220.81,-0.50%,35266.38,-0.29%
1355,Entry short,SHORT,3/30/2022 22:00,"47,113.49",22.0371,-2978.75,-0.29%,4474.19,0.43%,-5220.81,-0.50%,35266.38,-0.29%
1356,Exit long,SHORT,3/31/2022 23:00,"46,453.81",21.91102,-17415.97,-1.68%,9894.14,0.96%,-22319.88,-2.16%,17850.4,-1.68%
1356,Entry long,LONG,3/31/2022 0:00,"47,248.66",21.91102,-17415.97,-1.68%,9894.14,0.96%,-22319.88,-2.16%,17850.4,-1.68%
1357,Exit short,LONG,4/1/2022 20:00,"45,245.66",21.91102,26471.8,2.60%,49383.28,4.85%,-851.02,-0.08%,44322.2,2.60%
1357,Entry short,SHORT,3/31/2022 23:00,"46,453.81",21.91102,26471.8,2.60%,49383.28,4.85%,-851.02,-0.08%,44322.2,2.60%
1358,Exit long,SHORT,4/3/2022 2:00,"45,831.61",23.08115,13524.4,1.30%,45408.47,4.35%,-178.88,-0.02%,57846.6,1.30%
1358,Entry long,LONG,4/1/2022 20:00,"45,245.66",23.08115,13524.4,1.30%,45408.47,4.35%,-178.88,-0.02%,57846.6,1.30%
1359,Exit short,LONG,4/3/2022 13:00,"46,355.93",23.08115,-12101.91,-1.14%,6940.27,0.66%,-12679.63,-1.20%,45744.69,-1.14%
1359,Entry short,SHORT,4/3/2022 2:00,"45,831.61",23.08115,-12101.91,-1.14%,6940.27,0.66%,-12679.63,-1.20%,45744.69,-1.14%
1360,Exit long,SHORT,4/4/2022 7:00,"46,407.36",22.55902,1160.21,0.11%,24548.27,2.35%,-6294.19,-0.60%,46904.9,0.11%
1360,Entry long,LONG,4/3/2022 13:00,"46,355.93",22.55902,1160.21,0.11%,24548.27,2.35%,-6294.19,-0.60%,46904.9,0.11%
1361,Exit short,LONG,4/5/2022 6:00,"46,666.67",22.55902,-5849.78,-0.56%,29086.7,2.78%,-10128.77,-0.97%,41055.12,-0.56%
1361,Entry short,SHORT,4/4/2022 7:00,"46,407.36",22.55902,-5849.78,-0.56%,29086.7,2.78%,-10128.77,-0.97%,41055.12,-0.56%
1362,Exit long,SHORT,4/5/2022 22:00,"45,820.00",22.30832,-18887.78,-1.81%,11897.7,1.14%,-20351.43,-1.95%,22167.34,-1.81%
1362,Entry long,LONG,4/5/2022 6:00,"46,666.67",22.30832,-18887.78,-1.81%,11897.7,1.14%,-20351.43,-1.95%,22167.34,-1.81%
1363,Exit short,LONG,4/7/2022 21:00,"43,659.98",22.30832,48186.42,4.71%,68991.83,6.75%,-8276.39,-0.81%,70353.75,4.71%
1363,Entry short,SHORT,4/5/2022 22:00,"45,820.00",22.30832,48186.42,4.71%,68991.83,6.75%,-8276.39,-0.81%,70353.75,4.71%
1364,Exit long,SHORT,4/7/2022 23:00,"43,331.82",24.51567,-8045.06,-0.75%,2990.67,0.28%,-15570.39,-1.45%,62308.69,-0.75%
1364,Entry long,LONG,4/7/2022 21:00,"43,659.98",24.51567,-8045.06,-0.75%,2990.67,0.28%,-15570.39,-1.45%,62308.69,-0.75%
1365,Exit short,LONG,4/8/2022 1:00,"43,657.68",24.51567,-7988.68,-0.75%,1596.95,0.15%,-8906.54,-0.84%,54320.02,-0.75%
1365,Entry short,SHORT,4/7/2022 23:00,"43,331.82",24.51567,-7988.68,-0.75%,1596.95,0.15%,-8906.54,-0.84%,54320.02,-0.75%
1366,Exit long,SHORT,4/8/2022 19:00,"43,298.79",24.1497,-8667.09,-0.82%,7557.41,0.72%,-10859.64,-1.03%,45652.93,-0.82%
1366,Entry long,LONG,4/8/2022 1:00,"43,657.68",24.1497,-8667.09,-0.82%,7557.41,0.72%,-10859.64,-1.03%,45652.93,-0.82%
1367,Exit short,LONG,4/10/2022 3:00,"42,511.95",24.1497,19001.95,1.82%,28777.99,2.75%,-16016.08,-1.53%,64654.88,1.82%
1367,Entry short,SHORT,4/8/2022 19:00,"43,298.79",24.1497,19001.95,1.82%,28777.99,2.75%,-16016.08,-1.53%,64654.88,1.82%
1368,Exit long,SHORT,4/10/2022 17:00,"42,523.94",25.04367,300.27,0.03%,9634.05,0.90%,-3054.08,-0.29%,64955.15,0.03%
1368,Entry long,LONG,4/10/2022 3:00,"42,511.95",25.04367,300.27,0.03%,9634.05,0.90%,-3054.08,-0.29%,64955.15,0.03%
1369,Exit short,LONG,4/11/2022 0:00,"42,784.43",25.04366,-6523.62,-0.61%,2265.2,0.21%,-8165.74,-0.77%,58431.53,-0.61%
1369,Entry short,SHORT,4/10/2022 17:00,"42,523.94",25.04366,-6523.62,-0.61%,2265.2,0.21%,-8165.74,-0.77%,58431.53,-0.61%
1370,Exit long,SHORT,4/11/2022 8:00,"42,303.26",24.7387,-11903.52,-1.12%,15483.21,1.46%,-25466.76,-2.41%,46528.01,-1.12%
1370,Entry long,LONG,4/11/2022 0:00,"42,784.43",24.7387,-11903.52,-1.12%,15483.21,1.46%,-25466.76,-2.41%,46528.01,-1.12%
1371,Exit short,LONG,4/11/2022 15:00,"42,305.74",24.7387,-61.35,-0.01%,12450,1.19%,-2757.13,-0.26%,46466.66,-0.01%
1371,Entry short,SHORT,4/11/2022 8:00,"42,303.26",24.7387,-61.35,-0.01%,12450,1.19%,-2757.13,-0.26%,46466.66,-0.01%
1372,Exit long,SHORT,4/11/2022 17:00,"41,416.22",24.73579,-22002.98,-2.10%,1094.81,0.10%,-22582.29,-2.16%,24463.68,-2.10%
1372,Entry long,LONG,4/11/2022 15:00,"42,305.74",24.73579,-22002.98,-2.10%,1094.81,0.10%,-22582.29,-2.16%,24463.68,-2.10%
1373,Exit short,LONG,4/12/2022 15:00,"40,183.97",24.7358,30480.69,2.98%,54819.98,5.35%,-5697.4,-0.56%,54944.37,2.98%
1373,Entry short,SHORT,4/11/2022 17:00,"41,416.22",24.7358,30480.69,2.98%,54819.98,5.35%,-5697.4,-0.56%,54944.37,2.98%
1374,Exit long,SHORT,4/13/2022 2:00,"39,667.85",26.25286,-13549.63,-1.28%,13521.01,1.28%,-14490.79,-1.37%,41394.74,-1.28%
1374,Entry long,LONG,4/12/2022 15:00,"40,183.97",26.25286,-13549.63,-1.28%,13521.01,1.28%,-14490.79,-1.37%,41394.74,-1.28%
1375,Exit short,LONG,4/13/2022 11:00,"40,076.05",26.25286,-10716.42,-1.03%,10848.21,1.04%,-16307.49,-1.57%,30678.32,-1.03%
1375,Entry short,SHORT,4/13/2022 2:00,"39,667.85",26.25286,-10716.42,-1.03%,10848.21,1.04%,-16307.49,-1.57%,30678.32,-1.03%
1376,Exit long,SHORT,4/13/2022 19:00,"39,722.63",25.71806,-9089.28,-0.88%,3918.4,0.38%,-10800.3,-1.05%,21589.05,-0.88%
1376,Entry long,LONG,4/13/2022 11:00,"40,076.05",25.71806,-9089.28,-0.88%,3918.4,0.38%,-10800.3,-1.05%,21589.05,-0.88%
1377,Exit short,LONG,4/13/2022 23:00,"41,158.18",25.71806,-36919.56,-3.61%,2565.63,0.25%,-43421.6,-4.25%,-15330.51,-3.61%
1377,Entry short,SHORT,4/13/2022 19:00,"39,722.63",25.71806,-36919.56,-3.61%,2565.63,0.25%,-43421.6,-4.25%,-15330.51,-3.61%
1378,Exit long,SHORT,4/14/2022 16:00,"41,172.72",23.92402,347.86,0.04%,9644.49,0.98%,-7875.31,-0.80%,-14982.66,0.04%
1378,Entry long,LONG,4/13/2022 23:00,"41,158.18",23.92402,347.86,0.04%,9644.49,0.98%,-7875.31,-0.80%,-14982.66,0.04%
1379,Exit short,LONG,4/16/2022 8:00,"40,560.00",23.92402,14658.73,1.49%,38775.57,3.94%,-3045.05,-0.31%,-323.93,1.49%
1379,Entry short,SHORT,4/14/2022 16:00,"41,172.72",23.92402,14658.73,1.49%,38775.57,3.94%,-3045.05,-0.31%,-323.93,1.49%
1380,Exit long,SHORT,4/16/2022 13:00,"40,456.82",24.64684,-2543.06,-0.25%,3681.01,0.37%,-4586.53,-0.46%,-2866.99,-0.25%
1380,Entry long,LONG,4/16/2022 8:00,"40,560.00",24.64684,-2543.06,-0.25%,3681.01,0.37%,-4586.53,-0.46%,-2866.99,-0.25%
1381,Exit short,LONG,4/16/2022 22:00,"40,493.31",24.64684,-899.36,-0.09%,4431.99,0.44%,-1200.3,-0.12%,-3766.36,-0.09%
1381,Entry short,SHORT,4/16/2022 13:00,"40,456.82",24.64684,-899.36,-0.09%,4431.99,0.44%,-1200.3,-0.12%,-3766.36,-0.09%
1382,Exit long,SHORT,4/17/2022 11:00,"40,230.87",24.60241,-6456.66,-0.65%,5074,0.51%,-12344.5,-1.24%,-10223.01,-0.65%
1382,Entry long,LONG,4/16/2022 22:00,"40,493.31",24.60241,-6456.66,-0.65%,5074,0.51%,-12344.5,-1.24%,-10223.01,-0.65%
1383,Exit short,LONG,4/17/2022 17:00,"40,419.82",24.60242,-4648.63,-0.47%,106.28,0.01%,-7354.16,-0.74%,-14871.64,-0.47%
1383,Entry short,SHORT,4/17/2022 11:00,"40,230.87",24.60242,-4648.63,-0.47%,106.28,0.01%,-7354.16,-0.74%,-14871.64,-0.47%
1384,Exit long,SHORT,4/18/2022 0:00,"40,200.00",24.3724,-5357.54,-0.54%,4285.89,0.44%,-7163.78,-0.73%,-20229.18,-0.54%
1384,Entry long,LONG,4/17/2022 17:00,"40,419.82",24.3724,-5357.54,-0.54%,4285.89,0.44%,-7163.78,-0.73%,-20229.18,-0.54%
1385,Exit short,LONG,4/19/2022 0:00,"39,464.46",24.3724,17926.88,1.83%,40543.24,4.14%,-6325.13,-0.65%,-2302.31,1.83%
1385,Entry short,SHORT,4/18/2022 0:00,"40,200.00",24.3724,17926.88,1.83%,40543.24,4.14%,-6325.13,-0.65%,-2302.31,1.83%
1386,Exit long,SHORT,4/22/2022 2:00,"41,462.10",25.28091,50502.16,5.06%,88774.93,8.90%,-31.6,0.00%,48199.85,5.06%
1386,Entry long,LONG,4/19/2022 0:00,"39,464.46",25.28091,50502.16,5.06%,88774.93,8.90%,-31.6,0.00%,48199.85,5.06%
1387,Exit short,LONG,4/23/2022 21:00,"39,703.86",25.28091,44449.91,4.24%,57769.41,5.51%,-2352.64,-0.22%,92649.76,4.24%
1387,Entry short,SHORT,4/22/2022 2:00,"41,462.10",25.28091,44449.91,4.24%,57769.41,5.51%,-2352.64,-0.22%,92649.76,4.24%
1388,Exit long,SHORT,4/24/2022 20:00,"39,582.38",27.51998,-3343.13,-0.31%,7599.37,0.70%,-10355.22,-0.95%,89306.63,-0.31%
1388,Entry long,LONG,4/23/2022 21:00,"39,703.86",27.51998,-3343.13,-0.31%,7599.37,0.70%,-10355.22,-0.95%,89306.63,-0.31%
1389,Exit short,LONG,4/26/2022 1:00,"39,394.93",27.51998,5158.62,0.47%,38043.07,3.49%,-9841.69,-0.90%,94465.25,0.47%
1389,Entry short,SHORT,4/24/2022 20:00,"39,582.38",27.51998,5158.62,0.47%,38043.07,3.49%,-9841.69,-0.90%,94465.25,0.47%
1390,Exit long,SHORT,4/26/2022 20:00,"40,286.36",27.78189,24765.61,2.26%,38960.77,3.56%,-2703.73,-0.25%,119230.86,2.26%
1390,Entry long,LONG,4/26/2022 1:00,"39,394.93",27.78189,24765.61,2.26%,38960.77,3.56%,-2703.73,-0.25%,119230.86,2.26%
1391,Exit short,LONG,4/27/2022 16:00,"38,980.01",27.78188,36292.86,3.24%,71791.16,6.41%,-1726.64,-0.15%,155523.72,3.24%
1391,Entry short,SHORT,4/26/2022 20:00,"40,286.36",27.78188,36292.86,3.24%,71791.16,6.41%,-1726.64,-0.15%,155523.72,3.24%
1392,Exit long,SHORT,4/28/2022 22:00,"39,287.09",29.64402,9103.09,0.79%,26749.88,2.31%,-16128.13,-1.40%,164626.81,0.79%
1392,Entry long,LONG,4/27/2022 16:00,"38,980.01",29.64402,9103.09,0.79%,26749.88,2.31%,-16128.13,-1.40%,164626.81,0.79%
1393,Exit short,LONG,4/29/2022 1:00,"40,283.71",29.644,-29543.8,-2.54%,5876.92,0.50%,-30026.7,-2.58%,135083,-2.54%
1393,Entry short,SHORT,4/28/2022 22:00,"39,287.09",29.644,-29543.8,-2.54%,5876.92,0.50%,-30026.7,-2.58%,135083,-2.54%
1394,Exit long,SHORT,4/29/2022 7:00,"39,742.06",28.1772,-15262.18,-1.34%,2505.52,0.22%,-19070.05,-1.68%,119820.82,-1.34%
1394,Entry long,LONG,4/29/2022 1:00,"40,283.71",28.1772,-15262.18,-1.34%,2505.52,0.22%,-19070.05,-1.68%,119820.82,-1.34%
1395,Exit short,LONG,5/1/2022 23:00,"38,490.01",28.17722,35279.29,3.15%,66376.52,5.93%,-5161.78,-0.46%,155100.11,3.15%
1395,Entry short,SHORT,4/29/2022 7:00,"39,742.06",28.17722,35279.29,3.15%,66376.52,5.93%,-5161.78,-0.46%,155100.11,3.15%
1396,Exit long,SHORT,5/2/2022 3:00,"37,807.87",30.0104,-20471.29,-1.77%,5551.62,0.48%,-22208,-1.92%,134628.81,-1.77%
1396,Entry long,LONG,5/1/2022 23:00,"38,490.01",30.0104,-20471.29,-1.77%,5551.62,0.48%,-22208,-1.92%,134628.81,-1.77%
1397,Exit short,LONG,5/2/2022 8:00,"38,672.88",30.01038,-25959.28,-2.29%,3649.56,0.32%,-30096.21,-2.65%,108669.54,-2.29%
1397,Entry short,SHORT,5/2/2022 3:00,"37,807.87",30.01038,-25959.28,-2.29%,3649.56,0.32%,-30096.21,-2.65%,108669.54,-2.29%
1398,Exit long,SHORT,5/2/2022 20:00,"38,500.42",28.66788,-4944.06,-0.45%,14175.12,1.28%,-8500.03,-0.77%,103725.48,-0.45%
1398,Entry long,LONG,5/2/2022 8:00,"38,672.88",28.66788,-4944.06,-0.45%,14175.12,1.28%,-8500.03,-0.77%,103725.48,-0.45%
1399,Exit short,LONG,5/4/2022 14:00,"38,409.20",28.66788,2615.08,0.24%,28169.63,2.55%,-18778.89,-1.70%,106340.56,0.24%
1399,Entry short,SHORT,5/2/2022 20:00,"38,500.42",28.66788,2615.08,0.24%,28169.63,2.55%,-18778.89,-1.70%,106340.56,0.24%
1400,Exit long,SHORT,5/5/2022 18:00,"39,513.67",28.80405,31813.21,2.88%,46506.16,4.20%,-3033.07,-0.27%,138153.77,2.88%
1400,Entry long,LONG,5/4/2022 14:00,"38,409.20",28.80405,31813.21,2.88%,46506.16,4.20%,-3033.07,-0.27%,138153.77,2.88%
1401,Exit short,LONG,5/7/2022 17:00,"35,986.04",28.80405,101610.03,8.93%,122580.53,10.77%,-1795.36,-0.16%,239763.8,8.93%
1401,Entry short,SHORT,5/5/2022 18:00,"39,513.67",28.80405,101610.03,8.93%,122580.53,10.77%,-1795.36,-0.16%,239763.8,8.93%
1402,Exit long,SHORT,5/8/2022 0:00,"35,965.83",34.45122,-696.26,-0.06%,5521.15,0.45%,-4135.52,-0.33%,239067.53,-0.06%
1402,Entry long,LONG,5/7/2022 17:00,"35,986.04",34.45122,-696.26,-0.06%,5521.15,0.45%,-4135.52,-0.33%,239067.53,-0.06%
1403,Exit short,LONG,5/11/2022 13:00,"31,438.77",34.45124,155962.83,12.59%,214818.3,17.34%,-1078.67,-0.09%,395030.38,12.59%
1403,Entry short,SHORT,5/8/2022 0:00,"35,965.83",34.45124,155962.83,12.59%,214818.3,17.34%,-1078.67,-0.09%,395030.38,12.59%
1404,Exit long,SHORT,5/11/2022 14:00,"30,498.04",44.37293,-41742.94,-2.99%,3712.68,0.27%,-48263.55,-3.46%,353287.44,-2.99%
1404,Entry long,LONG,5/11/2022 13:00,"31,438.77",44.37293,-41742.94,-2.99%,3712.68,0.27%,-48263.55,-3.46%,353287.44,-2.99%
1405,Exit short,LONG,5/11/2022 17:00,"31,755.25",44.37293,-55786.09,-4.12%,13224.91,0.98%,-57304.53,-4.23%,297501.34,-4.12%
1405,Entry short,SHORT,5/11/2022 14:00,"30,498.04",44.37293,-55786.09,-4.12%,13224.91,0.98%,-57304.53,-4.23%,297501.34,-4.12%
1406,Exit long,SHORT,5/12/2022 2:00,"29,915.90",40.85945,-75154.83,-5.79%,16643.69,1.28%,-110962.41,-8.55%,222346.5,-5.79%
1406,Entry long,LONG,5/11/2022 17:00,"31,755.25",40.85945,-75154.83,-5.79%,16643.69,1.28%,-110962.41,-8.55%,222346.5,-5.79%
1407,Exit short,LONG,5/13/2022 8:00,"29,545.38",40.85942,15139.23,1.24%,131399.81,10.75%,-13365.12,-1.09%,237485.73,1.24%
1407,Entry short,SHORT,5/12/2022 2:00,"29,915.90",40.85942,15139.23,1.24%,131399.81,10.75%,-13365.12,-1.09%,237485.73,1.24%
1408,Exit long,SHORT,5/14/2022 1:00,"29,599.65",41.88421,2273.06,0.18%,64417.5,5.21%,-12151.87,-0.98%,239758.8,0.18%
1408,Entry long,LONG,5/13/2022 8:00,"29,545.38",41.88421,2273.06,0.18%,64417.5,5.21%,-12151.87,-0.98%,239758.8,0.18%
1409,Exit short,LONG,5/15/2022 7:00,"30,086.74",41.88423,-20401.39,-1.65%,40613.04,3.28%,-31145.95,-2.51%,219357.4,-1.65%
1409,Entry short,SHORT,5/14/2022 1:00,"29,599.65",41.88423,-20401.39,-1.65%,40613.04,3.28%,-31145.95,-2.51%,219357.4,-1.65%
1410,Exit long,SHORT,5/15/2022 10:00,"29,850.00",40.52806,-9594.61,-0.79%,7557.27,0.62%,-13809.53,-1.13%,209762.78,-0.79%
1410,Entry long,LONG,5/15/2022 7:00,"30,086.74",40.52806,-9594.61,-0.79%,7557.27,0.62%,-13809.53,-1.13%,209762.78,-0.79%
1411,Exit short,LONG,5/15/2022 19:00,"30,241.46",40.52806,-15865.11,-1.31%,14995.38,1.24%,-19359.44,-1.60%,193897.67,-1.31%
1411,Entry short,SHORT,5/15/2022 10:00,"29,850.00",40.52806,-15865.11,-1.31%,14995.38,1.24%,-19359.44,-1.60%,193897.67,-1.31%
1412,Exit long,SHORT,5/16/2022 12:00,"30,330.00",39.47883,3495.46,0.29%,48106.54,4.03%,-18138.55,-1.52%,197393.12,0.29%
1412,Entry long,LONG,5/15/2022 19:00,"30,241.46",39.47883,3495.46,0.29%,48106.54,4.03%,-18138.55,-1.52%,197393.12,0.29%
1413,Exit short,LONG,5/17/2022 10:00,"30,064.99",39.47883,10462.29,0.87%,49070.61,4.10%,-5657.71,-0.47%,207855.4,0.87%
1413,Entry short,SHORT,5/16/2022 12:00,"30,330.00",39.47883,10462.29,0.87%,49070.61,4.10%,-5657.71,-0.47%,207855.4,0.87%
1414,Exit long,SHORT,5/17/2022 22:00,"30,066.01",40.17478,40.98,0.00%,29061.63,2.41%,-4841.46,-0.40%,207896.39,0.00%
1414,Entry long,LONG,5/17/2022 10:00,"30,064.99",40.17478,40.98,0.00%,29061.63,2.41%,-4841.46,-0.40%,207896.39,0.00%
1415,Exit short,LONG,5/18/2022 7:00,"30,444.93",40.17481,-15223.04,-1.26%,24732.82,2.05%,-24225.01,-2.01%,192673.36,-1.26%
1415,Entry short,SHORT,5/17/2022 22:00,"30,066.01",40.17481,-15223.04,-1.26%,24732.82,2.05%,-24225.01,-2.01%,192673.36,-1.26%
1416,Exit long,SHORT,5/18/2022 10:00,"30,216.22",39.17477,-8959.66,-0.75%,10383.66,0.87%,-14954.97,-1.25%,183713.69,-0.75%
1416,Entry long,LONG,5/18/2022 7:00,"30,444.93",39.17477,-8959.66,-0.75%,10383.66,0.87%,-14954.97,-1.25%,183713.69,-0.75%
1417,Exit short,LONG,5/19/2022 20:00,"29,498.45",39.17477,28118.48,2.38%,61181.2,5.17%,-203.32,-0.02%,211832.17,2.38%
1417,Entry short,SHORT,5/18/2022 10:00,"30,216.22",39.17477,28118.48,2.38%,61181.2,5.17%,-203.32,-0.02%,211832.17,2.38%
1418,Exit long,SHORT,5/21/2022 0:00,"28,901.09",41.08121,-24540.27,-2.03%,52537.94,4.34%,-31568.85,-2.61%,187291.89,-2.03%
1418,Entry long,LONG,5/19/2022 20:00,"29,498.45",41.08121,-24540.27,-2.03%,52537.94,4.34%,-31568.85,-2.61%,187291.89,-2.03%
1419,Exit short,LONG,5/21/2022 15:00,"29,423.18",41.08121,-21448.09,-1.81%,6864.26,0.58%,-27315.31,-2.30%,165843.81,-1.81%
1419,Entry short,SHORT,5/21/2022 0:00,"28,901.09",41.08121,-21448.09,-1.81%,6864.26,0.58%,-27315.31,-2.30%,165843.81,-1.81%
1420,Exit long,SHORT,5/22/2022 12:00,"29,286.09",39.62331,-5431.96,-0.47%,9232.23,0.79%,-10084.13,-0.86%,160411.84,-0.47%
1420,Entry long,LONG,5/21/2022 15:00,"29,423.18",39.62331,-5431.96,-0.47%,9232.23,0.79%,-10084.13,-0.86%,160411.84,-0.47%
1421,Exit short,LONG,5/22/2022 16:00,"29,555.03",39.62331,-10656.29,-0.92%,0,0.00%,-12203.19,-1.05%,149755.55,-0.92%
1421,Entry short,SHORT,5/22/2022 12:00,"29,286.09",39.62331,-10656.29,-0.92%,0,0.00%,-12203.19,-1.05%,149755.55,-0.92%
1422,Exit long,SHORT,5/23/2022 21:00,"30,323.06",38.90222,29878.07,2.60%,43394.65,3.77%,-656.28,-0.06%,179633.62,2.60%
1422,Entry long,LONG,5/22/2022 16:00,"29,555.03",38.90222,29878.07,2.60%,43394.65,3.77%,-656.28,-0.06%,179633.62,2.60%
1423,Exit short,LONG,5/25/2022 4:00,"29,462.95",38.90219,33460.16,2.84%,64346.56,5.45%,-8046.53,-0.68%,213093.78,2.84%
1423,Entry short,SHORT,5/23/2022 21:00,"30,323.06",38.90219,33460.16,2.84%,64346.56,5.45%,-8046.53,-0.68%,213093.78,2.84%
1424,Exit long,SHORT,5/25/2022 19:00,"29,409.01",41.17353,-2220.9,-0.18%,31324.41,2.58%,-6947.62,-0.57%,210872.89,-0.18%
1424,Entry long,LONG,5/25/2022 4:00,"29,462.95",41.17353,-2220.9,-0.18%,31324.41,2.58%,-6947.62,-0.57%,210872.89,-0.18%
1425,Exit short,LONG,5/25/2022 22:00,"29,783.35",41.17353,-15412.9,-1.27%,2859.09,0.24%,-20586.35,-1.70%,195459.98,-1.27%
1425,Entry short,SHORT,5/25/2022 19:00,"29,409.01",41.17353,-15412.9,-1.27%,2859.09,0.24%,-20586.35,-1.70%,195459.98,-1.27%
1426,Exit long,SHORT,5/26/2022 16:00,"29,009.58",40.13853,-31057.99,-2.60%,10075.57,0.84%,-36379.56,-3.04%,164402,-2.60%
1426,Entry long,LONG,5/25/2022 22:00,"29,783.35",40.13853,-31057.99,-2.60%,10075.57,0.84%,-36379.56,-3.04%,164402,-2.60%
1427,Exit short,LONG,5/27/2022 0:00,"29,586.31",40.13853,-23149.09,-1.99%,39737.95,3.41%,-31232.19,-2.68%,141252.9,-1.99%
1427,Entry short,SHORT,5/26/2022 16:00,"29,009.58",40.13853,-23149.09,-1.99%,39737.95,3.41%,-31232.19,-2.68%,141252.9,-1.99%
1428,Exit long,SHORT,5/27/2022 8:00,"29,074.50",38.57368,-19742.39,-1.73%,3723.52,0.33%,-21640.22,-1.90%,121510.51,-1.73%
1428,Entry long,LONG,5/27/2022 0:00,"29,586.31",38.57368,-19742.39,-1.73%,3723.52,0.33%,-21640.22,-1.90%,121510.51,-1.73%
1429,Exit short,LONG,5/27/2022 21:00,"29,324.72",38.57368,-9651.91,-0.86%,16610.21,1.48%,-12465.47,-1.11%,111858.6,-0.86%
1429,Entry short,SHORT,5/27/2022 8:00,"29,074.50",38.57368,-9651.91,-0.86%,16610.21,1.48%,-12465.47,-1.11%,111858.6,-0.86%
1430,Exit long,SHORT,5/28/2022 1:00,"28,388.13",37.91542,-35511.2,-3.19%,632.81,0.06%,-37336.07,-3.36%,76347.4,-3.19%
1430,Entry long,LONG,5/27/2022 21:00,"29,324.72",37.91542,-35511.2,-3.19%,632.81,0.06%,-37336.07,-3.36%,76347.4,-3.19%
1431,Exit short,LONG,5/28/2022 15:00,"28,885.71",37.9154,-18865.94,-1.75%,3989.84,0.37%,-25322.56,-2.35%,57481.45,-1.75%
1431,Entry short,SHORT,5/28/2022 1:00,"28,388.13",37.9154,-18865.94,-1.75%,3989.84,0.37%,-25322.56,-2.35%,57481.45,-1.75%
1432,Exit long,SHORT,5/28/2022 19:00,"28,828.02",36.60912,-2111.98,-0.20%,1651.07,0.16%,-4357.58,-0.41%,55369.47,-0.20%
1432,Entry long,LONG,5/28/2022 15:00,"28,885.71",36.60912,-2111.98,-0.20%,1651.07,0.16%,-4357.58,-0.41%,55369.47,-0.20%
1433,Exit short,LONG,5/28/2022 20:00,"28,979.85",36.60915,-5558.37,-0.53%,1180.28,0.11%,-7467.53,-0.71%,49811.11,-0.53%
1433,Entry short,SHORT,5/28/2022 19:00,"28,828.02",36.60915,-5558.37,-0.53%,1180.28,0.11%,-7467.53,-0.71%,49811.11,-0.53%
1434,Exit long,SHORT,5/29/2022 2:00,"29,001.74",36.22552,792.98,0.08%,10365.93,0.99%,-7077.38,-0.67%,50604.08,0.08%
1434,Entry long,LONG,5/28/2022 20:00,"28,979.85",36.22552,792.98,0.08%,10365.93,0.99%,-7077.38,-0.67%,50604.08,0.08%
1435,Exit short,LONG,5/29/2022 7:00,"29,031.33",36.22555,-1071.91,-0.10%,2126.8,0.20%,-5537.8,-0.53%,49532.17,-0.10%
1435,Entry short,SHORT,5/29/2022 2:00,"29,001.74",36.22555,-1071.91,-0.10%,2126.8,0.20%,-5537.8,-0.53%,49532.17,-0.10%
1436,Exit long,SHORT,5/29/2022 8:00,"29,005.46",36.1517,-935.24,-0.09%,506.49,0.05%,-2206.34,-0.21%,48596.93,-0.09%
1436,Entry long,LONG,5/29/2022 7:00,"29,031.33",36.1517,-935.24,-0.09%,506.49,0.05%,-2206.34,-0.21%,48596.93,-0.09%
1437,Exit short,LONG,5/29/2022 18:00,"29,159.50",36.1517,-5568.81,-0.53%,6010.22,0.57%,-7638.85,-0.73%,43028.12,-0.53%
1437,Entry short,SHORT,5/29/2022 8:00,"29,005.46",36.1517,-5568.81,-0.53%,6010.22,0.57%,-7638.85,-0.73%,43028.12,-0.53%
1438,Exit long,SHORT,5/30/2022 2:00,"29,165.95",35.76977,230.72,0.02%,11786.14,1.13%,-1698.71,-0.16%,43258.83,0.02%
1438,Entry long,LONG,5/29/2022 18:00,"29,159.50",35.76977,230.72,0.02%,11786.14,1.13%,-1698.71,-0.16%,43258.83,0.02%
1439,Exit short,LONG,5/30/2022 7:00,"29,468.10",35.76975,-10807.83,-1.04%,3146.66,0.30%,-15088.75,-1.45%,32451,-1.04%
1439,Entry short,SHORT,5/30/2022 2:00,"29,165.95",35.76975,-10807.83,-1.04%,3146.66,0.30%,-15088.75,-1.45%,32451,-1.04%
1440,Exit long,SHORT,6/1/2022 13:00,"31,622.28",35.03622,75474.33,7.31%,102687.66,9.95%,-5902.9,-0.57%,107925.33,7.31%
1440,Entry long,LONG,5/30/2022 7:00,"29,468.10",35.03622,75474.33,7.31%,102687.66,9.95%,-5902.9,-0.57%,107925.33,7.31%
1441,Exit short,LONG,6/1/2022 21:00,"31,739.44",35.03622,-4104.84,-0.37%,6246.26,0.56%,-9777.21,-0.88%,103820.48,-0.37%
1441,Entry short,SHORT,6/1/2022 13:00,"31,622.28",35.03622,-4104.84,-0.37%,6246.26,0.56%,-9777.21,-0.88%,103820.48,-0.37%
1442,Exit long,SHORT,6/1/2022 23:00,"30,742.59",34.77754,-34667.99,-3.14%,2767.6,0.25%,-39626.92,-3.59%,69152.49,-3.14%
1442,Entry long,LONG,6/1/2022 21:00,"31,739.44",34.77754,-34667.99,-3.14%,2767.6,0.25%,-39626.92,-3.59%,69152.49,-3.14%
1443,Exit short,LONG,6/2/2022 23:00,"30,212.73",34.77756,18427.24,1.72%,50134.98,4.69%,-55.64,-0.01%,87579.73,1.72%
1443,Entry short,SHORT,6/1/2022 23:00,"30,742.59",34.77756,18427.24,1.72%,50134.98,4.69%,-55.64,-0.01%,87579.73,1.72%
1444,Exit long,SHORT,6/3/2022 16:00,"30,440.97",35.9974,8216.05,0.76%,17504.46,1.61%,-8469.47,-0.78%,95795.77,0.76%
1444,Entry long,LONG,6/2/2022 23:00,"30,212.73",35.9974,8216.05,0.76%,17504.46,1.61%,-8469.47,-0.78%,95795.77,0.76%
1445,Exit short,LONG,6/4/2022 16:00,"29,750.03",35.9974,24872.04,2.27%,41706.95,3.81%,-1242.27,-0.11%,120667.82,2.27%
1445,Entry short,SHORT,6/3/2022 16:00,"30,440.97",35.9974,24872.04,2.27%,41706.95,3.81%,-1242.27,-0.11%,120667.82,2.27%
1446,Exit long,SHORT,6/4/2022 20:00,"29,538.00",37.66946,-7987.06,-0.71%,1544.82,0.14%,-8815.41,-0.79%,112680.77,-0.71%
1446,Entry long,LONG,6/4/2022 16:00,"29,750.03",37.66946,-7987.06,-0.71%,1544.82,0.14%,-8815.41,-0.79%,112680.77,-0.71%
1447,Exit short,LONG,6/5/2022 5:00,"29,846.33",37.66946,-11614.62,-1.04%,1996.48,0.18%,-16984.41,-1.53%,101066.14,-1.04%
1447,Entry short,SHORT,6/4/2022 20:00,"29,538.00",37.66946,-11614.62,-1.04%,1996.48,0.18%,-16984.41,-1.53%,101066.14,-1.04%
1448,Exit long,SHORT,6/5/2022 6:00,"29,808.02",36.89117,-1413.3,-0.13%,4857.09,0.44%,-2017.21,-0.18%,99652.84,-0.13%
1448,Entry long,LONG,6/5/2022 5:00,"29,846.33",36.89117,-1413.3,-0.13%,4857.09,0.44%,-2017.21,-0.18%,99652.84,-0.13%
1449,Exit short,LONG,6/5/2022 7:00,"29,864.03",36.89117,-2066.27,-0.19%,1357.6,0.12%,-2264.38,-0.21%,97586.56,-0.19%
1449,Entry short,SHORT,6/5/2022 6:00,"29,808.02",36.89117,-2066.27,-0.19%,1357.6,0.12%,-2264.38,-0.21%,97586.56,-0.19%
1450,Exit long,SHORT,6/5/2022 8:00,"29,740.64",36.75277,-4534.92,-0.41%,1218.35,0.11%,-4949.13,-0.45%,93051.64,-0.41%
1450,Entry long,LONG,6/5/2022 7:00,"29,864.03",36.75277,-4534.92,-0.41%,1218.35,0.11%,-4949.13,-0.45%,93051.64,-0.41%
1451,Exit short,LONG,6/5/2022 23:00,"29,972.23",36.75279,-8511.58,-0.78%,7689.42,0.70%,-8833.9,-0.81%,84540.06,-0.78%
1451,Entry short,SHORT,6/5/2022 8:00,"29,740.64",36.75279,-8511.58,-0.78%,7689.42,0.70%,-8833.9,-0.81%,84540.06,-0.78%
1452,Exit long,SHORT,6/7/2022 10:00,"29,402.09",36.18485,-20630.43,-1.90%,64894.27,5.98%,-27256.96,-2.51%,63909.63,-1.90%
1452,Entry long,LONG,6/5/2022 23:00,"29,972.23",36.18485,-20630.43,-1.90%,64894.27,5.98%,-27256.96,-2.51%,63909.63,-1.90%
1453,Exit short,LONG,6/7/2022 22:00,"29,908.72",36.18483,-18332.32,-1.72%,2246.72,0.21%,-23127.9,-2.17%,45577.31,-1.72%
1453,Entry short,SHORT,6/7/2022 10:00,"29,402.09",36.18483,-18332.32,-1.72%,2246.72,0.21%,-23127.9,-2.17%,45577.31,-1.72%
1454,Exit long,SHORT,6/8/2022 23:00,"30,476.77",34.95892,19858.41,1.90%,58761.75,5.62%,-5631.88,-0.54%,65435.73,1.90%
1454,Entry long,LONG,6/7/2022 22:00,"29,908.72",34.95892,19858.41,1.90%,58761.75,5.62%,-5631.88,-0.54%,65435.73,1.90%
1455,Exit short,LONG,6/9/2022 15:00,"30,487.53",34.95894,-376.16,-0.04%,19588.19,1.84%,-2652.33,-0.25%,65059.57,-0.04%
1455,Entry short,SHORT,6/8/2022 23:00,"30,476.77",34.95894,-376.16,-0.04%,19588.19,1.84%,-2652.33,-0.25%,65059.57,-0.04%
1456,Exit long,SHORT,6/9/2022 20:00,"30,112.87",34.93424,-13088.46,-1.23%,7422.48,0.70%,-16864.85,-1.58%,51971.11,-1.23%
1456,Entry long,LONG,6/9/2022 15:00,"30,487.53",34.93424,-13088.46,-1.23%,7422.48,0.70%,-16864.85,-1.58%,51971.11,-1.23%
1457,Exit short,LONG,6/15/2022 0:00,"22,484.69",34.93426,266484.8,25.33%,323731.25,30.77%,-11777.39,-1.12%,318455.94,25.33%
1457,Entry short,SHORT,6/9/2022 20:00,"30,112.87",34.93426,266484.8,25.33%,323731.25,30.77%,-11777.39,-1.12%,318455.94,25.33%
1458,Exit long,SHORT,6/15/2022 4:00,"21,989.88",58.63794,-29014.64,-2.20%,14970.85,1.14%,-37833.79,-2.87%,289441.28,-2.20%
1458,Entry long,LONG,6/15/2022 0:00,"22,484.69",58.63794,-29014.64,-2.20%,14970.85,1.14%,-37833.79,-2.87%,289441.28,-2.20%
1459,Exit short,LONG,6/15/2022 23:00,"21,419.09",58.63794,33469.95,2.60%,110137.3,8.54%,-20764.87,-1.61%,322911.25,2.60%
1459,Entry short,SHORT,6/15/2022 4:00,"21,989.88",58.63794,33469.95,2.60%,110137.3,8.54%,-20764.87,-1.61%,322911.25,2.60%
1460,Exit long,SHORT,6/16/2022 0:00,"20,723.00",61.76312,-42992.69,-3.25%,7813.65,0.59%,-48561.25,-3.67%,279918.56,-3.25%
1460,Entry long,LONG,6/15/2022 23:00,"21,419.09",61.76312,-42992.69,-3.25%,7813.65,0.59%,-48561.25,-3.67%,279918.56,-3.25%
1461,Exit short,LONG,6/16/2022 2:00,"21,540.07",61.76318,-50464.84,-3.94%,29213.98,2.28%,-109538.23,-8.56%,229453.7,-3.94%
1461,Entry short,SHORT,6/16/2022 0:00,"20,723.00",61.76318,-50464.84,-3.94%,29213.98,2.28%,-109538.23,-8.56%,229453.7,-3.94%
1462,Exit long,SHORT,6/16/2022 14:00,"21,797.51",57.07751,14694.03,1.20%,83085.45,6.76%,-5155.81,-0.42%,244147.73,1.20%
1462,Entry long,LONG,6/16/2022 2:00,"21,540.07",57.07751,14694.03,1.20%,83085.45,6.76%,-5155.81,-0.42%,244147.73,1.20%
1463,Exit short,LONG,6/17/2022 18:00,"21,119.50",57.07751,38699.12,3.11%,89355.41,7.18%,-8113.57,-0.65%,282846.88,3.11%
1463,Entry short,SHORT,6/16/2022 14:00,"21,797.51",57.07751,38699.12,3.11%,89355.41,7.18%,-8113.57,-0.65%,282846.88,3.11%
1464,Exit long,SHORT,6/17/2022 20:00,"20,654.50",60.74229,-28245.16,-2.20%,5983.12,0.47%,-32284.53,-2.52%,254601.7,-2.20%
1464,Entry long,LONG,6/17/2022 18:00,"21,119.50",60.74229,-28245.16,-2.20%,5983.12,0.47%,-32284.53,-2.52%,254601.7,-2.20%
1465,Exit short,LONG,6/19/2022 22:00,"19,472.24",60.74229,71813.18,5.72%,184201,14.68%,-16166.56,-1.29%,326414.88,5.72%
1465,Entry short,SHORT,6/17/2022 20:00,"20,654.50",60.74229,71813.18,5.72%,184201,14.68%,-16166.56,-1.29%,326414.88,5.72%
1466,Exit long,SHORT,6/20/2022 12:00,"19,857.90",68.11824,26270.48,1.98%,91531.16,6.90%,-9863.52,-0.74%,352685.38,1.98%
1466,Entry long,LONG,6/19/2022 22:00,"19,472.24",68.11824,26270.48,1.98%,91531.16,6.90%,-9863.52,-0.74%,352685.38,1.98%
1467,Exit short,LONG,6/20/2022 14:00,"20,140.05",68.11824,-19219.56,-1.42%,5539.38,0.41%,-27273.86,-2.02%,333465.8,-1.42%
1467,Entry short,SHORT,6/20/2022 12:00,"19,857.90",68.11824,-19219.56,-1.42%,5539.38,0.41%,-27273.86,-2.02%,333465.8,-1.42%
1468,Exit long,SHORT,6/21/2022 3:00,"20,072.80",66.20972,-4452.6,-0.33%,62895.92,4.72%,-20333.01,-1.52%,329013.2,-0.33%
1468,Entry long,LONG,6/20/2022 14:00,"20,140.05",66.20972,-4452.6,-0.33%,62895.92,4.72%,-20333.01,-1.52%,329013.2,-0.33%
1469,Exit short,LONG,6/21/2022 4:00,"20,455.55",66.20965,-25341.74,-1.91%,4718.76,0.36%,-30253.84,-2.28%,303671.44,-1.91%
1469,Entry short,SHORT,6/21/2022 3:00,"20,072.80",66.20965,-25341.74,-1.91%,4718.76,0.36%,-30253.84,-2.28%,303671.44,-1.91%
1470,Exit long,SHORT,6/22/2022 4:00,"20,859.86",63.73198,25767.48,1.98%,80777.1,6.20%,-12998.77,-1.00%,329438.94,1.98%
1470,Entry long,LONG,6/21/2022 4:00,"20,455.55",63.73198,25767.48,1.98%,80777.1,6.20%,-12998.77,-1.00%,329438.94,1.98%
1471,Exit short,LONG,6/22/2022 22:00,"20,693.98",63.73191,10571.85,0.80%,57965.45,4.36%,-12436.01,-0.94%,340010.78,0.80%
1471,Entry short,SHORT,6/22/2022 4:00,"20,859.86",63.73191,10571.85,0.80%,57965.45,4.36%,-12436.01,-0.94%,340010.78,0.80%
1472,Exit long,SHORT,6/22/2022 23:00,"20,080.85",64.75365,-39702.41,-2.96%,570.48,0.04%,-42636.39,-3.18%,300308.38,-2.96%
1472,Entry long,LONG,6/22/2022 22:00,"20,693.98",64.75365,-39702.41,-2.96%,570.48,0.04%,-42636.39,-3.18%,300308.38,-2.96%
1473,Exit short,LONG,6/23/2022 0:00,"20,322.72",64.75365,-15661.96,-1.20%,15540.23,1.20%,-17153.89,-1.32%,284646.4,-1.20%
1473,Entry short,SHORT,6/22/2022 23:00,"20,080.85",64.75365,-15661.96,-1.20%,15540.23,1.20%,-17153.89,-1.32%,284646.4,-1.20%
1474,Exit long,SHORT,6/23/2022 2:00,"20,218.15",63.21226,-6610.11,-0.51%,3620.8,0.28%,-10918.02,-0.85%,278036.3,-0.51%
1474,Entry long,LONG,6/23/2022 0:00,"20,322.72",63.21226,-6610.11,-0.51%,3620.8,0.28%,-10918.02,-0.85%,278036.3,-0.51%
1475,Exit short,LONG,6/23/2022 10:00,"20,363.01",63.21232,-9156.94,-0.72%,28296.36,2.21%,-24910.08,-1.95%,268879.38,-0.72%
1475,Entry short,SHORT,6/23/2022 2:00,"20,218.15",63.21232,-9156.94,-0.72%,28296.36,2.21%,-24910.08,-1.95%,268879.38,-0.72%
1476,Exit long,SHORT,6/23/2022 11:00,"20,213.78",62.31301,-9298.97,-0.73%,854.31,0.07%,-9445.41,-0.74%,259580.39,-0.73%
1476,Entry long,LONG,6/23/2022 10:00,"20,363.01",62.31301,-9298.97,-0.73%,854.31,0.07%,-9445.41,-0.74%,259580.39,-0.73%
1477,Exit short,LONG,6/23/2022 14:00,"20,548.52",62.31295,-20858.64,-1.66%,2836.49,0.23%,-27627.07,-2.19%,238721.75,-1.66%
1477,Entry short,SHORT,6/23/2022 11:00,"20,213.78",62.31295,-20858.64,-1.66%,2836.49,0.23%,-27627.07,-2.19%,238721.75,-1.66%
1478,Exit long,SHORT,6/23/2022 23:00,"20,351.91",60.28283,-11852.21,-0.96%,16920.79,1.37%,-15740.45,-1.27%,226869.55,-0.96%
1478,Entry long,LONG,6/23/2022 14:00,"20,548.52",60.28283,-11852.21,-0.96%,16920.79,1.37%,-15740.45,-1.27%,226869.55,-0.96%
1479,Exit short,LONG,6/24/2022 4:00,"20,815.26",60.28277,-27932.02,-2.28%,10966.04,0.89%,-46483.44,-3.79%,198937.53,-2.28%
1479,Entry short,SHORT,6/23/2022 23:00,"20,351.91",60.28277,-27932.02,-2.28%,10966.04,0.89%,-46483.44,-3.79%,198937.53,-2.28%
1480,Exit long,SHORT,6/24/2022 14:00,"20,842.16",57.59902,1549.41,0.13%,31943.84,2.66%,-8210.16,-0.68%,200486.94,0.13%
1480,Entry long,LONG,6/24/2022 4:00,"20,815.26",57.59902,1549.41,0.13%,31943.84,2.66%,-8210.16,-0.68%,200486.94,0.13%
1481,Exit short,LONG,6/24/2022 19:00,"21,169.53",57.59896,-18856.17,-1.57%,6073.23,0.51%,-27898.63,-2.32%,181630.77,-1.57%
1481,Entry short,SHORT,6/24/2022 14:00,"20,842.16",57.59896,-18856.17,-1.57%,6073.23,0.51%,-27898.63,-2.32%,181630.77,-1.57%
1482,Exit long,SHORT,6/25/2022 1:00,"20,972.41",55.81752,-11002.75,-0.93%,16045.86,1.36%,-21476.91,-1.82%,170628.02,-0.93%
1482,Entry long,LONG,6/24/2022 19:00,"21,169.53",55.81752,-11002.75,-0.93%,16045.86,1.36%,-21476.91,-1.82%,170628.02,-0.93%
1483,Exit short,LONG,6/25/2022 3:00,"21,253.79",55.81752,-15705.93,-1.34%,3817.36,0.33%,-16463.38,-1.41%,154922.1,-1.34%
1483,Entry short,SHORT,6/25/2022 1:00,"20,972.41",55.81752,-15705.93,-1.34%,3817.36,0.33%,-16463.38,-1.41%,154922.1,-1.34%
1484,Exit long,SHORT,6/25/2022 10:00,"21,177.36",54.34051,-4153.24,-0.36%,16553.21,1.43%,-7176.75,-0.62%,150768.84,-0.36%
1484,Entry long,LONG,6/25/2022 3:00,"21,253.79",54.34051,-4153.24,-0.36%,16553.21,1.43%,-7176.75,-0.62%,150768.84,-0.36%
1485,Exit short,LONG,6/25/2022 15:00,"21,508.09",54.33957,-17971.73,-1.56%,1084.07,0.09%,-23754,-2.06%,132797.11,-1.56%
1485,Entry short,SHORT,6/25/2022 10:00,"21,177.36",54.33957,-17971.73,-1.56%,1084.07,0.09%,-23754,-2.06%,132797.11,-1.56%
1486,Exit long,SHORT,6/25/2022 20:00,"21,147.95",52.66822,-18967.93,-1.67%,2508.06,0.22%,-25079.02,-2.21%,113829.18,-1.67%
1486,Entry long,LONG,6/25/2022 15:00,"21,508.09",52.66822,-18967.93,-1.67%,2508.06,0.22%,-25079.02,-2.21%,113829.18,-1.67%
1487,Exit short,LONG,6/26/2022 5:00,"21,512.07",52.66842,-19177.62,-1.72%,12710.47,1.14%,-19760.66,-1.77%,94651.56,-1.72%
1487,Entry short,SHORT,6/25/2022 20:00,"21,147.95",52.66842,-19177.62,-1.72%,12710.47,1.14%,-19760.66,-1.77%,94651.56,-1.72%
1488,Exit long,SHORT,6/26/2022 23:00,"21,325.98",50.88545,-9469.27,-0.87%,19129.37,1.75%,-16026.37,-1.46%,85182.28,-0.87%
1488,Entry long,LONG,6/26/2022 5:00,"21,512.07",50.88545,-9469.27,-0.87%,19129.37,1.75%,-16026.37,-1.46%,85182.28,-0.87%
1489,Exit short,LONG,6/27/2022 14:00,"21,267.59",50.88545,2971.2,0.27%,20352.65,1.88%,-6101.17,-0.56%,88153.48,0.27%
1489,Entry short,SHORT,6/26/2022 23:00,"21,325.98",50.88545,2971.2,0.27%,20352.65,1.88%,-6101.17,-0.56%,88153.48,0.27%
1490,Exit long,SHORT,6/27/2022 22:00,"20,820.50",51.16482,-22875.28,-2.10%,13930.13,1.28%,-34668.77,-3.19%,65278.21,-2.10%
1490,Entry long,LONG,6/27/2022 14:00,"21,267.59",51.16482,-22875.28,-2.10%,13930.13,1.28%,-34668.77,-3.19%,65278.21,-2.10%
1491,Exit short,LONG,6/28/2022 15:00,"20,879.39",51.16487,-3013.1,-0.28%,15886.69,1.49%,-7481.84,-0.70%,62265.11,-0.28%
1491,Entry short,SHORT,6/27/2022 22:00,"20,820.50",51.16487,-3013.1,-0.28%,15886.69,1.49%,-7481.84,-0.70%,62265.11,-0.28%
1492,Exit long,SHORT,6/28/2022 23:00,"20,606.40",50.87625,-13888.71,-1.31%,16927.04,1.59%,-14824.83,-1.40%,48376.4,-1.31%
1492,Entry long,LONG,6/28/2022 15:00,"20,879.39",50.87625,-13888.71,-1.31%,16927.04,1.59%,-14824.83,-1.40%,48376.4,-1.31%
1493,Exit short,LONG,6/30/2022 4:00,"20,224.04",50.87625,19453.04,1.86%,38232.48,3.65%,-8414.93,-0.80%,67829.45,1.86%
1493,Entry short,SHORT,6/28/2022 23:00,"20,606.40",50.87625,19453.04,1.86%,38232.48,3.65%,-8414.93,-0.80%,67829.45,1.86%
1494,Exit long,SHORT,6/30/2022 8:00,"20,037.91",52.8,-9827.66,-0.92%,7023.46,0.66%,-11239.54,-1.05%,58001.78,-0.92%
1494,Entry long,LONG,6/30/2022 4:00,"20,224.04",52.8,-9827.66,-0.92%,7023.46,0.66%,-11239.54,-1.05%,58001.78,-0.92%
1495,Exit short,LONG,7/1/2022 10:00,"20,300.68",52.8,-13874.26,-1.31%,74548.85,7.05%,-46487.23,-4.39%,44127.52,-1.31%
1495,Entry short,SHORT,6/30/2022 8:00,"20,037.91",52.8,-13874.26,-1.31%,74548.85,7.05%,-46487.23,-4.39%,44127.52,-1.31%
1496,Exit long,SHORT,7/1/2022 12:00,"19,409.23",51.43307,-45850.01,-4.39%,456.21,0.04%,-48027.69,-4.60%,-1722.49,-4.39%
1496,Entry long,LONG,7/1/2022 10:00,"20,300.68",51.43307,-45850.01,-4.39%,456.21,0.04%,-48027.69,-4.60%,-1722.49,-4.39%
1497,Exit short,LONG,7/2/2022 21:00,"19,266.63",51.43313,7334.36,0.73%,22333.81,2.24%,-21193.02,-2.12%,5611.88,0.73%
1497,Entry short,SHORT,7/1/2022 12:00,"19,409.23",51.43313,7334.36,0.73%,22333.81,2.24%,-21193.02,-2.12%,5611.88,0.73%
1498,Exit long,SHORT,7/3/2022 8:00,"19,246.54",52.19443,-1048.59,-0.10%,7379.25,0.73%,-4951.16,-0.49%,4563.29,-0.10%
1498,Entry long,LONG,7/2/2022 21:00,"19,266.63",52.19443,-1048.59,-0.10%,7379.25,0.73%,-4951.16,-0.49%,4563.29,-0.10%
1499,Exit short,LONG,7/4/2022 2:00,"19,236.73",52.19448,512.03,0.05%,24298.62,2.42%,-8009.76,-0.80%,5075.32,0.05%
1499,Entry short,SHORT,7/3/2022 8:00,"19,246.54",52.19448,512.03,0.05%,24298.62,2.42%,-8009.76,-0.80%,5075.32,0.05%
1500,Exit long,SHORT,7/4/2022 10:00,"19,072.49",52.24766,-8581.16,-0.85%,21468.56,2.14%,-9307.92,-0.93%,-3505.84,-0.85%
1500,Entry long,LONG,7/4/2022 2:00,"19,236.73",52.24766,-8581.16,-0.85%,21468.56,2.14%,-9307.92,-0.93%,-3505.84,-0.85%
1501,Exit short,LONG,7/4/2022 18:00,"19,470.64",52.24772,-20802.43,-2.09%,897.62,0.09%,-25208.48,-2.53%,-24308.27,-2.09%
1501,Entry short,SHORT,7/4/2022 10:00,"19,072.49",52.24772,-20802.43,-2.09%,897.62,0.09%,-25208.48,-2.53%,-24308.27,-2.09%
1502,Exit long,SHORT,7/5/2022 18:00,"19,740.94",50.11086,13544.97,1.39%,50499.72,5.18%,-351.28,-0.04%,-10763.3,1.39%
1502,Entry long,LONG,7/4/2022 18:00,"19,470.64",50.11086,13544.97,1.39%,50499.72,5.18%,-351.28,-0.04%,-10763.3,1.39%
1503,Exit short,LONG,7/6/2022 3:00,"20,398.21",50.11092,-32936.41,-3.33%,21875.42,2.21%,-38037.19,-3.85%,-43699.71,-3.33%
1503,Entry short,SHORT,7/5/2022 18:00,"19,740.94",50.11092,-32936.41,-3.33%,21875.42,2.21%,-38037.19,-3.85%,-43699.71,-3.33%
1504,Exit long,SHORT,7/8/2022 19:00,"21,583.99",46.88157,55591.23,5.81%,99818.37,10.44%,-29861.69,-3.12%,11891.52,5.81%
1504,Entry long,LONG,7/6/2022 3:00,"20,398.21",46.88157,55591.23,5.81%,99818.37,10.44%,-29861.69,-3.12%,11891.52,5.81%
1505,Exit short,LONG,7/9/2022 2:00,"21,736.35",46.88157,-7142.88,-0.71%,18505.56,1.83%,-25597.81,-2.53%,4748.65,-0.71%
1505,Entry short,SHORT,7/8/2022 19:00,"21,583.99",46.88157,-7142.88,-0.71%,18505.56,1.83%,-25597.81,-2.53%,4748.65,-0.71%
1506,Exit long,SHORT,7/9/2022 8:00,"21,547.42",46.22473,-8733.24,-0.87%,14309.33,1.42%,-14160.95,-1.41%,-3984.59,-0.87%
1506,Entry long,LONG,7/9/2022 2:00,"21,736.35",46.22473,-8733.24,-0.87%,14309.33,1.42%,-14160.95,-1.41%,-3984.59,-0.87%
1507,Exit short,LONG,7/9/2022 16:00,"21,722.94",46.22434,-8113.3,-0.81%,6664.63,0.67%,-8670.76,-0.87%,-12097.89,-0.81%
1507,Entry short,SHORT,7/9/2022 8:00,"21,547.42",46.22434,-8113.3,-0.81%,6664.63,0.67%,-8670.76,-0.87%,-12097.89,-0.81%
1508,Exit long,SHORT,7/10/2022 8:00,"21,372.91",45.47736,-15918.44,-1.61%,11690.41,1.18%,-18228.24,-1.85%,-28016.33,-1.61%
1508,Entry long,LONG,7/9/2022 16:00,"21,722.94",45.47736,-15918.44,-1.61%,11690.41,1.18%,-18228.24,-1.85%,-28016.33,-1.61%
1509,Exit short,LONG,7/13/2022 15:00,"19,707.06",45.47736,75758.46,7.79%,96999.12,9.98%,-5724.69,-0.59%,47742.13,7.79%
1509,Entry short,SHORT,7/10/2022 8:00,"21,372.91",45.47736,75758.46,7.79%,96999.12,9.98%,-5724.69,-0.59%,47742.13,7.79%
1510,Exit long,SHORT,7/14/2022 16:00,"19,764.62",53.17488,3060.75,0.29%,38746.41,3.70%,-42333.59,-4.04%,50802.88,0.29%
1510,Entry long,LONG,7/13/2022 15:00,"19,707.06",53.17488,3060.75,0.29%,38746.41,3.70%,-42333.59,-4.04%,50802.88,0.29%
1511,Exit short,LONG,7/14/2022 23:00,"20,390.00",53.16585,-33248.86,-3.16%,7897.79,0.75%,-37289.46,-3.55%,17554.02,-3.16%
1511,Entry short,SHORT,7/14/2022 16:00,"19,764.62",53.16585,-33248.86,-3.16%,7897.79,0.75%,-37289.46,-3.55%,17554.02,-3.16%
1512,Exit long,SHORT,7/16/2022 0:00,"20,759.35",49.90203,18431.31,1.81%,34931.42,3.43%,-12277.9,-1.21%,35985.33,1.81%
1512,Entry long,LONG,7/14/2022 23:00,"20,390.00",49.90203,18431.31,1.81%,34931.42,3.43%,-12277.9,-1.21%,35985.33,1.81%
1513,Exit short,LONG,7/16/2022 22:00,"20,814.39",49.90451,-2746.74,-0.27%,14010.19,1.35%,-21990.42,-2.12%,33238.59,-0.27%
1513,Entry short,SHORT,7/16/2022 0:00,"20,759.35",49.90451,-2746.74,-0.27%,14010.19,1.35%,-21990.42,-2.12%,33238.59,-0.27%
1514,Exit long,SHORT,7/17/2022 22:00,"21,205.22",49.63241,19397.83,1.88%,43187.64,4.18%,-131.53,-0.01%,52636.42,1.88%
1514,Entry long,LONG,7/16/2022 22:00,"20,814.39",49.63241,19397.83,1.88%,43187.64,4.18%,-131.53,-0.01%,52636.42,1.88%
1515,Exit short,LONG,7/18/2022 11:00,"21,282.60",49.64043,-3841.18,-0.36%,22596.82,2.15%,-8675.66,-0.82%,48795.25,-0.36%
1515,Entry short,SHORT,7/17/2022 22:00,"21,205.22",49.64043,-3841.18,-0.36%,22596.82,2.15%,-8675.66,-0.82%,48795.25,-0.36%
1516,Exit long,SHORT,7/19/2022 4:00,"21,491.79",49.29146,10311.28,0.98%,73692.21,7.02%,-5549.73,-0.53%,59106.53,0.98%
1516,Entry long,LONG,7/18/2022 11:00,"21,282.60",49.29146,10311.28,0.98%,73692.21,7.02%,-5549.73,-0.53%,59106.53,0.98%
1517,Exit short,LONG,7/19/2022 20:00,"22,175.50",49.27958,-33692.94,-3.18%,2293.47,0.22%,-72437.53,-6.84%,25413.59,-3.18%
1517,Entry short,SHORT,7/19/2022 4:00,"21,491.79",49.27958,-33692.94,-3.18%,2293.47,0.22%,-72437.53,-6.84%,25413.59,-3.18%
1518,Exit long,SHORT,7/21/2022 6:00,"23,309.06",46.24083,52416.75,5.11%,97163.08,9.48%,-6198.58,-0.60%,77830.34,5.11%
1518,Entry long,LONG,7/19/2022 20:00,"22,175.50",46.24083,52416.75,5.11%,97163.08,9.48%,-6198.58,-0.60%,77830.34,5.11%
1519,Exit short,LONG,7/22/2022 3:00,"23,194.40",46.24083,5301.97,0.49%,44742.63,4.15%,-6182.86,-0.57%,83132.31,0.49%
1519,Entry short,SHORT,7/21/2022 6:00,"23,309.06",46.24083,5301.97,0.49%,44742.63,4.15%,-6182.86,-0.57%,83132.31,0.49%
1520,Exit long,SHORT,7/22/2022 12:00,"22,968.45",46.698,-10551.41,-0.97%,7384.36,0.68%,-18142.64,-1.68%,72580.9,-0.97%
1520,Entry long,LONG,7/22/2022 3:00,"23,194.40",46.698,-10551.41,-0.97%,7384.36,0.68%,-18142.64,-1.68%,72580.9,-0.97%
1521,Exit short,LONG,7/22/2022 14:00,"23,166.26",46.698,-9237.33,-0.86%,3806.35,0.35%,-12094.31,-1.13%,63343.57,-0.86%
1521,Entry short,SHORT,7/22/2022 12:00,"22,968.45",46.698,-9237.33,-0.86%,3806.35,0.35%,-12094.31,-1.13%,63343.57,-0.86%
1522,Exit long,SHORT,7/23/2022 2:00,"23,026.01",45.90052,-6437.55,-0.61%,27091.86,2.55%,-12818.18,-1.21%,56906.02,-0.61%
1522,Entry long,LONG,7/22/2022 14:00,"23,166.26",45.90052,-6437.55,-0.61%,27091.86,2.55%,-12818.18,-1.21%,56906.02,-0.61%
1523,Exit short,LONG,7/24/2022 8:00,"22,550.51",45.90052,21825.7,2.07%,50097.66,4.74%,-5161.05,-0.49%,78731.72,2.07%
1523,Entry short,SHORT,7/23/2022 2:00,"23,026.01",45.90052,21825.7,2.07%,50097.66,4.74%,-5161.05,-0.49%,78731.72,2.07%
1524,Exit long,SHORT,7/24/2022 20:00,"22,495.59",47.84177,-2627.47,-0.24%,13849.24,1.28%,-14034.86,-1.30%,76104.25,-0.24%
1524,Entry long,LONG,7/24/2022 8:00,"22,550.51",47.84177,-2627.47,-0.24%,13849.24,1.28%,-14034.86,-1.30%,76104.25,-0.24%
1525,Exit short,LONG,7/24/2022 23:00,"22,847.08",47.83623,-16813.96,-1.56%,2303.31,0.21%,-19886.48,-1.85%,59290.29,-1.56%
1525,Entry short,SHORT,7/24/2022 20:00,"22,495.59",47.83623,-16813.96,-1.56%,2303.31,0.21%,-19886.48,-1.85%,59290.29,-1.56%
1526,Exit long,SHORT,7/25/2022 7:00,"22,577.13",46.36436,-12516.06,-1.18%,7768.81,0.73%,-15456.95,-1.46%,46774.23,-1.18%
1526,Entry long,LONG,7/24/2022 23:00,"22,847.08",46.36436,-12516.06,-1.18%,7768.81,0.73%,-15456.95,-1.46%,46774.23,-1.18%
1527,Exit short,LONG,7/26/2022 4:00,"22,167.91",46.36436,18973.22,1.81%,47504.92,4.54%,-4120.4,-0.39%,65747.46,1.81%
1527,Entry short,SHORT,7/25/2022 7:00,"22,577.13",46.36436,18973.22,1.81%,47504.92,4.54%,-4120.4,-0.39%,65747.46,1.81%
1528,Exit long,SHORT,7/26/2022 7:00,"21,310.90",48.07613,-41201.72,-3.87%,987,0.09%,-44129.56,-4.14%,24545.73,-3.87%
1528,Entry long,LONG,7/26/2022 4:00,"22,167.91",48.07613,-41201.72,-3.87%,987,0.09%,-44129.56,-4.14%,24545.73,-3.87%
1529,Exit short,LONG,7/27/2022 7:00,"21,254.67",48.07613,2703.32,0.26%,29057.21,2.84%,-1774.97,-0.17%,27249.06,0.26%
1529,Entry short,SHORT,7/26/2022 7:00,"21,310.90",48.07613,2703.32,0.26%,29057.21,2.84%,-1774.97,-0.17%,27249.06,0.26%
1530,Exit long,SHORT,7/31/2022 6:00,"23,699.58",48.33051,118163.75,11.50%,164967.98,16.06%,-10252.83,-1.00%,145412.8,11.50%
1530,Entry long,LONG,7/27/2022 7:00,"21,254.67",48.33051,118163.75,11.50%,164967.98,16.06%,-10252.83,-1.00%,145412.8,11.50%
1531,Exit short,LONG,7/31/2022 20:00,"23,810.34",48.33051,-5353.09,-0.47%,8679.19,0.76%,-9054.24,-0.79%,140059.72,-0.47%
1531,Entry short,SHORT,7/31/2022 6:00,"23,699.58",48.33051,-5353.09,-0.47%,8679.19,0.76%,-9054.24,-0.79%,140059.72,-0.47%
1532,Exit long,SHORT,7/31/2022 22:00,"23,721.79",47.88086,-4239.85,-0.37%,1106.53,0.10%,-9821.8,-0.86%,135819.86,-0.37%
1532,Entry long,LONG,7/31/2022 20:00,"23,810.34",47.88086,-4239.85,-0.37%,1106.53,0.10%,-9821.8,-0.86%,135819.86,-0.37%
1533,Exit short,LONG,7/31/2022 23:00,"23,774.97",47.88086,-2546.3,-0.22%,3530.73,0.31%,-3255.9,-0.29%,133273.56,-0.22%
1533,Entry short,SHORT,7/31/2022 22:00,"23,721.79",47.88086,-2546.3,-0.22%,3530.73,0.31%,-3255.9,-0.29%,133273.56,-0.22%
1534,Exit long,SHORT,8/1/2022 5:00,"23,591.06",47.66666,-8766.37,-0.77%,20012.85,1.77%,-17873.57,-1.58%,124507.19,-0.77%
1534,Entry long,LONG,7/31/2022 23:00,"23,774.97",47.66666,-8766.37,-0.77%,20012.85,1.77%,-17873.57,-1.58%,124507.19,-0.77%
1535,Exit short,LONG,8/2/2022 23:00,"22,977.78",47.66666,29233.01,2.60%,44648.88,3.97%,-113.92,-0.01%,153740.19,2.60%
1535,Entry short,SHORT,8/1/2022 5:00,"23,591.06",47.66666,29233.01,2.60%,44648.88,3.97%,-113.92,-0.01%,153740.19,2.60%
1536,Exit long,SHORT,8/3/2022 8:00,"22,793.57",50.20379,-9248.04,-0.80%,24203.75,2.10%,-12590.11,-1.09%,144492.16,-0.80%
1536,Entry long,LONG,8/2/2022 23:00,"22,977.78",50.20379,-9248.04,-0.80%,24203.75,2.10%,-12590.11,-1.09%,144492.16,-0.80%
1537,Exit short,LONG,8/3/2022 15:00,"22,989.16",50.21118,-9820.8,-0.86%,5641.23,0.49%,-14123.9,-1.23%,134671.34,-0.86%
1537,Entry short,SHORT,8/3/2022 8:00,"22,793.57",50.21118,-9820.8,-0.86%,5641.23,0.49%,-14123.9,-1.23%,134671.34,-0.86%
1538,Exit long,SHORT,8/4/2022 7:00,"22,816.91",49.35333,-8501.11,-0.75%,32500.15,2.86%,-13283.94,-1.17%,126170.23,-0.75%
1538,Entry long,LONG,8/3/2022 15:00,"22,989.16",49.35333,-8501.11,-0.75%,32500.15,2.86%,-13283.94,-1.17%,126170.23,-0.75%
1539,Exit short,LONG,8/4/2022 13:00,"23,122.44",49.35682,-15079.99,-1.34%,1256.13,0.11%,-20059.1,-1.78%,111090.25,-1.34%
1539,Entry short,SHORT,8/4/2022 7:00,"22,816.91",49.35682,-15079.99,-1.34%,1256.13,0.11%,-20059.1,-1.78%,111090.25,-1.34%
1540,Exit long,SHORT,8/4/2022 14:00,"22,937.73",48.04665,-8874.7,-0.80%,3022.61,0.27%,-14754.65,-1.33%,102215.56,-0.80%
1540,Entry long,LONG,8/4/2022 13:00,"23,122.44",48.04665,-8874.7,-0.80%,3022.61,0.27%,-14754.65,-1.33%,102215.56,-0.80%
1541,Exit short,LONG,8/5/2022 9:00,"22,893.44",48.05251,2128.25,0.19%,25839.28,2.34%,-10151.57,-0.92%,104343.8,0.19%
1541,Entry short,SHORT,8/4/2022 14:00,"22,937.73",48.05251,2128.25,0.19%,25839.28,2.34%,-10151.57,-0.92%,104343.8,0.19%
1542,Exit long,SHORT,8/6/2022 3:00,"22,931.23",48.23843,1822.93,0.17%,27950.31,2.53%,-6720.1,-0.61%,106166.73,0.17%
1542,Entry long,LONG,8/5/2022 9:00,"22,893.44",48.23843,1822.93,0.17%,27950.31,2.53%,-6720.1,-0.61%,106166.73,0.17%
1543,Exit short,LONG,8/6/2022 5:00,"23,106.58",48.23843,-8458.61,-0.76%,4436.01,0.40%,-14100.09,-1.27%,97708.12,-0.76%
1543,Entry short,SHORT,8/6/2022 3:00,"22,931.23",48.23843,-8458.61,-0.76%,4436.01,0.40%,-14100.09,-1.27%,97708.12,-0.76%
1544,Exit long,SHORT,8/6/2022 20:00,"23,172.47",47.50629,3130.19,0.29%,11771.11,1.07%,-312.59,-0.03%,100838.31,0.29%
1544,Entry long,LONG,8/6/2022 5:00,"23,106.58",47.50629,3130.19,0.29%,11771.11,1.07%,-312.59,-0.03%,100838.31,0.29%
1545,Exit short,LONG,8/6/2022 22:00,"23,220.36",47.50629,-2275.08,-0.21%,306.89,0.03%,-3041.35,-0.28%,98563.23,-0.21%
1545,Entry short,SHORT,8/6/2022 20:00,"23,172.47",47.50629,-2275.08,-0.21%,306.89,0.03%,-3041.35,-0.28%,98563.23,-0.21%
1546,Exit long,SHORT,8/7/2022 0:00,"23,156.72",47.31034,-3010.83,-0.27%,561.1,0.05%,-3658.04,-0.33%,95552.4,-0.27%
1546,Entry long,LONG,8/6/2022 22:00,"23,220.36",47.31034,-3010.83,-0.27%,561.1,0.05%,-3658.04,-0.33%,95552.4,-0.27%
1547,Exit short,LONG,8/7/2022 19:00,"23,038.48",47.31034,5593.97,0.51%,14765.56,1.35%,-4714.48,-0.43%,101146.38,0.51%
1547,Entry short,SHORT,8/7/2022 0:00,"23,156.72",47.31034,5593.97,0.51%,14765.56,1.35%,-4714.48,-0.43%,101146.38,0.51%
1548,Exit long,SHORT,8/9/2022 18:00,"23,350.39",47.79596,14908.04,1.35%,57666.78,5.24%,-2125.96,-0.19%,116054.41,1.35%
1548,Entry long,LONG,8/7/2022 19:00,"23,038.48",47.79596,14908.04,1.35%,57666.78,5.24%,-2125.96,-0.19%,116054.41,1.35%
1549,Exit short,LONG,8/10/2022 16:00,"23,103.30",47.79596,11809.9,1.06%,32773.69,2.94%,-3057.03,-0.27%,127864.32,1.06%
1549,Entry short,SHORT,8/9/2022 18:00,"23,350.39",47.79596,11809.9,1.06%,32773.69,2.94%,-3057.03,-0.27%,127864.32,1.06%
1550,Exit long,SHORT,8/12/2022 2:00,"24,147.63",48.81832,50982.44,4.52%,88616.97,7.86%,-5868.94,-0.52%,178846.75,4.52%
1550,Entry long,LONG,8/10/2022 16:00,"23,103.30",48.81832,50982.44,4.52%,88616.97,7.86%,-5868.94,-0.52%,178846.75,4.52%
1551,Exit short,LONG,8/13/2022 0:00,"23,989.52",48.81832,7718.66,0.65%,27564.29,2.34%,-9120.73,-0.77%,186565.42,0.65%
1551,Entry short,SHORT,8/12/2022 2:00,"24,147.63",48.81832,7718.66,0.65%,27564.29,2.34%,-9120.73,-0.77%,186565.42,0.65%
1552,Exit long,SHORT,8/14/2022 22:00,"24,514.50",49.45641,25963.63,2.19%,52326.86,4.41%,-520.28,-0.04%,212529.05,2.19%
1552,Entry long,LONG,8/13/2022 0:00,"23,989.52",49.45641,25963.63,2.19%,52326.86,4.41%,-520.28,-0.04%,212529.05,2.19%
1553,Exit short,LONG,8/15/2022 9:00,"24,645.14",49.4617,-6461.68,-0.53%,18325.56,1.51%,-7035.93,-0.58%,206067.38,-0.53%
1553,Entry short,SHORT,8/14/2022 22:00,"24,514.50",49.4617,-6461.68,-0.53%,18325.56,1.51%,-7035.93,-0.58%,206067.38,-0.53%
1554,Exit long,SHORT,8/15/2022 17:00,"24,170.69",48.93733,-23218.32,-1.93%,27707.34,2.30%,-37959.71,-3.15%,182849.05,-1.93%
1554,Entry long,LONG,8/15/2022 9:00,"24,645.14",48.93733,-23218.32,-1.93%,27707.34,2.30%,-37959.71,-3.15%,182849.05,-1.93%
1555,Exit short,LONG,8/15/2022 18:00,"24,267.62",48.93733,-4743.5,-0.40%,2060.75,0.17%,-6328.09,-0.53%,178105.56,-0.40%
1555,Entry short,SHORT,8/15/2022 17:00,"24,170.69",48.93733,-4743.5,-0.40%,2060.75,0.17%,-6328.09,-0.53%,178105.56,-0.40%
1556,Exit long,SHORT,8/15/2022 19:00,"24,048.91",48.54639,-10617.58,-0.90%,2265.17,0.19%,-13158.01,-1.12%,167487.97,-0.90%
1556,Entry long,LONG,8/15/2022 18:00,"24,267.62",48.54639,-10617.58,-0.90%,2265.17,0.19%,-13158.01,-1.12%,167487.97,-0.90%
1557,Exit short,LONG,8/15/2022 23:00,"24,226.00",48.54639,-8597.08,-0.74%,7229.04,0.62%,-10526.31,-0.90%,158890.89,-0.74%
1557,Entry short,SHORT,8/15/2022 19:00,"24,048.91",48.54639,-8597.08,-0.74%,7229.04,0.62%,-10526.31,-0.90%,158890.89,-0.74%
1558,Exit long,SHORT,8/16/2022 4:00,"24,068.36",47.83665,-7540.97,-0.65%,2635.8,0.23%,-12485.36,-1.08%,151349.92,-0.65%
1558,Entry long,LONG,8/15/2022 23:00,"24,226.00",47.83665,-7540.97,-0.65%,2635.8,0.23%,-12485.36,-1.08%,151349.92,-0.65%
1559,Exit short,LONG,8/16/2022 9:00,"24,109.10",47.83665,-1948.87,-0.17%,14118.51,1.23%,-8568.98,-0.74%,149401.06,-0.17%
1559,Entry short,SHORT,8/16/2022 4:00,"24,068.36",47.83665,-1948.87,-0.17%,14118.51,1.23%,-8568.98,-0.74%,149401.06,-0.17%
1560,Exit long,SHORT,8/16/2022 12:00,"23,959.00",47.67803,-7156.47,-0.62%,4333.46,0.38%,-12210.34,-1.06%,142244.6,-0.62%
1560,Entry long,LONG,8/16/2022 9:00,"24,109.10",47.67803,-7156.47,-0.62%,4333.46,0.38%,-12210.34,-1.06%,142244.6,-0.62%
1561,Exit short,LONG,8/16/2022 15:00,"24,067.77",47.67496,-5185.61,-0.45%,7786.75,0.68%,-5195.62,-0.45%,137058.98,-0.45%
1561,Entry short,SHORT,8/16/2022 12:00,"23,959.00",47.67496,-5185.61,-0.45%,7786.75,0.68%,-5195.62,-0.45%,137058.98,-0.45%
1562,Exit long,SHORT,8/16/2022 21:00,"23,896.55",47.24736,-8089.69,-0.71%,3885.15,0.34%,-9967.77,-0.88%,128969.29,-0.71%
1562,Entry long,LONG,8/16/2022 15:00,"24,067.77",47.24736,-8089.69,-0.71%,3885.15,0.34%,-9967.77,-0.88%,128969.29,-0.71%
1563,Exit short,LONG,8/17/2022 8:00,"24,009.66",47.24402,-5343.77,-0.47%,10645.5,0.94%,-7627.55,-0.68%,123625.52,-0.47%
1563,Entry short,SHORT,8/16/2022 21:00,"23,896.55",47.24402,-5343.77,-0.47%,10645.5,0.94%,-7627.55,-0.68%,123625.52,-0.47%
1564,Exit long,SHORT,8/17/2022 21:00,"23,424.41",46.79889,-27389.05,-2.44%,20453.46,1.82%,-32200.44,-2.87%,96236.47,-2.44%
1564,Entry long,LONG,8/17/2022 8:00,"24,009.66",46.79889,-27389.05,-2.44%,20453.46,1.82%,-32200.44,-2.87%,96236.47,-2.44%
1565,Exit short,LONG,8/18/2022 10:00,"23,459.66",46.79889,-1649.66,-0.15%,11419.4,1.04%,-10035.09,-0.92%,94586.81,-0.15%
1565,Entry short,SHORT,8/17/2022 21:00,"23,424.41",46.79889,-1649.66,-0.15%,11419.4,1.04%,-10035.09,-0.92%,94586.81,-0.15%
1566,Exit long,SHORT,8/18/2022 12:00,"23,378.54",46.65825,-3784.92,-0.35%,1695.56,0.15%,-5705.37,-0.52%,90801.89,-0.35%
1566,Entry long,LONG,8/18/2022 10:00,"23,459.66",46.65825,-3784.92,-0.35%,1695.56,0.15%,-5705.37,-0.52%,90801.89,-0.35%
1567,Exit short,LONG,8/18/2022 17:00,"23,532.46",46.65825,-7181.64,-0.66%,2497.62,0.23%,-7741.07,-0.71%,83620.25,-0.66%
1567,Entry short,SHORT,8/18/2022 12:00,"23,378.54",46.65825,-7181.64,-0.66%,2497.62,0.23%,-7741.07,-0.71%,83620.25,-0.66%
1568,Exit long,SHORT,8/19/2022 1:00,"23,271.57",46.04312,-12012.19,-1.11%,3109.75,0.29%,-13020.99,-1.20%,71608.06,-1.11%
1568,Entry long,LONG,8/18/2022 17:00,"23,532.46",46.04312,-12012.19,-1.11%,3109.75,0.29%,-13020.99,-1.20%,71608.06,-1.11%
1569,Exit short,LONG,8/20/2022 23:00,"21,300.50",46.04794,90763.71,8.47%,114567.27,10.69%,-8124.24,-0.76%,162371.78,8.47%
1569,Entry short,SHORT,8/19/2022 1:00,"23,271.57",46.04794,90763.71,8.47%,114567.27,10.69%,-8124.24,-0.76%,162371.78,8.47%
1570,Exit long,SHORT,8/21/2022 0:00,"21,237.66",54.57517,-3429.5,-0.30%,3247.22,0.28%,-3878.66,-0.33%,158942.27,-0.30%
1570,Entry long,LONG,8/20/2022 23:00,"21,300.50",54.57517,-3429.5,-0.30%,3247.22,0.28%,-3878.66,-0.33%,158942.27,-0.30%
1571,Exit short,LONG,8/21/2022 17:00,"21,433.44",54.57014,-10683.74,-0.92%,25962.29,2.24%,-14315.93,-1.24%,148258.53,-0.92%
1571,Entry short,SHORT,8/21/2022 0:00,"21,237.66",54.57014,-10683.74,-0.92%,25962.29,2.24%,-14315.93,-1.24%,148258.53,-0.92%
1572,Exit long,SHORT,8/22/2022 11:00,"21,413.67",53.57322,-1059.14,-0.09%,19637.8,1.71%,-8341.89,-0.73%,147199.39,-0.09%
1572,Entry long,LONG,8/21/2022 17:00,"21,433.44",53.57322,-1059.14,-0.09%,19637.8,1.71%,-8341.89,-0.73%,147199.39,-0.09%
1573,Exit short,LONG,8/23/2022 10:00,"21,347.38",53.57322,3551.37,0.31%,28045.05,2.44%,-7234.53,-0.63%,150750.75,0.31%
1573,Entry short,SHORT,8/22/2022 11:00,"21,413.67",53.57322,3551.37,0.31%,28045.05,2.44%,-7234.53,-0.63%,150750.75,0.31%
1574,Exit long,SHORT,8/23/2022 12:00,"21,265.60",53.90594,-4408.43,-0.38%,1596.15,0.14%,-6959.26,-0.60%,146342.33,-0.38%
1574,Entry long,LONG,8/23/2022 10:00,"21,347.38",53.90594,-4408.43,-0.38%,1596.15,0.14%,-6959.26,-0.60%,146342.33,-0.38%
1575,Exit short,LONG,8/23/2022 16:00,"21,450.86",53.90594,-9986.61,-0.87%,20239.52,1.77%,-13660.3,-1.19%,136355.72,-0.87%
1575,Entry short,SHORT,8/23/2022 12:00,"21,265.60",53.90594,-9986.61,-0.87%,20239.52,1.77%,-13660.3,-1.19%,136355.72,-0.87%
1576,Exit long,SHORT,8/24/2022 8:00,"21,385.79",52.97911,-3447.35,-0.30%,12397.64,1.09%,-8734.14,-0.77%,132908.36,-0.30%
1576,Entry long,LONG,8/23/2022 16:00,"21,450.86",52.97911,-3447.35,-0.30%,12397.64,1.09%,-8734.14,-0.77%,132908.36,-0.30%
1577,Exit short,LONG,8/24/2022 23:00,"21,618.46",52.97481,-12325.65,-1.09%,12755.81,1.13%,-13766.03,-1.22%,120582.72,-1.09%
1577,Entry short,SHORT,8/24/2022 8:00,"21,385.79",52.97481,-12325.65,-1.09%,12755.81,1.13%,-13766.03,-1.22%,120582.72,-1.09%
1578,Exit long,SHORT,8/25/2022 7:00,"21,368.05",51.83457,-12979.89,-1.16%,14593.51,1.30%,-13314.23,-1.19%,107602.82,-1.16%
1578,Entry long,LONG,8/24/2022 23:00,"21,618.46",51.83457,-12979.89,-1.16%,14593.51,1.30%,-13314.23,-1.19%,107602.82,-1.16%
1579,Exit short,LONG,8/25/2022 14:00,"21,692.19",51.83452,-16801.64,-1.52%,3001.22,0.27%,-19730.29,-1.78%,90801.18,-1.52%
1579,Entry short,SHORT,8/25/2022 7:00,"21,368.05",51.83452,-16801.64,-1.52%,3001.22,0.27%,-19730.29,-1.78%,90801.18,-1.52%
1580,Exit long,SHORT,8/26/2022 0:00,"21,445.00",50.28543,-12430.06,-1.14%,6420.95,0.59%,-13565,-1.24%,78371.13,-1.14%
1580,Entry long,LONG,8/25/2022 14:00,"21,692.19",50.28543,-12430.06,-1.14%,6420.95,0.59%,-13565,-1.24%,78371.13,-1.14%
1581,Exit short,LONG,8/29/2022 20:00,"19,895.66",50.28543,77909.23,7.22%,96799.45,8.98%,-22214.59,-2.06%,156280.36,7.22%
1581,Entry short,SHORT,8/26/2022 0:00,"21,445.00",50.28543,77909.23,7.22%,96799.45,8.98%,-22214.59,-2.06%,156280.36,7.22%
1582,Exit long,SHORT,8/30/2022 21:00,"20,271.42",58.12015,21839.23,1.89%,39555.99,3.42%,-58.7,-0.01%,178119.58,1.89%
1582,Entry long,LONG,8/29/2022 20:00,"19,895.66",58.12015,21839.23,1.89%,39555.99,3.42%,-58.7,-0.01%,178119.58,1.89%
1583,Exit short,LONG,8/31/2022 10:00,"20,335.19",58.11726,-3706.14,-0.31%,42508.13,3.61%,-8490.35,-0.72%,174413.44,-0.31%
1583,Entry short,SHORT,8/30/2022 21:00,"20,271.42",58.11726,-3706.14,-0.31%,42508.13,3.61%,-8490.35,-0.72%,174413.44,-0.31%
1584,Exit long,SHORT,8/31/2022 22:00,"20,106.97",57.75276,-13180.33,-1.12%,8940.71,0.76%,-13904.55,-1.18%,161233.11,-1.12%
1584,Entry long,LONG,8/31/2022 10:00,"20,335.19",57.75276,-13180.33,-1.12%,8940.71,0.76%,-13904.55,-1.18%,161233.11,-1.12%
1585,Exit short,LONG,9/2/2022 5:00,"20,085.27",57.75276,1253.23,0.11%,31262.15,2.69%,-12791.66,-1.10%,162486.34,0.11%
1585,Entry short,SHORT,8/31/2022 22:00,"20,106.97",57.75276,1253.23,0.11%,31262.15,2.69%,-12791.66,-1.10%,162486.34,0.11%
1586,Exit long,SHORT,9/3/2022 3:00,"19,909.23",57.88354,-10189.82,-0.88%,20605.96,1.77%,-19100.41,-1.64%,152296.53,-0.88%
1586,Entry long,LONG,9/2/2022 5:00,"20,085.27",57.88354,-10189.82,-0.88%,20605.96,1.77%,-19100.41,-1.64%,152296.53,-0.88%
1587,Exit short,LONG,9/3/2022 8:00,"20,001.34",57.8775,-5331.1,-0.46%,2941.91,0.26%,-8490.63,-0.74%,146965.42,-0.46%
1587,Entry short,SHORT,9/3/2022 3:00,"19,909.23",57.8775,-5331.1,-0.46%,2941.91,0.26%,-8490.63,-0.74%,146965.42,-0.46%
1588,Exit long,SHORT,9/3/2022 11:00,"19,899.69",57.34442,-5829.06,-0.51%,438.68,0.04%,-7716.84,-0.67%,141136.36,-0.51%
1588,Entry long,LONG,9/3/2022 8:00,"20,001.34",57.34442,-5829.06,-0.51%,438.68,0.04%,-7716.84,-0.67%,141136.36,-0.51%
1589,Exit short,LONG,9/4/2022 21:00,"19,713.60",57.34442,10671.22,0.94%,18154.67,1.59%,-3923.51,-0.34%,151807.6,0.94%
1589,Entry short,SHORT,9/3/2022 11:00,"19,899.69",57.34442,10671.22,0.94%,18154.67,1.59%,-3923.51,-0.34%,151807.6,0.94%
1590,Exit long,SHORT,9/5/2022 13:00,"19,726.04",58.43269,726.9,0.06%,20081.56,1.74%,-3716.32,-0.32%,152534.5,0.06%
1590,Entry long,LONG,9/4/2022 21:00,"19,713.60",58.43269,726.9,0.06%,20081.56,1.74%,-3716.32,-0.32%,152534.5,0.06%
1591,Exit short,LONG,9/5/2022 22:00,"19,843.81",58.42705,-6880.95,-0.60%,5387.56,0.47%,-8995.43,-0.78%,145653.53,-0.60%
1591,Entry short,SHORT,9/5/2022 13:00,"19,726.04",58.42705,-6880.95,-0.60%,5387.56,0.47%,-8995.43,-0.78%,145653.53,-0.60%
1592,Exit long,SHORT,9/6/2022 4:00,"19,740.62",57.73705,-5957.89,-0.52%,6171.51,0.54%,-10027.19,-0.88%,139695.66,-0.52%
1592,Entry long,LONG,9/5/2022 22:00,"19,843.81",57.73705,-5957.89,-0.52%,6171.51,0.54%,-10027.19,-0.88%,139695.66,-0.52%
1593,Exit short,LONG,9/6/2022 8:00,"20,100.26",57.73352,-20763.28,-1.82%,2345.14,0.21%,-25054.04,-2.20%,118932.37,-1.82%
1593,Entry short,SHORT,9/6/2022 4:00,"19,740.62",57.73352,-20763.28,-1.82%,2345.14,0.21%,-25054.04,-2.20%,118932.37,-1.82%
1594,Exit long,SHORT,9/6/2022 22:00,"19,838.81",55.66332,-14553.17,-1.30%,4438.59,0.40%,-24300.38,-2.17%,104379.2,-1.30%
1594,Entry long,LONG,9/6/2022 8:00,"20,100.26",55.66332,-14553.17,-1.30%,4438.59,0.40%,-24300.38,-2.17%,104379.2,-1.30%
1595,Exit short,LONG,9/7/2022 22:00,"18,905.71",55.66761,51943.45,4.70%,73928.81,6.69%,-2752.76,-0.25%,156322.64,4.70%
1595,Entry short,SHORT,9/6/2022 22:00,"19,838.81",55.66761,51943.45,4.70%,73928.81,6.69%,-2752.76,-0.25%,156322.64,4.70%
1596,Exit long,SHORT,9/8/2022 15:00,"19,171.60",61.16261,16262.53,1.41%,34150.14,2.95%,-3427.55,-0.30%,172585.17,1.41%
1596,Entry long,LONG,9/7/2022 22:00,"18,905.71",61.16261,16262.53,1.41%,34150.14,2.95%,-3427.55,-0.30%,172585.17,1.41%
1597,Exit short,LONG,9/8/2022 19:00,"19,311.60",61.16261,-8562.77,-0.73%,1792.68,0.15%,-13829.48,-1.18%,164022.4,-0.73%
1597,Entry short,SHORT,9/8/2022 15:00,"19,171.60",61.16261,-8562.77,-0.73%,1792.68,0.15%,-13829.48,-1.18%,164022.4,-0.73%
1598,Exit long,SHORT,9/8/2022 20:00,"19,143.12",60.27864,-10155.75,-0.87%,4013.95,0.34%,-12760.39,-1.10%,153866.66,-0.87%
1598,Entry long,LONG,9/8/2022 19:00,"19,311.60",60.27864,-10155.75,-0.87%,4013.95,0.34%,-12760.39,-1.10%,153866.66,-0.87%
1599,Exit short,LONG,9/8/2022 22:00,"19,314.44",60.27578,-10326.45,-0.89%,7903.36,0.68%,-13008.72,-1.13%,143540.2,-0.89%
1599,Entry short,SHORT,9/8/2022 20:00,"19,143.12",60.27578,-10326.45,-0.89%,7903.36,0.68%,-13008.72,-1.13%,143540.2,-0.89%
1600,Exit long,SHORT,9/11/2022 22:00,"21,511.69",59.19789,130072.56,11.38%,147779.25,12.92%,-13101.08,-1.15%,273612.78,11.37%
1600,Entry long,LONG,9/8/2022 22:00,"19,314.44",59.19789,130072.56,11.38%,147779.25,12.92%,-13101.08,-1.15%,273612.78,11.37%
1601,Exit short,LONG,9/12/2022 0:00,"21,679.07",59.20561,-9909.83,-0.78%,907.03,0.07%,-14331.31,-1.13%,263702.94,-0.78%
1601,Entry short,SHORT,9/11/2022 22:00,"21,511.69",59.20561,-9909.83,-0.78%,907.03,0.07%,-14331.31,-1.13%,263702.94,-0.78%
1602,Exit long,SHORT,9/12/2022 1:00,"21,628.35",58.29138,-2956.54,-0.23%,10546.66,0.83%,-4609.1,-0.36%,260746.4,-0.23%
1602,Entry long,LONG,9/12/2022 0:00,"21,679.07",58.29138,-2956.54,-0.23%,10546.66,0.83%,-4609.1,-0.36%,260746.4,-0.23%
1603,Exit short,LONG,9/12/2022 7:00,"21,826.87",58.29138,-11572,-0.92%,10007.46,0.79%,-12920.28,-1.02%,249174.39,-0.92%
1603,Entry short,SHORT,9/12/2022 1:00,"21,628.35",58.29138,-11572,-0.92%,10007.46,0.79%,-12920.28,-1.02%,249174.39,-0.92%
1604,Exit long,SHORT,9/13/2022 21:00,"21,196.25",57.23103,-36091.03,-2.89%,55636,4.45%,-37523.52,-3.00%,213083.36,-2.89%
1604,Entry long,LONG,9/12/2022 7:00,"21,826.87",57.23103,-36091.03,-2.89%,55636,4.45%,-37523.52,-3.00%,213083.36,-2.89%
1605,Exit short,LONG,9/14/2022 22:00,"20,292.56",57.23103,51719.11,4.26%,76474.96,6.30%,-3835.62,-0.32%,264802.47,4.26%
1605,Entry short,SHORT,9/13/2022 21:00,"21,196.25",57.23103,51719.11,4.26%,76474.96,6.30%,-3835.62,-0.32%,264802.47,4.26%
1606,Exit long,SHORT,9/14/2022 23:00,"20,178.16",62.32225,-7129.67,-0.56%,2463.6,0.19%,-8884.66,-0.70%,257672.81,-0.56%
1606,Entry long,LONG,9/14/2022 22:00,"20,292.56",62.32225,-7129.67,-0.56%,2463.6,0.19%,-8884.66,-0.70%,257672.81,-0.56%
1607,Exit short,LONG,9/16/2022 9:00,"19,730.10",62.32841,27926.87,2.22%,42455.62,3.38%,-13413.7,-1.07%,285599.7,2.22%
1607,Entry short,SHORT,9/14/2022 23:00,"20,178.16",62.32841,27926.87,2.22%,42455.62,3.38%,-13413.7,-1.07%,285599.7,2.22%
1608,Exit long,SHORT,9/16/2022 16:00,"19,684.61",65.16564,-2964.38,-0.23%,8464.37,0.66%,-7817.92,-0.61%,282635.28,-0.23%
1608,Entry long,LONG,9/16/2022 9:00,"19,730.10",65.16564,-2964.38,-0.23%,8464.37,0.66%,-7817.92,-0.61%,282635.28,-0.23%
1609,Exit short,LONG,9/16/2022 19:00,"19,868.75",65.15929,-11998.43,-0.94%,210.46,0.02%,-13383.07,-1.04%,270636.84,-0.94%
1609,Entry short,SHORT,9/16/2022 16:00,"19,684.61",65.15929,-11998.43,-0.94%,210.46,0.02%,-13383.07,-1.04%,270636.84,-0.94%
1610,Exit long,SHORT,9/16/2022 21:00,"19,527.24",63.95756,-21842.15,-1.72%,438.75,0.03%,-27245.28,-2.14%,248794.72,-1.72%
1610,Entry long,LONG,9/16/2022 19:00,"19,868.75",63.95756,-21842.15,-1.72%,438.75,0.03%,-27245.28,-2.14%,248794.72,-1.72%
1611,Exit short,LONG,9/17/2022 5:00,"19,746.03",63.95141,-13991.93,-1.12%,13252.65,1.06%,-18672.53,-1.50%,234802.78,-1.12%
1611,Entry short,SHORT,9/16/2022 21:00,"19,527.24",63.95141,-13991.93,-1.12%,13252.65,1.06%,-18672.53,-1.50%,234802.78,-1.12%
1612,Exit long,SHORT,9/18/2022 18:00,"19,915.39",62.53423,10590.8,0.86%,27700.79,2.24%,-3313.06,-0.27%,245393.58,0.86%
1612,Entry long,LONG,9/17/2022 5:00,"19,746.03",62.53423,10590.8,0.86%,27700.79,2.24%,-3313.06,-0.27%,245393.58,0.86%
1613,Exit short,LONG,9/18/2022 20:00,"19,988.92",62.53423,-4598.14,-0.37%,4032.21,0.32%,-7155.17,-0.57%,240795.44,-0.37%
1613,Entry short,SHORT,9/18/2022 18:00,"19,915.39",62.53423,-4598.14,-0.37%,4032.21,0.32%,-7155.17,-0.57%,240795.44,-0.37%
1614,Exit long,SHORT,9/18/2022 22:00,"19,810.95",62.07185,-11046.93,-0.89%,1618.83,0.13%,-16382,-1.32%,229748.52,-0.89%
1614,Entry long,LONG,9/18/2022 20:00,"19,988.92",62.07185,-11046.93,-0.89%,1618.83,0.13%,-16382,-1.32%,229748.52,-0.89%
1615,Exit short,LONG,9/19/2022 22:00,"19,303.37",62.07418,31507.61,2.56%,97977.27,7.97%,-4251.46,-0.35%,261256.12,2.56%
1615,Entry short,SHORT,9/18/2022 22:00,"19,810.95",62.07418,31507.61,2.56%,97977.27,7.97%,-4251.46,-0.35%,261256.12,2.56%
1616,Exit long,SHORT,9/20/2022 17:00,"19,230.75",65.33864,-4744.89,-0.38%,25013.59,1.98%,-27858.44,-2.21%,256511.23,-0.38%
1616,Entry long,LONG,9/19/2022 22:00,"19,303.37",65.33864,-4744.89,-0.38%,25013.59,1.98%,-27858.44,-2.21%,256511.23,-0.38%
1617,Exit short,LONG,9/21/2022 18:00,"19,104.54",65.33864,8246.39,0.66%,33902.91,2.70%,-7464.29,-0.59%,264757.62,0.66%
1617,Entry short,SHORT,9/20/2022 17:00,"19,230.75",65.33864,8246.39,0.66%,33902.91,2.70%,-7464.29,-0.59%,264757.62,0.66%
1618,Exit long,SHORT,9/22/2022 6:00,"18,487.94",66.20806,-40823.89,-3.23%,56373.52,4.46%,-64788.56,-5.12%,223933.73,-3.23%
1618,Entry long,LONG,9/21/2022 18:00,"19,104.54",66.20806,-40823.89,-3.23%,56373.52,4.46%,-64788.56,-5.12%,223933.73,-3.23%
1619,Exit short,LONG,9/22/2022 14:00,"18,768.14",66.20173,-18549.72,-1.52%,8708.84,0.71%,-25953.73,-2.12%,205384,-1.52%
1619,Entry short,SHORT,9/22/2022 6:00,"18,487.94",66.20173,-18549.72,-1.52%,8708.84,0.71%,-25953.73,-2.12%,205384,-1.52%
1620,Exit long,SHORT,9/23/2022 16:00,"19,069.34",64.22779,19345.41,1.60%,50228.06,4.17%,-2449.01,-0.20%,224729.42,1.60%
1620,Entry long,LONG,9/22/2022 14:00,"18,768.14",64.22779,19345.41,1.60%,50228.06,4.17%,-2449.01,-0.20%,224729.42,1.60%
1621,Exit short,LONG,9/24/2022 6:00,"19,332.39",64.22505,-16894.4,-1.38%,34547.94,2.82%,-17453.16,-1.43%,207835.02,-1.38%
1621,Entry short,SHORT,9/23/2022 16:00,"19,069.34",64.22505,-16894.4,-1.38%,34547.94,2.82%,-17453.16,-1.43%,207835.02,-1.38%
1622,Exit long,SHORT,9/24/2022 15:00,"18,996.63",62.47209,-20975.63,-1.74%,4644.18,0.38%,-25391.78,-2.10%,186859.39,-1.74%
1622,Entry long,LONG,9/24/2022 6:00,"19,332.39",62.47209,-20975.63,-1.74%,4644.18,0.38%,-25391.78,-2.10%,186859.39,-1.74%
1623,Exit short,LONG,9/24/2022 20:00,"19,155.08",62.47736,-9899.54,-0.83%,3523.72,0.30%,-12706.02,-1.07%,176959.84,-0.83%
1623,Entry short,SHORT,9/24/2022 15:00,"18,996.63",62.47736,-9899.54,-0.83%,3523.72,0.30%,-12706.02,-1.07%,176959.84,-0.83%
1624,Exit long,SHORT,9/25/2022 1:00,"19,085.65",61.44885,-4266.39,-0.36%,4353.04,0.37%,-8761.99,-0.74%,172693.45,-0.36%
1624,Entry long,LONG,9/24/2022 20:00,"19,155.08",61.44885,-4266.39,-0.36%,4353.04,0.37%,-8761.99,-0.74%,172693.45,-0.36%
1625,Exit short,LONG,9/25/2022 2:00,"19,126.90",61.44372,-2534.55,-0.22%,2188.63,0.19%,-3147.15,-0.27%,170158.9,-0.22%
1625,Entry short,SHORT,9/25/2022 1:00,"19,085.65",61.44372,-2534.55,-0.22%,2188.63,0.19%,-3147.15,-0.27%,170158.9,-0.22%
1626,Exit long,SHORT,9/25/2022 3:00,"19,102.68",61.17094,-1481.56,-0.13%,553.6,0.05%,-2485.38,-0.21%,168677.34,-0.13%
1626,Entry long,LONG,9/25/2022 2:00,"19,126.90",61.17094,-1481.56,-0.13%,553.6,0.05%,-2485.38,-0.21%,168677.34,-0.13%
1627,Exit short,LONG,9/25/2022 4:00,"19,142.04",61.17871,-2407.99,-0.21%,1650.6,0.14%,-2944.53,-0.25%,166269.34,-0.21%
1627,Entry short,SHORT,9/25/2022 3:00,"19,102.68",61.17871,-2407.99,-0.21%,1650.6,0.14%,-2944.53,-0.25%,166269.34,-0.21%
1628,Exit long,SHORT,9/25/2022 6:00,"18,886.34",60.93324,-15580.63,-1.34%,457,0.04%,-20516.22,-1.76%,150688.72,-1.34%
1628,Entry long,LONG,9/25/2022 4:00,"19,142.04",60.93324,-15580.63,-1.34%,457,0.04%,-20516.22,-1.76%,150688.72,-1.34%
1629,Exit short,LONG,9/25/2022 9:00,"18,976.44",60.92703,-5489.53,-0.48%,1668.79,0.15%,-6666.64,-0.58%,145199.19,-0.48%
1629,Entry short,SHORT,9/25/2022 6:00,"18,886.34",60.92703,-5489.53,-0.48%,1668.79,0.15%,-6666.64,-0.58%,145199.19,-0.48%
1630,Exit long,SHORT,9/26/2022 0:00,"18,972.50",60.34847,-237.77,-0.02%,12297.21,1.07%,-8118.68,-0.71%,144961.42,-0.02%
1630,Entry long,LONG,9/25/2022 9:00,"18,976.44",60.34847,-237.77,-0.02%,12297.21,1.07%,-8118.68,-0.71%,144961.42,-0.02%
1631,Exit short,LONG,9/27/2022 1:00,"19,114.21",60.34847,-8551.98,-0.75%,20717.63,1.81%,-20908.33,-1.83%,136409.44,-0.75%
1631,Entry short,SHORT,9/26/2022 0:00,"18,972.50",60.34847,-8551.98,-0.75%,20717.63,1.81%,-20908.33,-1.83%,136409.44,-0.75%
1632,Exit long,SHORT,9/28/2022 1:00,"18,957.95",59.44537,-9288.93,-0.82%,75593.7,6.65%,-14932.68,-1.31%,127120.51,-0.82%
1632,Entry long,LONG,9/27/2022 1:00,"19,114.21",59.44537,-9288.93,-0.82%,75593.7,6.65%,-14932.68,-1.31%,127120.51,-0.82%
1633,Exit short,LONG,9/28/2022 20:00,"19,072.62",59.45371,-6817.56,-0.60%,28934.34,2.57%,-16666.66,-1.48%,120302.95,-0.60%
1633,Entry short,SHORT,9/28/2022 1:00,"18,957.95",59.45371,-6817.56,-0.60%,28934.34,2.57%,-16666.66,-1.48%,120302.95,-0.60%
1634,Exit long,SHORT,9/29/2022 20:00,"19,211.63",58.7388,8165.28,0.73%,42138.04,3.76%,-3560.75,-0.32%,128468.23,0.73%
1634,Entry long,LONG,9/28/2022 20:00,"19,072.62",58.7388,8165.28,0.73%,42138.04,3.76%,-3560.75,-0.32%,128468.23,0.73%
1635,Exit short,LONG,9/30/2022 2:00,"19,301.25",58.7388,-5264.17,-0.47%,21652.3,1.92%,-25486.18,-2.26%,123204.06,-0.47%
1635,Entry short,SHORT,9/29/2022 20:00,"19,211.63",58.7388,-5264.17,-0.47%,21652.3,1.92%,-25486.18,-2.26%,123204.06,-0.47%
1636,Exit long,SHORT,9/30/2022 20:00,"19,298.59",58.20157,-154.82,-0.01%,23207.88,2.07%,-8491.03,-0.76%,123049.24,-0.01%
1636,Entry long,LONG,9/30/2022 2:00,"19,301.25",58.20157,-154.82,-0.01%,23207.88,2.07%,-8491.03,-0.76%,123049.24,-0.01%
1637,Exit short,LONG,10/2/2022 11:00,"19,310.36",58.19333,-684.94,-0.06%,8098.77,0.72%,-51583.15,-4.59%,122364.31,-0.06%
1637,Entry short,SHORT,9/30/2022 20:00,"19,298.59",58.19333,-684.94,-0.06%,8098.77,0.72%,-51583.15,-4.59%,122364.31,-0.06%
1638,Exit long,SHORT,10/2/2022 17:00,"19,262.28",58.11956,-2794.39,-0.25%,4972.13,0.44%,-5158.11,-0.46%,119569.92,-0.25%
1638,Entry long,LONG,10/2/2022 11:00,"19,310.36",58.11956,-2794.39,-0.25%,4972.13,0.44%,-5158.11,-0.46%,119569.92,-0.25%
1639,Exit short,LONG,10/3/2022 3:00,"19,260.63",58.12239,95.9,0.01%,13151.94,1.17%,-4609.11,-0.41%,119665.82,0.01%
1639,Entry short,SHORT,10/2/2022 17:00,"19,262.28",58.12239,95.9,0.01%,13151.94,1.17%,-4609.11,-0.41%,119665.82,0.01%
1640,Exit long,SHORT,10/3/2022 7:00,"19,057.74",58.13235,-11794.47,-1.05%,2524.69,0.23%,-19781.28,-1.77%,107871.35,-1.05%
1640,Entry long,LONG,10/3/2022 3:00,"19,260.63",58.13235,-11794.47,-1.05%,2524.69,0.23%,-19781.28,-1.77%,107871.35,-1.05%
1641,Exit short,LONG,10/3/2022 19:00,"19,246.81",58.13235,-10991.08,-0.99%,5700.46,0.51%,-14955.13,-1.35%,96880.27,-0.99%
1641,Entry short,SHORT,10/3/2022 7:00,"19,057.74",58.13235,-10991.08,-0.99%,5700.46,0.51%,-14955.13,-1.35%,96880.27,-0.99%
1642,Exit long,SHORT,10/5/2022 18:00,"20,124.30",56.99861,50015.71,4.56%,70005.13,6.38%,-6416.9,-0.58%,146895.97,4.56%
1642,Entry long,LONG,10/3/2022 19:00,"19,246.81",56.99861,50015.71,4.56%,70005.13,6.38%,-6416.9,-0.58%,146895.97,4.56%
1643,Exit short,LONG,10/6/2022 3:00,"20,117.31",56.9906,398.36,0.03%,22471.4,1.96%,-12862.78,-1.12%,147294.34,0.03%
1643,Entry short,SHORT,10/5/2022 18:00,"20,124.30",56.9906,398.36,0.03%,22471.4,1.96%,-12862.78,-1.12%,147294.34,0.03%
1644,Exit long,SHORT,10/6/2022 4:00,"19,982.69",57.01796,-7675.76,-0.67%,3192.44,0.28%,-8090.28,-0.71%,139618.58,-0.67%
1644,Entry long,LONG,10/6/2022 3:00,"20,117.31",57.01796,-7675.76,-0.67%,3192.44,0.28%,-8090.28,-0.71%,139618.58,-0.67%
1645,Exit short,LONG,10/6/2022 8:00,"20,266.82",57.03028,-16204.01,-1.42%,165.96,0.01%,-23171.97,-2.03%,123414.57,-1.42%
1645,Entry short,SHORT,10/6/2022 4:00,"19,982.69",57.03028,-16204.01,-1.42%,165.96,0.01%,-23171.97,-2.03%,123414.57,-1.42%
1646,Exit long,SHORT,10/6/2022 16:00,"20,142.30",55.43122,-6902.3,-0.61%,10519.74,0.94%,-9126.2,-0.81%,116512.27,-0.61%
1646,Entry long,LONG,10/6/2022 8:00,"20,266.82",55.43122,-6902.3,-0.61%,10519.74,0.94%,-9126.2,-0.81%,116512.27,-0.61%
1647,Exit short,LONG,10/7/2022 19:00,"20,000.15",55.43122,7879.55,0.71%,18419.79,1.65%,-10123.96,-0.91%,124391.82,0.71%
1647,Entry short,SHORT,10/6/2022 16:00,"20,142.30",55.43122,7879.55,0.71%,18419.79,1.65%,-10123.96,-0.91%,124391.82,0.71%
1648,Exit long,SHORT,10/7/2022 21:00,"19,604.36",56.22614,-22253.74,-1.98%,3861.05,0.34%,-29543.46,-2.63%,102138.08,-1.98%
1648,Entry long,LONG,10/7/2022 19:00,"20,000.15",56.22614,-22253.74,-1.98%,3861.05,0.34%,-29543.46,-2.63%,102138.08,-1.98%
1649,Exit short,LONG,10/8/2022 8:00,"19,568.58",56.21902,2011.52,0.18%,15986.44,1.45%,-5690.49,-0.52%,104149.59,0.18%
1649,Entry short,SHORT,10/7/2022 21:00,"19,604.36",56.21902,2011.52,0.18%,15986.44,1.45%,-5690.49,-0.52%,104149.59,0.18%
1650,Exit long,SHORT,10/8/2022 12:00,"19,442.73",56.42041,-7100.51,-0.64%,1891.78,0.17%,-8631.19,-0.78%,97049.09,-0.64%
1650,Entry long,LONG,10/8/2022 8:00,"19,568.58",56.42041,-7100.51,-0.64%,1891.78,0.17%,-8631.19,-0.78%,97049.09,-0.64%
1651,Exit short,LONG,10/8/2022 19:00,"19,534.21",56.42464,-5161.73,-0.47%,376.92,0.03%,-5939.82,-0.54%,91887.36,-0.47%
1651,Entry short,SHORT,10/8/2022 12:00,"19,442.73",56.42464,-5161.73,-0.47%,376.92,0.03%,-5939.82,-0.54%,91887.36,-0.47%
1652,Exit long,SHORT,10/9/2022 5:00,"19,317.84",55.89616,-12094.25,-1.11%,504.18,0.05%,-16605.07,-1.52%,79793.11,-1.11%
1652,Entry long,LONG,10/8/2022 19:00,"19,534.21",55.89616,-12094.25,-1.11%,504.18,0.05%,-16605.07,-1.52%,79793.11,-1.11%
1653,Exit short,LONG,10/9/2022 9:00,"19,401.36",55.89616,-4668.45,-0.43%,2912.75,0.27%,-7666.72,-0.71%,75124.66,-0.43%
1653,Entry short,SHORT,10/9/2022 5:00,"19,317.84",55.89616,-4668.45,-0.43%,2912.75,0.27%,-7666.72,-0.71%,75124.66,-0.43%
1654,Exit long,SHORT,10/9/2022 10:00,"19,364.86",55.41141,-2022.52,-0.19%,749.72,0.07%,-2233.08,-0.21%,73102.14,-0.19%
1654,Entry long,LONG,10/9/2022 9:00,"19,401.36",55.41141,-2022.52,-0.19%,749.72,0.07%,-2233.08,-0.21%,73102.14,-0.19%
1655,Exit short,LONG,10/9/2022 13:00,"19,409.11",55.41491,-2452.11,-0.23%,2705.36,0.25%,-3086.06,-0.29%,70650.03,-0.23%
1655,Entry short,SHORT,10/9/2022 10:00,"19,364.86",55.41491,-2452.11,-0.23%,2705.36,0.25%,-3086.06,-0.29%,70650.03,-0.23%
1656,Exit long,SHORT,10/10/2022 15:00,"19,412.25",55.16247,173.21,0.02%,8213.14,0.77%,-3095.17,-0.29%,70823.24,0.02%
1656,Entry long,LONG,10/9/2022 13:00,"19,409.11",55.16247,173.21,0.02%,8213.14,0.77%,-3095.17,-0.29%,70823.24,0.02%
1657,Exit short,LONG,10/11/2022 19:00,"19,153.68",55.16224,14263.3,1.33%,25498.19,2.38%,-1640.52,-0.15%,85086.55,1.33%
1657,Entry short,SHORT,10/10/2022 15:00,"19,412.25",55.16224,14263.3,1.33%,25498.19,2.38%,-1640.52,-0.15%,85086.55,1.33%
1658,Exit long,SHORT,10/12/2022 5:00,"19,005.61",56.65159,-8388.4,-0.77%,6481.51,0.60%,-16637.44,-1.53%,76698.14,-0.77%
1658,Entry long,LONG,10/11/2022 19:00,"19,153.68",56.65159,-8388.4,-0.77%,6481.51,0.60%,-16637.44,-1.53%,76698.14,-0.77%
1659,Exit short,LONG,10/12/2022 7:00,"19,060.00",56.65159,-3081.28,-0.29%,601.07,0.06%,-3363.97,-0.31%,73616.86,-0.29%
1659,Entry short,SHORT,10/12/2022 5:00,"19,005.61",56.65159,-3081.28,-0.29%,601.07,0.06%,-3363.97,-0.31%,73616.86,-0.29%
1660,Exit long,SHORT,10/13/2022 11:00,"19,089.16",56.32827,1642.53,0.15%,10043.89,0.94%,-5301.62,-0.49%,75259.4,0.15%
1660,Entry long,LONG,10/12/2022 7:00,"19,060.00",56.32827,1642.53,0.15%,10043.89,0.94%,-5301.62,-0.49%,75259.4,0.15%
1661,Exit short,LONG,10/14/2022 2:00,"19,420.14",56.32827,-18643.53,-1.73%,50648.13,4.71%,-23918.67,-2.22%,56615.86,-1.73%
1661,Entry short,SHORT,10/13/2022 11:00,"19,089.16",56.32827,-18643.53,-1.73%,50648.13,4.71%,-23918.67,-2.22%,56615.86,-1.73%
1662,Exit long,SHORT,10/14/2022 22:00,"19,463.15",54.39758,2339.64,0.22%,28924.83,2.74%,-5917.37,-0.56%,58955.5,0.22%
1662,Entry long,LONG,10/14/2022 2:00,"19,420.14",54.39758,2339.64,0.22%,28924.83,2.74%,-5917.37,-0.56%,58955.5,0.22%
1663,Exit short,LONG,10/15/2022 21:00,"19,168.09",54.40822,16053.69,1.52%,23164.84,2.19%,-2731.29,-0.26%,75009.2,1.52%
1663,Entry short,SHORT,10/14/2022 22:00,"19,463.15",54.40822,16053.69,1.52%,23164.84,2.19%,-2731.29,-0.26%,75009.2,1.52%
1664,Exit long,SHORT,10/16/2022 0:00,"19,126.24",56.07987,-2346.94,-0.22%,947.75,0.09%,-3208.33,-0.30%,72662.25,-0.22%
1664,Entry long,LONG,10/15/2022 21:00,"19,168.09",56.07987,-2346.94,-0.22%,947.75,0.09%,-3208.33,-0.30%,72662.25,-0.22%
1665,Exit short,LONG,10/16/2022 13:00,"19,150.90",56.08327,-1383.01,-0.13%,8471.94,0.79%,-2500.19,-0.23%,71279.23,-0.13%
1665,Entry short,SHORT,10/16/2022 0:00,"19,126.24",56.08327,-1383.01,-0.13%,8471.94,0.79%,-2500.19,-0.23%,71279.23,-0.13%
1666,Exit long,SHORT,10/16/2022 21:00,"19,127.57",55.94083,-1305.1,-0.12%,2466.99,0.23%,-3553.92,-0.33%,69974.14,-0.12%
1666,Entry long,LONG,10/16/2022 13:00,"19,150.90",55.94083,-1305.1,-0.12%,2466.99,0.23%,-3553.92,-0.33%,69974.14,-0.12%
1667,Exit short,LONG,10/16/2022 23:00,"19,158.49",55.93884,-1729.63,-0.16%,1309.53,0.12%,-2516.13,-0.24%,68244.51,-0.16%
1667,Entry short,SHORT,10/16/2022 21:00,"19,127.57",55.93884,-1729.63,-0.16%,1309.53,0.12%,-2516.13,-0.24%,68244.51,-0.16%
1668,Exit long,SHORT,10/17/2022 2:00,"19,134.11",55.75828,-1359.39,-0.13%,584.9,0.05%,-2235.35,-0.21%,66885.13,-0.13%
1668,Entry long,LONG,10/16/2022 23:00,"19,158.49",55.75828,-1359.39,-0.13%,584.9,0.05%,-2235.35,-0.21%,66885.13,-0.13%
1669,Exit short,LONG,10/17/2022 3:00,"19,375.39",55.75828,-13453.36,-1.26%,229.17,0.02%,-13902.21,-1.30%,53431.77,-1.26%
1669,Entry short,SHORT,10/17/2022 2:00,"19,134.11",55.75828,-13453.36,-1.26%,229.17,0.02%,-13902.21,-1.30%,53431.77,-1.26%
1670,Exit long,SHORT,10/17/2022 8:00,"19,230.44",54.36957,-7880.87,-0.75%,2742.94,0.26%,-14918.47,-1.42%,45550.9,-0.75%
1670,Entry long,LONG,10/17/2022 3:00,"19,375.39",54.36957,-7880.87,-0.75%,2742.94,0.26%,-14918.47,-1.42%,45550.9,-0.75%
1671,Exit short,LONG,10/17/2022 15:00,"19,295.58",54.36957,-3541.63,-0.34%,4263.12,0.41%,-4775.82,-0.46%,42009.26,-0.34%
1671,Entry short,SHORT,10/17/2022 8:00,"19,230.44",54.36957,-3541.63,-0.34%,4263.12,0.41%,-4775.82,-0.46%,42009.26,-0.34%
1672,Exit long,SHORT,10/18/2022 23:00,"19,375.71",54.00248,4327.22,0.42%,22199.34,2.13%,-2783.83,-0.27%,46336.48,0.42%
1672,Entry long,LONG,10/17/2022 15:00,"19,295.58",54.00248,4327.22,0.42%,22199.34,2.13%,-2783.83,-0.27%,46336.48,0.42%
1673,Exit short,LONG,10/20/2022 5:00,"19,194.37",54.00248,9792.81,0.94%,16726.73,1.60%,-3579.82,-0.34%,56129.29,0.94%
1673,Entry short,SHORT,10/18/2022 23:00,"19,375.71",54.00248,9792.81,0.94%,16726.73,1.60%,-3579.82,-0.34%,56129.29,0.94%
1674,Exit long,SHORT,10/20/2022 6:00,"19,141.05",55.02286,-2933.82,-0.28%,282.27,0.03%,-5192.51,-0.49%,53195.47,-0.28%
1674,Entry long,LONG,10/20/2022 5:00,"19,194.37",55.02286,-2933.82,-0.28%,282.27,0.03%,-5192.51,-0.49%,53195.47,-0.28%
1675,Exit short,LONG,10/20/2022 15:00,"19,145.10",55.02286,-222.84,-0.02%,13263.26,1.26%,-3793.83,-0.36%,52972.63,-0.02%
1675,Entry short,SHORT,10/20/2022 6:00,"19,141.05",55.02286,-222.84,-0.02%,13263.26,1.26%,-3793.83,-0.36%,52972.63,-0.02%
1676,Exit long,SHORT,10/21/2022 1:00,"19,099.30",54.99476,-2518.76,-0.24%,11148.54,1.06%,-4466.12,-0.42%,50453.87,-0.24%
1676,Entry long,LONG,10/20/2022 15:00,"19,145.10",54.99476,-2518.76,-0.24%,11148.54,1.06%,-4466.12,-0.42%,50453.87,-0.24%
1677,Exit short,LONG,10/22/2022 3:00,"19,189.22",54.9996,-4945.56,-0.47%,24711.32,2.35%,-8288.44,-0.79%,45508.31,-0.47%
1677,Entry short,SHORT,10/21/2022 1:00,"19,099.30",54.9996,-4945.56,-0.47%,24711.32,2.35%,-8288.44,-0.79%,45508.31,-0.47%
1678,Exit long,SHORT,10/22/2022 10:00,"19,128.78",54.48414,-3293.02,-0.31%,3296.84,0.32%,-3793.19,-0.36%,42215.28,-0.31%
1678,Entry long,LONG,10/22/2022 3:00,"19,189.22",54.48414,-3293.02,-0.31%,3296.84,0.32%,-3793.19,-0.36%,42215.28,-0.31%
1679,Exit short,LONG,10/22/2022 15:00,"19,163.58",54.48414,-1896.05,-0.18%,875.02,0.08%,-2627.77,-0.25%,40319.23,-0.18%
1679,Entry short,SHORT,10/22/2022 10:00,"19,128.78",54.48414,-1896.05,-0.18%,875.02,0.08%,-2627.77,-0.25%,40319.23,-0.18%
1680,Exit long,SHORT,10/22/2022 17:00,"19,142.66",54.28626,-1135.67,-0.11%,725.26,0.07%,-1280.07,-0.12%,39183.57,-0.11%
1680,Entry long,LONG,10/22/2022 15:00,"19,163.58",54.28626,-1135.67,-0.11%,725.26,0.07%,-1280.07,-0.12%,39183.57,-0.11%
1681,Exit short,LONG,10/22/2022 19:00,"19,178.99",54.28626,-1972.22,-0.19%,113.46,0.01%,-2461.34,-0.24%,37211.35,-0.19%
1681,Entry short,SHORT,10/22/2022 17:00,"19,142.66",54.28626,-1972.22,-0.19%,113.46,0.01%,-2461.34,-0.24%,37211.35,-0.19%
1682,Exit long,SHORT,10/23/2022 13:00,"19,178.98",54.08246,-0.54,0.00%,4218.97,0.41%,-2433.17,-0.23%,37210.81,0.00%
1682,Entry long,LONG,10/22/2022 19:00,"19,178.99",54.08246,-0.54,0.00%,4218.97,0.41%,-2433.17,-0.23%,37210.81,0.00%
1683,Exit short,LONG,10/23/2022 22:00,"19,187.17",54.0806,-442.92,-0.04%,5887.76,0.57%,-1706.78,-0.16%,36767.89,-0.04%
1683,Entry short,SHORT,10/23/2022 13:00,"19,178.98",54.0806,-442.92,-0.04%,5887.76,0.57%,-1706.78,-0.16%,36767.89,-0.04%
1684,Exit long,SHORT,10/24/2022 11:00,"19,391.97",54.03167,11065.69,1.07%,27438.9,2.65%,-972.03,-0.09%,47833.57,1.07%
1684,Entry long,LONG,10/23/2022 22:00,"19,187.17",54.03167,11065.69,1.07%,27438.9,2.65%,-972.03,-0.09%,47833.57,1.07%
1685,Exit short,LONG,10/24/2022 19:00,"19,422.90",54.0344,-1671.28,-0.16%,7639.38,0.73%,-2835.18,-0.27%,46162.29,-0.16%
1685,Entry short,SHORT,10/24/2022 11:00,"19,391.97",54.0344,-1671.28,-0.16%,7639.38,0.73%,-2835.18,-0.27%,46162.29,-0.16%
1686,Exit long,SHORT,10/25/2022 0:00,"19,272.81",53.85825,-8083.58,-0.77%,1508.03,0.14%,-14320.91,-1.37%,38078.7,-0.77%
1686,Entry long,LONG,10/24/2022 19:00,"19,422.90",53.85825,-8083.58,-0.77%,1508.03,0.14%,-14320.91,-1.37%,38078.7,-0.77%
1687,Exit short,LONG,10/25/2022 3:00,"19,343.95",53.86234,-3831.77,-0.37%,2682.88,0.26%,-8200,-0.79%,34246.94,-0.37%
1687,Entry short,SHORT,10/25/2022 0:00,"19,272.81",53.86234,-3831.77,-0.37%,2682.88,0.26%,-8200,-0.79%,34246.94,-0.37%
1688,Exit long,SHORT,10/25/2022 16:00,"19,296.41",53.47016,-2541.97,-0.25%,4020.96,0.39%,-5023.52,-0.49%,31704.97,-0.25%
1688,Entry long,LONG,10/25/2022 3:00,"19,343.95",53.47016,-2541.97,-0.25%,4020.96,0.39%,-5023.52,-0.49%,31704.97,-0.25%
1689,Exit short,LONG,10/25/2022 21:00,"19,478.39",53.46616,-9729.77,-0.94%,3176.42,0.31%,-12284.38,-1.19%,21975.19,-0.94%
1689,Entry short,SHORT,10/25/2022 16:00,"19,296.41",53.46616,-9729.77,-0.94%,3176.42,0.31%,-12284.38,-1.19%,21975.19,-0.94%
1690,Exit long,SHORT,10/27/2022 10:00,"20,685.06",52.46712,63310.5,6.19%,80883.84,7.91%,-1751.88,-0.17%,85285.7,6.19%
1690,Entry long,LONG,10/25/2022 21:00,"19,478.39",52.46712,63310.5,6.19%,80883.84,7.91%,-1751.88,-0.17%,85285.7,6.19%
1691,Exit short,LONG,10/27/2022 13:00,"20,803.58",52.46712,-6218.4,-0.57%,5434.02,0.50%,-9819.22,-0.90%,79067.29,-0.57%
1691,Entry short,SHORT,10/27/2022 10:00,"20,685.06",52.46712,-6218.4,-0.57%,5434.02,0.50%,-9819.22,-0.90%,79067.29,-0.57%
1692,Exit long,SHORT,10/27/2022 14:00,"20,718.04",51.8672,-4436.72,-0.41%,1681.53,0.16%,-5164.94,-0.48%,74630.57,-0.41%
1692,Entry long,LONG,10/27/2022 13:00,"20,803.58",51.8672,-4436.72,-0.41%,1681.53,0.16%,-5164.94,-0.48%,74630.57,-0.41%
1693,Exit short,LONG,10/28/2022 21:00,"20,471.97",51.86931,12763.48,1.19%,37239.57,3.47%,-3213.82,-0.30%,87394.05,1.19%
1693,Entry short,SHORT,10/27/2022 14:00,"20,718.04",51.86931,12763.48,1.19%,37239.57,3.47%,-3213.82,-0.30%,87394.05,1.19%
1694,Exit long,SHORT,10/30/2022 10:00,"20,753.40",53.12326,14950.48,1.37%,32566.15,2.99%,-7557.31,-0.69%,102344.53,1.37%
1694,Entry long,LONG,10/28/2022 21:00,"20,471.97",53.12326,14950.48,1.37%,32566.15,2.99%,-7557.31,-0.69%,102344.53,1.37%
1695,Exit short,LONG,10/30/2022 14:00,"20,891.52",53.11633,-7336.43,-0.67%,641.65,0.06%,-8318.02,-0.75%,95008.1,-0.67%
1695,Entry short,SHORT,10/30/2022 10:00,"20,753.40",53.11633,-7336.43,-0.67%,641.65,0.06%,-8318.02,-0.75%,95008.1,-0.67%
1696,Exit long,SHORT,10/30/2022 18:00,"20,686.76",52.41697,-10732.9,-0.98%,2080.43,0.19%,-13564.99,-1.24%,84275.2,-0.98%
1696,Entry long,LONG,10/30/2022 14:00,"20,891.52",52.41697,-10732.9,-0.98%,2080.43,0.19%,-13564.99,-1.24%,84275.2,-0.98%
1697,Exit short,LONG,10/31/2022 18:00,"20,750.56",52.41396,-3344.01,-0.31%,13603,1.25%,-8342.21,-0.77%,80931.2,-0.31%
1697,Entry short,SHORT,10/30/2022 18:00,"20,686.76",52.41396,-3344.01,-0.31%,13603,1.25%,-8342.21,-0.77%,80931.2,-0.31%
1698,Exit long,SHORT,10/31/2022 21:00,"20,333.74",52.09166,-21712.85,-2.01%,3721.43,0.34%,-23470.42,-2.17%,59218.35,-2.01%
1698,Entry long,LONG,10/31/2022 18:00,"20,750.56",52.09166,-21712.85,-2.01%,3721.43,0.34%,-23470.42,-2.17%,59218.35,-2.01%
1699,Exit short,LONG,11/1/2022 10:00,"20,578.75",52.09166,-12762.98,-1.20%,4989.86,0.47%,-13331.82,-1.26%,46455.37,-1.20%
1699,Entry short,SHORT,10/31/2022 21:00,"20,333.74",52.09166,-12762.98,-1.20%,4989.86,0.47%,-13331.82,-1.26%,46455.37,-1.20%
1700,Exit long,SHORT,11/1/2022 21:00,"20,420.54",50.85,-8044.98,-0.77%,6165.56,0.59%,-11433.62,-1.09%,38410.39,-0.77%
1700,Entry long,LONG,11/1/2022 10:00,"20,578.75",50.85,-8044.98,-0.77%,6165.56,0.59%,-11433.62,-1.09%,38410.39,-0.77%
1701,Exit short,LONG,11/2/2022 6:00,"20,477.53",50.85126,-2898.01,-0.28%,4566.44,0.44%,-4944.27,-0.48%,35512.38,-0.28%
1701,Entry short,SHORT,11/1/2022 21:00,"20,420.54",50.85126,-2898.01,-0.28%,4566.44,0.44%,-4944.27,-0.48%,35512.38,-0.28%
1702,Exit long,SHORT,11/2/2022 17:00,"20,468.06",50.56342,-478.84,-0.05%,4339.86,0.42%,-6107.05,-0.59%,35033.54,-0.05%
1702,Entry long,LONG,11/2/2022 6:00,"20,477.53",50.56342,-478.84,-0.05%,4339.86,0.42%,-6107.05,-0.59%,35033.54,-0.05%
1703,Exit short,LONG,11/3/2022 12:00,"20,357.95",50.56822,5568.07,0.54%,21239.66,2.05%,-16785.62,-1.62%,40601.61,0.54%
1703,Entry short,SHORT,11/2/2022 17:00,"20,468.06",50.56822,5568.07,0.54%,21239.66,2.05%,-16785.62,-1.62%,40601.61,0.54%
1704,Exit long,SHORT,11/3/2022 18:00,"20,268.53",51.11524,-4570.72,-0.44%,1638.24,0.16%,-5471.89,-0.53%,36030.88,-0.44%
1704,Entry long,LONG,11/3/2022 12:00,"20,357.95",51.11524,-4570.72,-0.44%,1638.24,0.16%,-5471.89,-0.53%,36030.88,-0.44%
1705,Exit short,LONG,11/4/2022 10:00,"20,312.30",51.11524,-2237.31,-0.22%,12129.14,1.17%,-3646.05,-0.35%,33793.57,-0.22%
1705,Entry short,SHORT,11/3/2022 18:00,"20,268.53",51.11524,-2237.31,-0.22%,12129.14,1.17%,-3646.05,-0.35%,33793.57,-0.22%
1706,Exit long,SHORT,11/6/2022 10:00,"21,238.22",50.89495,47124.65,4.56%,59463.11,5.75%,-1656.63,-0.16%,80918.22,4.56%
1706,Entry long,LONG,11/4/2022 10:00,"20,312.30",50.89495,47124.65,4.56%,59463.11,5.75%,-1656.63,-0.16%,80918.22,4.56%
1707,Exit short,LONG,11/6/2022 18:00,"21,263.67",50.89495,-1295.28,-0.12%,4832.48,0.45%,-3653.24,-0.34%,79622.95,-0.12%
1707,Entry short,SHORT,11/6/2022 10:00,"21,238.22",50.89495,-1295.28,-0.12%,4832.48,0.45%,-3653.24,-0.34%,79622.95,-0.12%
1708,Exit long,SHORT,11/6/2022 23:00,"21,241.85",50.77312,-1107.87,-0.10%,1310.96,0.12%,-4349.23,-0.40%,78515.08,-0.10%
1708,Entry long,LONG,11/6/2022 18:00,"21,263.67",50.77312,-1107.87,-0.10%,1310.96,0.12%,-4349.23,-0.40%,78515.08,-0.10%
1709,Exit short,LONG,11/7/2022 0:00,"21,257.74",50.77312,-806.78,-0.07%,4538.61,0.42%,-1683.13,-0.16%,77708.29,-0.07%
1709,Entry short,SHORT,11/6/2022 23:00,"21,241.85",50.77312,-806.78,-0.07%,4538.61,0.42%,-1683.13,-0.16%,77708.29,-0.07%
1710,Exit long,SHORT,11/7/2022 4:00,"21,204.13",50.69865,-2717.95,-0.25%,1239.58,0.12%,-5056.68,-0.47%,74990.34,-0.25%
1710,Entry long,LONG,11/7/2022 0:00,"21,257.74",50.69865,-2717.95,-0.25%,1239.58,0.12%,-5056.68,-0.47%,74990.34,-0.25%
1711,Exit short,LONG,11/10/2022 14:00,"16,705.02",50.69721,228092.33,21.22%,284722.12,26.49%,-379.72,-0.04%,303082.66,21.22%
1711,Entry short,SHORT,11/7/2022 4:00,"21,204.13",50.69721,228092.33,21.22%,284722.12,26.49%,-379.72,-0.04%,303082.66,21.22%
1712,Exit long,SHORT,11/11/2022 11:00,"17,064.12",77.99559,28008.22,2.15%,116523.85,8.94%,-34807.87,-2.67%,331090.88,2.15%
1712,Entry long,LONG,11/10/2022 14:00,"16,705.02",77.99559,28008.22,2.15%,116523.85,8.94%,-34807.87,-2.67%,331090.88,2.15%
1713,Exit short,LONG,11/11/2022 17:00,"17,392.14",78.00524,-25587.28,-1.92%,4770.02,0.36%,-36887.12,-2.77%,305503.6,-1.92%
1713,Entry short,SHORT,11/11/2022 11:00,"17,064.12",78.00524,-25587.28,-1.92%,4770.02,0.36%,-36887.12,-2.77%,305503.6,-1.92%
1714,Exit long,SHORT,11/11/2022 22:00,"16,916.02",75.06285,-35738.93,-2.74%,11466.6,0.88%,-77355.27,-5.93%,269764.7,-2.74%
1714,Entry long,LONG,11/11/2022 17:00,"17,392.14",75.06285,-35738.93,-2.74%,11466.6,0.88%,-77355.27,-5.93%,269764.7,-2.74%
1715,Exit short,LONG,11/12/2022 20:00,"16,863.46",75.06285,3945.3,0.31%,27928.64,2.20%,-17485.14,-1.38%,273709.97,0.31%
1715,Entry short,SHORT,11/11/2022 22:00,"16,916.02",75.06285,3945.3,0.31%,27928.64,2.20%,-17485.14,-1.38%,273709.97,0.31%
1716,Exit long,SHORT,11/13/2022 5:00,"16,818.73",75.53495,-3378.68,-0.27%,10037.84,0.79%,-8041.45,-0.63%,270331.3,-0.27%
1716,Entry long,LONG,11/12/2022 20:00,"16,863.46",75.53495,-3378.68,-0.27%,10037.84,0.79%,-8041.45,-0.63%,270331.3,-0.27%
1717,Exit short,LONG,11/13/2022 9:00,"16,878.63",75.53075,-4524.29,-0.36%,4435.92,0.35%,-6584.02,-0.52%,265807,-0.36%
1717,Entry short,SHORT,11/13/2022 5:00,"16,818.73",75.53075,-4524.29,-0.36%,4435.92,0.35%,-6584.02,-0.52%,265807,-0.36%
1718,Exit long,SHORT,11/13/2022 16:00,"16,650.89",74.98832,-17077.84,-1.35%,5672.87,0.45%,-23682.06,-1.87%,248729.17,-1.35%
1718,Entry long,LONG,11/13/2022 9:00,"16,878.63",74.98832,-17077.84,-1.35%,5672.87,0.45%,-23682.06,-1.87%,248729.17,-1.35%
1719,Exit short,LONG,11/15/2022 9:00,"16,716.70",74.99474,-4935.4,-0.40%,62671.61,5.02%,-40430.41,-3.24%,243793.77,-0.40%
1719,Entry short,SHORT,11/13/2022 16:00,"16,650.89",74.99474,-4935.4,-0.40%,62671.61,5.02%,-40430.41,-3.24%,243793.77,-0.40%
1720,Exit long,SHORT,11/16/2022 16:00,"16,789.84",74.40426,5441.93,0.44%,31100.24,2.50%,-7595.93,-0.61%,249235.69,0.44%
1720,Entry long,LONG,11/15/2022 9:00,"16,716.70",74.40426,5441.93,0.44%,31100.24,2.50%,-7595.93,-0.61%,249235.69,0.44%
1721,Exit short,LONG,11/18/2022 1:00,"16,693.40",74.40426,7175.55,0.57%,30597.26,2.45%,-1280.5,-0.10%,256411.23,0.57%
1721,Entry short,SHORT,11/16/2022 16:00,"16,789.84",74.40426,7175.55,0.57%,30597.26,2.45%,-1280.5,-0.10%,256411.23,0.57%
1722,Exit long,SHORT,11/18/2022 15:00,"16,745.84",75.26395,3946.84,0.31%,23903.83,1.90%,-6848.27,-0.55%,260358.08,0.31%
1722,Entry long,LONG,11/18/2022 1:00,"16,693.40",75.26395,3946.84,0.31%,23903.83,1.90%,-6848.27,-0.55%,260358.08,0.31%
1723,Exit short,LONG,11/19/2022 19:00,"16,676.26",75.26395,5236.87,0.42%,15037.74,1.19%,-8165.39,-0.65%,265594.94,0.42%
1723,Entry short,SHORT,11/18/2022 15:00,"16,745.84",75.26395,5236.87,0.42%,15037.74,1.19%,-8165.39,-0.65%,265594.94,0.42%
1724,Exit long,SHORT,11/20/2022 1:00,"16,614.02",75.89201,-4723.52,-0.37%,804.46,0.06%,-5153.83,-0.41%,260871.42,-0.37%
1724,Entry long,LONG,11/19/2022 19:00,"16,676.26",75.89201,-4723.52,-0.37%,804.46,0.06%,-5153.83,-0.41%,260871.42,-0.37%
1725,Exit short,LONG,11/20/2022 7:00,"16,700.68",75.89201,-6576.8,-0.52%,219.33,0.02%,-15815.14,-1.25%,254294.62,-0.52%
1725,Entry short,SHORT,11/20/2022 1:00,"16,614.02",75.89201,-6576.8,-0.52%,219.33,0.02%,-15815.14,-1.25%,254294.62,-0.52%
1726,Exit long,SHORT,11/20/2022 10:00,"16,684.36",75.1044,-1225.7,-0.10%,3954.25,0.32%,-2525.01,-0.20%,253068.92,-0.10%
1726,Entry long,LONG,11/20/2022 7:00,"16,700.68",75.1044,-1225.7,-0.10%,3954.25,0.32%,-2525.01,-0.20%,253068.92,-0.10%
1727,Exit short,LONG,11/21/2022 3:00,"16,587.80",75.1044,7252.08,0.58%,16775.32,1.34%,-4085.68,-0.33%,260321,0.58%
1727,Entry short,SHORT,11/20/2022 10:00,"16,684.36",75.1044,7252.08,0.58%,16775.32,1.34%,-4085.68,-0.33%,260321,0.58%
1728,Exit long,SHORT,11/21/2022 4:00,"16,538.84",75.97879,-3719.92,-0.30%,611.63,0.05%,-10618.04,-0.84%,256601.08,-0.30%
1728,Entry long,LONG,11/21/2022 3:00,"16,587.80",75.97879,-3719.92,-0.30%,611.63,0.05%,-10618.04,-0.84%,256601.08,-0.30%
1729,Exit short,LONG,11/21/2022 22:00,"16,163.83",75.97879,28492.81,2.27%,48754.83,3.88%,-0.76,0.00%,285093.88,2.27%
1729,Entry short,SHORT,11/21/2022 4:00,"16,538.84",75.97879,28492.81,2.27%,48754.83,3.88%,-0.76,0.00%,285093.88,2.27%
1730,Exit long,SHORT,11/21/2022 23:00,"16,130.45",79.50429,-2653.85,-0.21%,906.35,0.07%,-4300.39,-0.33%,282440.03,-0.21%
1730,Entry long,LONG,11/21/2022 22:00,"16,163.83",79.50429,-2653.85,-0.21%,906.35,0.07%,-4300.39,-0.33%,282440.03,-0.21%
1731,Exit short,LONG,11/22/2022 22:00,"16,117.28",79.50429,1047.07,0.08%,52031.58,4.06%,-6960.6,-0.54%,283487.1,0.08%
1731,Entry short,SHORT,11/21/2022 23:00,"16,130.45",79.50429,1047.07,0.08%,52031.58,4.06%,-6960.6,-0.54%,283487.1,0.08%
1732,Exit long,SHORT,11/23/2022 23:00,"16,427.09",79.63422,24671.48,1.92%,44592.77,3.47%,-5368.14,-0.42%,308158.6,1.92%
1732,Entry long,LONG,11/22/2022 22:00,"16,117.28",79.63422,24671.48,1.92%,44592.77,3.47%,-5368.14,-0.42%,308158.6,1.92%
1733,Exit short,LONG,11/24/2022 9:00,"16,747.83",79.63422,-25541.88,-1.95%,8526.44,0.65%,-29695.6,-2.27%,282616.7,-1.95%
1733,Entry short,SHORT,11/23/2022 23:00,"16,427.09",79.63422,-25541.88,-1.95%,8526.44,0.65%,-29695.6,-2.27%,282616.7,-1.95%
1734,Exit long,SHORT,11/24/2022 15:00,"16,622.38",76.58405,-9607.47,-0.75%,4962.65,0.39%,-10191.81,-0.79%,273009.22,-0.75%
1734,Entry long,LONG,11/24/2022 9:00,"16,747.83",76.58405,-9607.47,-0.75%,4962.65,0.39%,-10191.81,-0.79%,273009.22,-0.75%
1735,Exit short,LONG,11/25/2022 2:00,"16,583.31",76.58405,2992.14,0.24%,12585.06,0.99%,-4106.44,-0.32%,276001.38,0.24%
1735,Entry short,SHORT,11/24/2022 15:00,"16,622.38",76.58405,2992.14,0.24%,12585.06,0.99%,-4106.44,-0.32%,276001.38,0.24%
1736,Exit long,SHORT,11/25/2022 5:00,"16,552.74",76.94491,-2352.21,-0.18%,1460.41,0.11%,-3716.44,-0.29%,273649.16,-0.18%
1736,Entry long,LONG,11/25/2022 2:00,"16,583.31",76.94491,-2352.21,-0.18%,1460.41,0.11%,-3716.44,-0.29%,273649.16,-0.18%
1737,Exit short,LONG,11/26/2022 9:00,"16,634.33",76.94491,-6277.93,-0.49%,16153.05,1.27%,-11484.03,-0.90%,267371.22,-0.49%
1737,Entry short,SHORT,11/25/2022 5:00,"16,552.74",76.94491,-6277.93,-0.49%,16153.05,1.27%,-11484.03,-0.90%,267371.22,-0.49%
1738,Exit long,SHORT,11/26/2022 23:00,"16,512.35",76.19433,-9294.18,-0.73%,3523.23,0.28%,-11511.44,-0.91%,258077.05,-0.73%
1738,Entry long,LONG,11/26/2022 9:00,"16,634.33",76.19433,-9294.18,-0.73%,3523.23,0.28%,-11511.44,-0.91%,258077.05,-0.73%
1739,Exit short,LONG,11/27/2022 10:00,"16,528.48",76.19006,-1228.95,-0.10%,9702.8,0.77%,-2842.65,-0.23%,256848.1,-0.10%
1739,Entry short,SHORT,11/26/2022 23:00,"16,512.35",76.19006,-1228.95,-0.10%,9702.8,0.77%,-2842.65,-0.23%,256848.1,-0.10%
1740,Exit long,SHORT,11/28/2022 9:00,"16,143.40",76.04393,-29283,-2.33%,5438.66,0.43%,-33343.74,-2.65%,227565.11,-2.33%
1740,Entry long,LONG,11/27/2022 10:00,"16,528.48",76.04393,-29283,-2.33%,5438.66,0.43%,-33343.74,-2.65%,227565.11,-2.33%
1741,Exit short,LONG,11/29/2022 12:00,"16,432.22",76.04129,-21962.25,-1.79%,11264,0.92%,-26507.23,-2.16%,205602.86,-1.79%
1741,Entry short,SHORT,11/28/2022 9:00,"16,143.40",76.04129,-21962.25,-1.79%,11264,0.92%,-26507.23,-2.16%,205602.86,-1.79%
1742,Exit long,SHORT,11/29/2022 22:00,"16,362.64",73.36131,-5104.48,-0.42%,8545.86,0.71%,-7584.09,-0.63%,200498.38,-0.42%
1742,Entry long,LONG,11/29/2022 12:00,"16,432.22",73.36131,-5104.48,-0.42%,8545.86,0.71%,-7584.09,-0.63%,200498.38,-0.42%
1743,Exit short,LONG,11/30/2022 6:00,"16,494.61",73.36825,-9682.41,-0.81%,1471.03,0.12%,-10986.9,-0.92%,190815.97,-0.81%
1743,Entry short,SHORT,11/29/2022 22:00,"16,362.64",73.36825,-9682.41,-0.81%,1471.03,0.12%,-10986.9,-0.92%,190815.97,-0.81%
1744,Exit long,SHORT,11/30/2022 21:00,"16,810.12",72.1856,22775.28,1.91%,48190.38,4.05%,-4935.33,-0.41%,213591.25,1.91%
1744,Entry long,LONG,11/30/2022 6:00,"16,494.61",72.1856,22775.28,1.91%,48190.38,4.05%,-4935.33,-0.41%,213591.25,1.91%
1745,Exit short,LONG,12/1/2022 0:00,"16,861.98",72.19408,-3743.98,-0.31%,955.13,0.08%,-7059.14,-0.58%,209847.27,-0.31%
1745,Entry short,SHORT,11/30/2022 21:00,"16,810.12",72.19408,-3743.98,-0.31%,955.13,0.08%,-7059.14,-0.58%,209847.27,-0.31%
1746,Exit long,SHORT,12/1/2022 1:00,"16,789.66",71.75001,-5188.96,-0.43%,1043.25,0.09%,-10146.89,-0.84%,204658.3,-0.43%
1746,Entry long,LONG,12/1/2022 0:00,"16,861.98",71.75001,-5188.96,-0.43%,1043.25,0.09%,-10146.89,-0.84%,204658.3,-0.43%
1747,Exit short,LONG,12/1/2022 2:00,"16,920.45",71.75001,-9384.18,-0.78%,6074.36,0.50%,-14087.4,-1.17%,195274.12,-0.78%
1747,Entry short,SHORT,12/1/2022 1:00,"16,789.66",71.75001,-9384.18,-0.78%,6074.36,0.50%,-14087.4,-1.17%,195274.12,-0.78%
1748,Exit long,SHORT,12/2/2022 1:00,"16,967.67",70.63246,3335.26,0.28%,28503.73,2.38%,-1796.18,-0.15%,198609.39,0.28%
1748,Entry long,LONG,12/1/2022 2:00,"16,920.45",70.63246,3335.26,0.28%,28503.73,2.38%,-1796.18,-0.15%,198609.39,0.28%
1749,Exit short,LONG,12/2/2022 8:00,"17,037.82",70.64077,-4955.45,-0.41%,7958.39,0.66%,-5565.08,-0.46%,193653.94,-0.41%
1749,Entry short,SHORT,12/2/2022 1:00,"16,967.67",70.64077,-4955.45,-0.41%,7958.39,0.66%,-5565.08,-0.46%,193653.94,-0.41%
1750,Exit long,SHORT,12/3/2022 14:00,"16,976.11",70.05907,-4323.34,-0.36%,10590.13,0.89%,-17512.67,-1.47%,189330.6,-0.36%
1750,Entry long,LONG,12/2/2022 8:00,"17,037.82",70.05907,-4323.34,-0.36%,10590.13,0.89%,-17512.67,-1.47%,189330.6,-0.36%
1751,Exit short,LONG,12/4/2022 1:00,"16,971.08",70.05907,352.4,0.03%,6671.73,0.56%,-762.94,-0.06%,189682.98,0.03%
1751,Entry short,SHORT,12/3/2022 14:00,"16,976.11",70.05907,352.4,0.03%,6671.73,0.56%,-762.94,-0.06%,189682.98,0.03%
1752,Exit long,SHORT,12/4/2022 6:00,"16,901.27",70.1006,-4893.72,-0.41%,881.16,0.07%,-7875.1,-0.66%,184789.27,-0.41%
1752,Entry long,LONG,12/4/2022 1:00,"16,971.08",70.1006,-4893.72,-0.41%,881.16,0.07%,-7875.1,-0.66%,184789.27,-0.41%
1753,Exit short,LONG,12/4/2022 10:00,"16,973.70",70.1006,-5077.39,-0.43%,2143.68,0.18%,-10387.51,-0.88%,179711.88,-0.43%
1753,Entry short,SHORT,12/4/2022 6:00,"16,901.27",70.1006,-5077.39,-0.43%,2143.68,0.18%,-10387.51,-0.88%,179711.88,-0.43%
1754,Exit long,SHORT,12/4/2022 18:00,"17,001.43",69.5002,1927.24,0.16%,6553.87,0.56%,-1786.16,-0.15%,181639.12,0.16%
1754,Entry long,LONG,12/4/2022 10:00,"16,973.70",69.5002,1927.24,0.16%,6553.87,0.56%,-1786.16,-0.15%,181639.12,0.16%
1755,Exit short,LONG,12/4/2022 23:00,"17,029.88",69.50233,-1977.34,-0.17%,6701.41,0.57%,-4588.54,-0.39%,179661.78,-0.17%
1755,Entry short,SHORT,12/4/2022 18:00,"17,001.43",69.50233,-1977.34,-0.17%,6701.41,0.57%,-4588.54,-0.39%,179661.78,-0.17%
1756,Exit long,SHORT,12/5/2022 21:00,"17,232.40",69.27011,14028.58,1.19%,27318.05,2.32%,-3984.42,-0.34%,193690.36,1.19%
1756,Entry long,LONG,12/4/2022 23:00,"17,029.88",69.27011,14028.58,1.19%,27318.05,2.32%,-3984.42,-0.34%,193690.36,1.19%
1757,Exit short,LONG,12/7/2022 6:00,"16,973.83",69.27011,17911.17,1.50%,25311.3,2.12%,-440.56,-0.04%,211601.53,1.50%
1757,Entry short,SHORT,12/5/2022 21:00,"17,232.40",69.27011,17911.17,1.50%,25311.3,2.12%,-440.56,-0.04%,211601.53,1.50%
1758,Exit long,SHORT,12/7/2022 14:00,"16,956.03",71.38056,-1270.57,-0.10%,12019.06,0.99%,-2925.89,-0.24%,210330.95,-0.10%
1758,Entry long,LONG,12/7/2022 6:00,"16,973.83",71.38056,-1270.57,-0.10%,12019.06,0.99%,-2925.89,-0.24%,210330.95,-0.10%
1759,Exit short,LONG,12/8/2022 20:00,"16,829.14",71.38056,9057.48,0.75%,19786.69,1.63%,-250.55,-0.02%,219388.44,0.75%
1759,Entry short,SHORT,12/7/2022 14:00,"16,956.03",71.38056,9057.48,0.75%,19786.69,1.63%,-250.55,-0.02%,219388.44,0.75%
1760,Exit long,SHORT,12/10/2022 4:00,"17,101.31",72.45696,19720.61,1.62%,38464.5,3.15%,-1902.72,-0.16%,239109.05,1.62%
1760,Entry long,LONG,12/8/2022 20:00,"16,829.14",72.45696,19720.61,1.62%,38464.5,3.15%,-1902.72,-0.16%,239109.05,1.62%
1761,Exit short,LONG,12/10/2022 11:00,"17,145.08",72.45696,-3171.44,-0.26%,2478.75,0.20%,-4911.13,-0.40%,235937.61,-0.26%
1761,Entry short,SHORT,12/10/2022 4:00,"17,101.31",72.45696,-3171.44,-0.26%,2478.75,0.20%,-4911.13,-0.40%,235937.61,-0.26%
1762,Exit long,SHORT,12/10/2022 16:00,"17,141.82",72.08701,-235,-0.02%,2373.1,0.19%,-1066.89,-0.09%,235702.61,-0.02%
1762,Entry long,LONG,12/10/2022 11:00,"17,145.08",72.08701,-235,-0.02%,2373.1,0.19%,-1066.89,-0.09%,235702.61,-0.02%
1763,Exit short,LONG,12/10/2022 18:00,"17,163.54",72.08701,-1565.73,-0.13%,2112.15,0.17%,-2279.39,-0.18%,234136.88,-0.13%
1763,Entry short,SHORT,12/10/2022 16:00,"17,141.82",72.08701,-1565.73,-0.13%,2112.15,0.17%,-2279.39,-0.18%,234136.88,-0.13%
1764,Exit long,SHORT,12/11/2022 5:00,"17,125.43",71.9012,-2740.15,-0.22%,4614.62,0.37%,-2771.07,-0.22%,231396.72,-0.22%
1764,Entry long,LONG,12/10/2022 18:00,"17,163.54",71.9012,-2740.15,-0.22%,4614.62,0.37%,-2771.07,-0.22%,231396.72,-0.22%
1765,Exit short,LONG,12/11/2022 12:00,"17,168.74",71.90457,-3114.19,-0.25%,2403.77,0.20%,-3564.31,-0.29%,228282.53,-0.25%
1765,Entry short,SHORT,12/11/2022 5:00,"17,125.43",71.90457,-3114.19,-0.25%,2403.77,0.20%,-3564.31,-0.29%,228282.53,-0.25%
1766,Exit long,SHORT,12/12/2022 7:00,"17,085.05",71.54346,-5987.47,-0.49%,7315.32,0.60%,-6992.66,-0.57%,222295.06,-0.49%
1766,Entry long,LONG,12/11/2022 12:00,"17,168.74",71.54346,-5987.47,-0.49%,7315.32,0.60%,-6992.66,-0.57%,222295.06,-0.49%
1767,Exit short,LONG,12/12/2022 18:00,"16,987.47",71.54179,6981.05,0.57%,15252.71,1.25%,-187.44,-0.02%,229276.11,0.57%
1767,Entry short,SHORT,12/12/2022 7:00,"17,085.05",71.54179,6981.05,0.57%,15252.71,1.25%,-187.44,-0.02%,229276.11,0.57%
1768,Exit long,SHORT,12/14/2022 4:00,"17,748.32",72.36369,55057.91,4.48%,73270.41,5.96%,-4838.24,-0.39%,284334.03,4.48%
1768,Entry long,LONG,12/12/2022 18:00,"16,987.47",72.36369,55057.91,4.48%,73270.41,5.96%,-4838.24,-0.39%,284334.03,4.48%
1769,Exit short,LONG,12/14/2022 6:00,"17,776.88",72.36369,-2066.71,-0.16%,3134.07,0.24%,-2885.86,-0.22%,282267.3,-0.16%
1769,Entry short,SHORT,12/14/2022 4:00,"17,748.32",72.36369,-2066.71,-0.16%,3134.07,0.24%,-2885.86,-0.22%,282267.3,-0.16%
1770,Exit long,SHORT,12/15/2022 10:00,"17,716.77",72.13117,-4335.8,-0.34%,44077.2,3.44%,-15571.68,-1.21%,277931.5,-0.34%
1770,Entry long,LONG,12/14/2022 6:00,"17,776.88",72.13117,-4335.8,-0.34%,44077.2,3.44%,-15571.68,-1.21%,277931.5,-0.34%
1771,Exit short,LONG,12/16/2022 14:00,"17,422.45",72.13117,21229.65,1.66%,31828.6,2.49%,-2755.41,-0.22%,299161.16,1.66%
1771,Entry short,SHORT,12/15/2022 10:00,"17,716.77",72.13117,21229.65,1.66%,31828.6,2.49%,-2755.41,-0.22%,299161.16,1.66%
1772,Exit long,SHORT,12/16/2022 18:00,"16,994.84",74.56822,-31886.12,-2.45%,8148.82,0.63%,-37543.61,-2.89%,267275.03,-2.45%
1772,Entry long,LONG,12/16/2022 14:00,"17,422.45",74.56822,-31886.12,-2.45%,8148.82,0.63%,-37543.61,-2.89%,267275.03,-2.45%
1773,Exit short,LONG,12/18/2022 7:00,"16,777.54",74.56822,16203.67,1.28%,34862.13,2.75%,-6723.07,-0.53%,283478.72,1.28%
1773,Entry short,SHORT,12/16/2022 18:00,"16,994.84",74.56822,16203.67,1.28%,34862.13,2.75%,-6723.07,-0.53%,283478.72,1.28%
1774,Exit long,SHORT,12/18/2022 23:00,"16,683.83",76.509,-7169.66,-0.56%,2077.98,0.16%,-8757.98,-0.68%,276309.06,-0.56%
1774,Entry long,LONG,12/18/2022 7:00,"16,777.54",76.509,-7169.66,-0.56%,2077.98,0.16%,-8757.98,-0.68%,276309.06,-0.56%
1775,Exit short,LONG,12/19/2022 2:00,"16,746.93",76.49976,-4827.13,-0.38%,587.52,0.05%,-8503.71,-0.67%,271481.9,-0.38%
1775,Entry short,SHORT,12/18/2022 23:00,"16,683.83",76.49976,-4827.13,-0.38%,587.52,0.05%,-8503.71,-0.67%,271481.9,-0.38%
1776,Exit long,SHORT,12/19/2022 12:00,"16,713.66",75.92974,-2526.18,-0.20%,8832.91,0.69%,-9079.68,-0.71%,268955.75,-0.20%
1776,Entry long,LONG,12/19/2022 2:00,"16,746.93",75.92974,-2526.18,-0.20%,8832.91,0.69%,-9079.68,-0.71%,268955.75,-0.20%
1777,Exit short,LONG,12/19/2022 16:00,"16,757.91",75.92327,-3359.6,-0.26%,1497.21,0.12%,-3796.16,-0.30%,265596.12,-0.26%
1777,Entry short,SHORT,12/19/2022 12:00,"16,713.66",75.92327,-3359.6,-0.26%,1497.21,0.12%,-3796.16,-0.30%,265596.12,-0.26%
1778,Exit long,SHORT,12/20/2022 0:00,"16,635.49",75.52674,-9245.98,-0.73%,1970.49,0.16%,-13134.85,-1.04%,256350.16,-0.73%
1778,Entry long,LONG,12/19/2022 16:00,"16,757.91",75.52674,-9245.98,-0.73%,1970.49,0.16%,-13134.85,-1.04%,256350.16,-0.73%
1779,Exit short,LONG,12/20/2022 11:00,"16,727.25",75.52228,-6929.92,-0.55%,28637.29,2.28%,-16691.18,-1.33%,249420.22,-0.55%
1779,Entry short,SHORT,12/20/2022 0:00,"16,635.49",75.52228,-6929.92,-0.55%,28637.29,2.28%,-16691.18,-1.33%,249420.22,-0.55%
1780,Exit long,SHORT,12/21/2022 12:00,"16,795.44",74.69379,5093.37,0.41%,24949.22,2.00%,-2849.57,-0.23%,254513.6,0.41%
1780,Entry long,LONG,12/20/2022 11:00,"16,727.25",74.69379,5093.37,0.41%,24949.22,2.00%,-2849.57,-0.23%,254513.6,0.41%
1781,Exit short,LONG,12/21/2022 19:00,"16,878.47",74.6937,-6201.82,-0.49%,2084.7,0.17%,-7429.78,-0.59%,248311.78,-0.49%
1781,Entry short,SHORT,12/21/2022 12:00,"16,795.44",74.6937,-6201.82,-0.49%,2084.7,0.17%,-7429.78,-0.59%,248311.78,-0.49%
1782,Exit long,SHORT,12/21/2022 20:00,"16,834.03",73.95882,-3286.73,-0.26%,591.67,0.05%,-3288.95,-0.26%,245025.05,-0.26%
1782,Entry long,LONG,12/21/2022 19:00,"16,878.47",73.95882,-3286.73,-0.26%,591.67,0.05%,-3288.95,-0.26%,245025.05,-0.26%
1783,Exit short,LONG,12/22/2022 8:00,"16,857.61",73.95882,-1743.95,-0.14%,8211.65,0.66%,-5967.74,-0.48%,243281.1,-0.14%
1783,Entry short,SHORT,12/21/2022 20:00,"16,834.03",73.95882,-1743.95,-0.14%,8211.65,0.66%,-5967.74,-0.48%,243281.1,-0.14%
1784,Exit long,SHORT,12/22/2022 20:00,"16,815.66",73.75857,-3094.17,-0.25%,804.71,0.06%,-5471.41,-0.44%,240186.92,-0.25%
1784,Entry long,LONG,12/22/2022 8:00,"16,857.61",73.75857,-3094.17,-0.25%,804.71,0.06%,-5471.41,-0.44%,240186.92,-0.25%
1785,Exit short,LONG,12/23/2022 7:00,"16,821.90",73.7519,-460.21,-0.04%,18866.47,1.52%,-2738.41,-0.22%,239726.72,-0.04%
1785,Entry short,SHORT,12/22/2022 20:00,"16,815.66",73.7519,-460.21,-0.04%,18866.47,1.52%,-2738.41,-0.22%,239726.72,-0.04%
1786,Exit long,SHORT,12/24/2022 4:00,"16,812.26",73.7013,-710.48,-0.06%,9819.96,0.79%,-6689.87,-0.54%,239016.23,-0.06%
1786,Entry long,LONG,12/23/2022 7:00,"16,821.90",73.7013,-710.48,-0.06%,9819.96,0.79%,-6689.87,-0.54%,239016.23,-0.06%
1787,Exit short,LONG,12/24/2022 11:00,"16,840.80",73.69718,-2103.32,-0.17%,3433.55,0.28%,-2345.04,-0.19%,236912.92,-0.17%
1787,Entry short,SHORT,12/24/2022 4:00,"16,812.26",73.69718,-2103.32,-0.17%,3433.55,0.28%,-2345.04,-0.19%,236912.92,-0.17%
1788,Exit long,SHORT,12/24/2022 20:00,"16,821.60",73.4487,-1410.22,-0.11%,1369.08,0.11%,-2628.73,-0.21%,235502.7,-0.11%
1788,Entry long,LONG,12/24/2022 11:00,"16,840.80",73.4487,-1410.22,-0.11%,1369.08,0.11%,-2628.73,-0.21%,235502.7,-0.11%
1789,Exit short,LONG,12/25/2022 2:00,"16,842.36",73.44739,-1524.77,-0.12%,478.14,0.04%,-1905.23,-0.15%,233977.94,-0.12%
1789,Entry short,SHORT,12/24/2022 20:00,"16,821.60",73.44739,-1524.77,-0.12%,478.14,0.04%,-1905.23,-0.15%,233977.94,-0.12%
1790,Exit long,SHORT,12/25/2022 6:00,"16,826.22",73.26633,-1182.52,-0.10%,2024.35,0.16%,-2077.83,-0.17%,232795.42,-0.10%
1790,Entry long,LONG,12/25/2022 2:00,"16,842.36",73.26633,-1182.52,-0.10%,2024.35,0.16%,-2077.83,-0.17%,232795.42,-0.10%
1791,Exit short,LONG,12/25/2022 8:00,"16,843.95",73.26633,-1299.01,-0.11%,1323.92,0.11%,-2014.82,-0.16%,231496.4,-0.11%
1791,Entry short,SHORT,12/25/2022 6:00,"16,826.22",73.26633,-1299.01,-0.11%,1323.92,0.11%,-2014.82,-0.16%,231496.4,-0.11%
1792,Exit long,SHORT,12/25/2022 12:00,"16,822.27",73.11209,-1585.07,-0.13%,658.01,0.05%,-2114.4,-0.17%,229911.33,-0.13%
1792,Entry long,LONG,12/25/2022 8:00,"16,843.95",73.11209,-1585.07,-0.13%,658.01,0.05%,-2114.4,-0.17%,229911.33,-0.13%
1793,Exit short,LONG,12/25/2022 17:00,"16,832.25",73.11209,-729.66,-0.06%,1481.98,0.12%,-1515.61,-0.12%,229181.67,-0.06%
1793,Entry short,SHORT,12/25/2022 12:00,"16,822.27",73.11209,-729.66,-0.06%,1481.98,0.12%,-1515.61,-0.12%,229181.67,-0.06%
1794,Exit long,SHORT,12/25/2022 18:00,"16,825.29",73.02322,-508.24,-0.04%,139.47,0.01%,-821.51,-0.07%,228673.44,-0.04%
1794,Entry long,LONG,12/25/2022 17:00,"16,832.25",73.02322,-508.24,-0.04%,139.47,0.01%,-821.51,-0.07%,228673.44,-0.04%
1795,Exit short,LONG,12/26/2022 7:00,"16,832.11",73.02539,-498.03,-0.04%,7615.82,0.62%,-2385.74,-0.19%,228175.4,-0.04%
1795,Entry short,SHORT,12/25/2022 18:00,"16,825.29",73.02539,-498.03,-0.04%,7615.82,0.62%,-2385.74,-0.19%,228175.4,-0.04%
1796,Exit long,SHORT,12/26/2022 17:00,"16,832.98",72.96621,63.48,0.01%,6704.87,0.55%,-1029.55,-0.08%,228238.88,0.01%
1796,Entry long,LONG,12/26/2022 7:00,"16,832.11",72.96621,63.48,0.01%,6704.87,0.55%,-1029.55,-0.08%,228238.88,0.01%
1797,Exit short,LONG,12/26/2022 19:00,"16,864.64",72.96621,-2310.11,-0.19%,321.05,0.03%,-2931.05,-0.24%,225928.77,-0.19%
1797,Entry short,SHORT,12/26/2022 17:00,"16,832.98",72.96621,-2310.11,-0.19%,321.05,0.03%,-2931.05,-0.24%,225928.77,-0.19%
1798,Exit long,SHORT,12/26/2022 21:00,"16,838.13",72.69744,-1927.21,-0.16%,268.98,0.02%,-2383.75,-0.19%,224001.56,-0.16%
1798,Entry long,LONG,12/26/2022 19:00,"16,864.64",72.69744,-1927.21,-0.16%,268.98,0.02%,-2383.75,-0.19%,224001.56,-0.16%
1799,Exit short,LONG,12/27/2022 11:00,"16,876.82",72.69225,-2812.46,-0.23%,3425.99,0.28%,-9791.65,-0.80%,221189.1,-0.23%
1799,Entry short,SHORT,12/26/2022 21:00,"16,838.13",72.69225,-2812.46,-0.23%,3425.99,0.28%,-9791.65,-0.80%,221189.1,-0.23%
1800,Exit long,SHORT,12/27/2022 18:00,"16,858.94",72.36162,-1293.83,-0.11%,1460.26,0.12%,-3333.7,-0.27%,219895.27,-0.11%
1800,Entry long,LONG,12/27/2022 11:00,"16,876.82",72.36162,-1293.83,-0.11%,1460.26,0.12%,-3333.7,-0.27%,219895.27,-0.11%
1801,Exit short,LONG,12/29/2022 13:00,"16,577.21",72.35895,20385.69,1.67%,28481.21,2.33%,-265.56,-0.02%,240280.95,1.67%
1801,Entry short,SHORT,12/27/2022 18:00,"16,858.94",72.35895,20385.69,1.67%,28481.21,2.33%,-265.56,-0.02%,240280.95,1.67%
1802,Exit long,SHORT,12/29/2022 16:00,"16,530.16",74.82394,-3520.47,-0.28%,386.84,0.03%,-4464.74,-0.36%,236760.48,-0.28%
1802,Entry long,LONG,12/29/2022 13:00,"16,577.21",74.82394,-3520.47,-0.28%,386.84,0.03%,-4464.74,-0.36%,236760.48,-0.28%
1803,Exit short,LONG,12/29/2022 17:00,"16,591.59",74.81842,-4596.1,-0.37%,23.94,0.00%,-7469.87,-0.60%,232164.39,-0.37%
1803,Entry short,SHORT,12/29/2022 16:00,"16,530.16",74.81842,-4596.1,-0.37%,23.94,0.00%,-7469.87,-0.60%,232164.39,-0.37%
1804,Exit long,SHORT,12/30/2022 13:00,"16,554.39",74.26439,-2762.64,-0.22%,5407.93,0.44%,-5532.7,-0.45%,229401.77,-0.22%
1804,Entry long,LONG,12/29/2022 17:00,"16,591.59",74.26439,-2762.64,-0.22%,5407.93,0.44%,-5532.7,-0.45%,229401.77,-0.22%
1805,Exit short,LONG,12/31/2022 7:00,"16,607.48",74.26439,-3942.7,-0.32%,16441.39,1.34%,-9131.55,-0.74%,225459.06,-0.32%
1805,Entry short,SHORT,12/30/2022 13:00,"16,554.39",74.26439,-3942.7,-0.32%,16441.39,1.34%,-9131.55,-0.74%,225459.06,-0.32%
1806,Exit long,SHORT,12/31/2022 9:00,"16,568.23",73.78958,-2896.24,-0.24%,655.99,0.05%,-3329.39,-0.27%,222562.83,-0.24%
1806,Entry long,LONG,12/31/2022 7:00,"16,607.48",73.78958,-2896.24,-0.24%,655.99,0.05%,-3329.39,-0.27%,222562.83,-0.24%
1807,Exit short,LONG,12/31/2022 21:00,"16,600.89",73.78958,-2409.97,-0.20%,2747.19,0.22%,-2849.02,-0.23%,220152.86,-0.20%
1807,Entry short,SHORT,12/31/2022 9:00,"16,568.23",73.78958,-2409.97,-0.20%,2747.19,0.22%,-2849.02,-0.23%,220152.86,-0.20%
1808,Exit long,SHORT,1/1/2023 3:00,"16,570.14",73.49924,-2260.1,-0.19%,3175.17,0.26%,-2630.54,-0.22%,217892.75,-0.19%
1808,Entry long,LONG,12/31/2022 21:00,"16,600.89",73.49924,-2260.1,-0.19%,3175.17,0.26%,-2630.54,-0.22%,217892.75,-0.19%
1809,Exit short,LONG,1/1/2023 19:00,"16,556.66",73.49924,990.77,0.08%,7360.21,0.60%,-355,-0.03%,218883.53,0.08%
1809,Entry short,SHORT,1/1/2023 3:00,"16,570.14",73.49924,990.77,0.08%,7360.21,0.60%,-355,-0.03%,218883.53,0.08%
1810,Exit long,SHORT,1/3/2023 8:00,"16,695.59",73.61892,10227.88,0.84%,17857.74,1.47%,-1691.76,-0.14%,229111.4,0.84%
1810,Entry long,LONG,1/1/2023 19:00,"16,556.66",73.61892,10227.88,0.84%,17857.74,1.47%,-1691.76,-0.14%,229111.4,0.84%
1811,Exit short,LONG,1/3/2023 14:00,"16,727.58",73.61892,-2355.07,-0.19%,3251.75,0.26%,-6096.38,-0.50%,226756.33,-0.19%
1811,Entry short,SHORT,1/3/2023 8:00,"16,695.59",73.61892,-2355.07,-0.19%,3251.75,0.26%,-6096.38,-0.50%,226756.33,-0.19%
1812,Exit long,SHORT,1/3/2023 20:00,"16,710.85",73.33734,-1226.93,-0.10%,2817.62,0.23%,-2158.32,-0.18%,225529.39,-0.10%
1812,Entry long,LONG,1/3/2023 14:00,"16,727.58",73.33734,-1226.93,-0.10%,2817.62,0.23%,-2158.32,-0.18%,225529.39,-0.10%
1813,Exit short,LONG,1/4/2023 7:00,"16,675.65",73.33734,2581.47,0.21%,7742.22,0.63%,-4557.92,-0.37%,228110.88,0.21%
1813,Entry short,SHORT,1/3/2023 20:00,"16,710.85",73.33734,2581.47,0.21%,7742.22,0.63%,-4557.92,-0.37%,228110.88,0.21%
1814,Exit long,SHORT,1/5/2023 17:00,"16,807.22",73.65109,9690.27,0.79%,23289.95,1.90%,-1693.24,-0.14%,237801.14,0.79%
1814,Entry long,LONG,1/4/2023 7:00,"16,675.65",73.65109,9690.27,0.79%,23289.95,1.90%,-1693.24,-0.14%,237801.14,0.79%
1815,Exit short,LONG,1/5/2023 18:00,"16,825.36",73.64698,-1335.96,-0.11%,274.7,0.02%,-2236.66,-0.18%,236465.19,-0.11%
1815,Entry short,SHORT,1/5/2023 17:00,"16,807.22",73.64698,-1335.96,-0.11%,274.7,0.02%,-2236.66,-0.18%,236465.19,-0.11%
1816,Exit long,SHORT,1/6/2023 13:00,"16,809.74",73.49063,-1147.92,-0.09%,4002.3,0.32%,-5317.78,-0.43%,235317.27,-0.09%
1816,Entry long,LONG,1/5/2023 18:00,"16,825.36",73.49063,-1147.92,-0.09%,4002.3,0.32%,-5317.78,-0.43%,235317.27,-0.09%
1817,Exit short,LONG,1/7/2023 3:00,"16,940.41",73.48818,-9602.7,-0.78%,9607.84,0.78%,-11439.9,-0.93%,225714.56,-0.78%
1817,Entry short,SHORT,1/6/2023 13:00,"16,809.74",73.48818,-9602.7,-0.78%,9607.84,0.78%,-11439.9,-0.93%,225714.56,-0.78%
1818,Exit long,SHORT,1/7/2023 16:00,"16,929.58",72.35878,-783.65,-0.06%,7278.57,0.59%,-3921.85,-0.32%,224930.92,-0.06%
1818,Entry long,LONG,1/7/2023 3:00,"16,940.41",72.35878,-783.65,-0.06%,7278.57,0.59%,-3921.85,-0.32%,224930.92,-0.06%
1819,Exit short,LONG,1/8/2023 3:00,"16,944.05",72.35447,-1046.97,-0.09%,1561.41,0.13%,-1311.06,-0.11%,223883.95,-0.09%
1819,Entry short,SHORT,1/7/2023 16:00,"16,929.58",72.35447,-1046.97,-0.09%,1561.41,0.13%,-1311.06,-0.11%,223883.95,-0.09%
1820,Exit long,SHORT,1/8/2023 20:00,"16,924.01",72.23089,-1447.51,-0.12%,1706.09,0.14%,-2387.23,-0.20%,222436.44,-0.12%
1820,Entry long,LONG,1/8/2023 3:00,"16,944.05",72.23089,-1447.51,-0.12%,1706.09,0.14%,-2387.23,-0.20%,222436.44,-0.12%
1821,Exit short,LONG,1/8/2023 23:00,"17,000.43",72.23089,-5519.88,-0.45%,262.92,0.02%,-6918.27,-0.57%,216916.56,-0.45%
1821,Entry short,SHORT,1/8/2023 20:00,"16,924.01",72.23089,-5519.88,-0.45%,262.92,0.02%,-6918.27,-0.57%,216916.56,-0.45%
1822,Exit long,SHORT,1/10/2023 7:00,"17,179.04",71.58151,12785.17,1.05%,28515.93,2.34%,-6036.47,-0.50%,229701.73,1.05%
1822,Entry long,LONG,1/8/2023 23:00,"17,000.43",71.58151,12785.17,1.05%,28515.93,2.34%,-6036.47,-0.50%,229701.73,1.05%
1823,Exit short,LONG,1/10/2023 13:00,"17,228.66",71.58151,-3551.87,-0.29%,2340.72,0.19%,-4005.7,-0.33%,226149.86,-0.29%
1823,Entry short,SHORT,1/10/2023 7:00,"17,179.04",71.58151,-3551.87,-0.29%,2340.72,0.19%,-4005.7,-0.33%,226149.86,-0.29%
1824,Exit long,SHORT,1/11/2023 23:00,"17,331.90",71.16828,7347.41,0.60%,20022.48,1.63%,-2912.92,-0.24%,233497.27,0.60%
1824,Entry long,LONG,1/10/2023 13:00,"17,228.66",71.16828,7347.41,0.60%,20022.48,1.63%,-2912.92,-0.24%,233497.27,0.60%
1825,Exit short,LONG,1/12/2023 3:00,"17,549.62",71.16918,-15494.95,-1.26%,817.02,0.07%,-17066.37,-1.38%,218002.31,-1.26%
1825,Entry short,SHORT,1/11/2023 23:00,"17,331.90",71.16918,-15494.95,-1.26%,817.02,0.07%,-17066.37,-1.38%,218002.31,-1.26%
1826,Exit long,SHORT,1/15/2023 12:00,"20,698.14",69.39797,218500.89,17.94%,257354.05,21.13%,-2828.66,-0.23%,436503.22,17.94%
1826,Entry long,LONG,1/12/2023 3:00,"17,549.62",69.39797,218500.89,17.94%,257354.05,21.13%,-2828.66,-0.23%,436503.22,17.94%
1827,Exit short,LONG,1/15/2023 19:00,"20,722.23",69.40252,-1671.91,-0.12%,8676.01,0.60%,-6346.17,-0.44%,434831.3,-0.12%
1827,Entry short,SHORT,1/15/2023 12:00,"20,698.14",69.40252,-1671.91,-0.12%,8676.01,0.60%,-6346.17,-0.44%,434831.3,-0.12%
1828,Exit long,SHORT,1/15/2023 21:00,"20,705.79",69.24116,-1138.32,-0.08%,8451.58,0.59%,-4846.19,-0.34%,433692.97,-0.08%
1828,Entry long,LONG,1/15/2023 19:00,"20,722.23",69.24116,-1138.32,-0.08%,8451.58,0.59%,-4846.19,-0.34%,433692.97,-0.08%
1829,Exit short,LONG,1/15/2023 22:00,"20,787.87",69.24116,-5683.31,-0.40%,2429.67,0.17%,-7779.94,-0.54%,428009.66,-0.40%
1829,Entry short,SHORT,1/15/2023 21:00,"20,705.79",69.24116,-5683.31,-0.40%,2429.67,0.17%,-7779.94,-0.54%,428009.66,-0.40%
1830,Exit long,SHORT,1/16/2023 19:00,"20,816.63",68.69629,1975.71,0.14%,44770.75,3.14%,-8440.71,-0.59%,429985.38,0.14%
1830,Entry long,LONG,1/15/2023 22:00,"20,787.87",68.69629,1975.71,0.14%,44770.75,3.14%,-8440.71,-0.59%,429985.38,0.14%
1831,Exit short,LONG,1/16/2023 23:00,"20,995.37",68.69437,-12278.43,-0.86%,14092.65,0.99%,-16298.43,-1.14%,417706.94,-0.86%
1831,Entry short,SHORT,1/16/2023 19:00,"20,816.63",68.69437,-12278.43,-0.86%,14092.65,0.99%,-16298.43,-1.14%,417706.94,-0.86%
1832,Exit long,SHORT,1/19/2023 4:00,"20,731.35",67.53252,-17829.94,-1.26%,44208.81,3.12%,-39723.98,-2.80%,399877,-1.26%
1832,Entry long,LONG,1/16/2023 23:00,"20,995.37",67.53252,-17829.94,-1.26%,44208.81,3.12%,-39723.98,-2.80%,399877,-1.26%
1833,Exit short,LONG,1/19/2023 14:00,"20,829.12",67.52464,-6601.88,-0.47%,7247.42,0.52%,-9687.08,-0.69%,393275.12,-0.47%
1833,Entry short,SHORT,1/19/2023 4:00,"20,731.35",67.52464,-6601.88,-0.47%,7247.42,0.52%,-9687.08,-0.69%,393275.12,-0.47%
1834,Exit long,SHORT,1/19/2023 16:00,"20,769.06",66.89415,-4017.66,-0.29%,1318.48,0.09%,-4757.51,-0.34%,389257.47,-0.29%
1834,Entry long,LONG,1/19/2023 14:00,"20,829.12",66.89415,-4017.66,-0.29%,1318.48,0.09%,-4757.51,-0.34%,389257.47,-0.29%
1835,Exit short,LONG,1/19/2023 23:00,"20,876.44",66.89072,-7182.73,-0.52%,7241.59,0.52%,-12787.5,-0.92%,382074.72,-0.52%
1835,Entry short,SHORT,1/19/2023 16:00,"20,769.06",66.89072,-7182.73,-0.52%,7241.59,0.52%,-12787.5,-0.92%,382074.72,-0.52%
1836,Exit long,SHORT,1/20/2023 14:00,"20,943.73",66.2026,4454.77,0.32%,22718.08,1.64%,-5647.74,-0.41%,386529.5,0.32%
1836,Entry long,LONG,1/19/2023 23:00,"20,876.44",66.2026,4454.77,0.32%,22718.08,1.64%,-5647.74,-0.41%,386529.5,0.32%
1837,Exit short,LONG,1/20/2023 20:00,"21,088.82",66.2026,-9605.33,-0.69%,5458.4,0.39%,-12151.49,-0.88%,376924.16,-0.69%
1837,Entry short,SHORT,1/20/2023 14:00,"20,943.73",66.2026,-9605.33,-0.69%,5458.4,0.39%,-12151.49,-0.88%,376924.16,-0.69%
1838,Exit long,SHORT,1/24/2023 19:00,"22,917.11",65.28717,119363.88,8.67%,149049.3,10.83%,-4902.41,-0.36%,496288.06,8.67%
1838,Entry long,LONG,1/20/2023 20:00,"21,088.82",65.28717,119363.88,8.67%,149049.3,10.83%,-4902.41,-0.36%,496288.06,8.67%
1839,Exit short,LONG,1/25/2023 1:00,"22,913.49",65.2913,236.35,0.02%,13457.19,0.90%,-7717.43,-0.52%,496524.4,0.02%
1839,Entry short,SHORT,1/24/2023 19:00,"22,917.11",65.2913,236.35,0.02%,13457.19,0.90%,-7717.43,-0.52%,496524.4,0.02%
1840,Exit long,SHORT,1/25/2023 8:00,"22,651.23",65.31193,-17128.71,-1.14%,10904.48,0.73%,-29426.94,-1.97%,479395.7,-1.14%
1840,Entry long,LONG,1/25/2023 1:00,"22,913.49",65.31193,-17128.71,-1.14%,10904.48,0.73%,-29426.94,-1.97%,479395.7,-1.14%
1841,Exit short,LONG,1/25/2023 14:00,"22,713.59",65.31193,-4072.85,-0.28%,22939.51,1.55%,-5744.18,-0.39%,475322.84,-0.28%
1841,Entry short,SHORT,1/25/2023 8:00,"22,651.23",65.31193,-4072.85,-0.28%,22939.51,1.55%,-5744.18,-0.39%,475322.84,-0.28%
1842,Exit long,SHORT,1/25/2023 17:00,"22,607.26",64.95233,-6906.38,-0.47%,3793.87,0.26%,-9277.14,-0.63%,468416.47,-0.47%
1842,Entry long,LONG,1/25/2023 14:00,"22,713.59",64.95233,-6906.38,-0.47%,3793.87,0.26%,-9277.14,-0.63%,468416.47,-0.47%
1843,Exit short,LONG,1/26/2023 3:00,"22,749.97",64.95331,-9269.49,-0.63%,17684.19,1.20%,-10265.22,-0.70%,459146.97,-0.63%
1843,Entry short,SHORT,1/25/2023 17:00,"22,607.26",64.95331,-9269.49,-0.63%,17684.19,1.20%,-10265.22,-0.70%,459146.97,-0.63%
1844,Exit long,SHORT,1/27/2023 9:00,"22,647.44",64.14471,-6576.76,-0.45%,68427.01,4.69%,-13796.89,-0.95%,452570.22,-0.45%
1844,Entry long,LONG,1/26/2023 3:00,"22,749.97",64.14471,-6576.76,-0.45%,68427.01,4.69%,-13796.89,-0.95%,452570.22,-0.45%
1845,Exit short,LONG,1/27/2023 15:00,"23,072.29",64.13838,-27249.19,-1.88%,2859.93,0.20%,-29026.46,-2.00%,425321.03,-1.88%
1845,Entry short,SHORT,1/27/2023 9:00,"22,647.44",64.13838,-27249.19,-1.88%,2859.93,0.20%,-29026.46,-2.00%,425321.03,-1.88%
1846,Exit long,SHORT,1/27/2023 21:00,"22,900.53",61.77369,-10610.25,-0.74%,715.34,0.05%,-13664.96,-0.96%,414710.78,-0.74%
1846,Entry long,LONG,1/27/2023 15:00,"23,072.29",61.77369,-10610.25,-0.74%,715.34,0.05%,-13664.96,-0.96%,414710.78,-0.74%
1847,Exit short,LONG,1/28/2023 0:00,"23,130.75",61.77633,-14222.15,-1.01%,3665.81,0.26%,-15287.79,-1.08%,400488.62,-1.01%
1847,Entry short,SHORT,1/27/2023 21:00,"22,900.53",61.77633,-14222.15,-1.01%,3665.81,0.26%,-15287.79,-1.08%,400488.62,-1.01%
1848,Exit long,SHORT,1/28/2023 13:00,"23,066.94",60.55206,-3863.83,-0.28%,22358.85,1.60%,-10864.25,-0.78%,396624.8,-0.28%
1848,Entry long,LONG,1/28/2023 0:00,"23,130.75",60.55206,-3863.83,-0.28%,22358.85,1.60%,-10864.25,-0.78%,396624.8,-0.28%
1849,Exit short,LONG,1/29/2023 1:00,"23,018.96",60.5466,2905.03,0.21%,11411.82,0.82%,-851.29,-0.06%,399529.84,0.21%
1849,Entry short,SHORT,1/28/2023 13:00,"23,066.94",60.5466,2905.03,0.21%,11411.82,0.82%,-851.29,-0.06%,399529.84,0.21%
1850,Exit long,SHORT,1/30/2023 17:00,"23,191.20",60.799,10472.02,0.75%,57247.12,4.09%,-4679.09,-0.33%,410001.84,0.75%
1850,Entry long,LONG,1/29/2023 1:00,"23,018.96",60.799,10472.02,0.75%,57247.12,4.09%,-4679.09,-0.33%,410001.84,0.75%
1851,Exit short,LONG,1/31/2023 15:00,"22,978.24",60.799,12947.76,0.92%,42024.27,2.98%,-6963.31,-0.49%,422949.6,0.92%
1851,Entry short,SHORT,1/30/2023 17:00,"23,191.20",60.799,12947.76,0.92%,42024.27,2.98%,-6963.31,-0.49%,422949.6,0.92%
1852,Exit long,SHORT,1/31/2023 18:00,"22,828.15",61.92596,-9294.47,-0.65%,1151.82,0.08%,-10108.79,-0.71%,413655.16,-0.65%
1852,Entry long,LONG,1/31/2023 15:00,"22,978.24",61.92596,-9294.47,-0.65%,1151.82,0.08%,-10108.79,-0.71%,413655.16,-0.65%
1853,Exit short,LONG,1/31/2023 20:00,"22,895.82",61.92596,-4190.53,-0.30%,1122.1,0.08%,-5934.98,-0.42%,409464.62,-0.30%
1853,Entry short,SHORT,1/31/2023 18:00,"22,828.15",61.92596,-4190.53,-0.30%,1122.1,0.08%,-5934.98,-0.42%,409464.62,-0.30%
1854,Exit long,SHORT,2/1/2023 10:00,"23,107.17",61.56352,13011.45,0.92%,26114.01,1.85%,-5117.78,-0.36%,422476.06,0.92%
1854,Entry long,LONG,1/31/2023 20:00,"22,895.82",61.56352,13011.45,0.92%,26114.01,1.85%,-5117.78,-0.36%,422476.06,0.92%
1855,Exit short,LONG,2/1/2023 11:00,"23,130.70",61.55994,-1448.51,-0.10%,4253.79,0.30%,-1687.97,-0.12%,421027.56,-0.10%
1855,Entry short,SHORT,2/1/2023 10:00,"23,107.17",61.55994,-1448.51,-0.10%,4253.79,0.30%,-1687.97,-0.12%,421027.56,-0.10%
1856,Exit long,SHORT,2/1/2023 15:00,"23,076.67",61.4374,-3319.46,-0.23%,2254.14,0.16%,-6981.13,-0.49%,417708.1,-0.23%
1856,Entry long,LONG,2/1/2023 11:00,"23,130.70",61.4374,-3319.46,-0.23%,2254.14,0.16%,-6981.13,-0.49%,417708.1,-0.23%
1857,Exit short,LONG,2/1/2023 22:00,"23,101.00",61.43469,-1494.71,-0.11%,9666.13,0.68%,-4188.62,-0.30%,416213.38,-0.11%
1857,Entry short,SHORT,2/1/2023 15:00,"23,076.67",61.43469,-1494.71,-0.11%,9666.13,0.68%,-4188.62,-0.30%,416213.38,-0.11%
1858,Exit long,SHORT,2/2/2023 1:00,"22,993.32",61.30528,-6601.35,-0.47%,660.87,0.05%,-11206.6,-0.79%,409612.03,-0.47%
1858,Entry long,LONG,2/1/2023 22:00,"23,101.00",61.30528,-6601.35,-0.47%,660.87,0.05%,-11206.6,-0.79%,409612.03,-0.47%
1859,Exit short,LONG,2/2/2023 2:00,"23,075.53",61.30528,-5039.91,-0.36%,3056.07,0.22%,-8256.59,-0.59%,404572.12,-0.36%
1859,Entry short,SHORT,2/2/2023 1:00,"22,993.32",61.30528,-5039.91,-0.36%,3056.07,0.22%,-8256.59,-0.59%,404572.12,-0.36%
1860,Exit long,SHORT,2/2/2023 22:00,"23,609.11",60.8593,32473.31,2.31%,71781.72,5.11%,-19188.94,-1.37%,437045.44,2.31%
1860,Entry long,LONG,2/2/2023 2:00,"23,075.53",60.8593,32473.31,2.31%,71781.72,5.11%,-19188.94,-1.37%,437045.44,2.31%
1861,Exit short,LONG,2/3/2023 2:00,"24,055.71",60.86825,-27183.76,-1.89%,3549.23,0.25%,-32595.56,-2.27%,409861.7,-1.89%
1861,Entry short,SHORT,2/2/2023 22:00,"23,609.11",60.86825,-27183.76,-1.89%,3549.23,0.25%,-32595.56,-2.27%,409861.7,-1.89%
1862,Exit long,SHORT,2/3/2023 7:00,"23,489.33",58.614,-33197.8,-2.35%,896.21,0.06%,-40586.68,-2.88%,376663.88,-2.35%
1862,Entry long,LONG,2/3/2023 2:00,"24,055.71",58.614,-33197.8,-2.35%,896.21,0.06%,-40586.68,-2.88%,376663.88,-2.35%
1863,Exit short,LONG,2/3/2023 13:00,"23,523.57",58.60805,-2006.74,-0.15%,4563.22,0.33%,-5906.52,-0.43%,374657.12,-0.15%
1863,Entry short,SHORT,2/3/2023 7:00,"23,489.33",58.60805,-2006.74,-0.15%,4563.22,0.33%,-5906.52,-0.43%,374657.12,-0.15%
1864,Exit long,SHORT,2/3/2023 14:00,"23,512.71",58.43738,-634.63,-0.05%,1684.75,0.12%,-1032.59,-0.08%,374022.5,-0.05%
1864,Entry long,LONG,2/3/2023 13:00,"23,523.57",58.43738,-634.63,-0.05%,1684.75,0.12%,-1032.59,-0.08%,374022.5,-0.05%
1865,Exit short,LONG,2/3/2023 22:00,"23,518.42",58.43743,-333.68,-0.02%,16686.81,1.21%,-4965.43,-0.36%,373688.84,-0.02%
1865,Entry short,SHORT,2/3/2023 14:00,"23,512.71",58.43743,-333.68,-0.02%,16686.81,1.21%,-4965.43,-0.36%,373688.84,-0.02%
1866,Exit long,SHORT,2/4/2023 2:00,"23,417.75",58.40955,-5880.09,-0.43%,11523.04,0.84%,-8902.78,-0.65%,367808.75,-0.43%
1866,Entry long,LONG,2/3/2023 22:00,"23,518.42",58.40955,-5880.09,-0.43%,11523.04,0.84%,-8902.78,-0.65%,367808.75,-0.43%
1867,Exit short,LONG,2/4/2023 20:00,"23,412.84",58.40905,286.79,0.02%,12448.72,0.91%,-3168.69,-0.23%,368095.53,0.02%
1867,Entry short,SHORT,2/4/2023 2:00,"23,417.75",58.40905,286.79,0.02%,12448.72,0.91%,-3168.69,-0.23%,368095.53,0.02%
1868,Exit long,SHORT,2/5/2023 7:00,"23,327.66",58.43355,-4977.37,-0.36%,10222.37,0.75%,-8953.19,-0.65%,363118.16,-0.36%
1868,Entry long,LONG,2/4/2023 20:00,"23,412.84",58.43355,-4977.37,-0.36%,10222.37,0.75%,-8953.19,-0.65%,363118.16,-0.36%
1869,Exit short,LONG,2/5/2023 14:00,"23,392.35",58.43355,-3780.07,-0.28%,5706.62,0.42%,-6174.67,-0.45%,359338.1,-0.28%
1869,Entry short,SHORT,2/5/2023 7:00,"23,327.66",58.43355,-3780.07,-0.28%,5706.62,0.42%,-6174.67,-0.45%,359338.1,-0.28%
1870,Exit long,SHORT,2/5/2023 20:00,"23,170.56",58.10812,-12887.8,-0.95%,1591.58,0.12%,-22798.14,-1.68%,346450.28,-0.95%
1870,Entry long,LONG,2/5/2023 14:00,"23,392.35",58.10812,-12887.8,-0.95%,1591.58,0.12%,-22798.14,-1.68%,346450.28,-0.95%
1871,Exit short,LONG,2/6/2023 23:00,"23,042.86",58.11039,7420.7,0.55%,31520.82,2.34%,-2773.03,-0.21%,353871,0.55%
1871,Entry short,SHORT,2/5/2023 20:00,"23,170.56",58.11039,7420.7,0.55%,31520.82,2.34%,-2773.03,-0.21%,353871,0.55%
1872,Exit long,SHORT,2/7/2023 7:00,"22,762.52",58.76192,-16473.32,-1.22%,6780.54,0.50%,-23790.35,-1.76%,337397.66,-1.22%
1872,Entry long,LONG,2/6/2023 23:00,"23,042.86",58.76192,-16473.32,-1.22%,6780.54,0.50%,-23790.35,-1.76%,337397.66,-1.22%
1873,Exit short,LONG,2/7/2023 13:00,"22,935.92",58.75437,-10188.01,-0.76%,983.55,0.07%,-10999.99,-0.82%,327209.66,-0.76%
1873,Entry short,SHORT,2/7/2023 7:00,"22,762.52",58.75437,-10188.01,-0.76%,983.55,0.07%,-10999.99,-0.82%,327209.66,-0.76%
1874,Exit long,SHORT,2/7/2023 23:00,"22,904.89",57.86192,-1795.46,-0.14%,7443.36,0.56%,-4227.97,-0.32%,325414.22,-0.14%
1874,Entry long,LONG,2/7/2023 13:00,"22,935.92",57.86192,-1795.46,-0.14%,7443.36,0.56%,-4227.97,-0.32%,325414.22,-0.14%
1875,Exit short,LONG,2/8/2023 1:00,"23,282.92",57.86599,-21875.08,-1.65%,2005.64,0.15%,-25004.47,-1.89%,303539.12,-1.65%
1875,Entry short,SHORT,2/7/2023 23:00,"22,904.89",57.86599,-21875.08,-1.65%,2005.64,0.15%,-25004.47,-1.89%,303539.12,-1.65%
1876,Exit long,SHORT,2/8/2023 18:00,"23,160.16",55.98692,-6872.95,-0.53%,9466.27,0.73%,-28770,-2.21%,296666.2,-0.53%
1876,Entry long,LONG,2/8/2023 1:00,"23,282.92",55.98692,-6872.95,-0.53%,9466.27,0.73%,-28770,-2.21%,296666.2,-0.53%
1877,Exit short,LONG,2/9/2023 20:00,"22,706.09",55.98692,25421.98,1.96%,45150.65,3.48%,-2207,-0.17%,322088.16,1.96%
1877,Entry short,SHORT,2/8/2023 18:00,"23,160.16",55.98692,25421.98,1.96%,45150.65,3.48%,-2207,-0.17%,322088.16,1.96%
1878,Exit long,SHORT,2/9/2023 23:00,"22,610.94",58.22911,-5540.5,-0.42%,7297.27,0.55%,-8720.97,-0.66%,316547.66,-0.42%
1878,Entry long,LONG,2/9/2023 20:00,"22,706.09",58.22911,-5540.5,-0.42%,7297.27,0.55%,-8720.97,-0.66%,316547.66,-0.42%
1879,Exit short,LONG,2/11/2023 11:00,"21,678.56",58.22613,54288.88,4.12%,67538.82,5.13%,-726.08,-0.06%,370836.53,4.12%
1879,Entry short,SHORT,2/9/2023 23:00,"22,610.94",58.22613,54288.88,4.12%,67538.82,5.13%,-726.08,-0.06%,370836.53,4.12%
1880,Exit long,SHORT,2/13/2023 9:00,"21,709.10",63.23466,1931.19,0.14%,26017.27,1.90%,-3814.95,-0.28%,372767.72,0.14%
1880,Entry long,LONG,2/11/2023 11:00,"21,678.56",63.23466,1931.19,0.14%,26017.27,1.90%,-3814.95,-0.28%,372767.72,0.14%
1881,Exit short,LONG,2/13/2023 11:00,"21,808.60",63.23466,-6291.85,-0.46%,5478.02,0.40%,-7012.72,-0.51%,366475.88,-0.46%
1881,Entry short,SHORT,2/13/2023 9:00,"21,709.10",63.23466,-6291.85,-0.46%,5478.02,0.40%,-7012.72,-0.51%,366475.88,-0.46%
1882,Exit long,SHORT,2/13/2023 18:00,"21,594.16",62.65766,-13436.31,-0.98%,5413,0.40%,-23534.22,-1.72%,353039.56,-0.98%
1882,Entry long,LONG,2/13/2023 11:00,"21,808.60",62.65766,-13436.31,-0.98%,5413,0.40%,-23534.22,-1.72%,353039.56,-0.98%
1883,Exit short,LONG,2/14/2023 7:00,"21,774.63",62.65766,-11307.83,-0.84%,15231.45,1.13%,-15766.55,-1.17%,341731.75,-0.84%
1883,Entry short,SHORT,2/13/2023 18:00,"21,594.16",62.65766,-11307.83,-0.84%,15231.45,1.13%,-15766.55,-1.17%,341731.75,-0.84%
1884,Exit long,SHORT,2/14/2023 12:00,"21,704.95",61.6228,-4293.88,-0.32%,2587.54,0.19%,-5987.27,-0.45%,337437.84,-0.32%
1884,Entry long,LONG,2/14/2023 7:00,"21,774.63",61.6228,-4293.88,-0.32%,2587.54,0.19%,-5987.27,-0.45%,337437.84,-0.32%
1885,Exit short,LONG,2/14/2023 14:00,"21,744.01",61.61902,-2406.84,-0.18%,436.88,0.03%,-3883.85,-0.29%,335031.03,-0.18%
1885,Entry short,SHORT,2/14/2023 12:00,"21,704.95",61.61902,-2406.84,-0.18%,436.88,0.03%,-3883.85,-0.29%,335031.03,-0.18%
1886,Exit long,SHORT,2/15/2023 16:00,"22,094.62",61.39758,21526.61,1.61%,35307.91,2.64%,-12969.62,-0.97%,356557.62,1.61%
1886,Entry long,LONG,2/14/2023 14:00,"21,744.01",61.39758,21526.61,1.61%,35307.91,2.64%,-12969.62,-0.97%,356557.62,1.61%
1887,Exit short,LONG,2/15/2023 18:00,"22,234.74",61.39764,-8603.04,-0.63%,297.16,0.02%,-10025.62,-0.74%,347954.6,-0.63%
1887,Entry short,SHORT,2/15/2023 16:00,"22,094.62",61.39764,-8603.04,-0.63%,297.16,0.02%,-10025.62,-0.74%,347954.6,-0.63%
1888,Exit long,SHORT,2/17/2023 5:00,"24,538.38",60.62259,139652.62,10.36%,182792.88,13.56%,-723.23,-0.05%,487607.22,10.36%
1888,Entry long,LONG,2/15/2023 18:00,"22,234.74",60.62259,139652.62,10.36%,182792.88,13.56%,-723.23,-0.05%,487607.22,10.36%
1889,Exit short,LONG,2/17/2023 23:00,"24,130.50",60.62369,24727.19,1.66%,72688.41,4.89%,-853.58,-0.06%,512334.4,1.66%
1889,Entry short,SHORT,2/17/2023 5:00,"24,538.38",60.62369,24727.19,1.66%,72688.41,4.89%,-853.58,-0.06%,512334.4,1.66%
1890,Exit long,SHORT,2/19/2023 16:00,"24,569.69",62.67314,27525.42,1.82%,55817.32,3.69%,-13339.98,-0.88%,539859.8,1.82%
1890,Entry long,LONG,2/17/2023 23:00,"24,130.50",62.67314,27525.42,1.82%,55817.32,3.69%,-13339.98,-0.88%,539859.8,1.82%
1891,Exit short,LONG,2/19/2023 21:00,"24,670.72",62.67314,-6331.87,-0.41%,204.94,0.01%,-9044.36,-0.59%,533527.94,-0.41%
1891,Entry short,SHORT,2/19/2023 16:00,"24,569.69",62.67314,-6331.87,-0.41%,204.94,0.01%,-9044.36,-0.59%,533527.94,-0.41%
1892,Exit long,SHORT,2/20/2023 9:00,"24,236.97",62.16353,-26963.43,-1.76%,32404.61,2.11%,-51588.89,-3.36%,506564.53,-1.76%
1892,Entry long,LONG,2/19/2023 21:00,"24,670.72",62.16353,-26963.43,-1.76%,32404.61,2.11%,-51588.89,-3.36%,506564.53,-1.76%
1893,Exit short,LONG,2/20/2023 10:00,"24,344.03",62.15977,-6654.82,-0.44%,5151.18,0.34%,-9201.51,-0.61%,499909.7,-0.44%
1893,Entry short,SHORT,2/20/2023 9:00,"24,236.97",62.15977,-6654.82,-0.44%,5151.18,0.34%,-9201.51,-0.61%,499909.7,-0.44%
1894,Exit long,SHORT,2/21/2023 19:00,"24,572.83",61.61303,14097.06,0.94%,55819.56,3.72%,-1702.37,-0.11%,514006.75,0.94%
1894,Entry long,LONG,2/20/2023 10:00,"24,344.03",61.61303,14097.06,0.94%,55819.56,3.72%,-1702.37,-0.11%,514006.75,0.94%
1895,Exit short,LONG,2/22/2023 21:00,"24,110.80",61.61303,28467.07,1.88%,44193.79,2.92%,-13380.5,-0.88%,542473.8,1.88%
1895,Entry short,SHORT,2/21/2023 19:00,"24,572.83",61.61303,28467.07,1.88%,44193.79,2.92%,-13380.5,-0.88%,542473.8,1.88%
1896,Exit long,SHORT,2/22/2023 22:00,"23,939.75",63.98007,-10943.79,-0.71%,493.29,0.03%,-12442.84,-0.81%,531530.06,-0.71%
1896,Entry long,LONG,2/22/2023 21:00,"24,110.80",63.98007,-10943.79,-0.71%,493.29,0.03%,-12442.84,-0.81%,531530.06,-0.71%
1897,Exit short,LONG,2/23/2023 9:00,"24,189.43",63.97435,-15973.11,-1.04%,23354.48,1.52%,-19595.98,-1.28%,515556.9,-1.04%
1897,Entry short,SHORT,2/22/2023 22:00,"23,939.75",63.97435,-15973.11,-1.04%,23354.48,1.52%,-19595.98,-1.28%,515556.9,-1.04%
1898,Exit long,SHORT,2/23/2023 18:00,"24,255.93",62.65368,4166.47,0.27%,25698.03,1.70%,-1482.39,-0.10%,519723.38,0.27%
1898,Entry long,LONG,2/23/2023 9:00,"24,189.43",62.65368,4166.47,0.27%,25698.03,1.70%,-1482.39,-0.10%,519723.38,0.27%
1899,Exit short,LONG,2/26/2023 1:00,"23,042.05",62.65368,76054.05,5.00%,88638.66,5.83%,-794.45,-0.05%,595777.44,5.00%
1899,Entry short,SHORT,2/23/2023 18:00,"24,255.93",62.65368,76054.05,5.00%,88638.66,5.83%,-794.45,-0.05%,595777.44,5.00%
1900,Exit long,SHORT,2/26/2023 2:00,"22,979.30",69.25232,-4345.58,-0.27%,641.28,0.04%,-5037.41,-0.32%,591431.9,-0.27%
1900,Entry long,LONG,2/26/2023 1:00,"23,042.05",69.25232,-4345.58,-0.27%,641.28,0.04%,-5037.41,-0.32%,591431.9,-0.27%
1901,Exit short,LONG,2/26/2023 7:00,"23,157.07",69.25501,-12311.46,-0.77%,17819.31,1.12%,-14314.32,-0.90%,579120.4,-0.77%
1901,Entry short,SHORT,2/26/2023 2:00,"22,979.30",69.25501,-12311.46,-0.77%,17819.31,1.12%,-14314.32,-0.90%,579120.4,-0.77%
1902,Exit long,SHORT,2/27/2023 14:00,"23,405.82",68.19171,16962.69,1.07%,36340.73,2.30%,-6675.29,-0.42%,596083.06,1.07%
1902,Entry long,LONG,2/26/2023 7:00,"23,157.07",68.19171,16962.69,1.07%,36340.73,2.30%,-6675.29,-0.42%,596083.06,1.07%
1903,Exit short,LONG,2/27/2023 22:00,"23,803.46",68.19171,-27115.75,-1.70%,4989.59,0.31%,-31127.47,-1.95%,568967.3,-1.70%
1903,Entry short,SHORT,2/27/2023 14:00,"23,405.82",68.19171,-27115.75,-1.70%,4989.59,0.31%,-31127.47,-1.95%,568967.3,-1.70%
1904,Exit long,SHORT,2/28/2023 2:00,"23,288.55",65.91341,-33939.47,-2.16%,6230.79,0.40%,-43071.78,-2.75%,535027.9,-2.16%
1904,Entry long,LONG,2/27/2023 22:00,"23,803.46",65.91341,-33939.47,-2.16%,6230.79,0.40%,-43071.78,-2.75%,535027.9,-2.16%
1905,Exit short,LONG,2/28/2023 7:00,"23,492.09",65.91341,-13416.02,-0.87%,11981.74,0.78%,-19406.88,-1.26%,521611.84,-0.87%
1905,Entry short,SHORT,2/28/2023 2:00,"23,288.55",65.91341,-13416.02,-0.87%,11981.74,0.78%,-19406.88,-1.26%,521611.84,-0.87%
1906,Exit long,SHORT,2/28/2023 14:00,"23,391.69",64.77124,-6503.03,-0.43%,3750.26,0.25%,-9231.2,-0.61%,515108.8,-0.43%
1906,Entry long,LONG,2/28/2023 7:00,"23,492.09",64.77124,-6503.03,-0.43%,3750.26,0.25%,-9231.2,-0.61%,515108.8,-0.43%
1907,Exit short,LONG,2/28/2023 21:00,"23,403.17",64.77124,-743.57,-0.05%,12416,0.82%,-7411.13,-0.49%,514365.22,-0.05%
1907,Entry short,SHORT,2/28/2023 14:00,"23,391.69",64.77124,-743.57,-0.05%,12416,0.82%,-7411.13,-0.49%,514365.22,-0.05%
1908,Exit long,SHORT,3/1/2023 5:00,"23,138.89",64.70769,-17100.95,-1.13%,12736.42,0.84%,-24731.28,-1.63%,497264.28,-1.13%
1908,Entry long,LONG,2/28/2023 21:00,"23,403.17",64.70769,-17100.95,-1.13%,12736.42,0.84%,-24731.28,-1.63%,497264.28,-1.13%
1909,Exit short,LONG,3/1/2023 12:00,"23,794.48",64.70769,-42421.71,-2.83%,7691.16,0.51%,-45820.16,-3.06%,454842.56,-2.83%
1909,Entry short,SHORT,3/1/2023 5:00,"23,138.89",64.70769,-42421.71,-2.83%,7691.16,0.51%,-45820.16,-3.06%,454842.56,-2.83%
1910,Exit long,SHORT,3/2/2023 3:00,"23,354.03",61.14201,-26930,-1.85%,12565.91,0.86%,-28511.74,-1.96%,427912.56,-1.85%
1910,Entry long,LONG,3/1/2023 12:00,"23,794.48",61.14201,-26930,-1.85%,12565.91,0.86%,-28511.74,-1.96%,427912.56,-1.85%
1911,Exit short,LONG,3/2/2023 7:00,"23,629.76",61.14202,-16858.69,-1.18%,3303.5,0.23%,-19600.3,-1.37%,411053.88,-1.18%
1911,Entry short,SHORT,3/2/2023 3:00,"23,354.03",61.14202,-16858.69,-1.18%,3303.5,0.23%,-19600.3,-1.37%,411053.88,-1.18%
1912,Exit long,SHORT,3/2/2023 10:00,"23,494.47",59.71915,-8079.4,-0.57%,9983.25,0.71%,-10996.09,-0.78%,402974.47,-0.57%
1912,Entry long,LONG,3/2/2023 7:00,"23,629.76",59.71915,-8079.4,-0.57%,9983.25,0.71%,-10996.09,-0.78%,402974.47,-0.57%
1913,Exit short,LONG,3/3/2023 5:00,"23,409.47",59.71509,5075.78,0.36%,17829.13,1.27%,-4362.19,-0.31%,408050.25,0.36%
1913,Entry short,SHORT,3/2/2023 10:00,"23,494.47",59.71509,5075.78,0.36%,17829.13,1.27%,-4362.19,-0.31%,408050.25,0.36%
1914,Exit long,SHORT,3/3/2023 9:00,"22,150.31",60.15294,-75742.18,-5.38%,8874.97,0.63%,-86520.38,-6.14%,332308.1,-5.38%
1914,Entry long,LONG,3/3/2023 5:00,"23,409.47",60.15294,-75742.18,-5.38%,8874.97,0.63%,-86520.38,-6.14%,332308.1,-5.38%
1915,Exit short,LONG,3/3/2023 22:00,"22,377.34",60.1485,-13655.51,-1.02%,3075.39,0.23%,-20972.58,-1.57%,318652.56,-1.02%
1915,Entry short,SHORT,3/3/2023 9:00,"22,150.31",60.1485,-13655.51,-1.02%,3075.39,0.23%,-20972.58,-1.57%,318652.56,-1.02%
1916,Exit long,SHORT,3/3/2023 23:00,"22,335.84",58.93516,-2445.81,-0.19%,2365.66,0.18%,-8743.03,-0.66%,316206.75,-0.19%
1916,Entry long,LONG,3/3/2023 22:00,"22,377.34",58.93516,-2445.81,-0.19%,2365.66,0.18%,-8743.03,-0.66%,316206.75,-0.19%
1917,Exit short,LONG,3/4/2023 0:00,"22,375.36",58.92801,-2328.83,-0.18%,815.56,0.06%,-2728.37,-0.21%,313877.94,-0.18%
1917,Entry short,SHORT,3/3/2023 23:00,"22,335.84",58.92801,-2328.83,-0.18%,815.56,0.06%,-2728.37,-0.21%,313877.94,-0.18%
1918,Exit long,SHORT,3/4/2023 5:00,"22,239.92",58.72621,-7953.88,-0.61%,4280.55,0.33%,-13410.72,-1.02%,305924.06,-0.61%
1918,Entry long,LONG,3/4/2023 0:00,"22,375.36",58.72621,-7953.88,-0.61%,4280.55,0.33%,-13410.72,-1.02%,305924.06,-0.61%
1919,Exit short,LONG,3/4/2023 7:00,"22,354.34",58.71981,-6718.72,-0.51%,894.89,0.07%,-8064.58,-0.62%,299205.3,-0.51%
1919,Entry short,SHORT,3/4/2023 5:00,"22,239.92",58.71981,-6718.72,-0.51%,894.89,0.07%,-8064.58,-0.62%,299205.3,-0.51%
1920,Exit long,SHORT,3/4/2023 18:00,"22,332.84",58.1187,-1249.55,-0.10%,3234.89,0.25%,-4905.22,-0.38%,297955.78,-0.10%
1920,Entry long,LONG,3/4/2023 7:00,"22,354.34",58.1187,-1249.55,-0.10%,3234.89,0.25%,-4905.22,-0.38%,297955.78,-0.10%
1921,Exit short,LONG,3/4/2023 20:00,"22,385.31",58.1187,-3049.49,-0.23%,55.21,0.00%,-3787.01,-0.29%,294906.28,-0.23%
1921,Entry short,SHORT,3/4/2023 18:00,"22,332.84",58.1187,-3049.49,-0.23%,55.21,0.00%,-3787.01,-0.29%,294906.28,-0.23%
1922,Exit long,SHORT,3/4/2023 21:00,"22,355.80",57.84625,-1707.04,-0.13%,168.33,0.01%,-1731.92,-0.13%,293199.25,-0.13%
1922,Entry long,LONG,3/4/2023 20:00,"22,385.31",57.84625,-1707.04,-0.13%,168.33,0.01%,-1731.92,-0.13%,293199.25,-0.13%
1923,Exit short,LONG,3/5/2023 9:00,"22,591.14",57.84625,-13613.54,-1.05%,11495.21,0.89%,-17717.73,-1.37%,279585.72,-1.05%
1923,Entry short,SHORT,3/4/2023 21:00,"22,355.80",57.84625,-13613.54,-1.05%,11495.21,0.89%,-17717.73,-1.37%,279585.72,-1.05%
1924,Exit long,SHORT,3/6/2023 3:00,"22,403.45",56.6383,-10630.44,-0.83%,1229.05,0.10%,-22764.07,-1.78%,268955.25,-0.83%
1924,Entry long,LONG,3/5/2023 9:00,"22,591.14",56.6383,-10630.44,-0.83%,1229.05,0.10%,-22764.07,-1.78%,268955.25,-0.83%
1925,Exit short,LONG,3/6/2023 8:00,"22,446.48",56.64106,-2437.26,-0.19%,4103.65,0.32%,-8867.16,-0.70%,266518,-0.19%
1925,Entry short,SHORT,3/6/2023 3:00,"22,403.45",56.64106,-2437.26,-0.19%,4103.65,0.32%,-8867.16,-0.70%,266518,-0.19%
1926,Exit long,SHORT,3/6/2023 12:00,"22,342.63",56.4239,-5859.62,-0.46%,3471.2,0.27%,-10634.78,-0.84%,260658.38,-0.46%
1926,Entry long,LONG,3/6/2023 8:00,"22,446.48",56.4239,-5859.62,-0.46%,3471.2,0.27%,-10634.78,-0.84%,260658.38,-0.46%
1927,Exit short,LONG,3/6/2023 14:00,"22,406.59",56.4239,-3608.87,-0.29%,1618.8,0.13%,-5268.3,-0.42%,257049.5,-0.29%
1927,Entry short,SHORT,3/6/2023 12:00,"22,342.63",56.4239,-3608.87,-0.29%,1618.8,0.13%,-5268.3,-0.42%,257049.5,-0.29%
1928,Exit long,SHORT,3/7/2023 5:00,"22,408.53",56.10509,108.84,0.01%,10974.16,0.87%,-4857.58,-0.39%,257158.34,0.01%
1928,Entry long,LONG,3/6/2023 14:00,"22,406.59",56.10509,108.84,0.01%,10974.16,0.87%,-4857.58,-0.39%,257158.34,0.01%
1929,Exit short,LONG,3/7/2023 10:00,"22,497.87",56.10177,-5012.13,-0.40%,1730.18,0.14%,-5692.09,-0.45%,252146.22,-0.40%
1929,Entry short,SHORT,3/7/2023 5:00,"22,408.53",56.10177,-5012.13,-0.40%,1730.18,0.14%,-5692.09,-0.45%,252146.22,-0.40%
1930,Exit long,SHORT,3/7/2023 15:00,"22,420.29",55.65626,-4317.81,-0.34%,3341.6,0.27%,-4996.82,-0.40%,247828.4,-0.34%
1930,Entry long,LONG,3/7/2023 10:00,"22,497.87",55.65626,-4317.81,-0.34%,3341.6,0.27%,-4996.82,-0.40%,247828.4,-0.34%
1931,Exit short,LONG,3/11/2023 7:00,"20,150.69",55.65621,126317.34,10.12%,159800.11,12.81%,-3873.12,-0.31%,374145.75,10.12%
1931,Entry short,SHORT,3/7/2023 15:00,"22,420.29",55.65621,126317.34,10.12%,159800.11,12.81%,-3873.12,-0.31%,374145.75,10.12%
1932,Exit long,SHORT,3/11/2023 16:00,"20,071.82",68.19348,-5378.42,-0.39%,36539.43,2.66%,-26299.5,-1.91%,368767.3,-0.39%
1932,Entry long,LONG,3/11/2023 7:00,"20,150.69",68.19348,-5378.42,-0.39%,36539.43,2.66%,-26299.5,-1.91%,368767.3,-0.39%
1933,Exit short,LONG,3/12/2023 1:00,"20,245.48",68.19348,-11842.48,-0.87%,7937.04,0.58%,-17704.39,-1.29%,356924.84,-0.87%
1933,Entry short,SHORT,3/11/2023 16:00,"20,071.82",68.19348,-11842.48,-0.87%,7937.04,0.58%,-17704.39,-1.29%,356924.84,-0.87%
1934,Exit long,SHORT,3/12/2023 15:00,"20,346.71",67.01397,6783.82,0.50%,19060.78,1.40%,-6732.89,-0.50%,363708.66,0.50%
1934,Entry long,LONG,3/12/2023 1:00,"20,245.48",67.01397,6783.82,0.50%,19060.78,1.40%,-6732.89,-0.50%,363708.66,0.50%
1935,Exit short,LONG,3/12/2023 17:00,"20,382.73",67.02354,-2414.19,-0.18%,865.27,0.06%,-5753.97,-0.42%,361294.47,-0.18%
1935,Entry short,SHORT,3/12/2023 15:00,"20,346.71",67.02354,-2414.19,-0.18%,865.27,0.06%,-5753.97,-0.42%,361294.47,-0.18%
1936,Exit long,SHORT,3/12/2023 23:00,"20,359.59",66.79027,-1545.53,-0.11%,7654.83,0.56%,-6568.16,-0.48%,359748.94,-0.11%
1936,Entry long,LONG,3/12/2023 17:00,"20,382.73",66.79027,-1545.53,-0.11%,7654.83,0.56%,-6568.16,-0.48%,359748.94,-0.11%
1937,Exit short,LONG,3/13/2023 1:00,"20,786.52",66.78665,-28513.22,-2.10%,1184.8,0.09%,-33261.75,-2.45%,331235.72,-2.10%
1937,Entry short,SHORT,3/12/2023 23:00,"20,359.59",66.78665,-28513.22,-2.10%,1184.8,0.09%,-33261.75,-2.45%,331235.72,-2.10%
1938,Exit long,SHORT,3/15/2023 6:00,"24,698.39",64.04951,250553.36,18.82%,358699.7,26.94%,-6053.32,-0.45%,581789.06,18.82%
1938,Entry long,LONG,3/13/2023 1:00,"20,786.52",64.04951,250553.36,18.82%,358699.7,26.94%,-6053.32,-0.45%,581789.06,18.82%
1939,Exit short,LONG,3/15/2023 9:00,"24,906.00",64.04421,-13296.22,-0.84%,26500.85,1.68%,-24071.02,-1.52%,568492.9,-0.84%
1939,Entry short,SHORT,3/15/2023 6:00,"24,698.39",64.04421,-13296.22,-0.84%,26500.85,1.68%,-24071.02,-1.52%,568492.9,-0.84%
1940,Exit long,SHORT,3/15/2023 18:00,"24,539.68",62.97645,-23069.53,-1.47%,4107.32,0.26%,-32758.46,-2.09%,545423.3,-1.47%
1940,Entry long,LONG,3/15/2023 9:00,"24,906.00",62.97645,-23069.53,-1.47%,4107.32,0.26%,-32758.46,-2.09%,545423.3,-1.47%
1941,Exit short,LONG,3/15/2023 20:00,"24,808.12",62.9765,-16905.41,-1.09%,17928.15,1.16%,-41393.82,-2.68%,528517.94,-1.09%
1941,Entry short,SHORT,3/15/2023 18:00,"24,539.68",62.9765,-16905.41,-1.09%,17928.15,1.16%,-41393.82,-2.68%,528517.94,-1.09%
1942,Exit long,SHORT,3/15/2023 23:00,"24,471.01",61.61361,-20770.56,-1.36%,19708.96,1.29%,-26895.57,-1.76%,507747.34,-1.36%
1942,Entry long,LONG,3/15/2023 20:00,"24,808.12",61.61361,-20770.56,-1.36%,19708.96,1.29%,-26895.57,-1.76%,507747.34,-1.36%
1943,Exit short,LONG,3/16/2023 15:00,"24,615.79",61.61361,-8920.42,-0.59%,35369.91,2.35%,-13184.7,-0.87%,498826.94,-0.59%
1943,Entry short,SHORT,3/15/2023 23:00,"24,471.01",61.61361,-8920.42,-0.59%,35369.91,2.35%,-13184.7,-0.87%,498826.94,-0.59%
1944,Exit long,SHORT,3/19/2023 7:00,"26,907.49",60.8964,139556.28,9.31%,191278.64,12.76%,-14702.83,-0.98%,638383.2,9.31%
1944,Entry long,LONG,3/16/2023 15:00,"24,615.79",60.8964,139556.28,9.31%,191278.64,12.76%,-14702.83,-0.98%,638383.2,9.31%
1945,Exit short,LONG,3/19/2023 12:00,"27,141.00",60.88948,-14218.3,-0.87%,393.95,0.02%,-23376.08,-1.43%,624164.94,-0.87%
1945,Entry short,SHORT,3/19/2023 7:00,"26,907.49",60.88948,-14218.3,-0.87%,393.95,0.02%,-23376.08,-1.43%,624164.94,-0.87%
1946,Exit long,SHORT,3/19/2023 13:00,"27,061.14",59.8373,-4778.61,-0.29%,3188.13,0.20%,-6394.81,-0.39%,619386.3,-0.29%
1946,Entry long,LONG,3/19/2023 12:00,"27,141.00",59.8373,-4778.61,-0.29%,3188.13,0.20%,-6394.81,-0.39%,619386.3,-0.29%
1947,Exit short,LONG,3/19/2023 19:00,"27,162.33",59.84176,-6055.39,-0.37%,13998.19,0.86%,-8309.63,-0.51%,613330.94,-0.37%
1947,Entry short,SHORT,3/19/2023 13:00,"27,061.14",59.84176,-6055.39,-0.37%,13998.19,0.86%,-8309.63,-0.51%,613330.94,-0.37%
1948,Exit long,SHORT,3/20/2023 11:00,"27,269.18",59.40182,6347.08,0.39%,72931.77,4.52%,-3101.37,-0.19%,619678,0.39%
1948,Entry long,LONG,3/19/2023 19:00,"27,162.33",59.40182,6347.08,0.39%,72931.77,4.52%,-3101.37,-0.19%,619678,0.39%
1949,Exit short,LONG,3/20/2023 15:00,"28,183.13",59.39591,-54284.89,-3.35%,7591.99,0.47%,-59325.82,-3.66%,565393.1,-3.35%
1949,Entry short,SHORT,3/20/2023 11:00,"27,269.18",59.39591,-54284.89,-3.35%,7591.99,0.47%,-59325.82,-3.66%,565393.1,-3.35%
1950,Exit long,SHORT,3/21/2023 11:00,"27,787.29",55.54362,-21986.39,-1.40%,16044.89,1.02%,-40090.27,-2.56%,543406.75,-1.40%
1950,Entry long,LONG,3/20/2023 15:00,"28,183.13",55.54362,-21986.39,-1.40%,16044.89,1.02%,-40090.27,-2.56%,543406.75,-1.40%
1951,Exit short,LONG,3/21/2023 12:00,"27,907.08",55.54362,-6653.57,-0.43%,402.14,0.03%,-10037.29,-0.65%,536753.1,-0.43%
1951,Entry short,SHORT,3/21/2023 11:00,"27,787.29",55.54362,-6653.57,-0.43%,402.14,0.03%,-10037.29,-0.65%,536753.1,-0.43%
1952,Exit long,SHORT,3/21/2023 14:00,"27,637.01",55.06785,-14872.17,-0.97%,598.59,0.04%,-16526.96,-1.08%,521880.97,-0.97%
1952,Entry long,LONG,3/21/2023 12:00,"27,907.08",55.06785,-14872.17,-0.97%,598.59,0.04%,-16526.96,-1.08%,521880.97,-0.97%
1953,Exit short,LONG,3/21/2023 19:00,"28,040.13",55.06677,-22198.52,-1.46%,18387.35,1.21%,-29735.51,-1.95%,499682.47,-1.46%
1953,Entry short,SHORT,3/21/2023 14:00,"27,637.01",55.06677,-22198.52,-1.46%,18387.35,1.21%,-29735.51,-1.95%,499682.47,-1.46%
1954,Exit long,SHORT,3/23/2023 6:00,"27,209.20",53.48343,-44440.99,-2.96%,44280,2.95%,-76926.82,-5.13%,455241.47,-2.96%
1954,Entry long,LONG,3/21/2023 19:00,"28,040.13",53.48343,-44440.99,-2.96%,44280,2.95%,-76926.82,-5.13%,455241.47,-2.96%
1955,Exit short,LONG,3/23/2023 11:00,"27,356.79",53.48343,-7893.62,-0.54%,5572.97,0.38%,-11739.08,-0.81%,447347.84,-0.54%
1955,Entry short,SHORT,3/23/2023 6:00,"27,209.20",53.48343,-7893.62,-0.54%,5572.97,0.38%,-11739.08,-0.81%,447347.84,-0.54%
1956,Exit long,SHORT,3/24/2023 18:00,"28,039.71",52.90638,36130.82,2.50%,73709.7,5.09%,-5226.62,-0.36%,483478.7,2.50%
1956,Entry long,LONG,3/23/2023 11:00,"27,356.79",52.90638,36130.82,2.50%,73709.7,5.09%,-5226.62,-0.36%,483478.7,2.50%
1957,Exit short,LONG,3/25/2023 21:00,"27,566.97",52.90634,25010.94,1.69%,55007.25,3.71%,-11284.92,-0.76%,508489.62,1.69%
1957,Entry short,SHORT,3/24/2023 18:00,"28,039.71",52.90634,25010.94,1.69%,55007.25,3.71%,-11284.92,-0.76%,508489.62,1.69%
1958,Exit long,SHORT,3/26/2023 3:00,"27,189.69",54.72094,-20645.12,-1.37%,12058.31,0.80%,-22293.31,-1.48%,487844.5,-1.37%
1958,Entry long,LONG,3/25/2023 21:00,"27,566.97",54.72094,-20645.12,-1.37%,12058.31,0.80%,-22293.31,-1.48%,487844.5,-1.37%
1959,Exit short,LONG,3/26/2023 9:00,"27,593.34",54.7209,-22088.09,-1.48%,1838.62,0.12%,-25188.58,-1.69%,465756.4,-1.48%
1959,Entry short,SHORT,3/26/2023 3:00,"27,189.69",54.7209,-22088.09,-1.48%,1838.62,0.12%,-25188.58,-1.69%,465756.4,-1.48%
1960,Exit long,SHORT,3/27/2023 22:00,"26,960.38",53.11993,-33622.79,-2.29%,31928.27,2.18%,-34764.87,-2.37%,432133.62,-2.29%
1960,Entry long,LONG,3/26/2023 9:00,"27,593.34",53.11993,-33622.79,-2.29%,31928.27,2.18%,-34764.87,-2.37%,432133.62,-2.29%
1961,Exit short,LONG,3/29/2023 4:00,"27,307.21",53.11993,-18423.59,-1.29%,24022.96,1.68%,-29726.97,-2.08%,413710.03,-1.29%
1961,Entry short,SHORT,3/27/2023 22:00,"26,960.38",53.11993,-18423.59,-1.29%,24022.96,1.68%,-29726.97,-2.08%,413710.03,-1.29%
1962,Exit long,SHORT,3/30/2023 23:00,"28,300.32",51.77061,51413.91,3.64%,97197.77,6.88%,-10952.07,-0.77%,465123.94,3.64%
1962,Entry long,LONG,3/29/2023 4:00,"27,307.21",51.77061,51413.91,3.64%,97197.77,6.88%,-10952.07,-0.77%,465123.94,3.64%
1963,Exit short,LONG,3/31/2023 11:00,"28,168.41",51.77057,6829.06,0.47%,31803.7,2.17%,-3866.23,-0.26%,471953,0.47%
1963,Entry short,SHORT,3/30/2023 23:00,"28,300.32",51.77057,6829.06,0.47%,31803.7,2.17%,-3866.23,-0.26%,471953,0.47%
1964,Exit long,SHORT,3/31/2023 13:00,"28,034.51",52.25545,-6997,-0.48%,2662.42,0.18%,-11868.26,-0.81%,464956,-0.48%
1964,Entry long,LONG,3/31/2023 11:00,"28,168.41",52.25545,-6997,-0.48%,2662.42,0.18%,-11868.26,-0.81%,464956,-0.48%
1965,Exit short,LONG,3/31/2023 20:00,"28,110.37",52.25545,-3964.1,-0.27%,27319.15,1.86%,-7896.84,-0.54%,460991.9,-0.27%
1965,Entry short,SHORT,3/31/2023 13:00,"28,034.51",52.25545,-3964.1,-0.27%,27319.15,1.86%,-7896.84,-0.54%,460991.9,-0.27%
1966,Exit long,SHORT,4/1/2023 16:00,"28,440.56",51.97345,17161.11,1.17%,36866.85,2.52%,-1437.59,-0.10%,478153.03,1.17%
1966,Entry long,LONG,3/31/2023 20:00,"28,110.37",51.97345,17161.11,1.17%,36866.85,2.52%,-1437.59,-0.10%,478153.03,1.17%
1967,Exit short,LONG,4/2/2023 3:00,"28,381.97",51.97341,3045.12,0.21%,11449.22,0.77%,-1840.38,-0.12%,481198.12,0.21%
1967,Entry short,SHORT,4/1/2023 16:00,"28,440.56",51.97341,3045.12,0.21%,11449.22,0.77%,-1840.38,-0.12%,481198.12,0.21%
1968,Exit long,SHORT,4/2/2023 17:00,"28,410.57",52.18795,1492.58,0.10%,10178.22,0.69%,-1407.51,-0.10%,482690.72,0.10%
1968,Entry long,LONG,4/2/2023 3:00,"28,381.97",52.18795,1492.58,0.10%,10178.22,0.69%,-1407.51,-0.10%,482690.72,0.10%
1969,Exit short,LONG,4/3/2023 16:00,"28,335.00",52.18799,3943.85,0.27%,44389.54,2.99%,-2057.77,-0.14%,486634.56,0.27%
1969,Entry short,SHORT,4/2/2023 17:00,"28,410.57",52.18799,3943.85,0.27%,44389.54,2.99%,-2057.77,-0.14%,486634.56,0.27%
1970,Exit long,SHORT,4/4/2023 0:00,"27,930.83",52.46636,-21205.33,-1.43%,8708.89,0.59%,-21854.86,-1.47%,465429.22,-1.43%
1970,Entry long,LONG,4/3/2023 16:00,"28,335.00",52.46636,-21205.33,-1.43%,8708.89,0.59%,-21854.86,-1.47%,465429.22,-1.43%
1971,Exit short,LONG,4/4/2023 11:00,"27,855.06",52.46636,3975.38,0.27%,38331.4,2.62%,-16143.9,-1.10%,469404.6,0.27%
1971,Entry short,SHORT,4/4/2023 0:00,"27,930.83",52.46636,3975.38,0.27%,38331.4,2.62%,-16143.9,-1.10%,469404.6,0.27%
1972,Exit long,SHORT,4/5/2023 22:00,"28,105.19",52.7518,13194.81,0.90%,48528.49,3.30%,-4203.79,-0.29%,482599.4,0.90%
1972,Entry long,LONG,4/4/2023 11:00,"27,855.06",52.7518,13194.81,0.90%,48528.49,3.30%,-4203.79,-0.29%,482599.4,0.90%
1973,Exit short,LONG,4/7/2023 0:00,"28,065.15",52.7518,2112.18,0.14%,20794.23,1.40%,-10700.7,-0.72%,484711.6,0.14%
1973,Entry short,SHORT,4/5/2023 22:00,"28,105.19",52.7518,2112.18,0.14%,20794.23,1.40%,-10700.7,-0.72%,484711.6,0.14%
1974,Exit long,SHORT,4/7/2023 4:00,"27,975.85",52.90235,-4724.18,-0.32%,3000.62,0.20%,-6044.09,-0.41%,479987.4,-0.32%
1974,Entry long,LONG,4/7/2023 0:00,"28,065.15",52.90235,-4724.18,-0.32%,3000.62,0.20%,-6044.09,-0.41%,479987.4,-0.32%
1975,Exit short,LONG,4/7/2023 8:00,"28,097.99",52.90232,-6461.49,-0.44%,4012.64,0.27%,-6567.82,-0.44%,473525.94,-0.44%
1975,Entry short,SHORT,4/7/2023 4:00,"27,975.85",52.90232,-6461.49,-0.44%,4012.64,0.27%,-6567.82,-0.44%,473525.94,-0.44%
1976,Exit long,SHORT,4/7/2023 15:00,"27,839.79",52.44239,-13540.62,-0.92%,11.01,0.00%,-17361.05,-1.18%,459985.3,-0.92%
1976,Entry long,LONG,4/7/2023 8:00,"28,097.99",52.44239,-13540.62,-0.92%,11.01,0.00%,-17361.05,-1.18%,459985.3,-0.92%
1977,Exit short,LONG,4/7/2023 23:00,"27,944.09",52.44239,-5469.74,-0.37%,2873.32,0.20%,-7602.05,-0.52%,454515.56,-0.37%
1977,Entry short,SHORT,4/7/2023 15:00,"27,839.79",52.44239,-5469.74,-0.37%,2873.32,0.20%,-7602.05,-0.52%,454515.56,-0.37%
1978,Exit long,SHORT,4/8/2023 4:00,"27,864.21",52.05088,-4157.82,-0.29%,488.24,0.03%,-5468.99,-0.38%,450357.75,-0.29%
1978,Entry long,LONG,4/7/2023 23:00,"27,944.09",52.05088,-4157.82,-0.29%,488.24,0.03%,-5468.99,-0.38%,450357.75,-0.29%
1979,Exit short,LONG,4/8/2023 6:00,"27,955.99",52.05091,-4777.23,-0.33%,307.62,0.02%,-6065.49,-0.42%,445580.5,-0.33%
1979,Entry short,SHORT,4/8/2023 4:00,"27,864.21",52.05091,-4777.23,-0.33%,307.62,0.02%,-6065.49,-0.42%,445580.5,-0.33%
1980,Exit long,SHORT,4/8/2023 8:00,"27,880.26",51.70915,-3915.93,-0.27%,881.64,0.06%,-5014.24,-0.35%,441664.56,-0.27%
1980,Entry long,LONG,4/8/2023 6:00,"27,955.99",51.70915,-3915.93,-0.27%,881.64,0.06%,-5014.24,-0.35%,441664.56,-0.27%
1981,Exit short,LONG,4/8/2023 10:00,"27,956.77",51.70915,-3956.27,-0.27%,12.41,0.00%,-4421.13,-0.31%,437708.3,-0.27%
1981,Entry short,SHORT,4/8/2023 8:00,"27,880.26",51.70915,-3956.27,-0.27%,12.41,0.00%,-4421.13,-0.31%,437708.3,-0.27%
1982,Exit long,SHORT,4/8/2023 19:00,"28,016.09",51.42616,3050.6,0.21%,10193.69,0.71%,-890.19,-0.06%,440758.9,0.21%
1982,Entry long,LONG,4/8/2023 10:00,"27,956.77",51.42616,3050.6,0.21%,10193.69,0.71%,-890.19,-0.06%,440758.9,0.21%
1983,Exit short,LONG,4/9/2023 9:00,"28,077.78",51.42612,-3172.48,-0.22%,7404.33,0.51%,-3394.64,-0.24%,437586.44,-0.22%
1983,Entry short,SHORT,4/8/2023 19:00,"28,016.09",51.42612,-3172.48,-0.22%,7404.33,0.51%,-3394.64,-0.24%,437586.44,-0.22%
1984,Exit long,SHORT,4/9/2023 14:00,"27,880.12",51.20014,-10120.22,-0.70%,290.3,0.02%,-11611.17,-0.81%,427466.22,-0.70%
1984,Entry long,LONG,4/9/2023 9:00,"28,077.78",51.20014,-10120.22,-0.70%,290.3,0.02%,-11611.17,-0.81%,427466.22,-0.70%
1985,Exit short,LONG,4/10/2023 3:00,"28,140.41",51.20014,-13326.88,-0.93%,4102.16,0.29%,-18937.91,-1.33%,414139.3,-0.93%
1985,Entry short,SHORT,4/9/2023 14:00,"27,880.12",51.20014,-13326.88,-0.93%,4102.16,0.29%,-18937.91,-1.33%,414139.3,-0.93%
1986,Exit long,SHORT,4/10/2023 12:00,"28,234.52",50.25301,4729.31,0.33%,19578.07,1.38%,-2307.12,-0.16%,418868.62,0.33%
1986,Entry long,LONG,4/10/2023 3:00,"28,140.41",50.25301,4729.31,0.33%,19578.07,1.38%,-2307.12,-0.16%,418868.62,0.33%
1987,Exit short,LONG,4/10/2023 18:00,"28,331.88",50.25297,-4892.63,-0.34%,1905.09,0.13%,-7060.54,-0.50%,413976,-0.34%
1987,Entry short,SHORT,4/10/2023 12:00,"28,234.52",50.25297,-4892.63,-0.34%,1905.09,0.13%,-7060.54,-0.50%,413976,-0.34%
1988,Exit long,SHORT,4/10/2023 20:00,"28,277.85",49.90759,-2696.51,-0.19%,1901.98,0.13%,-3836.9,-0.27%,411279.5,-0.19%
1988,Entry long,LONG,4/10/2023 18:00,"28,331.88",49.90759,-2696.51,-0.19%,1901.98,0.13%,-3836.9,-0.27%,411279.5,-0.19%
1989,Exit short,LONG,4/11/2023 0:00,"29,036.85",49.90759,-37879.86,-2.68%,5382.53,0.38%,-43526.91,-3.08%,373399.62,-2.68%
1989,Entry short,SHORT,4/10/2023 20:00,"28,277.85",49.90759,-37879.86,-2.68%,5382.53,0.38%,-43526.91,-3.08%,373399.62,-2.68%
1990,Exit long,SHORT,4/12/2023 11:00,"29,922.04",47.2985,41868.16,3.05%,71569.73,5.21%,-1742.95,-0.13%,415267.78,3.05%
1990,Entry long,LONG,4/11/2023 0:00,"29,036.85",47.2985,41868.16,3.05%,71569.73,5.21%,-1742.95,-0.13%,415267.78,3.05%
1991,Exit short,LONG,4/12/2023 20:00,"30,157.09",47.2985,-11117.51,-0.79%,3407.38,0.24%,-26674.46,-1.88%,404150.28,-0.79%
1991,Entry short,SHORT,4/12/2023 11:00,"29,922.04",47.2985,-11117.51,-0.79%,3407.38,0.24%,-26674.46,-1.88%,404150.28,-0.79%
1992,Exit long,SHORT,4/12/2023 22:00,"30,024.69",46.56119,-6164.7,-0.44%,8526.75,0.61%,-8990.5,-0.64%,397985.6,-0.44%
1992,Entry long,LONG,4/12/2023 20:00,"30,157.09",46.56119,-6164.7,-0.44%,8526.75,0.61%,-8990.5,-0.64%,397985.6,-0.44%
1993,Exit short,LONG,4/13/2023 12:00,"30,053.65",46.56119,-1348.41,-0.10%,18032.68,1.29%,-8162.64,-0.58%,396637.16,-0.10%
1993,Entry short,SHORT,4/12/2023 22:00,"30,024.69",46.56119,-1348.41,-0.10%,18032.68,1.29%,-8162.64,-0.58%,396637.16,-0.10%
1994,Exit long,SHORT,4/14/2023 6:00,"30,296.09",46.47146,11266.54,0.81%,25157.32,1.80%,-3286.46,-0.24%,407903.72,0.81%
1994,Entry long,LONG,4/13/2023 12:00,"30,053.65",46.47146,11266.54,0.81%,25157.32,1.80%,-3286.46,-0.24%,407903.72,0.81%
1995,Exit short,LONG,4/14/2023 8:00,"30,745.72",46.47146,-20894.96,-1.48%,742.61,0.05%,-23399.31,-1.66%,387008.75,-1.48%
1995,Entry short,SHORT,4/14/2023 6:00,"30,296.09",46.47146,-20894.96,-1.48%,742.61,0.05%,-23399.31,-1.66%,387008.75,-1.48%
1996,Exit long,SHORT,4/14/2023 23:00,"30,237.88",45.11222,-22909.79,-1.65%,11471.14,0.83%,-29084.75,-2.10%,364098.97,-1.65%
1996,Entry long,LONG,4/14/2023 8:00,"30,745.72",45.11222,-22909.79,-1.65%,11471.14,0.83%,-29084.75,-2.10%,364098.97,-1.65%
1997,Exit short,LONG,4/15/2023 6:00,"30,435.33",45.11225,-8907.41,-0.65%,12265.12,0.90%,-12820.45,-0.94%,355191.53,-0.65%
1997,Entry short,SHORT,4/14/2023 23:00,"30,237.88",45.11225,-8907.41,-0.65%,12265.12,0.90%,-12820.45,-0.94%,355191.53,-0.65%
1998,Exit long,SHORT,4/15/2023 11:00,"30,376.13",44.52689,-2635.99,-0.19%,7136.32,0.53%,-7001.85,-0.52%,352555.56,-0.19%
1998,Entry long,LONG,4/15/2023 6:00,"30,435.33",44.52689,-2635.99,-0.19%,7136.32,0.53%,-7001.85,-0.52%,352555.56,-0.19%
1999,Exit short,LONG,4/15/2023 15:00,"30,433.29",44.52692,-2545.16,-0.19%,1699.15,0.13%,-4087.13,-0.30%,350010.4,-0.19%
1999,Entry short,SHORT,4/15/2023 11:00,"30,376.13",44.52692,-2545.16,-0.19%,1699.15,0.13%,-4087.13,-0.30%,350010.4,-0.19%
2000,Exit long,SHORT,4/15/2023 16:00,"30,385.13",44.35963,-2136.36,-0.16%,1039.79,0.08%,-3042.63,-0.23%,347874.03,-0.16%
2000,Entry long,LONG,4/15/2023 15:00,"30,433.29",44.35963,-2136.36,-0.16%,1039.79,0.08%,-3042.63,-0.23%,347874.03,-0.16%
2001,Exit short,LONG,4/15/2023 17:00,"30,459.94",44.35965,-3318.55,-0.25%,0.44,0.00%,-3538.57,-0.26%,344555.5,-0.25%
2001,Entry short,SHORT,4/15/2023 16:00,"30,385.13",44.35965,-3318.55,-0.25%,0.44,0.00%,-3538.57,-0.26%,344555.5,-0.25%
2002,Exit long,SHORT,4/15/2023 21:00,"30,335.19",44.14176,-5506.68,-0.41%,444.07,0.03%,-7722.16,-0.57%,339048.8,-0.41%
2002,Entry long,LONG,4/15/2023 17:00,"30,459.94",44.14176,-5506.68,-0.41%,444.07,0.03%,-7722.16,-0.57%,339048.8,-0.41%
2003,Exit short,LONG,4/16/2023 16:00,"30,337.40",44.14176,-97.55,-0.01%,9498.87,0.71%,-3743.66,-0.28%,338951.25,-0.01%
2003,Entry short,SHORT,4/15/2023 21:00,"30,335.19",44.14176,-97.55,-0.01%,9498.87,0.71%,-3743.66,-0.28%,338951.25,-0.01%
2004,Exit long,SHORT,4/16/2023 17:00,"30,279.34",44.13533,-2562.5,-0.19%,0.44,0.00%,-3637.19,-0.27%,336388.75,-0.19%
2004,Entry long,LONG,4/16/2023 16:00,"30,337.40",44.13533,-2562.5,-0.19%,0.44,0.00%,-3637.19,-0.27%,336388.75,-0.19%
2005,Exit short,LONG,4/16/2023 23:00,"30,332.98",44.13533,-2367.42,-0.18%,5249.46,0.39%,-3648.23,-0.27%,334021.34,-0.18%
2005,Entry short,SHORT,4/16/2023 17:00,"30,279.34",44.13533,-2367.42,-0.18%,5249.46,0.39%,-3648.23,-0.27%,334021.34,-0.18%
2006,Exit long,SHORT,4/17/2023 11:00,"29,982.80",43.97923,-15400.65,-1.15%,9543.93,0.72%,-26050.66,-1.95%,318620.7,-1.15%
2006,Entry long,LONG,4/16/2023 23:00,"30,332.98",43.97923,-15400.65,-1.15%,9543.93,0.72%,-26050.66,-1.95%,318620.7,-1.15%
2007,Exit short,LONG,4/17/2023 12:00,"29,981.18",43.97923,71.25,0.01%,3238.19,0.25%,-108.63,-0.01%,318691.94,0.01%
2007,Entry short,SHORT,4/17/2023 11:00,"29,982.80",43.97923,71.25,0.01%,3238.19,0.25%,-108.63,-0.01%,318691.94,0.01%
2008,Exit long,SHORT,4/17/2023 15:00,"29,838.30",43.98399,-6284.43,-0.48%,1160.3,0.09%,-6561.53,-0.50%,312407.5,-0.48%
2008,Entry long,LONG,4/17/2023 12:00,"29,981.18",43.98399,-6284.43,-0.48%,1160.3,0.09%,-6561.53,-0.50%,312407.5,-0.48%
2009,Exit short,LONG,4/18/2023 12:00,"29,494.70",43.98399,15112.9,1.15%,32615.01,2.49%,-3703.45,-0.28%,327520.4,1.15%
2009,Entry short,SHORT,4/17/2023 15:00,"29,838.30",43.98399,15112.9,1.15%,32615.01,2.49%,-3703.45,-0.28%,327520.4,1.15%
2010,Exit long,SHORT,4/19/2023 14:00,"30,008.13",45.0088,23108.87,1.74%,44572.22,3.36%,-0.45,0.00%,350629.28,1.74%
2010,Entry long,LONG,4/18/2023 12:00,"29,494.70",45.0088,23108.87,1.74%,44572.22,3.36%,-0.45,0.00%,350629.28,1.74%
2011,Exit short,LONG,4/19/2023 23:00,"29,260.43",45.00877,33653.06,2.49%,45374.69,3.36%,-5224.62,-0.39%,384282.3,2.49%
2011,Entry short,SHORT,4/19/2023 14:00,"30,008.13",45.00877,33653.06,2.49%,45374.69,3.36%,-5224.62,-0.39%,384282.3,2.49%
2012,Exit long,SHORT,4/20/2023 6:00,"29,076.20",47.30899,-8715.73,-0.63%,5183.65,0.37%,-21125.83,-1.53%,375566.6,-0.63%
2012,Entry long,LONG,4/19/2023 23:00,"29,260.43",47.30899,-8715.73,-0.63%,5183.65,0.37%,-21125.83,-1.53%,375566.6,-0.63%
2013,Exit short,LONG,4/22/2023 23:00,"27,488.93",47.30902,75092.19,5.46%,92309.36,6.71%,-572.44,-0.04%,450658.78,5.46%
2013,Entry short,SHORT,4/20/2023 6:00,"29,076.20",47.30902,75092.19,5.46%,92309.36,6.71%,-572.44,-0.04%,450658.78,5.46%
2014,Exit long,SHORT,4/23/2023 23:00,"27,474.47",52.77247,-763.09,-0.05%,20781.27,1.43%,-9376.61,-0.65%,449895.7,-0.05%
2014,Entry long,LONG,4/22/2023 23:00,"27,488.93",52.77247,-763.09,-0.05%,20781.27,1.43%,-9376.61,-0.65%,449895.7,-0.05%
2015,Exit short,LONG,4/24/2023 6:00,"27,591.73",52.77247,-6188.1,-0.43%,7624.04,0.53%,-11365.08,-0.78%,443707.6,-0.43%
2015,Entry short,SHORT,4/23/2023 23:00,"27,474.47",52.77247,-6188.1,-0.43%,7624.04,0.53%,-11365.08,-0.78%,443707.6,-0.43%
2016,Exit long,SHORT,4/24/2023 15:00,"27,451.98",52.32392,-7312.27,-0.51%,21362.29,1.48%,-12648.26,-0.88%,436395.3,-0.51%
2016,Entry long,LONG,4/24/2023 6:00,"27,591.73",52.32392,-7312.27,-0.51%,21362.29,1.48%,-12648.26,-0.88%,436395.3,-0.51%
2017,Exit short,LONG,4/25/2023 7:00,"27,510.93",52.32392,-3084.49,-0.21%,26641.25,1.85%,-14053.68,-0.98%,433310.8,-0.21%
2017,Entry short,SHORT,4/24/2023 15:00,"27,451.98",52.32392,-3084.49,-0.21%,26641.25,1.85%,-14053.68,-0.98%,433310.8,-0.21%
2018,Exit long,SHORT,4/25/2023 10:00,"27,402.82",52.09968,-5632.5,-0.39%,4134.11,0.29%,-9865.07,-0.69%,427678.34,-0.39%
2018,Entry long,LONG,4/25/2023 7:00,"27,510.93",52.09968,-5632.5,-0.39%,4134.11,0.29%,-9865.07,-0.69%,427678.34,-0.39%
2019,Exit short,LONG,4/26/2023 2:00,"27,577.66",52.09968,-9109.11,-0.64%,10983.65,0.77%,-20181.85,-1.41%,418569.22,-0.64%
2019,Entry short,SHORT,4/25/2023 10:00,"27,402.82",52.09968,-9109.11,-0.64%,10983.65,0.77%,-20181.85,-1.41%,418569.22,-0.64%
2020,Exit long,SHORT,4/28/2023 19:00,"29,235.36",51.43907,85270.55,6.01%,126454.73,8.91%,-17626.11,-1.24%,503839.78,6.01%
2020,Entry long,LONG,4/26/2023 2:00,"27,577.66",51.43907,85270.55,6.01%,126454.73,8.91%,-17626.11,-1.24%,503839.78,6.01%
2021,Exit short,LONG,4/29/2023 3:00,"29,328.53",51.43907,-4792.58,-0.32%,17713.56,1.18%,-11933.86,-0.79%,499047.2,-0.32%
2021,Entry short,SHORT,4/28/2023 19:00,"29,235.36",51.43907,-4792.58,-0.32%,17713.56,1.18%,-11933.86,-0.79%,499047.2,-0.32%
2022,Exit long,SHORT,4/29/2023 17:00,"29,298.85",51.11225,-1517.01,-0.10%,6151.36,0.41%,-6795.37,-0.45%,497530.2,-0.10%
2022,Entry long,LONG,4/29/2023 3:00,"29,328.53",51.11225,-1517.01,-0.10%,6151.36,0.41%,-6795.37,-0.45%,497530.2,-0.10%
2023,Exit short,LONG,4/29/2023 21:00,"29,384.10",51.11225,-4357.32,-0.29%,3294.7,0.22%,-4736.57,-0.32%,493172.88,-0.29%
2023,Entry short,SHORT,4/29/2023 17:00,"29,298.85",51.11225,-4357.32,-0.29%,3294.7,0.22%,-4736.57,-0.32%,493172.88,-0.29%
2024,Exit long,SHORT,4/29/2023 23:00,"29,271.21",50.81567,-5736.58,-0.38%,472.08,0.03%,-8834.81,-0.59%,487436.28,-0.38%
2024,Entry long,LONG,4/29/2023 21:00,"29,384.10",50.81567,-5736.58,-0.38%,472.08,0.03%,-8834.81,-0.59%,487436.28,-0.38%
2025,Exit short,LONG,4/30/2023 13:00,"29,258.49",50.81567,646.38,0.04%,12206.43,0.82%,-1922.86,-0.13%,488082.66,0.04%
2025,Entry short,SHORT,4/29/2023 23:00,"29,271.21",50.81567,646.38,0.04%,12206.43,0.82%,-1922.86,-0.13%,488082.66,0.04%
2026,Exit long,SHORT,5/1/2023 6:00,"29,378.72",50.85985,6114.88,0.41%,36156.27,2.43%,-4982.23,-0.33%,494197.53,0.41%
2026,Entry long,LONG,4/30/2023 13:00,"29,258.49",50.85985,6114.88,0.41%,36156.27,2.43%,-4982.23,-0.33%,494197.53,0.41%
2027,Exit short,LONG,5/2/2023 22:00,"28,374.22",50.85985,51088.72,3.42%,87060.37,5.83%,-2111.19,-0.14%,545286.25,3.42%
2027,Entry short,SHORT,5/1/2023 6:00,"29,378.72",50.85985,51088.72,3.42%,87060.37,5.83%,-2111.19,-0.14%,545286.25,3.42%
2028,Exit long,SHORT,5/3/2023 11:00,"28,520.89",54.46092,7987.78,0.52%,27538.71,1.78%,-6019.02,-0.39%,553274.06,0.52%
2028,Entry long,LONG,5/2/2023 22:00,"28,374.22",54.46092,7987.78,0.52%,27538.71,1.78%,-6019.02,-0.39%,553274.06,0.52%
2029,Exit short,LONG,5/3/2023 14:00,"28,600.02",54.46092,-4309.49,-0.28%,5082.84,0.33%,-8665.28,-0.56%,548964.56,-0.28%
2029,Entry short,SHORT,5/3/2023 11:00,"28,520.89",54.46092,-4309.49,-0.28%,5082.84,0.33%,-8665.28,-0.56%,548964.56,-0.28%
2030,Exit long,SHORT,5/3/2023 20:00,"28,306.53",54.15956,-15895.29,-1.03%,9093.93,0.59%,-21252.75,-1.37%,533069.25,-1.03%
2030,Entry long,LONG,5/3/2023 14:00,"28,600.02",54.15956,-15895.29,-1.03%,9093.93,0.59%,-21252.75,-1.37%,533069.25,-1.03%
2031,Exit short,LONG,5/4/2023 2:00,"28,444.29",54.15956,-7461.02,-0.49%,10444.13,0.68%,-26726.12,-1.74%,525608.25,-0.49%
2031,Entry short,SHORT,5/3/2023 20:00,"28,306.53",54.15956,-7461.02,-0.49%,10444.13,0.68%,-26726.12,-1.74%,525608.25,-0.49%
2032,Exit long,SHORT,5/4/2023 22:00,"28,783.66",53.63495,18202.09,1.19%,50177.64,3.29%,-12508.21,-0.82%,543810.3,1.19%
2032,Entry long,LONG,5/4/2023 2:00,"28,444.29",53.63495,18202.09,1.19%,50177.64,3.29%,-12508.21,-0.82%,543810.3,1.19%
2033,Exit short,LONG,5/5/2023 8:00,"28,937.62",53.63495,-8257.64,-0.53%,5903.6,0.38%,-10150.95,-0.66%,535552.7,-0.53%
2033,Entry short,SHORT,5/4/2023 22:00,"28,783.66",53.63495,-8257.64,-0.53%,5903.6,0.38%,-10150.95,-0.66%,535552.7,-0.53%
2034,Exit long,SHORT,5/5/2023 16:00,"29,058.01",53.06419,6388.4,0.42%,31487.23,2.05%,-3055.97,-0.20%,541941.06,0.42%
2034,Entry long,LONG,5/5/2023 8:00,"28,937.62",53.06419,6388.4,0.42%,31487.23,2.05%,-3055.97,-0.20%,541941.06,0.42%
2035,Exit short,LONG,5/5/2023 22:00,"29,259.20",53.06423,-10675.99,-0.69%,13691.1,0.89%,-20269.47,-1.31%,531265.1,-0.69%
2035,Entry short,SHORT,5/5/2023 16:00,"29,058.01",53.06423,-10675.99,-0.69%,13691.1,0.89%,-20269.47,-1.31%,531265.1,-0.69%
2036,Exit long,SHORT,5/6/2023 13:00,"29,346.99",52.33451,4594.45,0.30%,29349.19,1.92%,-5230.83,-0.34%,535859.56,0.30%
2036,Entry long,LONG,5/5/2023 22:00,"29,259.20",52.33451,4594.45,0.30%,29349.19,1.92%,-5230.83,-0.34%,535859.56,0.30%
2037,Exit short,LONG,5/7/2023 15:00,"28,910.42",52.33448,22847.66,1.49%,54793.68,3.57%,-4711.15,-0.31%,558707.2,1.49%
2037,Entry short,SHORT,5/6/2023 13:00,"29,346.99",52.33448,22847.66,1.49%,54793.68,3.57%,-4711.15,-0.31%,558707.2,1.49%
2038,Exit long,SHORT,5/7/2023 16:00,"28,857.06",53.9151,-2876.91,-0.18%,2674.73,0.17%,-3593.98,-0.23%,555830.3,-0.18%
2038,Entry long,LONG,5/7/2023 15:00,"28,910.42",53.9151,-2876.91,-0.18%,2674.73,0.17%,-3593.98,-0.23%,555830.3,-0.18%
2039,Exit short,LONG,5/7/2023 20:00,"28,919.06",53.91506,-3342.73,-0.21%,8191.85,0.53%,-4471.71,-0.29%,552487.56,-0.21%
2039,Entry short,SHORT,5/7/2023 16:00,"28,857.06",53.91506,-3342.73,-0.21%,8191.85,0.53%,-4471.71,-0.29%,552487.56,-0.21%
2040,Exit long,SHORT,5/8/2023 5:00,"28,772.84",53.68385,-7849.65,-0.51%,9492.38,0.61%,-9075.79,-0.58%,544637.94,-0.51%
2040,Entry long,LONG,5/7/2023 20:00,"28,919.06",53.68385,-7849.65,-0.51%,9492.38,0.61%,-9075.79,-0.58%,544637.94,-0.51%
2041,Exit short,LONG,5/9/2023 20:00,"27,758.35",53.68388,54461.76,3.53%,81107.75,5.25%,-3651.58,-0.24%,599099.7,3.53%
2041,Entry short,SHORT,5/8/2023 5:00,"28,772.84",53.68388,54461.76,3.53%,81107.75,5.25%,-3651.58,-0.24%,599099.7,3.53%
2042,Exit long,SHORT,5/9/2023 23:00,"27,400.39",57.60791,-20621.33,-1.29%,3436.31,0.21%,-22371.45,-1.40%,578478.3,-1.29%
2042,Entry long,LONG,5/9/2023 20:00,"27,758.35",57.60791,-20621.33,-1.29%,3436.31,0.21%,-22371.45,-1.40%,578478.3,-1.29%
2043,Exit short,LONG,5/10/2023 9:00,"27,697.98",57.60787,-17143.53,-1.09%,2730.04,0.17%,-25897.62,-1.64%,561334.8,-1.09%
2043,Entry short,SHORT,5/9/2023 23:00,"27,400.39",57.60787,-17143.53,-1.09%,2730.04,0.17%,-25897.62,-1.64%,561334.8,-1.09%
2044,Exit long,SHORT,5/10/2023 10:00,"27,671.74",56.36998,-1479.15,-0.09%,2456.6,0.16%,-2603.17,-0.17%,559855.7,-0.09%
2044,Entry long,LONG,5/10/2023 9:00,"27,697.98",56.36998,-1479.15,-0.09%,2456.6,0.16%,-2603.17,-0.17%,559855.7,-0.09%
2045,Exit short,LONG,5/10/2023 20:00,"28,175.27",56.36998,-28383.98,-1.82%,11095.3,0.71%,-28871.58,-1.85%,531471.7,-1.82%
2045,Entry short,SHORT,5/10/2023 10:00,"27,671.74",56.36998,-28383.98,-1.82%,11095.3,0.71%,-28871.58,-1.85%,531471.7,-1.82%
2046,Exit long,SHORT,5/11/2023 21:00,"27,206.62",54.35513,-52651.1,-3.44%,8487.55,0.55%,-76003.15,-4.96%,478820.6,-3.44%
2046,Entry long,LONG,5/10/2023 20:00,"28,175.27",54.35513,-52651.1,-3.44%,8487.55,0.55%,-76003.15,-4.96%,478820.6,-3.44%
2047,Exit short,LONG,5/13/2023 7:00,"26,795.01",54.35517,22373.13,1.51%,75834.16,5.13%,-7433.07,-0.50%,501193.72,1.51%
2047,Entry short,SHORT,5/11/2023 21:00,"27,206.62",54.35517,22373.13,1.51%,75834.16,5.13%,-7433.07,-0.50%,501193.72,1.51%
2048,Exit long,SHORT,5/14/2023 3:00,"26,837.93",56.02512,2404.6,0.16%,14030.93,0.93%,-5769.47,-0.38%,503598.3,0.16%
2048,Entry long,LONG,5/13/2023 7:00,"26,795.01",56.02512,2404.6,0.16%,14030.93,0.93%,-5769.47,-0.38%,503598.3,0.16%
2049,Exit short,LONG,5/14/2023 4:00,"26,904.86",56.02512,-3749.76,-0.25%,68.35,0.00%,-4721.8,-0.31%,499848.56,-0.25%
2049,Entry short,SHORT,5/14/2023 3:00,"26,837.93",56.02512,-3749.76,-0.25%,68.35,0.00%,-4721.8,-0.31%,499848.56,-0.25%
2050,Exit long,SHORT,5/14/2023 5:00,"26,862.55",55.74638,-2358.63,-0.16%,1925.48,0.13%,-2874.28,-0.19%,497489.94,-0.16%
2050,Entry long,LONG,5/14/2023 4:00,"26,904.86",55.74638,-2358.63,-0.16%,1925.48,0.13%,-2874.28,-0.19%,497489.94,-0.16%
2051,Exit short,LONG,5/14/2023 6:00,"26,889.95",55.74638,-1527.45,-0.10%,1263.77,0.08%,-2069.31,-0.14%,495962.47,-0.10%
2051,Entry short,SHORT,5/14/2023 5:00,"26,862.55",55.74638,-1527.45,-0.10%,1263.77,0.08%,-2069.31,-0.14%,495962.47,-0.10%
2052,Exit long,SHORT,5/14/2023 7:00,"26,775.27",55.63281,-6379.97,-0.43%,2176.91,0.15%,-7785.81,-0.52%,489582.5,-0.43%
2052,Entry long,LONG,5/14/2023 6:00,"26,889.95",55.63281,-6379.97,-0.43%,2176.91,0.15%,-7785.81,-0.52%,489582.5,-0.43%
2053,Exit short,LONG,5/14/2023 12:00,"26,825.88",55.63277,-2815.57,-0.19%,11946.58,0.80%,-5656.18,-0.38%,486766.94,-0.19%
2053,Entry short,SHORT,5/14/2023 7:00,"26,775.27",55.63277,-2815.57,-0.19%,11946.58,0.80%,-5656.18,-0.38%,486766.94,-0.19%
2054,Exit long,SHORT,5/14/2023 19:00,"26,805.97",55.42289,-1103.47,-0.07%,4045.32,0.27%,-1987.46,-0.13%,485663.47,-0.07%
2054,Entry long,LONG,5/14/2023 12:00,"26,825.88",55.42289,-1103.47,-0.07%,4045.32,0.27%,-1987.46,-0.13%,485663.47,-0.07%
2055,Exit short,LONG,5/14/2023 21:00,"26,912.41",55.42285,-5899.21,-0.40%,3395.76,0.23%,-6873.54,-0.46%,479764.25,-0.40%
2055,Entry short,SHORT,5/14/2023 19:00,"26,805.97",55.42285,-5899.21,-0.40%,3395.76,0.23%,-6873.54,-0.46%,479764.25,-0.40%
2056,Exit long,SHORT,5/16/2023 7:00,"27,162.15",54.98441,13731.81,0.93%,41303.19,2.79%,-10249.64,-0.69%,493496.06,0.93%
2056,Entry long,LONG,5/14/2023 21:00,"26,912.41",54.98441,13731.81,0.93%,41303.19,2.79%,-10249.64,-0.69%,493496.06,0.93%
2057,Exit short,LONG,5/16/2023 16:00,"27,202.21",54.98445,-2202.68,-0.15%,17047.38,1.14%,-7408.6,-0.50%,491293.38,-0.15%
2057,Entry short,SHORT,5/16/2023 7:00,"27,162.15",54.98445,-2202.68,-0.15%,17047.38,1.14%,-7408.6,-0.50%,491293.38,-0.15%
2058,Exit long,SHORT,5/16/2023 18:00,"27,013.93",54.82246,-10321.97,-0.69%,1053.69,0.07%,-11797.24,-0.79%,480971.4,-0.69%
2058,Entry long,LONG,5/16/2023 16:00,"27,202.21",54.82246,-10321.97,-0.69%,1053.69,0.07%,-11797.24,-0.79%,480971.4,-0.69%
2059,Exit short,LONG,5/17/2023 8:00,"27,098.58",54.8225,-4640.72,-0.31%,7342.38,0.50%,-7542.48,-0.51%,476330.7,-0.31%
2059,Entry short,SHORT,5/16/2023 18:00,"27,013.93",54.8225,-4640.72,-0.31%,7342.38,0.50%,-7542.48,-0.51%,476330.7,-0.31%
2060,Exit long,SHORT,5/17/2023 14:00,"26,993.93",54.47996,-5701.33,-0.39%,7625.56,0.52%,-9100.33,-0.62%,470629.38,-0.39%
2060,Entry long,LONG,5/17/2023 8:00,"27,098.58",54.47996,-5701.33,-0.39%,7625.56,0.52%,-9100.33,-0.62%,470629.38,-0.39%
2061,Exit short,LONG,5/18/2023 1:00,"27,086.12",54.48,-5022.51,-0.34%,24473.51,1.66%,-9810.21,-0.67%,465606.84,-0.34%
2061,Entry short,SHORT,5/17/2023 14:00,"26,993.93",54.48,-5022.51,-0.34%,24473.51,1.66%,-9810.21,-0.67%,465606.84,-0.34%
2062,Exit long,SHORT,5/18/2023 14:00,"27,210.89",54.10914,6751.2,0.46%,22394.69,1.53%,-1145.49,-0.08%,472358.06,0.46%
2062,Entry long,LONG,5/18/2023 1:00,"27,086.12",54.10914,6751.2,0.46%,22394.69,1.53%,-1145.49,-0.08%,472358.06,0.46%
2063,Exit short,LONG,5/18/2023 15:00,"27,391.61",54.10914,-9778.6,-0.66%,589.25,0.04%,-13162.05,-0.89%,462579.44,-0.66%
2063,Entry short,SHORT,5/18/2023 14:00,"27,210.89",54.10914,-9778.6,-0.66%,589.25,0.04%,-13162.05,-0.89%,462579.44,-0.66%
2064,Exit long,SHORT,5/18/2023 21:00,"27,257.21",53.39516,-7176.31,-0.49%,4299.91,0.29%,-11289.87,-0.77%,455403.12,-0.49%
2064,Entry long,LONG,5/18/2023 15:00,"27,391.61",53.39516,-7176.31,-0.49%,4299.91,0.29%,-11289.87,-0.77%,455403.12,-0.49%
2065,Exit short,LONG,5/19/2023 14:00,"26,902.72",53.39516,18928.05,1.30%,47842.6,3.29%,-7865.11,-0.54%,474331.2,1.30%
2065,Entry short,SHORT,5/18/2023 21:00,"27,257.21",53.39516,18928.05,1.30%,47842.6,3.29%,-7865.11,-0.54%,474331.2,1.30%
2066,Exit long,SHORT,5/19/2023 15:00,"26,851.39",54.8023,-2813,-0.19%,3152.23,0.21%,-3215.8,-0.22%,471518.2,-0.19%
2066,Entry long,LONG,5/19/2023 14:00,"26,902.72",54.8023,-2813,-0.19%,3152.23,0.21%,-3215.8,-0.22%,471518.2,-0.19%
2067,Exit short,LONG,5/20/2023 16:00,"26,908.99",54.8023,-3156.61,-0.21%,12132.68,0.82%,-18205.87,-1.24%,468361.56,-0.21%
2067,Entry short,SHORT,5/19/2023 15:00,"26,851.39",54.8023,-3156.61,-0.21%,12132.68,0.82%,-18205.87,-1.24%,468361.56,-0.21%
2068,Exit long,SHORT,5/20/2023 21:00,"26,889.12",54.56773,-1084.26,-0.07%,2001,0.14%,-2129.78,-0.15%,467277.3,-0.07%
2068,Entry long,LONG,5/20/2023 16:00,"26,908.99",54.56773,-1084.26,-0.07%,2001,0.14%,-2129.78,-0.15%,467277.3,-0.07%
2069,Exit short,LONG,5/20/2023 22:00,"26,920.02",54.56769,-1686.14,-0.11%,0.55,0.00%,-2134.14,-0.15%,465591.16,-0.11%
2069,Entry short,SHORT,5/20/2023 21:00,"26,889.12",54.56769,-1686.14,-0.11%,0.55,0.00%,-2134.14,-0.15%,465591.16,-0.11%
2070,Exit long,SHORT,5/21/2023 15:00,"27,055.00",54.44246,7348.64,0.50%,19464.81,1.33%,-1547.25,-0.11%,472939.8,0.50%
2070,Entry long,LONG,5/20/2023 22:00,"26,920.02",54.44246,7348.64,0.50%,19464.81,1.33%,-1547.25,-0.11%,472939.8,0.50%
2071,Exit short,LONG,5/22/2023 16:00,"26,826.62",54.44242,12433.56,0.84%,28135.3,1.91%,-1677.37,-0.11%,485373.38,0.84%
2071,Entry short,SHORT,5/21/2023 15:00,"27,055.00",54.44242,12433.56,0.84%,28135.3,1.91%,-1677.37,-0.11%,485373.38,0.84%
2072,Exit long,SHORT,5/22/2023 23:00,"26,877.17",55.36938,2798.92,0.19%,15130.79,1.02%,-6849.75,-0.46%,488172.28,0.19%
2072,Entry long,LONG,5/22/2023 16:00,"26,826.62",55.36938,2798.92,0.19%,15130.79,1.02%,-6849.75,-0.46%,488172.28,0.19%
2073,Exit short,LONG,5/23/2023 11:00,"27,366.67",55.36938,-27103.31,-1.82%,5270.06,0.35%,-31275.95,-2.10%,461068.97,-1.82%
2073,Entry short,SHORT,5/22/2023 23:00,"26,877.17",55.36938,-27103.31,-1.82%,5270.06,0.35%,-31275.95,-2.10%,461068.97,-1.82%
2074,Exit long,SHORT,5/24/2023 1:00,"27,203.71",53.38862,-8700.21,-0.60%,6895.67,0.47%,-10222.85,-0.70%,452368.78,-0.60%
2074,Entry long,LONG,5/23/2023 11:00,"27,366.67",53.38862,-8700.21,-0.60%,6895.67,0.47%,-10222.85,-0.70%,452368.78,-0.60%
2075,Exit short,LONG,5/25/2023 19:00,"26,296.61",53.38862,48428.82,3.33%,71104.03,4.90%,-2438.26,-0.17%,500797.6,3.33%
2075,Entry short,SHORT,5/24/2023 1:00,"27,203.71",53.38862,48428.82,3.33%,71104.03,4.90%,-2438.26,-0.17%,500797.6,3.33%
2076,Exit long,SHORT,5/26/2023 13:00,"26,347.44",57.07186,2900.96,0.19%,19140.19,1.28%,-7305.77,-0.49%,503698.56,0.19%
2076,Entry long,LONG,5/25/2023 19:00,"26,296.61",57.07186,2900.96,0.19%,19140.19,1.28%,-7305.77,-0.49%,503698.56,0.19%
2077,Exit short,LONG,5/26/2023 15:00,"26,501.34",57.0719,-8783.36,-0.58%,1152.85,0.08%,-10650.19,-0.71%,494915.2,-0.58%
2077,Entry short,SHORT,5/26/2023 13:00,"26,347.44",57.0719,-8783.36,-0.58%,1152.85,0.08%,-10650.19,-0.71%,494915.2,-0.58%
2078,Exit long,SHORT,5/26/2023 19:00,"26,463.29",56.40908,-2146.37,-0.14%,2688.46,0.18%,-4384.11,-0.29%,492768.8,-0.14%
2078,Entry long,LONG,5/26/2023 15:00,"26,501.34",56.40908,-2146.37,-0.14%,2688.46,0.18%,-4384.11,-0.29%,492768.8,-0.14%
2079,Exit short,LONG,5/26/2023 22:00,"26,760.00",56.40904,-16737.13,-1.12%,6062.84,0.41%,-26448.51,-1.77%,476031.7,-1.12%
2079,Entry short,SHORT,5/26/2023 19:00,"26,463.29",56.40904,-16737.13,-1.12%,6062.84,0.41%,-26448.51,-1.77%,476031.7,-1.12%
2080,Exit long,SHORT,5/27/2023 7:00,"26,705.93",55.15809,-2982.4,-0.20%,4759.59,0.32%,-8246.69,-0.56%,473049.3,-0.20%
2080,Entry long,LONG,5/26/2023 22:00,"26,760.00",55.15809,-2982.4,-0.20%,4759.59,0.32%,-8246.69,-0.56%,473049.3,-0.20%
2081,Exit short,LONG,5/27/2023 11:00,"26,752.00",55.15813,-2541.14,-0.17%,4022.68,0.27%,-4236.14,-0.29%,470508.16,-0.17%
2081,Entry short,SHORT,5/27/2023 7:00,"26,705.93",55.15813,-2541.14,-0.17%,4022.68,0.27%,-4236.14,-0.29%,470508.16,-0.17%
2082,Exit long,SHORT,5/27/2023 18:00,"26,676.89",54.96815,-4128.66,-0.28%,1896.95,0.13%,-4621.17,-0.31%,466379.5,-0.28%
2082,Entry long,LONG,5/27/2023 11:00,"26,752.00",54.96815,-4128.66,-0.28%,1896.95,0.13%,-4621.17,-0.31%,466379.5,-0.28%
2083,Exit short,LONG,5/28/2023 1:00,"26,756.71",54.96815,-4387.56,-0.30%,6919.94,0.47%,-5545.19,-0.38%,461991.94,-0.30%
2083,Entry short,SHORT,5/27/2023 18:00,"26,676.89",54.96815,-4387.56,-0.30%,6919.94,0.47%,-5545.19,-0.38%,461991.94,-0.30%
2084,Exit long,SHORT,5/29/2023 16:00,"27,900.60",54.64023,62502.41,4.28%,92365.48,6.32%,-2954.94,-0.20%,524494.4,4.28%
2084,Entry long,LONG,5/28/2023 1:00,"26,756.71",54.64023,62502.41,4.28%,92365.48,6.32%,-2954.94,-0.20%,524494.4,4.28%
2085,Exit short,LONG,5/30/2023 10:00,"27,783.43",54.64019,6402.19,0.42%,20544.71,1.35%,-3847.22,-0.25%,530896.56,0.42%
2085,Entry short,SHORT,5/29/2023 16:00,"27,900.60",54.64019,6402.19,0.42%,20544.71,1.35%,-3847.22,-0.25%,530896.56,0.42%
2086,Exit long,SHORT,5/31/2023 0:00,"27,713.43",55.10106,-3857.07,-0.25%,14059.59,0.92%,-12641.84,-0.83%,527039.5,-0.25%
2086,Entry long,LONG,5/30/2023 10:00,"27,783.43",55.10106,-3857.07,-0.25%,14059.59,0.92%,-12641.84,-0.83%,527039.5,-0.25%
2087,Exit short,LONG,5/31/2023 3:00,"27,850.21",55.10106,-7536.72,-0.49%,4864.87,0.32%,-8232.65,-0.54%,519502.75,-0.49%
2087,Entry short,SHORT,5/31/2023 0:00,"27,713.43",55.10106,-7536.72,-0.49%,4864.87,0.32%,-8232.65,-0.54%,519502.75,-0.49%
2088,Exit long,SHORT,5/31/2023 10:00,"27,673.47",54.55987,-9642.91,-0.63%,268.43,0.02%,-15231.48,-1.00%,509859.84,-0.63%
2088,Entry long,LONG,5/31/2023 3:00,"27,850.21",54.55987,-9642.91,-0.63%,268.43,0.02%,-15231.48,-1.00%,509859.84,-0.63%
2089,Exit short,LONG,6/1/2023 20:00,"26,941.80",54.55983,39919.79,2.64%,58292.81,3.86%,-925.88,-0.06%,549779.6,2.64%
2089,Entry short,SHORT,5/31/2023 10:00,"27,673.47",54.55983,39919.79,2.64%,58292.81,3.86%,-925.88,-0.06%,549779.6,2.64%
2090,Exit long,SHORT,6/2/2023 4:00,"26,862.99",57.52328,-4533.41,-0.29%,13414.43,0.87%,-16440.15,-1.06%,545246.25,-0.29%
2090,Entry long,LONG,6/1/2023 20:00,"26,941.80",57.52328,-4533.41,-0.29%,13414.43,0.87%,-16440.15,-1.06%,545246.25,-0.29%
2091,Exit short,LONG,6/2/2023 11:00,"27,000.01",57.52324,-7881.83,-0.51%,20592.74,1.33%,-8859.15,-0.57%,537364.4,-0.51%
2091,Entry short,SHORT,6/2/2023 4:00,"26,862.99",57.52324,-7881.83,-0.51%,20592.74,1.33%,-8859.15,-0.57%,537364.4,-0.51%
2092,Exit long,SHORT,6/3/2023 19:00,"27,129.78",56.93944,7389.03,0.48%,17081.26,1.11%,-7931.66,-0.52%,544753.44,0.48%
2092,Entry long,LONG,6/2/2023 11:00,"27,000.01",56.93944,7389.03,0.48%,17081.26,1.11%,-7931.66,-0.52%,544753.44,0.48%
2093,Exit short,LONG,6/3/2023 21:00,"27,166.97",56.9394,-2117.58,-0.14%,0,0.00%,-3086.68,-0.20%,542635.9,-0.14%
2093,Entry short,SHORT,6/3/2023 19:00,"27,129.78",56.9394,-2117.58,-0.14%,0,0.00%,-3086.68,-0.20%,542635.9,-0.14%
2094,Exit long,SHORT,6/4/2023 3:00,"27,096.37",56.78346,-4008.91,-0.26%,9444.23,0.61%,-8028.05,-0.52%,538626.94,-0.26%
2094,Entry long,LONG,6/3/2023 21:00,"27,166.97",56.78346,-4008.91,-0.26%,9444.23,0.61%,-8028.05,-0.52%,538626.94,-0.26%
2095,Exit short,LONG,6/4/2023 16:00,"27,150.81",56.7835,-3091.29,-0.20%,10302.8,0.67%,-3836.86,-0.25%,535535.6,-0.20%
2095,Entry short,SHORT,6/4/2023 3:00,"27,096.37",56.7835,-3091.29,-0.20%,10302.8,0.67%,-3836.86,-0.25%,535535.6,-0.20%
2096,Exit long,SHORT,6/5/2023 8:00,"27,024.75",56.55575,-7129.42,-0.46%,17204.82,1.12%,-10452.07,-0.68%,528406.25,-0.46%
2096,Entry long,LONG,6/4/2023 16:00,"27,150.81",56.55575,-7129.42,-0.46%,17204.82,1.12%,-10452.07,-0.68%,528406.25,-0.46%
2097,Exit short,LONG,6/7/2023 0:00,"26,370.00",56.55579,37029.9,2.42%,94659.13,6.19%,-3070.98,-0.20%,565436.1,2.42%
2097,Entry short,SHORT,6/5/2023 8:00,"27,024.75",56.55579,37029.9,2.42%,94659.13,6.19%,-3070.98,-0.20%,565436.1,2.42%
2098,Exit long,SHORT,6/7/2023 17:00,"26,486.28",59.36432,6902.88,0.44%,60656.68,3.87%,-4715.9,-0.30%,572339,0.44%
2098,Entry long,LONG,6/7/2023 0:00,"26,370.00",59.36432,6902.88,0.44%,60656.68,3.87%,-4715.9,-0.30%,572339,0.44%
2099,Exit short,LONG,6/7/2023 21:00,"26,818.63",59.36428,-19729.72,-1.25%,7971.44,0.51%,-28596.96,-1.82%,552609.3,-1.25%
2099,Entry short,SHORT,6/7/2023 17:00,"26,486.28",59.36428,-19729.72,-1.25%,7971.44,0.51%,-28596.96,-1.82%,552609.3,-1.25%
2100,Exit long,SHORT,6/7/2023 22:00,"26,443.56",57.89298,-21713.92,-1.40%,0,0.00%,-27677.48,-1.78%,530895.4,-1.40%
2100,Entry long,LONG,6/7/2023 21:00,"26,818.63",57.89298,-21713.92,-1.40%,0,0.00%,-27677.48,-1.78%,530895.4,-1.40%
2101,Exit short,LONG,6/8/2023 14:00,"26,427.34",57.89293,939.02,0.06%,18441.79,1.20%,-13632.05,-0.89%,531834.4,0.06%
2101,Entry short,SHORT,6/7/2023 22:00,"26,443.56",57.89293,939.02,0.06%,18441.79,1.20%,-13632.05,-0.89%,531834.4,0.06%
2102,Exit long,SHORT,6/8/2023 21:00,"26,400.92",57.964,-1531.41,-0.10%,8614.03,0.56%,-7381.14,-0.48%,530303,-0.10%
2102,Entry long,LONG,6/8/2023 14:00,"26,427.34",57.964,-1531.41,-0.10%,8614.03,0.56%,-7381.14,-0.48%,530303,-0.10%
2103,Exit short,LONG,6/8/2023 22:00,"26,648.54",57.964,-14353.05,-0.94%,2875.01,0.19%,-16574.81,-1.08%,515949.94,-0.94%
2103,Entry short,SHORT,6/8/2023 21:00,"26,400.92",57.964,-14353.05,-0.94%,2875.01,0.19%,-16574.81,-1.08%,515949.94,-0.94%
2104,Exit long,SHORT,6/9/2023 9:00,"26,504.21",56.88674,-8210.46,-0.54%,9184.93,0.61%,-13341.08,-0.88%,507739.47,-0.54%
2104,Entry long,LONG,6/8/2023 22:00,"26,648.54",56.88674,-8210.46,-0.54%,9184.93,0.61%,-13341.08,-0.88%,507739.47,-0.54%
2105,Exit short,LONG,6/9/2023 16:00,"26,642.38",56.88679,-7860.05,-0.52%,13328.58,0.88%,-8293.52,-0.55%,499879.44,-0.52%
2105,Entry short,SHORT,6/9/2023 9:00,"26,504.21",56.88679,-7860.05,-0.52%,13328.58,0.88%,-8293.52,-0.55%,499879.44,-0.52%
2106,Exit long,SHORT,6/10/2023 0:00,"26,482.83",56.29679,-8982.15,-0.60%,7935.03,0.53%,-11225.58,-0.75%,490897.28,-0.60%
2106,Entry long,LONG,6/9/2023 16:00,"26,642.38",56.29679,-8982.15,-0.60%,7935.03,0.53%,-11225.58,-0.75%,490897.28,-0.60%
2107,Exit short,LONG,6/12/2023 1:00,"25,941.63",56.29675,30467.8,2.04%,63324.27,4.25%,-2873.39,-0.19%,521365.06,2.04%
2107,Entry short,SHORT,6/10/2023 0:00,"26,482.83",56.29675,30467.8,2.04%,63324.27,4.25%,-2873.39,-0.19%,521365.06,2.04%
2108,Exit long,SHORT,6/12/2023 23:00,"25,824.63",58.6457,-6861.55,-0.45%,15555.77,1.02%,-19911.39,-1.31%,514503.53,-0.45%
2108,Entry long,LONG,6/12/2023 1:00,"25,941.63",58.6457,-6861.55,-0.45%,15555.77,1.02%,-19911.39,-1.31%,514503.53,-0.45%
2109,Exit short,LONG,6/13/2023 5:00,"25,930.52",58.6457,-6209.99,-0.41%,10121.66,0.67%,-8301.3,-0.55%,508293.53,-0.41%
2109,Entry short,SHORT,6/12/2023 23:00,"25,824.63",58.6457,-6209.99,-0.41%,10121.66,0.67%,-8301.3,-0.55%,508293.53,-0.41%
2110,Exit long,SHORT,6/13/2023 23:00,"25,759.54",58.16672,-9945.35,-0.66%,29239.83,1.94%,-12677.44,-0.84%,498348.2,-0.66%
2110,Entry long,LONG,6/13/2023 5:00,"25,930.52",58.16672,-9945.35,-0.66%,29239.83,1.94%,-12677.44,-0.84%,498348.2,-0.66%
2111,Exit short,LONG,6/14/2023 10:00,"26,027.40",58.16672,-15580.54,-1.04%,1172.64,0.08%,-17243.52,-1.15%,482767.66,-1.04%
2111,Entry short,SHORT,6/13/2023 23:00,"25,759.54",58.16672,-15580.54,-1.04%,1172.64,0.08%,-17243.52,-1.15%,482767.66,-1.04%
2112,Exit long,SHORT,6/14/2023 14:00,"25,894.53",56.96948,-7569.53,-0.51%,243.83,0.02%,-10839.58,-0.73%,475198.12,-0.51%
2112,Entry long,LONG,6/14/2023 10:00,"26,027.40",56.96948,-7569.53,-0.51%,243.83,0.02%,-10839.58,-0.73%,475198.12,-0.51%
2113,Exit short,LONG,6/14/2023 17:00,"25,980.53",56.96948,-4899.38,-0.33%,1282.38,0.09%,-5437.74,-0.37%,470298.75,-0.33%
2113,Entry short,SHORT,6/14/2023 14:00,"25,894.53",56.96948,-4899.38,-0.33%,1282.38,0.09%,-5437.74,-0.37%,470298.75,-0.33%
2114,Exit long,SHORT,6/15/2023 4:00,"24,934.21",56.59233,-59213.69,-4.03%,6647.9,0.45%,-65645.41,-4.46%,411085.06,-4.03%
2114,Entry long,LONG,6/14/2023 17:00,"25,980.53",56.59233,-59213.69,-4.03%,6647.9,0.45%,-65645.41,-4.46%,411085.06,-4.03%
2115,Exit short,LONG,6/16/2023 1:00,"25,143.85",56.59233,-11864.02,-0.84%,7595.26,0.54%,-15410.66,-1.09%,399221.03,-0.84%
2115,Entry short,SHORT,6/15/2023 4:00,"24,934.21",56.59233,-11864.02,-0.84%,7595.26,0.54%,-15410.66,-1.09%,399221.03,-0.84%
2116,Exit long,SHORT,6/16/2023 21:00,"25,492.64",55.64475,19408.33,1.39%,34230.43,2.45%,-4209.53,-0.30%,418629.38,1.39%
2116,Entry long,LONG,6/16/2023 1:00,"25,143.85",55.64475,19408.33,1.39%,34230.43,2.45%,-4209.53,-0.30%,418629.38,1.39%
2117,Exit short,LONG,6/16/2023 23:00,"25,840.00",55.64858,-19330.09,-1.36%,17645.05,1.24%,-22489.82,-1.59%,399299.28,-1.36%
2117,Entry short,SHORT,6/16/2023 21:00,"25,492.64",55.64858,-19330.09,-1.36%,17645.05,1.24%,-22489.82,-1.59%,399299.28,-1.36%
2118,Exit long,SHORT,6/17/2023 23:00,"26,410.82",54.1524,30911.27,2.21%,54151.86,3.87%,-3572.98,-0.26%,430210.56,2.21%
2118,Entry long,LONG,6/16/2023 23:00,"25,840.00",54.1524,30911.27,2.21%,54151.86,3.87%,-3572.98,-0.26%,430210.56,2.21%
2119,Exit short,LONG,6/18/2023 6:00,"26,570.15",54.15244,-8628.11,-0.60%,1725.84,0.12%,-9980.84,-0.70%,421582.44,-0.60%
2119,Entry short,SHORT,6/17/2023 23:00,"26,410.82",54.15244,-8628.11,-0.60%,1725.84,0.12%,-9980.84,-0.70%,421582.44,-0.60%
2120,Exit long,SHORT,6/18/2023 19:00,"26,500.00",53.50298,-3753.23,-0.26%,5877.3,0.41%,-10228.17,-0.72%,417829.22,-0.26%
2120,Entry long,LONG,6/18/2023 6:00,"26,570.15",53.50298,-3753.23,-0.26%,5877.3,0.41%,-10228.17,-0.72%,417829.22,-0.26%
2121,Exit short,LONG,6/18/2023 20:00,"26,534.97",53.50298,-1871,-0.13%,2996.17,0.21%,-3852.21,-0.27%,415958.22,-0.13%
2121,Entry short,SHORT,6/18/2023 19:00,"26,500.00",53.50298,-1871,-0.13%,2996.17,0.21%,-3852.21,-0.27%,415958.22,-0.13%
2122,Exit long,SHORT,6/18/2023 21:00,"26,486.01",53.36196,-2612.6,-0.18%,802.03,0.06%,-2826.58,-0.20%,413345.62,-0.18%
2122,Entry long,LONG,6/18/2023 20:00,"26,534.97",53.36196,-2612.6,-0.18%,802.03,0.06%,-2826.58,-0.20%,413345.62,-0.18%
2123,Exit short,LONG,6/18/2023 22:00,"26,550.00",53.36196,-3414.63,-0.24%,1548.03,0.11%,-4660.63,-0.33%,409930.97,-0.24%
2123,Entry short,SHORT,6/18/2023 21:00,"26,486.01",53.36196,-3414.63,-0.24%,1548.03,0.11%,-4660.63,-0.33%,409930.97,-0.24%
2124,Exit long,SHORT,6/20/2023 18:00,"26,775.99",53.10478,12001.15,0.85%,33404.5,2.37%,-15620.77,-1.11%,421932.12,0.85%
2124,Entry long,LONG,6/18/2023 22:00,"26,550.00",53.10478,12001.15,0.85%,33404.5,2.37%,-15620.77,-1.11%,421932.12,0.85%
2125,Exit short,LONG,6/20/2023 19:00,"26,907.99",53.10474,-7009.83,-0.49%,1167.77,0.08%,-7222.78,-0.51%,414922.3,-0.49%
2125,Entry short,SHORT,6/20/2023 18:00,"26,775.99",53.10474,-7009.83,-0.49%,1167.77,0.08%,-7222.78,-0.51%,414922.3,-0.49%
2126,Exit long,SHORT,6/20/2023 21:00,"26,812.00",52.58372,-5047.51,-0.36%,3786.55,0.27%,-6558.24,-0.46%,409874.78,-0.36%
2126,Entry long,LONG,6/20/2023 19:00,"26,907.99",52.58372,-5047.51,-0.36%,3786.55,0.27%,-6558.24,-0.46%,409874.78,-0.36%
2127,Exit short,LONG,6/21/2023 0:00,"27,380.55",52.58372,-29896.47,-2.12%,8413.4,0.60%,-30656.31,-2.17%,379978.3,-2.12%
2127,Entry short,SHORT,6/20/2023 21:00,"26,812.00",52.58372,-29896.47,-2.12%,8413.4,0.60%,-30656.31,-2.17%,379978.3,-2.12%
2128,Exit long,SHORT,6/24/2023 23:00,"30,398.72",50.39998,152115.7,11.02%,204189.97,14.80%,-2051.28,-0.15%,532094,11.02%
2128,Entry long,LONG,6/21/2023 0:00,"27,380.55",50.39998,152115.7,11.02%,204189.97,14.80%,-2051.28,-0.15%,532094,11.02%
2129,Exit short,LONG,6/25/2023 1:00,"30,584.50",50.39995,-9363.3,-0.61%,7495.48,0.49%,-12680.12,-0.83%,522730.72,-0.61%
2129,Entry short,SHORT,6/24/2023 23:00,"30,398.72",50.39995,-9363.3,-0.61%,7495.48,0.49%,-12680.12,-0.83%,522730.72,-0.61%
2130,Exit long,SHORT,6/25/2023 22:00,"30,551.82",49.78769,-1627.06,-0.11%,22977.52,1.51%,-8740.23,-0.57%,521103.66,-0.11%
2130,Entry long,LONG,6/25/2023 1:00,"30,584.50",49.78769,-1627.06,-0.11%,22977.52,1.51%,-8740.23,-0.57%,521103.66,-0.11%
2131,Exit short,LONG,6/26/2023 21:00,"30,639.14",49.78766,-4347.46,-0.29%,29286.1,1.93%,-5310.85,-0.35%,516756.2,-0.29%
2131,Entry short,SHORT,6/25/2023 22:00,"30,551.82",49.78766,-4347.46,-0.29%,29286.1,1.93%,-5310.85,-0.35%,516756.2,-0.29%
2132,Exit long,SHORT,6/27/2023 5:00,"30,158.07",49.50387,-23814.83,-1.57%,1329.67,0.09%,-35105.18,-2.31%,492941.38,-1.57%
2132,Entry long,LONG,6/26/2023 21:00,"30,639.14",49.50387,-23814.83,-1.57%,1329.67,0.09%,-35105.18,-2.31%,492941.38,-1.57%
2133,Exit short,LONG,6/27/2023 6:00,"30,227.50",49.50387,-3437.05,-0.23%,2924.19,0.20%,-4953.85,-0.33%,489504.3,-0.23%
2133,Entry short,SHORT,6/27/2023 5:00,"30,158.07",49.50387,-3437.05,-0.23%,2924.19,0.20%,-4953.85,-0.33%,489504.3,-0.23%
2134,Exit long,SHORT,6/28/2023 14:00,"30,375.08",49.27643,7272.22,0.49%,37818.18,2.54%,-1477.8,-0.10%,496776.53,0.49%
2134,Entry long,LONG,6/27/2023 6:00,"30,227.50",49.27643,7272.22,0.49%,37818.18,2.54%,-1477.8,-0.10%,496776.53,0.49%
2135,Exit short,LONG,6/29/2023 14:00,"30,235.57",49.27646,6874.56,0.46%,25440.45,1.70%,-5705.23,-0.38%,503651.1,0.46%
2135,Entry short,SHORT,6/28/2023 14:00,"30,375.08",49.27646,6874.56,0.46%,25440.45,1.70%,-5705.23,-0.38%,503651.1,0.46%
2136,Exit long,SHORT,6/30/2023 6:00,"30,409.35",49.73123,8642.29,0.57%,30256.98,2.01%,-873.28,-0.06%,512293.38,0.57%
2136,Entry long,LONG,6/29/2023 14:00,"30,235.57",49.73123,8642.29,0.57%,30256.98,2.01%,-873.28,-0.06%,512293.38,0.57%
2137,Exit short,LONG,6/30/2023 11:00,"30,745.06",49.73119,-16695.26,-1.10%,3092.29,0.20%,-23589,-1.56%,495598.12,-1.10%
2137,Entry short,SHORT,6/30/2023 6:00,"30,409.35",49.73119,-16695.26,-1.10%,3092.29,0.20%,-23589,-1.56%,495598.12,-1.10%
2138,Exit long,SHORT,7/2/2023 9:00,"30,567.57",48.64518,-8634.03,-0.58%,26119.54,1.75%,-60566.17,-4.05%,486964.1,-0.58%
2138,Entry long,LONG,6/30/2023 11:00,"30,745.06",48.64518,-8634.03,-0.58%,26119.54,1.75%,-60566.17,-4.05%,486964.1,-0.58%
2139,Exit short,LONG,7/3/2023 2:00,"30,523.07",48.64515,2164.71,0.15%,20069.53,1.35%,-6108.37,-0.41%,489128.8,0.15%
2139,Entry short,SHORT,7/2/2023 9:00,"30,567.57",48.64515,2164.71,0.15%,20069.53,1.35%,-6108.37,-0.41%,489128.8,0.15%
2140,Exit long,SHORT,7/3/2023 17:00,"30,610.60",48.78699,4270.33,0.29%,13511.07,0.91%,-4761.61,-0.32%,493399.12,0.29%
2140,Entry long,LONG,7/3/2023 2:00,"30,523.07",48.78699,4270.33,0.29%,13511.07,0.91%,-4761.61,-0.32%,493399.12,0.29%
2141,Exit short,LONG,7/3/2023 22:00,"30,736.28",48.78699,-6131.55,-0.41%,1967.58,0.13%,-7044.84,-0.47%,487267.6,-0.41%
2141,Entry short,SHORT,7/3/2023 17:00,"30,610.60",48.78699,-6131.55,-0.41%,1967.58,0.13%,-7044.84,-0.47%,487267.6,-0.41%
2142,Exit long,SHORT,7/4/2023 15:00,"30,911.40",48.38804,8473.71,0.57%,31148.35,2.09%,-0.48,0.00%,495741.3,0.57%
2142,Entry long,LONG,7/3/2023 22:00,"30,736.28",48.38804,8473.71,0.57%,31148.35,2.09%,-0.48,0.00%,495741.3,0.57%
2143,Exit short,LONG,7/4/2023 19:00,"31,067.99",48.38801,-7577.08,-0.51%,2115.52,0.14%,-8158.22,-0.55%,488164.22,-0.51%
2143,Entry short,SHORT,7/4/2023 15:00,"30,911.40",48.38801,-7577.08,-0.51%,2115.52,0.14%,-8158.22,-0.55%,488164.22,-0.51%
2144,Exit long,SHORT,7/4/2023 23:00,"30,964.38",47.90024,-4962.94,-0.33%,575.28,0.04%,-8717.36,-0.59%,483201.28,-0.33%
2144,Entry long,LONG,7/4/2023 19:00,"31,067.99",47.90024,-4962.94,-0.33%,575.28,0.04%,-8717.36,-0.59%,483201.28,-0.33%
2145,Exit short,LONG,7/6/2023 14:00,"30,692.57",47.90024,13019.77,0.88%,36613.98,2.47%,-7933.24,-0.53%,496221.03,0.88%
2145,Entry short,SHORT,7/4/2023 23:00,"30,964.38",47.90024,13019.77,0.88%,36613.98,2.47%,-7933.24,-0.53%,496221.03,0.88%
2146,Exit long,SHORT,7/6/2023 23:00,"30,407.00",48.74867,-13921.16,-0.93%,39361.14,2.63%,-39221.72,-2.62%,482299.88,-0.93%
2146,Entry long,LONG,7/6/2023 14:00,"30,692.57",48.74867,-13921.16,-0.93%,39361.14,2.63%,-39221.72,-2.62%,482299.88,-0.93%
2147,Exit short,LONG,7/7/2023 13:00,"30,208.40",48.74863,9681.48,0.65%,34415.56,2.32%,-2785.01,-0.19%,491981.38,0.65%
2147,Entry short,SHORT,7/6/2023 23:00,"30,407.00",48.74863,9681.48,0.65%,34415.56,2.32%,-2785.01,-0.19%,491981.38,0.65%
2148,Exit long,SHORT,7/7/2023 14:00,"30,117.00",49.38961,-4514.21,-0.30%,1561.21,0.10%,-5353.83,-0.36%,487467.16,-0.30%
2148,Entry long,LONG,7/7/2023 13:00,"30,208.40",49.38961,-4514.21,-0.30%,1561.21,0.10%,-5353.83,-0.36%,487467.16,-0.30%
2149,Exit short,LONG,7/7/2023 20:00,"30,203.99",49.38961,-4296.4,-0.29%,9209.68,0.62%,-11507.78,-0.77%,483170.75,-0.29%
2149,Entry short,SHORT,7/7/2023 14:00,"30,117.00",49.38961,-4296.4,-0.29%,9209.68,0.62%,-11507.78,-0.77%,483170.75,-0.29%
2150,Exit long,SHORT,7/8/2023 15:00,"30,193.36",49.10515,-521.99,-0.04%,12031.25,0.81%,-4320.76,-0.29%,482648.75,-0.04%
2150,Entry long,LONG,7/7/2023 20:00,"30,203.99",49.10515,-521.99,-0.04%,12031.25,0.81%,-4320.76,-0.29%,482648.75,-0.04%
2151,Exit short,LONG,7/8/2023 17:00,"30,248.71",49.10512,-2717.97,-0.18%,155.66,0.01%,-5923.06,-0.40%,479930.78,-0.18%
2151,Entry short,SHORT,7/8/2023 15:00,"30,193.36",49.10512,-2717.97,-0.18%,155.66,0.01%,-5923.06,-0.40%,479930.78,-0.18%
2152,Exit long,SHORT,7/8/2023 18:00,"30,222.79",48.92538,-1268.15,-0.09%,235.33,0.02%,-1268.15,-0.09%,478662.66,-0.09%
2152,Entry long,LONG,7/8/2023 17:00,"30,248.71",48.92538,-1268.15,-0.09%,235.33,0.02%,-1268.15,-0.09%,478662.66,-0.09%
2153,Exit short,LONG,7/9/2023 7:00,"30,284.63",48.92541,-3025.55,-0.20%,8724.38,0.59%,-4670.42,-0.32%,475637.1,-0.20%
2153,Entry short,SHORT,7/8/2023 18:00,"30,222.79",48.92541,-3025.55,-0.20%,8724.38,0.59%,-4670.42,-0.32%,475637.1,-0.20%
2154,Exit long,SHORT,7/10/2023 2:00,"30,258.00",48.72561,-1297.56,-0.09%,7839.46,0.53%,-4610.9,-0.31%,474339.53,-0.09%
2154,Entry long,LONG,7/9/2023 7:00,"30,284.63",48.72561,-1297.56,-0.09%,7839.46,0.53%,-4610.9,-0.31%,474339.53,-0.09%
2155,Exit short,LONG,7/10/2023 20:00,"30,161.46",48.72561,4703.97,0.32%,15007.49,1.02%,-1351.65,-0.09%,479043.5,0.32%
2155,Entry short,SHORT,7/10/2023 2:00,"30,258.00",48.72561,4703.97,0.32%,15007.49,1.02%,-1351.65,-0.09%,479043.5,0.32%
2156,Exit long,SHORT,7/13/2023 0:00,"30,487.04",49.03749,15965.63,1.08%,43364.83,2.93%,-128.97,-0.01%,495009.12,1.08%
2156,Entry long,LONG,7/10/2023 20:00,"30,161.46",49.03749,15965.63,1.08%,43364.83,2.93%,-128.97,-0.01%,495009.12,1.08%
2157,Exit short,LONG,7/13/2023 17:00,"30,576.68",49.03752,-4395.72,-0.29%,13585.35,0.91%,-5789.37,-0.39%,490613.4,-0.29%
2157,Entry short,SHORT,7/13/2023 0:00,"30,487.04",49.03752,-4395.72,-0.29%,13585.35,0.91%,-5789.37,-0.39%,490613.4,-0.29%
2158,Exit long,SHORT,7/14/2023 17:00,"31,187.03",48.75,29754.56,2.00%,59841.6,4.01%,-5692.54,-0.38%,520367.97,2.00%
2158,Entry long,LONG,7/13/2023 17:00,"30,576.68",48.75,29754.56,2.00%,59841.6,4.01%,-5692.54,-0.38%,520367.97,2.00%
2159,Exit short,LONG,7/14/2023 22:00,"31,300.57",48.75,-5535.07,-0.36%,6680.21,0.44%,-7164.79,-0.47%,514832.9,-0.36%
2159,Entry short,SHORT,7/14/2023 17:00,"31,187.03",48.75,-5535.07,-0.36%,6680.21,0.44%,-7164.79,-0.47%,514832.9,-0.36%
2160,Exit long,SHORT,7/15/2023 1:00,"30,688.63",48.39636,-29615.67,-1.96%,2881.52,0.19%,-31582.01,-2.08%,485217.22,-1.96%
2160,Entry long,LONG,7/14/2023 22:00,"31,300.57",48.39636,-29615.67,-1.96%,2881.52,0.19%,-31582.01,-2.08%,485217.22,-1.96%
2161,Exit short,LONG,7/15/2023 11:00,"30,292.90",48.39633,19151.88,1.29%,38166.8,2.57%,-3983.99,-0.27%,504369.1,1.29%
2161,Entry short,SHORT,7/15/2023 1:00,"30,688.63",48.39633,19151.88,1.29%,38166.8,2.57%,-3983.99,-0.27%,504369.1,1.29%
2162,Exit long,SHORT,7/16/2023 6:00,"30,285.43",49.66074,-370.97,-0.02%,3911.78,0.26%,-2081.28,-0.14%,503998.16,-0.02%
2162,Entry long,LONG,7/15/2023 11:00,"30,292.90",49.66074,-370.97,-0.02%,3911.78,0.26%,-2081.28,-0.14%,503998.16,-0.02%
2163,Exit short,LONG,7/16/2023 19:00,"30,306.01",49.66078,-1022.02,-0.07%,10981.99,0.73%,-3206.6,-0.21%,502976.12,-0.07%
2163,Entry short,SHORT,7/16/2023 6:00,"30,285.43",49.66078,-1022.02,-0.07%,10981.99,0.73%,-3206.6,-0.21%,502976.12,-0.07%
2164,Exit long,SHORT,7/16/2023 20:00,"30,293.96",49.59333,-597.6,-0.04%,1685.68,0.11%,-893.18,-0.06%,502378.53,-0.04%
2164,Entry long,LONG,7/16/2023 19:00,"30,306.01",49.59333,-597.6,-0.04%,1685.68,0.11%,-893.18,-0.06%,502378.53,-0.04%
2165,Exit short,LONG,7/16/2023 22:00,"30,402.00",49.59333,-5358.06,-0.36%,1035.51,0.07%,-7315.02,-0.49%,497020.47,-0.36%
2165,Entry short,SHORT,7/16/2023 20:00,"30,293.96",49.59333,-5358.06,-0.36%,1035.51,0.07%,-7315.02,-0.49%,497020.47,-0.36%
2166,Exit long,SHORT,7/17/2023 3:00,"30,252.94",49.24088,-7339.85,-0.49%,1477.23,0.10%,-9925.48,-0.66%,489680.62,-0.49%
2166,Entry long,LONG,7/16/2023 22:00,"30,402.00",49.24088,-7339.85,-0.49%,1477.23,0.10%,-9925.48,-0.66%,489680.62,-0.49%
2167,Exit short,LONG,7/17/2023 11:00,"30,312.66",49.24085,-2940.66,-0.20%,6400.82,0.43%,-5320.97,-0.36%,486739.94,-0.20%
2167,Entry short,SHORT,7/17/2023 3:00,"30,252.94",49.24085,-2940.66,-0.20%,6400.82,0.43%,-5320.97,-0.36%,486739.94,-0.20%
2168,Exit long,SHORT,7/17/2023 13:00,"30,264.28",49.04683,-2372.89,-0.16%,509.6,0.03%,-2373.38,-0.16%,484367.06,-0.16%
2168,Entry long,LONG,7/17/2023 11:00,"30,312.66",49.04683,-2372.89,-0.16%,509.6,0.03%,-2373.38,-0.16%,484367.06,-0.16%
2169,Exit short,LONG,7/18/2023 9:00,"30,215.85",49.04683,2375.34,0.16%,29677.26,2.00%,-3125.26,-0.21%,486742.4,0.16%
2169,Entry short,SHORT,7/17/2023 13:00,"30,264.28",49.04683,2375.34,0.16%,29677.26,2.00%,-3125.26,-0.21%,486742.4,0.16%
2170,Exit long,SHORT,7/18/2023 13:00,"30,052.23",49.20408,-8050.77,-0.54%,597.34,0.04%,-8652.54,-0.58%,478691.62,-0.54%
2170,Entry long,LONG,7/18/2023 9:00,"30,215.85",49.20408,-8050.77,-0.54%,597.34,0.04%,-8652.54,-0.58%,478691.62,-0.54%
2171,Exit short,LONG,7/19/2023 4:00,"29,777.99",49.20405,13493.72,0.91%,26581.5,1.80%,-2925.18,-0.20%,492185.34,0.91%
2171,Entry short,SHORT,7/18/2023 13:00,"30,052.23",49.20405,13493.72,0.91%,26581.5,1.80%,-2925.18,-0.20%,492185.34,0.91%
2172,Exit long,SHORT,7/21/2023 0:00,"29,716.69",50.11031,-3071.76,-0.21%,32044.04,2.15%,-7564.15,-0.51%,489113.6,-0.21%
2172,Entry long,LONG,7/19/2023 4:00,"29,777.99",50.11031,-3071.76,-0.21%,32044.04,2.15%,-7564.15,-0.51%,489113.6,-0.21%
2173,Exit short,LONG,7/21/2023 10:00,"29,903.20",50.11034,-9346.08,-0.63%,7302.58,0.49%,-11842.07,-0.80%,479767.5,-0.63%
2173,Entry short,SHORT,7/21/2023 0:00,"29,716.69",50.11034,-9346.08,-0.63%,7302.58,0.49%,-11842.07,-0.80%,479767.5,-0.63%
2174,Exit long,SHORT,7/21/2023 14:00,"29,856.47",49.48528,-2312.45,-0.16%,1920.03,0.13%,-5601.73,-0.38%,477455.06,-0.16%
2174,Entry long,LONG,7/21/2023 10:00,"29,903.20",49.48528,-2312.45,-0.16%,1920.03,0.13%,-5601.73,-0.38%,477455.06,-0.16%
2175,Exit short,LONG,7/22/2023 0:00,"29,828.00",49.48525,1408.85,0.10%,6270.28,0.42%,-2843.92,-0.19%,478863.9,0.10%
2175,Entry short,SHORT,7/21/2023 14:00,"29,856.47",49.48525,1408.85,0.10%,6270.28,0.42%,-2843.92,-0.19%,478863.9,0.10%
2176,Exit long,SHORT,7/22/2023 12:00,"29,884.00",49.57972,2776.46,0.19%,11586.78,0.78%,-2875.62,-0.19%,481640.38,0.19%
2176,Entry long,LONG,7/22/2023 0:00,"29,828.00",49.57972,2776.46,0.19%,11586.78,0.78%,-2875.62,-0.19%,481640.38,0.19%
2177,Exit short,LONG,7/23/2023 12:00,"29,905.23",49.57972,-1052.58,-0.07%,12836.19,0.87%,-5255.45,-0.35%,480587.78,-0.07%
2177,Entry short,SHORT,7/22/2023 12:00,"29,884.00",49.57972,-1052.58,-0.07%,12836.19,0.87%,-5255.45,-0.35%,480587.78,-0.07%
2178,Exit long,SHORT,7/24/2023 11:00,"29,716.00",49.50935,-9368.65,-0.63%,22020.27,1.49%,-11654.5,-0.79%,471219.12,-0.63%
2178,Entry long,LONG,7/23/2023 12:00,"29,905.23",49.50935,-9368.65,-0.63%,22020.27,1.49%,-11654.5,-0.79%,471219.12,-0.63%
2179,Exit short,LONG,7/25/2023 16:00,"29,191.43",49.50932,25971.1,1.77%,42285.91,2.87%,-7624.43,-0.52%,497190.25,1.77%
2179,Entry short,SHORT,7/24/2023 11:00,"29,716.00",49.50932,25971.1,1.77%,42285.91,2.87%,-7624.43,-0.52%,497190.25,1.77%
2180,Exit long,SHORT,7/25/2023 20:00,"29,118.01",51.28869,-3765.62,-0.25%,4645.22,0.31%,-4789.85,-0.32%,493424.62,-0.25%
2180,Entry long,LONG,7/25/2023 16:00,"29,191.43",51.28869,-3765.62,-0.25%,4645.22,0.31%,-4789.85,-0.32%,493424.62,-0.25%
2181,Exit short,LONG,7/26/2023 23:00,"29,324.01",51.28869,-10565.47,-0.71%,1803.82,0.12%,-15123.5,-1.01%,482859.16,-0.71%
2181,Entry short,SHORT,7/25/2023 20:00,"29,118.01",51.28869,-10565.47,-0.71%,1803.82,0.12%,-15123.5,-1.01%,482859.16,-0.71%
2182,Exit long,SHORT,7/27/2023 22:00,"29,350.00",50.56812,1314.27,0.09%,18507.43,1.25%,-6523.79,-0.44%,484173.44,0.09%
2182,Entry long,LONG,7/26/2023 23:00,"29,324.01",50.56812,1314.27,0.09%,18507.43,1.25%,-6523.79,-0.44%,484173.44,0.09%
2183,Exit short,LONG,7/28/2023 22:00,"29,487.41",50.56808,-6948.56,-0.47%,13458.69,0.91%,-8495.44,-0.57%,477224.88,-0.47%
2183,Entry short,SHORT,7/27/2023 22:00,"29,350.00",50.56808,-6948.56,-0.47%,13458.69,0.91%,-8495.44,-0.57%,477224.88,-0.47%
2184,Exit long,SHORT,7/29/2023 3:00,"29,316.00",50.09679,-8587.09,-0.58%,2745.81,0.19%,-14696.39,-0.99%,468637.78,-0.58%
2184,Entry long,LONG,7/28/2023 22:00,"29,487.41",50.09679,-8587.09,-0.58%,2745.81,0.19%,-14696.39,-0.99%,468637.78,-0.58%
2185,Exit short,LONG,7/29/2023 10:00,"29,379.08",50.09679,-3160.11,-0.22%,1569.03,0.11%,-4015.26,-0.27%,465477.66,-0.22%
2185,Entry short,SHORT,7/29/2023 3:00,"29,316.00",50.09679,-3160.11,-0.22%,1569.03,0.11%,-4015.26,-0.27%,465477.66,-0.22%
2186,Exit long,SHORT,7/29/2023 15:00,"29,295.00",49.88167,-4194.05,-0.29%,1388.71,0.09%,-4194.05,-0.29%,461283.62,-0.29%
2186,Entry long,LONG,7/29/2023 10:00,"29,379.08",49.88167,-4194.05,-0.29%,1388.71,0.09%,-4194.05,-0.29%,461283.62,-0.29%
2187,Exit short,LONG,7/30/2023 4:00,"29,355.23",49.88167,-3004.37,-0.21%,1936.41,0.13%,-4285.83,-0.29%,458279.25,-0.21%
2187,Entry short,SHORT,7/29/2023 15:00,"29,295.00",49.88167,-3004.37,-0.21%,1936.41,0.13%,-4285.83,-0.29%,458279.25,-0.21%
2188,Exit long,SHORT,7/30/2023 10:00,"29,313.35",49.67698,-2080.47,-0.14%,734.72,0.05%,-2444.11,-0.17%,456198.78,-0.14%
2188,Entry long,LONG,7/30/2023 4:00,"29,355.23",49.67698,-2080.47,-0.14%,734.72,0.05%,-2444.11,-0.17%,456198.78,-0.14%
2189,Exit short,LONG,7/31/2023 0:00,"29,380.01",49.67698,-3311.47,-0.23%,4030.29,0.28%,-6738.68,-0.46%,452887.3,-0.23%
2189,Entry short,SHORT,7/30/2023 10:00,"29,313.35",49.67698,-3311.47,-0.23%,4030.29,0.28%,-6738.68,-0.46%,452887.3,-0.23%
2190,Exit long,SHORT,7/31/2023 3:00,"29,202.28",49.45152,-8789.02,-0.60%,947.99,0.07%,-13178.83,-0.91%,444098.28,-0.60%
2190,Entry long,LONG,7/31/2023 0:00,"29,380.01",49.45152,-8789.02,-0.60%,947.99,0.07%,-13178.83,-0.91%,444098.28,-0.60%
2191,Exit short,LONG,7/31/2023 4:00,"29,270.96",49.45155,-3396.33,-0.24%,8359.29,0.58%,-3587.71,-0.25%,440701.94,-0.24%
2191,Entry short,SHORT,7/31/2023 3:00,"29,202.28",49.45155,-3396.33,-0.24%,8359.29,0.58%,-3587.71,-0.25%,440701.94,-0.24%
2192,Exit long,SHORT,7/31/2023 5:00,"29,213.86",49.21949,-2810.43,-0.20%,0,0.00%,-4479.47,-0.31%,437891.53,-0.20%
2192,Entry long,LONG,7/31/2023 4:00,"29,270.96",49.21949,-2810.43,-0.20%,0,0.00%,-4479.47,-0.31%,437891.53,-0.20%
2193,Exit short,LONG,7/31/2023 9:00,"29,452.00",49.21949,-11721.13,-0.82%,3143.16,0.22%,-15560.25,-1.08%,426170.38,-0.82%
2193,Entry short,SHORT,7/31/2023 5:00,"29,213.86",49.21949,-11721.13,-0.82%,3143.16,0.22%,-15560.25,-1.08%,426170.38,-0.82%
2194,Exit long,SHORT,7/31/2023 15:00,"29,373.62",48.42358,-3795.44,-0.27%,2162.6,0.15%,-4423.01,-0.31%,422374.94,-0.27%
2194,Entry long,LONG,7/31/2023 9:00,"29,452.00",48.42358,-3795.44,-0.27%,2162.6,0.15%,-4423.01,-0.31%,422374.94,-0.27%
2195,Exit short,LONG,7/31/2023 20:00,"29,472.50",48.42354,-4788.12,-0.34%,1999.89,0.14%,-4859.3,-0.34%,417586.84,-0.34%
2195,Entry short,SHORT,7/31/2023 15:00,"29,373.62",48.42354,-4788.12,-0.34%,1999.89,0.14%,-4859.3,-0.34%,417586.84,-0.34%
2196,Exit long,SHORT,8/1/2023 0:00,"29,232.50",48.09862,-11543.67,-0.81%,0.48,0.00%,-14095.78,-0.99%,406043.16,-0.81%
2196,Entry long,LONG,7/31/2023 20:00,"29,472.50",48.09862,-11543.67,-0.81%,0.48,0.00%,-14095.78,-0.99%,406043.16,-0.81%
2197,Exit short,LONG,8/2/2023 2:00,"29,271.99",48.09862,-1899.41,-0.14%,31110.19,2.21%,-5514.99,-0.39%,404143.75,-0.14%
2197,Entry short,SHORT,8/1/2023 0:00,"29,232.50",48.09862,-1899.41,-0.14%,31110.19,2.21%,-5514.99,-0.39%,404143.75,-0.14%
2198,Exit long,SHORT,8/2/2023 17:00,"29,453.52",47.96881,8707.78,0.62%,37200.29,2.65%,-4412.65,-0.31%,412851.53,0.62%
2198,Entry long,LONG,8/2/2023 2:00,"29,271.99",47.96881,8707.78,0.62%,37200.29,2.65%,-4412.65,-0.31%,412851.53,0.62%
2199,Exit short,LONG,8/3/2023 21:00,"29,195.54",47.96885,12375,0.88%,25232.57,1.79%,-7208.76,-0.51%,425226.53,0.88%
2199,Entry short,SHORT,8/2/2023 17:00,"29,453.52",47.96885,12375,0.88%,25232.57,1.79%,-7208.76,-0.51%,425226.53,0.88%
2200,Exit long,SHORT,8/4/2023 10:00,"29,166.00",48.81655,-1442.04,-0.10%,11608.09,0.81%,-4663.93,-0.33%,423784.5,-0.10%
2200,Entry long,LONG,8/3/2023 21:00,"29,195.54",48.81655,-1442.04,-0.10%,11608.09,0.81%,-4663.93,-0.33%,423784.5,-0.10%
2201,Exit short,LONG,8/4/2023 13:00,"29,240.83",48.81658,-3652.94,-0.26%,1527.96,0.11%,-4141.6,-0.29%,420131.53,-0.26%
2201,Entry short,SHORT,8/4/2023 10:00,"29,166.00",48.81658,-3652.94,-0.26%,1527.96,0.11%,-4141.6,-0.29%,420131.53,-0.26%
2202,Exit long,SHORT,8/4/2023 18:00,"29,161.91",48.56669,-3832.88,-0.27%,1101.98,0.08%,-4411.31,-0.31%,416298.66,-0.27%
2202,Entry long,LONG,8/4/2023 13:00,"29,240.83",48.56669,-3832.88,-0.27%,1101.98,0.08%,-4411.31,-0.31%,416298.66,-0.27%
2203,Exit short,LONG,8/4/2023 21:00,"29,240.73",48.56673,-3828.03,-0.27%,1549.76,0.11%,-8313.17,-0.59%,412470.62,-0.27%
2203,Entry short,SHORT,8/4/2023 18:00,"29,161.91",48.56673,-3828.03,-0.27%,1549.76,0.11%,-8313.17,-0.59%,412470.62,-0.27%
2204,Exit long,SHORT,8/5/2023 3:00,"29,032.05",48.30493,-10080.27,-0.71%,2922.45,0.21%,-14043.69,-0.99%,402390.34,-0.71%
2204,Entry long,LONG,8/4/2023 21:00,"29,240.73",48.30493,-10080.27,-0.71%,2922.45,0.21%,-14043.69,-0.99%,402390.34,-0.71%
2205,Exit short,LONG,8/6/2023 13:00,"29,103.25",48.3049,-3439.31,-0.25%,10844.93,0.77%,-5805.28,-0.41%,398951.06,-0.25%
2205,Entry short,SHORT,8/5/2023 3:00,"29,032.05",48.3049,-3439.31,-0.25%,10844.93,0.77%,-5805.28,-0.41%,398951.06,-0.25%
2206,Exit long,SHORT,8/6/2023 21:00,"29,016.01",48.06855,-4193.5,-0.30%,1862.66,0.13%,-4286.27,-0.31%,394757.56,-0.30%
2206,Entry long,LONG,8/6/2023 13:00,"29,103.25",48.06855,-4193.5,-0.30%,1862.66,0.13%,-4286.27,-0.31%,394757.56,-0.30%
2207,Exit short,LONG,8/7/2023 10:00,"29,197.00",48.06855,-8699.93,-0.62%,1159.89,0.08%,-10267.92,-0.74%,386057.62,-0.62%
2207,Entry short,SHORT,8/6/2023 21:00,"29,016.01",48.06855,-8699.93,-0.62%,1159.89,0.08%,-10267.92,-0.74%,386057.62,-0.62%
2208,Exit long,SHORT,8/7/2023 14:00,"29,052.00",47.4726,-6883.53,-0.50%,653.22,0.05%,-6941.92,-0.50%,379174.1,-0.50%
2208,Entry long,LONG,8/7/2023 10:00,"29,197.00",47.4726,-6883.53,-0.50%,653.22,0.05%,-6941.92,-0.50%,379174.1,-0.50%
2209,Exit short,LONG,8/8/2023 4:00,"29,199.00",47.4726,-6978.47,-0.51%,16661.46,1.21%,-6978.47,-0.51%,372195.62,-0.51%
2209,Entry short,SHORT,8/7/2023 14:00,"29,052.00",47.4726,-6978.47,-0.51%,16661.46,1.21%,-6978.47,-0.51%,372195.62,-0.51%
2210,Exit long,SHORT,8/10/2023 1:00,"29,515.27",46.99464,14863,1.08%,49109.4,3.58%,-2969.12,-0.22%,387058.62,1.08%
2210,Entry long,LONG,8/8/2023 4:00,"29,199.00",46.99464,14863,1.08%,49109.4,3.58%,-2969.12,-0.22%,387058.62,1.08%
2211,Exit short,LONG,8/10/2023 22:00,"29,495.76",46.99461,916.86,0.07%,6513.45,0.47%,-10467.11,-0.75%,387975.47,0.07%
2211,Entry short,SHORT,8/10/2023 1:00,"29,515.27",46.99461,916.86,0.07%,6513.45,0.47%,-10467.11,-0.75%,387975.47,0.07%
2212,Exit long,SHORT,8/11/2023 0:00,"29,431.16",47.05677,-3039.87,-0.22%,1670.04,0.12%,-5212.01,-0.38%,384935.62,-0.22%
2212,Entry long,LONG,8/10/2023 22:00,"29,495.76",47.05677,-3039.87,-0.22%,1670.04,0.12%,-5212.01,-0.38%,384935.62,-0.22%
2213,Exit short,LONG,8/11/2023 8:00,"29,481.65",47.05677,-2375.9,-0.17%,5221.42,0.38%,-3153.27,-0.23%,382559.72,-0.17%
2213,Entry short,SHORT,8/11/2023 0:00,"29,431.16",47.05677,-2375.9,-0.17%,5221.42,0.38%,-3153.27,-0.23%,382559.72,-0.17%
2214,Exit long,SHORT,8/11/2023 10:00,"29,373.01",46.89556,-5094.73,-0.37%,451.6,0.03%,-6057.97,-0.44%,377464.97,-0.37%
2214,Entry long,LONG,8/11/2023 8:00,"29,481.65",46.89556,-5094.73,-0.37%,451.6,0.03%,-6057.97,-0.44%,377464.97,-0.37%
2215,Exit short,LONG,8/11/2023 14:00,"29,462.00",46.8956,-4173.24,-0.30%,833.8,0.06%,-4723.32,-0.34%,373291.75,-0.30%
2215,Entry short,SHORT,8/11/2023 10:00,"29,373.01",46.8956,-4173.24,-0.30%,833.8,0.06%,-4723.32,-0.34%,373291.75,-0.30%
2216,Exit long,SHORT,8/11/2023 16:00,"29,413.22",46.61227,-2273.75,-0.17%,1305.14,0.10%,-2567.87,-0.19%,371018,-0.17%
2216,Entry long,LONG,8/11/2023 14:00,"29,462.00",46.61227,-2273.75,-0.17%,1305.14,0.10%,-2567.87,-0.19%,371018,-0.17%
2217,Exit short,LONG,8/11/2023 22:00,"29,495.44",46.6123,-3832.46,-0.28%,2946.83,0.21%,-7052.44,-0.51%,367185.53,-0.28%
2217,Entry short,SHORT,8/11/2023 16:00,"29,413.22",46.6123,-3832.46,-0.28%,2946.83,0.21%,-7052.44,-0.51%,367185.53,-0.28%
2218,Exit long,SHORT,8/12/2023 0:00,"29,361.77",46.35243,-6195.93,-0.45%,1365.08,0.10%,-11263.18,-0.82%,360989.6,-0.45%
2218,Entry long,LONG,8/11/2023 22:00,"29,495.44",46.35243,-6195.93,-0.45%,1365.08,0.10%,-11263.18,-0.82%,360989.6,-0.45%
2219,Exit short,LONG,8/12/2023 6:00,"29,434.57",46.35243,-3374.46,-0.25%,1797.08,0.13%,-3845.4,-0.28%,357615.16,-0.25%
2219,Entry short,SHORT,8/12/2023 0:00,"29,361.77",46.35243,-3374.46,-0.25%,1797.08,0.13%,-3845.4,-0.28%,357615.16,-0.25%
2220,Exit long,SHORT,8/12/2023 10:00,"29,391.46",46.12318,-1988.37,-0.15%,1206.58,0.09%,-1988.83,-0.15%,355626.78,-0.15%
2220,Entry long,LONG,8/12/2023 6:00,"29,434.57",46.12318,-1988.37,-0.15%,1206.58,0.09%,-1988.83,-0.15%,355626.78,-0.15%
2221,Exit short,LONG,8/12/2023 18:00,"29,434.35",46.12315,-1978.22,-0.15%,456.62,0.03%,-1978.22,-0.15%,353648.56,-0.15%
2221,Entry short,SHORT,8/12/2023 10:00,"29,391.46",46.12315,-1978.22,-0.15%,456.62,0.03%,-1978.22,-0.15%,353648.56,-0.15%
2222,Exit long,SHORT,8/13/2023 3:00,"29,416.17",45.98873,-836.08,-0.06%,2161.47,0.16%,-1198.93,-0.09%,352812.47,-0.06%
2222,Entry long,LONG,8/12/2023 18:00,"29,434.35",45.98873,-836.08,-0.06%,2161.47,0.16%,-1198.93,-0.09%,352812.47,-0.06%
2223,Exit short,LONG,8/13/2023 8:00,"29,450.00",45.98873,-1555.8,-0.12%,743.64,0.05%,-1555.8,-0.12%,351256.7,-0.12%
2223,Entry short,SHORT,8/13/2023 3:00,"29,416.17",45.98873,-1555.8,-0.12%,743.64,0.05%,-1555.8,-0.12%,351256.7,-0.12%
2224,Exit long,SHORT,8/13/2023 13:00,"29,384.99",45.88311,-2982.86,-0.22%,239.05,0.02%,-3991.83,-0.30%,348273.8,-0.22%
2224,Entry long,LONG,8/13/2023 8:00,"29,450.00",45.88311,-2982.86,-0.22%,239.05,0.02%,-3991.83,-0.30%,348273.8,-0.22%
2225,Exit short,LONG,8/13/2023 17:00,"29,413.70",45.88307,-1317.3,-0.10%,157.38,0.01%,-1355.39,-0.10%,346956.53,-0.10%
2225,Entry short,SHORT,8/13/2023 13:00,"29,384.99",45.88307,-1317.3,-0.10%,157.38,0.01%,-1355.39,-0.10%,346956.53,-0.10%
2226,Exit long,SHORT,8/13/2023 19:00,"29,383.39",45.7935,-1388,-0.10%,129.6,0.01%,-1749.77,-0.13%,345568.53,-0.10%
2226,Entry long,LONG,8/13/2023 17:00,"29,413.70",45.7935,-1388,-0.10%,129.6,0.01%,-1749.77,-0.13%,345568.53,-0.10%
2227,Exit short,LONG,8/14/2023 14:00,"29,419.84",45.7935,-1669.17,-0.12%,12865.23,0.96%,-4179.11,-0.31%,343899.34,-0.12%
2227,Entry short,SHORT,8/13/2023 19:00,"29,383.39",45.7935,-1669.17,-0.12%,12865.23,0.96%,-4179.11,-0.31%,343899.34,-0.12%
2228,Exit long,SHORT,8/15/2023 12:00,"29,378.01",45.68003,-1910.8,-0.14%,12583.94,0.94%,-7438.54,-0.55%,341988.56,-0.14%
2228,Entry long,LONG,8/14/2023 14:00,"29,419.84",45.68003,-1910.8,-0.14%,12583.94,0.94%,-7438.54,-0.55%,341988.56,-0.14%
2229,Exit short,LONG,8/19/2023 23:00,"26,216.01",45.68003,144440.25,10.76%,192404.75,14.34%,-5538.7,-0.41%,486428.8,10.76%
2229,Entry short,SHORT,8/15/2023 12:00,"29,378.01",45.68003,144440.25,10.76%,192404.75,14.34%,-5538.7,-0.41%,486428.8,10.76%
2230,Exit long,SHORT,8/21/2023 11:00,"26,090.66",56.69927,-7107.25,-0.48%,4705.47,0.32%,-13889.05,-0.93%,479321.56,-0.48%
2230,Entry long,LONG,8/19/2023 23:00,"26,216.01",56.69927,-7107.25,-0.48%,4705.47,0.32%,-13889.05,-0.93%,479321.56,-0.48%
2231,Exit short,LONG,8/22/2023 3:00,"26,097.73",56.69927,-400.86,-0.03%,15799.82,1.07%,-6136.56,-0.41%,478920.7,-0.03%
2231,Entry short,SHORT,8/21/2023 11:00,"26,090.66",56.69927,-400.86,-0.03%,15799.82,1.07%,-6136.56,-0.41%,478920.7,-0.03%
2232,Exit long,SHORT,8/22/2023 9:00,"26,050.00",56.66851,-2704.79,-0.18%,9106.06,0.62%,-2704.79,-0.18%,476215.9,-0.18%
2232,Entry long,LONG,8/22/2023 3:00,"26,097.73",56.66851,-2704.79,-0.18%,9106.06,0.62%,-2704.79,-0.18%,476215.9,-0.18%
2233,Exit short,LONG,8/23/2023 10:00,"26,044.41",56.66855,316.78,0.02%,42501.41,2.88%,-7819.69,-0.53%,476532.7,0.02%
2233,Entry short,SHORT,8/22/2023 9:00,"26,050.00",56.66855,316.78,0.02%,42501.41,2.88%,-7819.69,-0.53%,476532.7,0.02%
2234,Exit long,SHORT,8/23/2023 18:00,"25,965.99",56.69283,-4445.85,-0.30%,7908.65,0.54%,-5130.13,-0.35%,472086.8,-0.30%
2234,Entry long,LONG,8/23/2023 10:00,"26,044.41",56.69283,-4445.85,-0.30%,7908.65,0.54%,-5130.13,-0.35%,472086.8,-0.30%
2235,Exit short,LONG,8/24/2023 0:00,"26,396.01",56.69288,-24379.07,-1.66%,8683.65,0.59%,-29195.7,-1.98%,447707.75,-1.66%
2235,Entry short,SHORT,8/23/2023 18:00,"25,965.99",56.69288,-24379.07,-1.66%,8683.65,0.59%,-29195.7,-1.98%,447707.75,-1.66%
2236,Exit long,SHORT,8/24/2023 20:00,"26,390.08",54.84574,-325.24,-0.02%,23214.01,1.60%,-9520.12,-0.66%,447382.53,-0.02%
2236,Entry long,LONG,8/24/2023 0:00,"26,396.01",54.84574,-325.24,-0.02%,23214.01,1.60%,-9520.12,-0.66%,447382.53,-0.02%
2237,Exit short,LONG,8/26/2023 22:00,"26,068.01",54.8457,17664.15,1.22%,33616.57,2.32%,-1915.76,-0.13%,465046.66,1.22%
2237,Entry short,SHORT,8/24/2023 20:00,"26,390.08",54.8457,17664.15,1.22%,33616.57,2.32%,-1915.76,-0.13%,465046.66,1.22%
2238,Exit long,SHORT,8/27/2023 7:00,"26,017.38",56.20094,-2845.45,-0.19%,561.45,0.04%,-4485.4,-0.31%,462201.22,-0.19%
2238,Entry long,LONG,8/26/2023 22:00,"26,068.01",56.20094,-2845.45,-0.19%,561.45,0.04%,-4485.4,-0.31%,462201.22,-0.19%
2239,Exit short,LONG,8/27/2023 13:00,"26,033.52",56.20094,-907.08,-0.06%,2881.42,0.20%,-1551.15,-0.11%,461294.12,-0.06%
2239,Entry short,SHORT,8/27/2023 7:00,"26,017.38",56.20094,-907.08,-0.06%,2881.42,0.20%,-1551.15,-0.11%,461294.12,-0.06%
2240,Exit long,SHORT,8/28/2023 12:00,"26,026.62",56.13125,-387.31,-0.03%,8347.28,0.57%,-2644.34,-0.18%,460906.84,-0.03%
2240,Entry long,LONG,8/27/2023 13:00,"26,033.52",56.13125,-387.31,-0.03%,8347.28,0.57%,-2644.34,-0.18%,460906.84,-0.03%
2241,Exit short,LONG,8/28/2023 20:00,"26,136.54",56.13125,-6169.95,-0.42%,9100,0.62%,-12762.56,-0.87%,454736.88,-0.42%
2241,Entry short,SHORT,8/28/2023 12:00,"26,026.62",56.13125,-6169.95,-0.42%,9100,0.62%,-12762.56,-0.87%,454736.88,-0.42%
2242,Exit long,SHORT,8/29/2023 13:00,"26,065.15",55.65907,-3973.5,-0.27%,3879.44,0.27%,-12163.73,-0.84%,450763.38,-0.27%
2242,Entry long,LONG,8/28/2023 20:00,"26,136.54",55.65907,-3973.5,-0.27%,3879.44,0.27%,-12163.73,-0.84%,450763.38,-0.27%
2243,Exit short,LONG,8/29/2023 23:00,"27,423.44",55.65912,-75601.23,-5.21%,7967.6,0.55%,-90549.04,-6.24%,375162.16,-5.21%
2243,Entry short,SHORT,8/29/2023 13:00,"26,065.15",55.65912,-75601.23,-5.21%,7967.6,0.55%,-90549.04,-6.24%,375162.16,-5.21%
2244,Exit long,SHORT,8/30/2023 9:00,"27,552.63",50.1455,6478.3,0.47%,36075.18,2.62%,-3682.18,-0.27%,381640.44,0.47%
2244,Entry long,LONG,8/29/2023 23:00,"27,423.44",50.1455,6478.3,0.47%,36075.18,2.62%,-3682.18,-0.27%,381640.44,0.47%
2245,Exit short,LONG,9/2/2023 18:00,"25,832.89",50.1455,86237.22,6.24%,111266.84,8.05%,-1749.08,-0.13%,467877.7,6.24%
2245,Entry short,SHORT,8/30/2023 9:00,"27,552.63",50.1455,86237.22,6.24%,111266.84,8.05%,-1749.08,-0.13%,467877.7,6.24%
2246,Exit long,SHORT,9/4/2023 13:00,"25,934.44",56.82204,5770.28,0.39%,17166.51,1.17%,-3959.93,-0.27%,473647.94,0.39%
2246,Entry long,LONG,9/2/2023 18:00,"25,832.89",56.82204,5770.28,0.39%,17166.51,1.17%,-3959.93,-0.27%,473647.94,0.39%
2247,Exit short,LONG,9/5/2023 19:00,"25,783.69",56.82204,8565.92,0.58%,21127.57,1.43%,-4363.93,-0.30%,482213.88,0.58%
2247,Entry short,SHORT,9/4/2023 13:00,"25,934.44",56.82204,8565.92,0.58%,21127.57,1.43%,-4363.93,-0.30%,482213.88,0.58%
2248,Exit long,SHORT,9/6/2023 1:00,"25,749.09",57.48653,-1989.03,-0.13%,7576.72,0.51%,-9120.81,-0.62%,480224.84,-0.13%
2248,Entry long,LONG,9/5/2023 19:00,"25,783.69",57.48653,-1989.03,-0.13%,7576.72,0.51%,-9120.81,-0.62%,480224.84,-0.13%
2249,Exit short,LONG,9/6/2023 8:00,"25,803.42",57.48649,-3123.24,-0.21%,4259.17,0.29%,-4407.49,-0.30%,477101.6,-0.21%
2249,Entry short,SHORT,9/6/2023 1:00,"25,749.09",57.48649,-3123.24,-0.21%,4259.17,0.29%,-4407.49,-0.30%,477101.6,-0.21%
2250,Exit long,SHORT,9/6/2023 12:00,"25,755.39",57.24436,-2749.45,-0.19%,3840.52,0.26%,-2750.02,-0.19%,474352.16,-0.19%
2250,Entry long,LONG,9/6/2023 8:00,"25,803.42",57.24436,-2749.45,-0.19%,3840.52,0.26%,-2750.02,-0.19%,474352.16,-0.19%
2251,Exit short,LONG,9/7/2023 11:00,"25,837.88",57.24441,-4722.09,-0.32%,21917.74,1.49%,-16292.33,-1.11%,469630.06,-0.32%
2251,Entry short,SHORT,9/6/2023 12:00,"25,755.39",57.24441,-4722.09,-0.32%,21917.74,1.49%,-16292.33,-1.11%,469630.06,-0.32%
2252,Exit long,SHORT,9/7/2023 17:00,"25,735.36",56.87889,-5831.22,-0.40%,689.37,0.05%,-6120.74,-0.42%,463798.84,-0.40%
2252,Entry long,LONG,9/7/2023 11:00,"25,837.88",56.87889,-5831.22,-0.40%,689.37,0.05%,-6120.74,-0.42%,463798.84,-0.40%
2253,Exit short,LONG,9/8/2023 1:00,"25,931.19",56.87889,-11138.59,-0.76%,6824.33,0.47%,-13724.88,-0.94%,452660.25,-0.76%
2253,Entry short,SHORT,9/7/2023 17:00,"25,735.36",56.87889,-11138.59,-0.76%,6824.33,0.47%,-13724.88,-0.94%,452660.25,-0.76%
2254,Exit long,SHORT,9/8/2023 17:00,"26,044.08",56.01985,6324.08,0.44%,28811.57,1.98%,-5289.95,-0.36%,458984.3,0.44%
2254,Entry long,LONG,9/8/2023 1:00,"25,931.19",56.01985,6324.08,0.44%,28811.57,1.98%,-5289.95,-0.36%,458984.3,0.44%
2255,Exit short,LONG,9/10/2023 16:00,"25,863.11",56.0198,10137.9,0.69%,22229.78,1.52%,0,0.00%,469122.22,0.69%
2255,Entry short,SHORT,9/8/2023 17:00,"26,044.08",56.0198,10137.9,0.69%,22229.78,1.52%,0,0.00%,469122.22,0.69%
2256,Exit long,SHORT,9/10/2023 18:00,"25,805.00",56.80381,-3300.87,-0.22%,153.94,0.01%,-3300.87,-0.22%,465821.38,-0.22%
2256,Entry long,LONG,9/10/2023 16:00,"25,863.11",56.80381,-3300.87,-0.22%,153.94,0.01%,-3300.87,-0.22%,465821.38,-0.22%
2257,Exit short,LONG,9/11/2023 5:00,"25,902.82",56.80377,-5556.54,-0.38%,13316.51,0.91%,-6021.2,-0.41%,460264.8,-0.38%
2257,Entry short,SHORT,9/10/2023 18:00,"25,805.00",56.80377,-5556.54,-0.38%,13316.51,0.91%,-6021.2,-0.41%,460264.8,-0.38%
2258,Exit long,SHORT,9/11/2023 9:00,"25,687.33",56.37478,-12148.2,-0.83%,7376.08,0.51%,-14095.95,-0.97%,448116.62,-0.83%
2258,Entry long,LONG,9/11/2023 5:00,"25,902.82",56.37478,-12148.2,-0.83%,7376.08,0.51%,-14095.95,-0.97%,448116.62,-0.83%
2259,Exit short,LONG,9/11/2023 14:00,"25,839.55",56.37474,-8581.36,-0.59%,1550.87,0.11%,-12028.11,-0.83%,439535.25,-0.59%
2259,Entry short,SHORT,9/11/2023 9:00,"25,687.33",56.37474,-8581.36,-0.59%,1550.87,0.11%,-12028.11,-0.83%,439535.25,-0.59%
2260,Exit long,SHORT,9/11/2023 17:00,"25,736.49",55.71053,-5741.53,-0.40%,228.41,0.02%,-9790.57,-0.68%,433793.72,-0.40%
2260,Entry long,LONG,9/11/2023 14:00,"25,839.55",55.71053,-5741.53,-0.40%,228.41,0.02%,-9790.57,-0.68%,433793.72,-0.40%
2261,Exit short,LONG,9/12/2023 11:00,"25,797.98",55.71053,-3425.64,-0.24%,46545.59,3.25%,-11894.75,-0.83%,430368.1,-0.24%
2261,Entry short,SHORT,9/11/2023 17:00,"25,736.49",55.71053,-3425.64,-0.24%,46545.59,3.25%,-11894.75,-0.83%,430368.1,-0.24%
2262,Exit long,SHORT,9/13/2023 3:00,"26,066.34",55.445,14879.22,1.04%,42638.31,2.98%,-10272.85,-0.72%,445247.3,1.04%
2262,Entry long,LONG,9/12/2023 11:00,"25,797.98",55.445,14879.22,1.04%,42638.31,2.98%,-10272.85,-0.72%,445247.3,1.04%
2263,Exit short,LONG,9/13/2023 18:00,"26,151.90",55.44496,-4743.87,-0.33%,16753.8,1.16%,-9249.33,-0.64%,440503.44,-0.33%
2263,Entry short,SHORT,9/13/2023 3:00,"26,066.34",55.44496,-4743.87,-0.33%,16753.8,1.16%,-9249.33,-0.64%,440503.44,-0.33%
2264,Exit long,SHORT,9/15/2023 9:00,"26,502.66",55.08217,19320.62,1.34%,39030.68,2.71%,-7473.55,-0.52%,459824.06,1.34%
2264,Entry long,LONG,9/13/2023 18:00,"26,151.90",55.08217,19320.62,1.34%,39030.68,2.71%,-7473.55,-0.52%,459824.06,1.34%
2265,Exit short,LONG,9/15/2023 11:00,"26,615.40",55.08217,-6209.96,-0.43%,0.55,0.00%,-6712.31,-0.46%,453614.1,-0.43%
2265,Entry short,SHORT,9/15/2023 9:00,"26,502.66",55.08217,-6209.96,-0.43%,0.55,0.00%,-6712.31,-0.46%,453614.1,-0.43%
2266,Exit long,SHORT,9/15/2023 20:00,"26,364.67",54.61556,-13693.76,-0.94%,4074.32,0.28%,-15361.72,-1.06%,439920.34,-0.94%
2266,Entry long,LONG,9/15/2023 11:00,"26,615.40",54.61556,-13693.76,-0.94%,4074.32,0.28%,-15361.72,-1.06%,439920.34,-0.94%
2267,Exit short,LONG,9/16/2023 6:00,"26,776.32",54.61552,-22482.48,-1.56%,7682.77,0.53%,-26382.03,-1.83%,417437.84,-1.56%
2267,Entry short,SHORT,9/15/2023 20:00,"26,364.67",54.61552,-22482.48,-1.56%,7682.77,0.53%,-26382.03,-1.83%,417437.84,-1.56%
2268,Exit long,SHORT,9/16/2023 13:00,"26,537.76",52.93628,-12628.48,-0.89%,5911.92,0.42%,-13833.31,-0.98%,404809.38,-0.89%
2268,Entry long,LONG,9/16/2023 6:00,"26,776.32",52.93628,-12628.48,-0.89%,5911.92,0.42%,-13833.31,-0.98%,404809.38,-0.89%
2269,Exit short,LONG,9/17/2023 5:00,"26,570.01",52.93624,-1707.19,-0.12%,4910.37,0.35%,-4470.99,-0.32%,403102.2,-0.12%
2269,Entry short,SHORT,9/16/2023 13:00,"26,537.76",52.93624,-1707.19,-0.12%,4910.37,0.35%,-4470.99,-0.32%,403102.2,-0.12%
2270,Exit long,SHORT,9/18/2023 1:00,"26,480.01",52.80774,-4752.7,-0.34%,2811.48,0.20%,-8124.47,-0.58%,398349.47,-0.34%
2270,Entry long,LONG,9/17/2023 5:00,"26,570.01",52.80774,-4752.7,-0.34%,2811.48,0.20%,-8124.47,-0.58%,398349.47,-0.34%
2271,Exit short,LONG,9/18/2023 10:00,"26,663.12",52.80773,-9669.62,-0.69%,5421.24,0.39%,-14257.56,-1.02%,388679.88,-0.69%
2271,Entry short,SHORT,9/18/2023 1:00,"26,480.01",52.80773,-9669.62,-0.69%,5421.24,0.39%,-14257.56,-1.02%,388679.88,-0.69%
2272,Exit long,SHORT,9/19/2023 8:00,"26,677.12",52.08242,729.15,0.05%,38847.23,2.80%,-5001.47,-0.36%,389409,0.05%
2272,Entry long,LONG,9/18/2023 10:00,"26,663.12",52.08242,729.15,0.05%,38847.23,2.80%,-5001.47,-0.36%,389409,0.05%
2273,Exit short,LONG,9/19/2023 16:00,"27,066.74",52.08242,-20292.35,-1.46%,375.51,0.03%,-20844.95,-1.50%,369116.66,-1.46%
2273,Entry short,SHORT,9/19/2023 8:00,"26,677.12",52.08242,-20292.35,-1.46%,375.51,0.03%,-20844.95,-1.50%,369116.66,-1.46%
2274,Exit long,SHORT,9/20/2023 12:00,"27,071.79",50.58299,255.44,0.02%,21084.51,1.54%,-9376.57,-0.68%,369372.1,0.02%
2274,Entry long,LONG,9/19/2023 16:00,"27,066.74",50.58299,255.44,0.02%,21084.51,1.54%,-9376.57,-0.68%,369372.1,0.02%
2275,Exit short,LONG,9/20/2023 19:00,"27,098.07",50.58299,-1329.32,-0.10%,6828.7,0.50%,-6366.88,-0.46%,368042.78,-0.10%
2275,Entry short,SHORT,9/20/2023 12:00,"27,071.79",50.58299,-1329.32,-0.10%,6828.7,0.50%,-6366.88,-0.46%,368042.78,-0.10%
2276,Exit long,SHORT,9/21/2023 8:00,"27,046.32",50.48484,-2612.59,-0.19%,10194.4,0.75%,-15048.02,-1.10%,365430.2,-0.19%
2276,Entry long,LONG,9/20/2023 19:00,"27,098.07",50.48484,-2612.59,-0.19%,10194.4,0.75%,-15048.02,-1.10%,365430.2,-0.19%
2277,Exit short,LONG,9/22/2023 13:00,"26,666.23",50.48487,19188.79,1.41%,33755.2,2.47%,-2870.06,-0.21%,384619,1.41%
2277,Entry short,SHORT,9/21/2023 8:00,"27,046.32",50.48487,19188.79,1.41%,33755.2,2.47%,-2870.06,-0.21%,384619,1.41%
2278,Exit long,SHORT,9/22/2023 18:00,"26,591.81",51.92406,-3864.19,-0.28%,4005.94,0.29%,-4792.59,-0.35%,380754.8,-0.28%
2278,Entry long,LONG,9/22/2023 13:00,"26,666.23",51.92406,-3864.19,-0.28%,4005.94,0.29%,-4792.59,-0.35%,380754.8,-0.28%
2279,Exit short,LONG,9/23/2023 8:00,"26,603.11",51.92406,-586.74,-0.04%,5390.24,0.39%,-5528.87,-0.40%,380168.06,-0.04%
2279,Entry short,SHORT,9/22/2023 18:00,"26,591.81",51.92406,-586.74,-0.04%,5390.24,0.39%,-5528.87,-0.40%,380168.06,-0.04%
2280,Exit long,SHORT,9/23/2023 11:00,"26,532.21",51.87999,-3678.29,-0.27%,0,0.00%,-4073.62,-0.30%,376489.78,-0.27%
2280,Entry long,LONG,9/23/2023 8:00,"26,603.11",51.87999,-3678.29,-0.27%,0,0.00%,-4073.62,-0.30%,376489.78,-0.27%
2281,Exit short,LONG,9/23/2023 15:00,"26,585.32",51.87995,-2755.34,-0.20%,1204.13,0.09%,-2829.53,-0.21%,373734.44,-0.20%
2281,Entry short,SHORT,9/23/2023 11:00,"26,532.21",51.87995,-2755.34,-0.20%,1204.13,0.09%,-2829.53,-0.21%,373734.44,-0.20%
2282,Exit long,SHORT,9/24/2023 13:00,"26,557.99",51.6727,-1412.21,-0.10%,2453.94,0.18%,-2021.44,-0.15%,372322.22,-0.10%
2282,Entry long,LONG,9/23/2023 15:00,"26,585.32",51.6727,-1412.21,-0.10%,2453.94,0.18%,-2021.44,-0.15%,372322.22,-0.10%
2283,Exit short,LONG,9/24/2023 17:00,"26,589.08",51.67266,-1606.5,-0.12%,448.52,0.03%,-2780.51,-0.20%,370715.72,-0.12%
2283,Entry short,SHORT,9/24/2023 13:00,"26,557.99",51.67266,-1606.5,-0.12%,448.52,0.03%,-2780.51,-0.20%,370715.72,-0.12%
2284,Exit long,SHORT,9/25/2023 3:00,"26,449.18",51.55182,-7212.1,-0.53%,7704.94,0.56%,-13056.53,-0.95%,363503.6,-0.53%
2284,Entry long,LONG,9/24/2023 17:00,"26,589.08",51.55182,-7212.1,-0.53%,7704.94,0.56%,-13056.53,-0.95%,363503.6,-0.53%
2285,Exit short,LONG,9/25/2023 5:00,"26,519.35",51.55182,-3617.39,-0.27%,2493.56,0.18%,-3736.99,-0.27%,359886.22,-0.27%
2285,Entry short,SHORT,9/25/2023 3:00,"26,449.18",51.55182,-3617.39,-0.27%,2493.56,0.18%,-3736.99,-0.27%,359886.22,-0.27%
2286,Exit long,SHORT,9/25/2023 7:00,"26,248.39",51.27901,-13894.56,-1.02%,0.51,0.00%,-20371.61,-1.50%,345991.66,-1.02%
2286,Entry long,LONG,9/25/2023 5:00,"26,519.35",51.27901,-13894.56,-1.02%,0.51,0.00%,-20371.61,-1.50%,345991.66,-1.02%
2287,Exit short,LONG,9/25/2023 23:00,"26,243.73",51.27901,238.96,0.02%,13226.4,0.98%,-4856.64,-0.36%,346230.62,0.02%
2287,Entry short,SHORT,9/25/2023 7:00,"26,248.39",51.27901,238.96,0.02%,13226.4,0.98%,-4856.64,-0.36%,346230.62,0.02%
2288,Exit long,SHORT,9/26/2023 16:00,"26,274.28",51.29726,1567.13,0.12%,10383.59,0.77%,-1098.27,-0.08%,347797.75,0.12%
2288,Entry long,LONG,9/25/2023 23:00,"26,243.73",51.29726,1567.13,0.12%,10383.59,0.77%,-1098.27,-0.08%,347797.75,0.12%
2289,Exit short,LONG,9/27/2023 10:00,"26,228.03",51.29722,2372.5,0.18%,9538.21,0.71%,-3101.94,-0.23%,350170.25,0.18%
2289,Entry short,SHORT,9/26/2023 16:00,"26,274.28",51.29722,2372.5,0.18%,9538.21,0.71%,-3101.94,-0.23%,350170.25,0.18%
2290,Exit long,SHORT,9/29/2023 23:00,"26,888.57",51.4781,34003.34,2.52%,55619.51,4.12%,-5969.91,-0.44%,384173.6,2.52%
2290,Entry long,LONG,9/27/2023 10:00,"26,228.03",51.4781,34003.34,2.52%,55619.51,4.12%,-5969.91,-0.44%,384173.6,2.52%
2291,Exit short,LONG,9/30/2023 7:00,"26,906.96",51.47814,-946.68,-0.07%,7133.33,0.52%,-4963.52,-0.36%,383226.9,-0.07%
2291,Entry short,SHORT,9/29/2023 23:00,"26,888.57",51.47814,-946.68,-0.07%,7133.33,0.52%,-4963.52,-0.36%,383226.9,-0.07%
2292,Exit long,SHORT,10/3/2023 3:00,"27,965.00",51.40777,54391.48,3.93%,86007.26,6.22%,-1061.57,-0.08%,437618.38,3.93%
2292,Entry long,LONG,9/30/2023 7:00,"26,906.96",51.40777,54391.48,3.93%,86007.26,6.22%,-1061.57,-0.08%,437618.38,3.93%
2293,Exit short,LONG,10/4/2023 10:00,"27,412.14",51.40777,28421.3,1.98%,41357.55,2.88%,-48.32,0.00%,466039.7,1.98%
2293,Entry short,SHORT,10/3/2023 3:00,"27,965.00",51.40777,28421.3,1.98%,41357.55,2.88%,-48.32,0.00%,466039.7,1.98%
2294,Exit long,SHORT,10/6/2023 2:00,"27,495.08",53.4814,4435.75,0.30%,37878.2,2.58%,-4400.98,-0.30%,470475.44,0.30%
2294,Entry long,LONG,10/4/2023 10:00,"27,412.14",53.4814,4435.75,0.30%,37878.2,2.58%,-4400.98,-0.30%,470475.44,0.30%
2295,Exit short,LONG,10/6/2023 10:00,"27,541.63",53.4814,-2489.56,-0.17%,5726.79,0.39%,-5076.45,-0.35%,467985.88,-0.17%
2295,Entry short,SHORT,10/6/2023 2:00,"27,495.08",53.4814,-2489.56,-0.17%,5726.79,0.39%,-5076.45,-0.35%,467985.88,-0.17%
2296,Exit long,SHORT,10/7/2023 23:00,"27,939.80",53.30061,21222.7,1.45%,40155.08,2.74%,-19491.5,-1.33%,489208.56,1.45%
2296,Entry long,LONG,10/6/2023 10:00,"27,541.63",53.30061,21222.7,1.45%,40155.08,2.74%,-19491.5,-1.33%,489208.56,1.45%
2297,Exit short,LONG,10/8/2023 8:00,"27,964.93",53.30061,-1339.44,-0.09%,4786.4,0.32%,-2320.18,-0.16%,487869.12,-0.09%
2297,Entry short,SHORT,10/7/2023 23:00,"27,939.80",53.30061,-1339.44,-0.09%,4786.4,0.32%,-2320.18,-0.16%,487869.12,-0.09%
2298,Exit long,SHORT,10/8/2023 18:00,"27,818.76",53.20482,-7776.95,-0.52%,6927.8,0.47%,-10105.19,-0.68%,480092.2,-0.52%
2298,Entry long,LONG,10/8/2023 8:00,"27,964.93",53.20482,-7776.95,-0.52%,6927.8,0.47%,-10105.19,-0.68%,480092.2,-0.52%
2299,Exit short,LONG,10/9/2023 7:00,"27,917.06",53.20482,-5230.03,-0.35%,6983.66,0.47%,-9627.94,-0.65%,474862.16,-0.35%
2299,Entry short,SHORT,10/8/2023 18:00,"27,818.76",53.20482,-5230.03,-0.35%,6983.66,0.47%,-9627.94,-0.65%,474862.16,-0.35%
2300,Exit long,SHORT,10/9/2023 8:00,"27,822.12",52.83017,-5015.7,-0.34%,208.68,0.01%,-6184.3,-0.42%,469846.44,-0.34%
2300,Entry long,LONG,10/9/2023 7:00,"27,917.06",52.83017,-5015.7,-0.34%,208.68,0.01%,-6184.3,-0.42%,469846.44,-0.34%
2301,Exit short,LONG,10/9/2023 9:00,"27,961.85",52.83013,-7381.95,-0.50%,1351.92,0.09%,-8759.76,-0.60%,462464.5,-0.50%
2301,Entry short,SHORT,10/9/2023 8:00,"27,822.12",52.83013,-7381.95,-0.50%,1351.92,0.09%,-8759.76,-0.60%,462464.5,-0.50%
2302,Exit long,SHORT,10/9/2023 11:00,"27,921.72",52.30209,-2098.88,-0.14%,1181.5,0.08%,-2331.1,-0.16%,460365.62,-0.14%
2302,Entry long,LONG,10/9/2023 9:00,"27,961.85",52.30209,-2098.88,-0.14%,1181.5,0.08%,-2331.1,-0.16%,460365.62,-0.14%
2303,Exit short,LONG,10/10/2023 16:00,"27,677.10",52.30213,12794.15,0.88%,34609.37,2.37%,-1165.29,-0.08%,473159.75,0.88%
2303,Entry short,SHORT,10/9/2023 11:00,"27,921.72",52.30213,12794.15,0.88%,34609.37,2.37%,-1165.29,-0.08%,473159.75,0.88%
2304,Exit long,SHORT,10/10/2023 18:00,"27,610.00",53.22666,-3571.51,-0.24%,273.59,0.02%,-3784.42,-0.26%,469588.25,-0.24%
2304,Entry long,LONG,10/10/2023 16:00,"27,677.10",53.22666,-3571.51,-0.24%,273.59,0.02%,-3784.42,-0.26%,469588.25,-0.24%
2305,Exit short,LONG,10/13/2023 7:00,"26,759.63",53.22666,45262.36,3.08%,57023.85,3.88%,-1064.53,-0.07%,514850.6,3.08%
2305,Entry short,SHORT,10/10/2023 18:00,"27,610.00",53.22666,45262.36,3.08%,57023.85,3.88%,-1064.53,-0.07%,514850.6,3.08%
2306,Exit long,SHORT,10/13/2023 19:00,"26,820.91",56.60954,3469.03,0.23%,10380.49,0.69%,-1258.43,-0.08%,518319.62,0.23%
2306,Entry long,LONG,10/13/2023 7:00,"26,759.63",56.60954,3469.03,0.23%,10380.49,0.69%,-1258.43,-0.08%,518319.62,0.23%
2307,Exit short,LONG,10/13/2023 20:00,"26,932.63",56.60954,-6324.42,-0.42%,3180.89,0.21%,-6725.78,-0.44%,511995.22,-0.42%
2307,Entry short,SHORT,10/13/2023 19:00,"26,820.91",56.60954,-6324.42,-0.42%,3180.89,0.21%,-6725.78,-0.44%,511995.22,-0.42%
2308,Exit long,SHORT,10/13/2023 22:00,"26,757.08",56.1399,-9855.36,-0.65%,1921.11,0.13%,-11114.58,-0.74%,502139.84,-0.65%
2308,Entry long,LONG,10/13/2023 20:00,"26,932.63",56.1399,-9855.36,-0.65%,1921.11,0.13%,-11114.58,-0.74%,502139.84,-0.65%
2309,Exit short,LONG,10/14/2023 4:00,"26,981.37",56.1399,-12591.62,-0.84%,4046.56,0.27%,-17795.79,-1.18%,489548.25,-0.84%
2309,Entry short,SHORT,10/13/2023 22:00,"26,757.08",56.1399,-12591.62,-0.84%,4046.56,0.27%,-17795.79,-1.18%,489548.25,-0.84%
2310,Exit long,SHORT,10/14/2023 18:00,"26,878.78",55.20658,-5663.64,-0.38%,8205.35,0.55%,-12496.56,-0.84%,483884.6,-0.38%
2310,Entry long,LONG,10/14/2023 4:00,"26,981.37",55.20658,-5663.64,-0.38%,8205.35,0.55%,-12496.56,-0.84%,483884.6,-0.38%
2311,Exit short,LONG,10/14/2023 20:00,"26,893.08",55.20654,-789.45,-0.05%,1598.78,0.11%,-956.18,-0.06%,483095.16,-0.05%
2311,Entry short,SHORT,10/14/2023 18:00,"26,878.78",55.20654,-789.45,-0.05%,1598.78,0.11%,-956.18,-0.06%,483095.16,-0.05%
2312,Exit long,SHORT,10/15/2023 3:00,"26,864.29",55.14783,-1587.71,-0.11%,3314.38,0.22%,-2375.77,-0.16%,481507.44,-0.11%
2312,Entry long,LONG,10/14/2023 20:00,"26,893.08",55.14783,-1587.71,-0.11%,3314.38,0.22%,-2375.77,-0.16%,481507.44,-0.11%
2313,Exit short,LONG,10/15/2023 16:00,"26,905.78",55.14783,-2288.08,-0.15%,4152.08,0.28%,-2894.16,-0.20%,479219.34,-0.15%
2313,Entry short,SHORT,10/15/2023 3:00,"26,864.29",55.14783,-2288.08,-0.15%,4152.08,0.28%,-2894.16,-0.20%,479219.34,-0.15%
2314,Exit long,SHORT,10/15/2023 20:00,"26,838.14",54.97771,-3718.69,-0.25%,726.81,0.05%,-4347.64,-0.29%,475500.66,-0.25%
2314,Entry long,LONG,10/15/2023 16:00,"26,905.78",54.97771,-3718.69,-0.25%,726.81,0.05%,-4347.64,-0.29%,475500.66,-0.25%
2315,Exit short,LONG,10/16/2023 1:00,"26,982.49",54.97775,-7936.04,-0.54%,1643.28,0.11%,-9857.51,-0.67%,467564.62,-0.54%
2315,Entry short,SHORT,10/15/2023 20:00,"26,838.14",54.97775,-7936.04,-0.54%,1643.28,0.11%,-9857.51,-0.67%,467564.62,-0.54%
2316,Exit long,SHORT,10/18/2023 8:00,"28,376.33",54.38951,75810.27,5.17%,164120.89,11.18%,-1431.53,-0.10%,543374.9,5.17%
2316,Entry long,LONG,10/16/2023 1:00,"26,982.49",54.38951,75810.27,5.17%,164120.89,11.18%,-1431.53,-0.10%,543374.9,5.17%
2317,Exit short,LONG,10/18/2023 11:00,"28,514.43",54.38951,-7511.19,-0.49%,2918.54,0.19%,-7523.7,-0.49%,535863.7,-0.49%
2317,Entry short,SHORT,10/18/2023 8:00,"28,376.33",54.38951,-7511.19,-0.49%,2918.54,0.19%,-7523.7,-0.49%,535863.7,-0.49%
2318,Exit long,SHORT,10/18/2023 17:00,"28,267.57",53.86272,-13296.55,-0.87%,25203.98,1.64%,-14974.91,-0.98%,522567.16,-0.87%
2318,Entry long,LONG,10/18/2023 11:00,"28,514.43",53.86272,-13296.55,-0.87%,25203.98,1.64%,-14974.91,-0.98%,522567.16,-0.87%
2319,Exit short,LONG,10/19/2023 13:00,"28,308.39",53.86268,-2198.67,-0.14%,8990.22,0.59%,-9148.04,-0.60%,520368.47,-0.14%
2319,Entry short,SHORT,10/18/2023 17:00,"28,267.57",53.86268,-2198.67,-0.14%,8990.22,0.59%,-9148.04,-0.60%,520368.47,-0.14%
2320,Exit long,SHORT,10/22/2023 10:00,"29,862.45",53.70738,83464.49,5.49%,111260.21,7.32%,-3529.65,-0.23%,603833,5.49%
2320,Entry long,LONG,10/19/2023 13:00,"28,308.39",53.70738,83464.49,5.49%,111260.21,7.32%,-3529.65,-0.23%,603833,5.49%
2321,Exit short,LONG,10/22/2023 13:00,"30,114.52",53.70734,-13538.01,-0.84%,1018.29,0.06%,-20706.87,-1.29%,590294.94,-0.84%
2321,Entry short,SHORT,10/22/2023 10:00,"29,862.45",53.70734,-13538.01,-0.84%,1018.29,0.06%,-20706.87,-1.29%,590294.94,-0.84%
2322,Exit long,SHORT,10/22/2023 16:00,"29,832.09",52.80828,-14914.64,-0.94%,5310.93,0.33%,-25058.59,-1.58%,575380.3,-0.94%
2322,Entry long,LONG,10/22/2023 13:00,"30,114.52",52.80828,-14914.64,-0.94%,5310.93,0.33%,-25058.59,-1.58%,575380.3,-0.94%
2323,Exit short,LONG,10/23/2023 8:00,"30,120.01",52.80824,-15204.55,-0.97%,6221.34,0.39%,-17738.82,-1.13%,560175.75,-0.97%
2323,Entry short,SHORT,10/22/2023 16:00,"29,832.09",52.80824,-15204.55,-0.97%,6221.34,0.39%,-17738.82,-1.13%,560175.75,-0.97%
2324,Exit long,SHORT,10/26/2023 17:00,"34,429.23",51.79868,223211.9,14.31%,267280.66,17.13%,-2233.04,-0.14%,783387.7,14.31%
2324,Entry long,LONG,10/23/2023 8:00,"30,120.01",51.79868,223211.9,14.31%,267280.66,17.13%,-2233.04,-0.14%,783387.7,14.31%
2325,Exit short,LONG,10/27/2023 14:00,"34,239.99",51.79865,9802.38,0.55%,35131.4,1.97%,-1117.81,-0.06%,793190.06,0.55%
2325,Entry short,SHORT,10/26/2023 17:00,"34,429.23",51.79865,9802.38,0.55%,35131.4,1.97%,-1117.81,-0.06%,793190.06,0.55%
2326,Exit long,SHORT,10/27/2023 18:00,"34,066.20",52.37118,-9101.59,-0.51%,0.52,0.00%,-16661.89,-0.93%,784088.5,-0.51%
2326,Entry long,LONG,10/27/2023 14:00,"34,239.99",52.37118,-9101.59,-0.51%,0.52,0.00%,-16661.89,-0.93%,784088.5,-0.51%
2327,Exit short,LONG,10/27/2023 21:00,"34,154.00",52.37122,-4598.19,-0.26%,8704.1,0.49%,-6756.41,-0.38%,779490.25,-0.26%
2327,Entry short,SHORT,10/27/2023 18:00,"34,066.20",52.37122,-4598.19,-0.26%,8704.1,0.49%,-6756.41,-0.38%,779490.25,-0.26%
2328,Exit long,SHORT,10/27/2023 22:00,"33,900.00",52.10198,-13233.9,-0.74%,358.46,0.02%,-15839,-0.89%,766256.4,-0.74%
2328,Entry long,LONG,10/27/2023 21:00,"34,154.00",52.10198,-13233.9,-0.74%,358.46,0.02%,-15839,-0.89%,766256.4,-0.74%
2329,Exit short,LONG,10/28/2023 7:00,"33,892.01",52.10195,416.29,0.02%,26522.5,1.50%,-11339.47,-0.64%,766672.7,0.02%
2329,Entry short,SHORT,10/27/2023 22:00,"33,900.00",52.10195,416.29,0.02%,26522.5,1.50%,-11339.47,-0.64%,766672.7,0.02%
2330,Exit long,SHORT,10/29/2023 8:00,"34,075.99",52.12649,9590.23,0.54%,31344.7,1.77%,-1668.57,-0.09%,776262.9,0.54%
2330,Entry long,LONG,10/28/2023 7:00,"33,892.01",52.12649,9590.23,0.54%,31344.7,1.77%,-1668.57,-0.09%,776262.9,0.54%
2331,Exit short,LONG,10/29/2023 16:00,"34,241.65",52.12652,-8635.28,-0.49%,7609.95,0.43%,-9550.62,-0.54%,767627.6,-0.49%
2331,Entry short,SHORT,10/29/2023 8:00,"34,075.99",52.12652,-8635.28,-0.49%,7609.95,0.43%,-9550.62,-0.54%,767627.6,-0.49%
2332,Exit long,SHORT,10/30/2023 10:00,"34,324.59",51.62218,4281.54,0.24%,26247.81,1.48%,-4627.93,-0.26%,771909.2,0.24%
2332,Entry long,LONG,10/29/2023 16:00,"34,241.65",51.62218,4281.54,0.24%,26247.81,1.48%,-4627.93,-0.26%,771909.2,0.24%
2333,Exit short,LONG,10/30/2023 19:00,"34,608.51",51.62215,-14656.56,-0.83%,10832.91,0.61%,-18337.22,-1.03%,757252.6,-0.83%
2333,Entry short,SHORT,10/30/2023 10:00,"34,324.59",51.62215,-14656.56,-0.83%,10832.91,0.61%,-18337.22,-1.03%,757252.6,-0.83%
2334,Exit long,SHORT,10/31/2023 2:00,"34,314.00",50.77515,-14953.79,-0.85%,12566.34,0.72%,-27706.48,-1.58%,742298.8,-0.85%
2334,Entry long,LONG,10/30/2023 19:00,"34,608.51",50.77515,-14953.79,-0.85%,12566.34,0.72%,-27706.48,-1.58%,742298.8,-0.85%
2335,Exit short,LONG,10/31/2023 6:00,"34,468.55",50.77515,-7847.3,-0.45%,1431.86,0.08%,-12982.19,-0.75%,734451.5,-0.45%
2335,Entry short,SHORT,10/31/2023 2:00,"34,314.00",50.77515,-7847.3,-0.45%,1431.86,0.08%,-12982.19,-0.75%,734451.5,-0.45%
2336,Exit long,SHORT,10/31/2023 10:00,"34,352.02",50.31982,-5863.77,-0.34%,6614.54,0.38%,-10493.19,-0.60%,728587.75,-0.34%
2336,Entry long,LONG,10/31/2023 6:00,"34,468.55",50.31982,-5863.77,-0.34%,6614.54,0.38%,-10493.19,-0.60%,728587.75,-0.34%
2337,Exit short,LONG,10/31/2023 19:00,"34,488.26",50.31982,-6855.57,-0.40%,16455.59,0.95%,-9245.26,-0.53%,721732.2,-0.40%
2337,Entry short,SHORT,10/31/2023 10:00,"34,352.02",50.31982,-6855.57,-0.40%,16455.59,0.95%,-9245.26,-0.53%,721732.2,-0.40%
2338,Exit long,SHORT,10/31/2023 21:00,"34,207.01",49.92223,-14040.63,-0.82%,1285,0.07%,-17444.32,-1.01%,707691.56,-0.82%
2338,Entry long,LONG,10/31/2023 19:00,"34,488.26",49.92223,-14040.63,-0.82%,1285,0.07%,-17444.32,-1.01%,707691.56,-0.82%
2339,Exit short,LONG,10/31/2023 22:00,"34,315.85",49.92226,-5433.54,-0.32%,3844.51,0.23%,-7801.85,-0.46%,702258,-0.32%
2339,Entry short,SHORT,10/31/2023 21:00,"34,207.01",49.92226,-5433.54,-0.32%,3844.51,0.23%,-7801.85,-0.46%,702258,-0.32%
2340,Exit long,SHORT,10/31/2023 23:00,"34,272.19",49.60561,-2165.78,-0.13%,2467.38,0.14%,-8227.09,-0.48%,700092.25,-0.13%
2340,Entry long,LONG,10/31/2023 22:00,"34,315.85",49.60561,-2165.78,-0.13%,2467.38,0.14%,-8227.09,-0.48%,700092.25,-0.13%
2341,Exit short,LONG,11/1/2023 0:00,"34,425.61",49.60559,-7610.49,-0.45%,2427.2,0.14%,-11300.65,-0.66%,692481.75,-0.45%
2341,Entry short,SHORT,10/31/2023 23:00,"34,272.19",49.60559,-7610.49,-0.45%,2427.2,0.14%,-11300.65,-0.66%,692481.75,-0.45%
2342,Exit long,SHORT,11/1/2023 12:00,"34,439.57",49.16347,686.32,0.04%,14497.32,0.86%,-4440.44,-0.26%,693168.06,0.04%
2342,Entry long,LONG,11/1/2023 0:00,"34,425.61",49.16347,686.32,0.04%,14497.32,0.86%,-4440.44,-0.26%,693168.06,0.04%
2343,Exit short,LONG,11/1/2023 20:00,"34,790.60",49.16344,-17257.84,-1.02%,6075.13,0.36%,-22142.72,-1.31%,675910.2,-1.02%
2343,Entry short,SHORT,11/1/2023 12:00,"34,439.57",49.16344,-17257.84,-1.02%,6075.13,0.36%,-22142.72,-1.31%,675910.2,-1.02%
2344,Exit long,SHORT,11/2/2023 22:00,"34,924.74",48.17132,6461.7,0.39%,57535.34,3.43%,-33392.84,-1.99%,682371.94,0.39%
2344,Entry long,LONG,11/1/2023 20:00,"34,790.60",48.17132,6461.7,0.39%,57535.34,3.43%,-33392.84,-1.99%,682371.94,0.39%
2345,Exit short,LONG,11/3/2023 5:00,"34,921.93",48.17135,135.36,0.01%,30094.57,1.79%,-8307.15,-0.49%,682507.25,0.01%
2345,Entry short,SHORT,11/2/2023 22:00,"34,924.74",48.17135,135.36,0.01%,30094.57,1.79%,-8307.15,-0.49%,682507.25,0.01%
2346,Exit long,SHORT,11/3/2023 9:00,"34,594.33",48.17913,-15783.48,-0.94%,1183.76,0.07%,-26750.5,-1.59%,666723.8,-0.94%
2346,Entry long,LONG,11/3/2023 5:00,"34,921.93",48.17913,-15783.48,-0.94%,1183.76,0.07%,-26750.5,-1.59%,666723.8,-0.94%
2347,Exit short,LONG,11/3/2023 22:00,"34,712.69",48.1791,-5702.48,-0.34%,22852.79,1.37%,-9330.85,-0.56%,661021.3,-0.34%
2347,Entry short,SHORT,11/3/2023 9:00,"34,594.33",48.1791,-5702.48,-0.34%,22852.79,1.37%,-9330.85,-0.56%,661021.3,-0.34%
2348,Exit long,SHORT,11/4/2023 23:00,"34,709.91",47.85055,-133.02,-0.01%,13747.94,0.83%,-18629.18,-1.12%,660888.3,-0.01%
2348,Entry long,LONG,11/3/2023 22:00,"34,712.69",47.85055,-133.02,-0.01%,13747.94,0.83%,-18629.18,-1.12%,660888.3,-0.01%
2349,Exit short,LONG,11/5/2023 2:00,"34,780.18",47.85055,-3362.46,-0.20%,832.12,0.05%,-3823.26,-0.23%,657525.8,-0.20%
2349,Entry short,SHORT,11/4/2023 23:00,"34,709.91",47.85055,-3362.46,-0.20%,832.12,0.05%,-3823.26,-0.23%,657525.8,-0.20%
2350,Exit long,SHORT,11/5/2023 20:00,"35,083.61",47.65722,14460.63,0.87%,25047.21,1.51%,-3414.16,-0.21%,671986.44,0.87%
2350,Entry long,LONG,11/5/2023 2:00,"34,780.18",47.65722,14460.63,0.87%,25047.21,1.51%,-3414.16,-0.21%,671986.44,0.87%
2351,Exit short,LONG,11/6/2023 17:00,"35,118.19",47.65719,-1647.99,-0.10%,30291.39,1.81%,-14125.11,-0.84%,670338.5,-0.10%
2351,Entry short,SHORT,11/5/2023 20:00,"35,083.61",47.65719,-1647.99,-0.10%,30291.39,1.81%,-14125.11,-0.84%,670338.5,-0.10%
2352,Exit long,SHORT,11/7/2023 12:00,"34,893.17",47.56331,-10702.7,-0.64%,7521.66,0.45%,-15579.36,-0.93%,659635.8,-0.64%
2352,Entry long,LONG,11/6/2023 17:00,"35,118.19",47.56331,-10702.7,-0.64%,7521.66,0.45%,-15579.36,-0.93%,659635.8,-0.64%
2353,Exit short,LONG,11/7/2023 14:00,"34,964.81",47.56334,-3407.44,-0.21%,2567.94,0.15%,-3738.48,-0.23%,656228.4,-0.21%
2353,Entry short,SHORT,11/7/2023 12:00,"34,893.17",47.56334,-3407.44,-0.21%,2567.94,0.15%,-3738.48,-0.23%,656228.4,-0.21%
2354,Exit long,SHORT,11/7/2023 18:00,"34,643.32",47.3684,-15228.47,-0.92%,525.32,0.03%,-19601.52,-1.18%,640999.9,-0.92%
2354,Entry long,LONG,11/7/2023 14:00,"34,964.81",47.3684,-15228.47,-0.92%,525.32,0.03%,-19601.52,-1.18%,640999.9,-0.92%
2355,Exit short,LONG,11/8/2023 1:00,"34,850.00",47.36843,-9790.11,-0.60%,5696.53,0.35%,-10216.42,-0.62%,631209.75,-0.60%
2355,Entry short,SHORT,11/7/2023 18:00,"34,643.32",47.36843,-9790.11,-0.60%,5696.53,0.35%,-10216.42,-0.62%,631209.75,-0.60%
2356,Exit long,SHORT,11/10/2023 16:00,"36,516.30",46.80659,77993.82,4.78%,146141.4,8.96%,-505.98,-0.03%,709203.56,4.78%
2356,Entry long,LONG,11/8/2023 1:00,"34,850.00",46.80659,77993.82,4.78%,146141.4,8.96%,-505.98,-0.03%,709203.56,4.78%
2357,Exit short,LONG,11/10/2023 19:00,"37,071.10",46.80659,-25968.3,-1.52%,2707.76,0.16%,-29530.28,-1.73%,683235.3,-1.52%
2357,Entry short,SHORT,11/10/2023 16:00,"36,516.30",46.80659,-25968.3,-1.52%,2707.76,0.16%,-29530.28,-1.73%,683235.3,-1.52%
2358,Exit long,SHORT,11/11/2023 11:00,"37,039.97",45.40561,-1413.48,-0.08%,20655.01,1.23%,-11310.54,-0.67%,681821.8,-0.08%
2358,Entry long,LONG,11/10/2023 19:00,"37,071.10",45.40561,-1413.48,-0.08%,20655.01,1.23%,-11310.54,-0.67%,681821.8,-0.08%
2359,Exit short,LONG,11/11/2023 20:00,"37,099.79",45.40559,-2716.16,-0.16%,5901.36,0.35%,-4308.08,-0.26%,679105.7,-0.16%
2359,Entry short,SHORT,11/11/2023 11:00,"37,039.97",45.40559,-2716.16,-0.16%,5901.36,0.35%,-4308.08,-0.26%,679105.7,-0.16%
2360,Exit long,SHORT,11/12/2023 9:00,"36,954.99",45.25914,-6553.52,-0.39%,7898.17,0.47%,-19590.87,-1.17%,672552.1,-0.39%
2360,Entry long,LONG,11/11/2023 20:00,"37,099.79",45.25914,-6553.52,-0.39%,7898.17,0.47%,-19590.87,-1.17%,672552.1,-0.39%
2361,Exit short,LONG,11/12/2023 12:00,"37,006.00",45.25916,-2308.67,-0.14%,4751.76,0.28%,-2874.86,-0.17%,670243.44,-0.14%
2361,Entry short,SHORT,11/12/2023 9:00,"36,954.99",45.25916,-2308.67,-0.14%,4751.76,0.28%,-2874.86,-0.17%,670243.44,-0.14%
2362,Exit long,SHORT,11/13/2023 11:00,"36,914.01",45.13439,-4151.91,-0.25%,18594.92,1.11%,-6945.73,-0.42%,666091.56,-0.25%
2362,Entry long,LONG,11/12/2023 12:00,"37,006.00",45.13439,-4151.91,-0.25%,18594.92,1.11%,-6945.73,-0.42%,666091.56,-0.25%
2363,Exit short,LONG,11/13/2023 17:00,"36,987.49",45.13439,-3316.47,-0.20%,7176.82,0.43%,-6137.83,-0.37%,662775.06,-0.20%
2363,Entry short,SHORT,11/13/2023 11:00,"36,914.01",45.13439,-3316.47,-0.20%,7176.82,0.43%,-6137.83,-0.37%,662775.06,-0.20%
2364,Exit long,SHORT,11/14/2023 5:00,"36,480.01",44.95509,-22813.81,-1.37%,1976.23,0.12%,-29422.66,-1.77%,639961.25,-1.37%
2364,Entry long,LONG,11/13/2023 17:00,"36,987.49",44.95509,-22813.81,-1.37%,1976.23,0.12%,-29422.66,-1.77%,639961.25,-1.37%
2365,Exit short,LONG,11/14/2023 15:00,"36,683.86",44.95506,-9164.09,-0.56%,13029.77,0.79%,-10523.98,-0.64%,630797.2,-0.56%
2365,Entry short,SHORT,11/14/2023 5:00,"36,480.01",44.95506,-9164.09,-0.56%,13029.77,0.79%,-10523.98,-0.64%,630797.2,-0.56%
2366,Exit long,SHORT,11/14/2023 20:00,"36,348.48",44.45544,-14909.47,-0.91%,2673.55,0.16%,-21251.92,-1.30%,615887.7,-0.91%
2366,Entry long,LONG,11/14/2023 15:00,"36,683.86",44.45544,-14909.47,-0.91%,2673.55,0.16%,-21251.92,-1.30%,615887.7,-0.91%
2367,Exit short,LONG,11/15/2023 17:00,"35,782.57",44.45544,25157.78,1.56%,68838.36,4.26%,-15316.23,-0.95%,641045.5,1.56%
2367,Entry short,SHORT,11/14/2023 20:00,"36,348.48",44.45544,25157.78,1.56%,68838.36,4.26%,-15316.23,-0.95%,641045.5,1.56%
2368,Exit long,SHORT,11/16/2023 20:00,"37,127.81",45.86158,61694.83,3.76%,100777.61,6.14%,-1551.5,-0.09%,702740.3,3.76%
2368,Entry long,LONG,11/15/2023 17:00,"35,782.57",45.86158,61694.83,3.76%,100777.61,6.14%,-1551.5,-0.09%,702740.3,3.76%
2369,Exit short,LONG,11/17/2023 11:00,"36,484.00",45.86158,29526.15,1.73%,74653.94,4.38%,-1246.98,-0.07%,732266.44,1.73%
2369,Entry short,SHORT,11/16/2023 20:00,"37,127.81",45.86158,29526.15,1.73%,74653.94,4.38%,-1246.98,-0.07%,732266.44,1.73%
2370,Exit long,SHORT,11/17/2023 16:00,"36,402.62",47.48019,-3863.94,-0.22%,1777.66,0.10%,-16069.67,-0.93%,728402.5,-0.22%
2370,Entry long,LONG,11/17/2023 11:00,"36,484.00",47.48019,-3863.94,-0.22%,1777.66,0.10%,-16069.67,-0.93%,728402.5,-0.22%
2371,Exit short,LONG,11/17/2023 19:00,"36,372.82",47.48016,1414.91,0.08%,13371.36,0.77%,-2914.33,-0.17%,729817.44,0.08%
2371,Entry short,SHORT,11/17/2023 16:00,"36,402.62",47.48016,1414.91,0.08%,13371.36,0.77%,-2914.33,-0.17%,729817.44,0.08%
2372,Exit long,SHORT,11/17/2023 23:00,"36,044.79",47.55794,-15600.43,-0.90%,11755.37,0.68%,-24336.35,-1.41%,714217,-0.90%
2372,Entry long,LONG,11/17/2023 19:00,"36,372.82",47.55794,-15600.43,-0.90%,11755.37,0.68%,-24336.35,-1.41%,714217,-0.90%
2373,Exit short,LONG,11/18/2023 7:00,"36,613.91",47.55796,-27066.19,-1.58%,6449.81,0.38%,-35916.25,-2.10%,687150.8,-1.58%
2373,Entry short,SHORT,11/17/2023 23:00,"36,044.79",47.55796,-27066.19,-1.58%,6449.81,0.38%,-35916.25,-2.10%,687150.8,-1.58%
2374,Exit long,SHORT,11/18/2023 10:00,"36,408.10",46.07947,-9483.61,-0.56%,0.46,0.00%,-10876.14,-0.64%,677667.2,-0.56%
2374,Entry long,LONG,11/18/2023 7:00,"36,613.91",46.07947,-9483.61,-0.56%,0.46,0.00%,-10876.14,-0.64%,677667.2,-0.56%
2375,Exit short,LONG,11/18/2023 20:00,"36,449.30",46.0795,-1898.48,-0.11%,10576.17,0.63%,-6013.84,-0.36%,675768.75,-0.11%
2375,Entry short,SHORT,11/18/2023 10:00,"36,408.10",46.0795,-1898.48,-0.11%,10576.17,0.63%,-6013.84,-0.36%,675768.75,-0.11%
2376,Exit long,SHORT,11/19/2023 6:00,"36,506.00",45.97533,2606.8,0.16%,18214.97,1.09%,-4671.55,-0.28%,678375.5,0.16%
2376,Entry long,LONG,11/18/2023 20:00,"36,449.30",45.97533,2606.8,0.16%,18214.97,1.09%,-4671.55,-0.28%,678375.5,0.16%
2377,Exit short,LONG,11/19/2023 14:00,"36,601.09",45.97533,-4371.79,-0.26%,5412.68,0.32%,-6761.13,-0.40%,674003.75,-0.26%
2377,Entry short,SHORT,11/19/2023 6:00,"36,506.00",45.97533,-4371.79,-0.26%,5412.68,0.32%,-6761.13,-0.40%,674003.75,-0.26%
2378,Exit long,SHORT,11/19/2023 19:00,"36,453.63",45.73644,-6744.3,-0.40%,5255.57,0.31%,-9928.01,-0.59%,667259.44,-0.40%
2378,Entry long,LONG,11/19/2023 14:00,"36,601.09",45.73644,-6744.3,-0.40%,5255.57,0.31%,-9928.01,-0.59%,667259.44,-0.40%
2379,Exit short,LONG,11/20/2023 1:00,"36,603.04",45.73644,-6833.48,-0.41%,3106.88,0.19%,-8523.9,-0.51%,660425.94,-0.41%
2379,Entry short,SHORT,11/19/2023 19:00,"36,453.63",45.73644,-6833.48,-0.41%,3106.88,0.19%,-8523.9,-0.51%,660425.94,-0.41%
2380,Exit long,SHORT,11/21/2023 12:00,"37,389.99",45.36306,35698.46,2.15%,52029.62,3.13%,-251.76,-0.02%,696124.44,2.15%
2380,Entry long,LONG,11/20/2023 1:00,"36,603.04",45.36306,35698.46,2.15%,52029.62,3.13%,-251.76,-0.02%,696124.44,2.15%
2381,Exit short,LONG,11/22/2023 16:00,"36,560.23",45.36306,37640.45,2.22%,79747.35,4.70%,-4990.39,-0.29%,733764.9,2.22%
2381,Entry short,SHORT,11/21/2023 12:00,"37,389.99",45.36306,37640.45,2.22%,79747.35,4.70%,-4990.39,-0.29%,733764.9,2.22%
2382,Exit long,SHORT,11/23/2023 22:00,"37,204.10",47.42217,30533.71,1.76%,61690.08,3.56%,-15223.94,-0.88%,764298.56,1.76%
2382,Entry long,LONG,11/22/2023 16:00,"36,560.23",47.42217,30533.71,1.76%,61690.08,3.56%,-15223.94,-0.88%,764298.56,1.76%
2383,Exit short,LONG,11/24/2023 9:00,"37,395.97",47.42215,-9098.89,-0.52%,15843.74,0.90%,-13774.71,-0.78%,755199.7,-0.52%
2383,Entry short,SHORT,11/23/2023 22:00,"37,204.10",47.42215,-9098.89,-0.52%,15843.74,0.90%,-13774.71,-0.78%,755199.7,-0.52%
2384,Exit long,SHORT,11/25/2023 19:00,"37,652.51",46.93553,12040.84,0.69%,47781.78,2.72%,-4486.1,-0.26%,767240.56,0.69%
2384,Entry long,LONG,11/24/2023 9:00,"37,395.97",46.93553,12040.84,0.69%,47781.78,2.72%,-4486.1,-0.26%,767240.56,0.69%
2385,Exit short,LONG,11/25/2023 21:00,"37,720.20",46.93553,-3177.07,-0.18%,765.05,0.04%,-3871.24,-0.22%,764063.5,-0.18%
2385,Entry short,SHORT,11/25/2023 19:00,"37,652.51",46.93553,-3177.07,-0.18%,765.05,0.04%,-3871.24,-0.22%,764063.5,-0.18%
2386,Exit long,SHORT,11/25/2023 22:00,"37,677.22",46.76705,-2010.05,-0.11%,8.89,0.00%,-3442.05,-0.20%,762053.44,-0.11%
2386,Entry long,LONG,11/25/2023 21:00,"37,720.20",46.76705,-2010.05,-0.11%,8.89,0.00%,-3442.05,-0.20%,762053.44,-0.11%
2387,Exit short,LONG,11/25/2023 23:00,"37,704.38",46.76707,-1270.19,-0.07%,2676.01,0.15%,-1626.56,-0.09%,760783.25,-0.07%
2387,Entry short,SHORT,11/25/2023 22:00,"37,677.22",46.76707,-1270.19,-0.07%,2676.01,0.15%,-1626.56,-0.09%,760783.25,-0.07%
2388,Exit long,SHORT,11/26/2023 10:00,"37,744.01",46.69969,1850.71,0.11%,8575,0.49%,-1970.73,-0.11%,762633.94,0.11%
2388,Entry long,LONG,11/25/2023 23:00,"37,704.38",46.69969,1850.71,0.11%,8575,0.49%,-1970.73,-0.11%,762633.94,0.11%
2389,Exit short,LONG,11/26/2023 13:00,"37,773.22",46.69969,-1364.1,-0.08%,2313.04,0.13%,-1364.1,-0.08%,761269.8,-0.08%
2389,Entry short,SHORT,11/26/2023 10:00,"37,744.01",46.69969,-1364.1,-0.08%,2313.04,0.13%,-1364.1,-0.08%,761269.8,-0.08%
2390,Exit long,SHORT,11/26/2023 19:00,"37,679.30",46.62749,-4379.25,-0.25%,1930.84,0.11%,-4962.1,-0.28%,756890.56,-0.25%
2390,Entry long,LONG,11/26/2023 13:00,"37,773.22",46.62749,-4379.25,-0.25%,1930.84,0.11%,-4962.1,-0.28%,756890.56,-0.25%
2391,Exit short,LONG,11/27/2023 7:00,"37,447.42",46.62747,10811.98,0.62%,24679.92,1.40%,-3203.31,-0.18%,767702.56,0.62%
2391,Entry short,SHORT,11/26/2023 19:00,"37,679.30",46.62747,10811.98,0.62%,24679.92,1.40%,-3203.31,-0.18%,767702.56,0.62%
2392,Exit long,SHORT,11/27/2023 11:00,"37,309.26",47.20489,-6521.83,-0.37%,5750.03,0.33%,-11679.43,-0.66%,761180.75,-0.37%
2392,Entry long,LONG,11/27/2023 7:00,"37,447.42",47.20489,-6521.83,-0.37%,5750.03,0.33%,-11679.43,-0.66%,761180.75,-0.37%
2393,Exit short,LONG,11/28/2023 20:00,"37,205.21",47.20492,4911.67,0.28%,28429.64,1.61%,-7398.9,-0.42%,766092.44,0.28%
2393,Entry short,SHORT,11/27/2023 11:00,"37,309.26",47.20492,4911.67,0.28%,28429.64,1.61%,-7398.9,-0.42%,766092.44,0.28%
2394,Exit long,SHORT,11/29/2023 23:00,"37,830.74",47.46895,29693.25,1.68%,59088.88,3.35%,-2962.06,-0.17%,795785.7,1.68%
2394,Entry long,LONG,11/28/2023 20:00,"37,205.21",47.46895,29693.25,1.68%,59088.88,3.35%,-2962.06,-0.17%,795785.7,1.68%
2395,Exit short,LONG,11/30/2023 11:00,"38,051.84",47.46895,-10495.38,-0.58%,11862.02,0.66%,-10495.38,-0.58%,785290.25,-0.58%
2395,Entry short,SHORT,11/29/2023 23:00,"37,830.74",47.46895,-10495.38,-0.58%,11862.02,0.66%,-10495.38,-0.58%,785290.25,-0.58%
2396,Exit long,SHORT,11/30/2023 14:00,"37,864.01",46.91731,-8812.48,-0.49%,4410.7,0.25%,-12076.05,-0.68%,776477.8,-0.49%
2396,Entry long,LONG,11/30/2023 11:00,"38,051.84",46.91731,-8812.48,-0.49%,4410.7,0.25%,-12076.05,-0.68%,776477.8,-0.49%
2397,Exit short,LONG,12/1/2023 9:00,"37,946.01",46.91731,-3847.22,-0.22%,17078.37,0.96%,-4829.2,-0.27%,772630.56,-0.22%
2397,Entry short,SHORT,11/30/2023 14:00,"37,864.01",46.91731,-3847.22,-0.22%,17078.37,0.96%,-4829.2,-0.27%,772630.56,-0.22%
2398,Exit long,SHORT,12/4/2023 4:00,"39,567.95",46.71451,75768.13,4.27%,88528.2,4.99%,-3499.38,-0.20%,848398.7,4.27%
2398,Entry long,LONG,12/1/2023 9:00,"37,946.01",46.71451,75768.13,4.27%,88528.2,4.99%,-3499.38,-0.20%,848398.7,4.27%
2399,Exit short,LONG,12/4/2023 5:00,"39,710.14",46.71454,-6642.34,-0.36%,0.47,0.00%,-8903.32,-0.48%,841756.4,-0.36%
2399,Entry short,SHORT,12/4/2023 4:00,"39,567.95",46.71454,-6642.34,-0.36%,0.47,0.00%,-8903.32,-0.48%,841756.4,-0.36%
2400,Exit long,SHORT,12/5/2023 16:00,"41,614.12",46.37997,88306.54,4.79%,125683.23,6.82%,-912.76,-0.05%,930062.94,4.79%
2400,Entry long,LONG,12/4/2023 5:00,"39,710.14",46.37997,88306.54,4.79%,125683.23,6.82%,-912.76,-0.05%,930062.94,4.79%
2401,Exit short,LONG,12/5/2023 20:00,"41,868.80",46.38,-11812.06,-0.61%,2272.16,0.12%,-12063.9,-0.63%,918250.9,-0.61%
2401,Entry short,SHORT,12/5/2023 16:00,"41,614.12",46.38,-11812.06,-0.61%,2272.16,0.12%,-12063.9,-0.63%,918250.9,-0.61%
2402,Exit long,SHORT,12/7/2023 7:00,"43,762.69",45.81575,86769.99,4.52%,120000.61,6.26%,-2510.7,-0.13%,1005020.8,4.52%
2402,Entry long,LONG,12/5/2023 20:00,"41,868.80",45.81575,86769.99,4.52%,120000.61,6.26%,-2510.7,-0.13%,1005020.8,4.52%
2403,Exit short,LONG,12/7/2023 9:00,"43,926.98",45.81575,-7527.07,-0.38%,2414.03,0.12%,-8285.78,-0.41%,997493.75,-0.38%
2403,Entry short,SHORT,12/7/2023 7:00,"43,762.69",45.81575,-7527.07,-0.38%,2414.03,0.12%,-8285.78,-0.41%,997493.75,-0.38%
2404,Exit long,SHORT,12/7/2023 16:00,"43,585.61",45.47305,-15523.13,-0.78%,5472.68,0.27%,-17752.22,-0.89%,981970.6,-0.78%
2404,Entry long,LONG,12/7/2023 9:00,"43,926.98",45.47305,-15523.13,-0.78%,5472.68,0.27%,-17752.22,-0.89%,981970.6,-0.78%
2405,Exit short,LONG,12/8/2023 1:00,"43,419.03",45.47305,7574.9,0.38%,34764.6,1.75%,-15433.1,-0.78%,989545.56,0.38%
2405,Entry short,SHORT,12/7/2023 16:00,"43,585.61",45.47305,7574.9,0.38%,34764.6,1.75%,-15433.1,-0.78%,989545.56,0.38%
2406,Exit long,SHORT,12/8/2023 2:00,"43,309.23",45.82199,-5031.25,-0.25%,1769.65,0.09%,-7558.34,-0.38%,984514.25,-0.25%
2406,Entry long,LONG,12/8/2023 1:00,"43,419.03",45.82199,-5031.25,-0.25%,1769.65,0.09%,-7558.34,-0.38%,984514.25,-0.25%
2407,Exit short,LONG,12/8/2023 10:00,"43,497.39",45.82197,-8621.86,-0.43%,11492.61,0.58%,-9886.55,-0.50%,975892.44,-0.43%
2407,Entry short,SHORT,12/8/2023 2:00,"43,309.23",45.82197,-8621.86,-0.43%,11492.61,0.58%,-9886.55,-0.50%,975892.44,-0.43%
2408,Exit long,SHORT,12/8/2023 15:00,"43,166.01",45.42556,-15053.12,-0.76%,2389.84,0.12%,-17262.17,-0.87%,960839.3,-0.76%
2408,Entry long,LONG,12/8/2023 10:00,"43,497.39",45.42556,-15053.12,-0.76%,2389.84,0.12%,-17262.17,-0.87%,960839.3,-0.76%
2409,Exit short,LONG,12/8/2023 21:00,"43,571.74",45.42553,-18430.5,-0.94%,3857.08,0.20%,-28798.88,-1.47%,942408.8,-0.94%
2409,Entry short,SHORT,12/8/2023 15:00,"43,166.01",45.42553,-18430.5,-0.94%,3857.08,0.20%,-28798.88,-1.47%,942408.8,-0.94%
2410,Exit long,SHORT,12/9/2023 16:00,"43,834.34",44.57953,11706.59,0.60%,50297.3,2.59%,-254.99,-0.01%,954115.4,0.60%
2410,Entry long,LONG,12/8/2023 21:00,"43,571.74",44.57953,11706.59,0.60%,50297.3,2.59%,-254.99,-0.01%,954115.4,0.60%
2411,Exit short,LONG,12/10/2023 0:00,"44,008.59",44.57955,-7767.99,-0.40%,4585.45,0.23%,-13471.05,-0.69%,946347.4,-0.40%
2411,Entry short,SHORT,12/9/2023 16:00,"43,834.34",44.57955,-7767.99,-0.40%,4585.45,0.23%,-13471.05,-0.69%,946347.4,-0.40%
2412,Exit long,SHORT,12/10/2023 1:00,"43,891.46",44.22655,-5180.26,-0.27%,1036.67,0.05%,-5250.58,-0.27%,941167.1,-0.27%
2412,Entry long,LONG,12/10/2023 0:00,"44,008.59",44.22655,-5180.26,-0.27%,1036.67,0.05%,-5250.58,-0.27%,941167.1,-0.27%
2413,Exit short,LONG,12/10/2023 2:00,"43,964.95",44.22653,-3250.21,-0.17%,624.48,0.03%,-4579.66,-0.24%,937916.94,-0.17%
2413,Entry short,SHORT,12/10/2023 1:00,"43,891.46",44.22653,-3250.21,-0.17%,624.48,0.03%,-4579.66,-0.24%,937916.94,-0.17%
2414,Exit long,SHORT,12/10/2023 3:00,"43,924.40",44.07867,-1787.39,-0.09%,1987.07,0.10%,-2282.39,-0.12%,936129.56,-0.09%
2414,Entry long,LONG,12/10/2023 2:00,"43,964.95",44.07867,-1787.39,-0.09%,1987.07,0.10%,-2282.39,-0.12%,936129.56,-0.09%
2415,Exit short,LONG,12/10/2023 15:00,"43,966.44",44.07867,-1853.07,-0.10%,14981.9,0.77%,-7059.2,-0.36%,934276.5,-0.10%
2415,Entry short,SHORT,12/10/2023 3:00,"43,924.40",44.07867,-1853.07,-0.10%,14981.9,0.77%,-7059.2,-0.36%,934276.5,-0.10%
2416,Exit long,SHORT,12/10/2023 17:00,"43,606.79",43.99438,-15822.58,-0.82%,3632.18,0.19%,-15950.6,-0.82%,918453.9,-0.82%
2416,Entry long,LONG,12/10/2023 15:00,"43,966.44",43.99438,-15822.58,-0.82%,3632.18,0.19%,-15950.6,-0.82%,918453.9,-0.82%
2417,Exit short,LONG,12/10/2023 21:00,"43,834.64",43.99438,-10024.12,-0.52%,61.15,0.00%,-13178.52,-0.69%,908429.75,-0.52%
2417,Entry short,SHORT,12/10/2023 17:00,"43,606.79",43.99438,-10024.12,-0.52%,61.15,0.00%,-13178.52,-0.69%,908429.75,-0.52%
2418,Exit long,SHORT,12/11/2023 6:00,"43,783.48",43.53702,-2227.35,-0.12%,9201.98,0.48%,-3684.97,-0.19%,906202.44,-0.12%
2418,Entry long,LONG,12/10/2023 21:00,"43,834.64",43.53702,-2227.35,-0.12%,9201.98,0.48%,-3684.97,-0.19%,906202.44,-0.12%
2419,Exit short,LONG,12/11/2023 19:00,"42,344.01",43.53702,62670.23,3.29%,147306.64,7.73%,-2721.93,-0.14%,968872.6,3.29%
2419,Entry short,SHORT,12/11/2023 6:00,"43,783.48",43.53702,62670.23,3.29%,147306.64,7.73%,-2721.93,-0.14%,968872.6,3.29%
2420,Exit long,SHORT,12/11/2023 21:00,"42,004.00",46.49707,-15809.47,-0.80%,2153.28,0.11%,-21290.08,-1.08%,953063.2,-0.80%
2420,Entry long,LONG,12/11/2023 19:00,"42,344.01",46.49707,-15809.47,-0.80%,2153.28,0.11%,-21290.08,-1.08%,953063.2,-0.80%
2421,Exit short,LONG,12/12/2023 11:00,"41,735.29",46.49707,12494.23,0.64%,82857.78,4.24%,-5342.98,-0.27%,965557.44,0.64%
2421,Entry short,SHORT,12/11/2023 21:00,"42,004.00",46.49707,12494.23,0.64%,82857.78,4.24%,-5342.98,-0.27%,965557.44,0.64%
2422,Exit long,SHORT,12/12/2023 12:00,"41,385.42",47.09581,-16477.41,-0.84%,1469.39,0.07%,-16912.1,-0.86%,949080,-0.84%
2422,Entry long,LONG,12/12/2023 11:00,"41,735.29",47.09581,-16477.41,-0.84%,1469.39,0.07%,-16912.1,-0.86%,949080,-0.84%
2423,Exit short,LONG,12/12/2023 14:00,"41,695.05",47.09581,-14582.27,-0.75%,0,0.00%,-14677.41,-0.75%,934497.75,-0.75%
2423,Entry short,SHORT,12/12/2023 12:00,"41,385.42",47.09581,-14582.27,-0.75%,0,0.00%,-14677.41,-0.75%,934497.75,-0.75%
2424,Exit long,SHORT,12/12/2023 23:00,"41,347.99",46.39636,-16102.32,-0.83%,18979.36,0.98%,-24773.34,-1.28%,918395.44,-0.83%
2424,Entry long,LONG,12/12/2023 14:00,"41,695.05",46.39636,-16102.32,-0.83%,18979.36,0.98%,-24773.34,-1.28%,918395.44,-0.83%
2425,Exit short,LONG,12/13/2023 17:00,"41,219.37",46.39634,5967.5,0.31%,36791.83,1.92%,-9604.51,-0.50%,924362.9,0.31%
2425,Entry short,SHORT,12/12/2023 23:00,"41,347.99",46.39634,5967.5,0.31%,36791.83,1.92%,-9604.51,-0.50%,924362.9,0.31%
2426,Exit long,SHORT,12/15/2023 13:00,"42,592.62",46.68588,64111.38,3.33%,105315.41,5.47%,-12427.78,-0.65%,988474.3,3.33%
2426,Entry long,LONG,12/13/2023 17:00,"41,219.37",46.68588,64111.38,3.33%,105315.41,5.47%,-12427.78,-0.65%,988474.3,3.33%
2427,Exit short,LONG,12/15/2023 17:00,"42,834.90",46.68588,-11311.05,-0.57%,3579.87,0.18%,-20248.13,-1.02%,977163.25,-0.57%
2427,Entry short,SHORT,12/15/2023 13:00,"42,592.62",46.68588,-11311.05,-0.57%,3579.87,0.18%,-20248.13,-1.02%,977163.25,-0.57%
2428,Exit long,SHORT,12/15/2023 21:00,"42,288.03",46.15774,-25242.28,-1.28%,2666.99,0.13%,-29305.55,-1.48%,951920.94,-1.28%
2428,Entry long,LONG,12/15/2023 17:00,"42,834.90",46.15774,-25242.28,-1.28%,2666.99,0.13%,-29305.55,-1.48%,951920.94,-1.28%
2429,Exit short,LONG,12/16/2023 13:00,"42,266.09",46.15776,1012.7,0.05%,31527.14,1.62%,-5675.56,-0.29%,952933.6,0.05%
2429,Entry short,SHORT,12/15/2023 21:00,"42,288.03",46.15776,1012.7,0.05%,31527.14,1.62%,-5675.56,-0.29%,952933.6,0.05%
2430,Exit long,SHORT,12/17/2023 5:00,"42,295.05",46.20568,1338.12,0.07%,21177.91,1.08%,-7804.6,-0.40%,954271.75,0.07%
2430,Entry long,LONG,12/16/2023 13:00,"42,266.09",46.20568,1338.12,0.07%,21177.91,1.08%,-7804.6,-0.40%,954271.75,0.07%
2431,Exit short,LONG,12/18/2023 2:00,"42,173.21",46.20568,5629.7,0.29%,36273.77,1.86%,-5961.46,-0.31%,959901.44,0.29%
2431,Entry short,SHORT,12/17/2023 5:00,"42,295.05",46.20568,5629.7,0.29%,36273.77,1.86%,-5961.46,-0.31%,959901.44,0.29%
2432,Exit long,SHORT,12/18/2023 7:00,"41,374.64",46.47266,-37111.67,-1.89%,2121.48,0.11%,-42811.08,-2.18%,922789.8,-1.89%
2432,Entry long,LONG,12/18/2023 2:00,"42,173.21",46.47266,-37111.67,-1.89%,2121.48,0.11%,-42811.08,-2.18%,922789.8,-1.89%
2433,Exit short,LONG,12/19/2023 0:00,"41,495.99",46.47266,-5639.46,-0.29%,38651.78,2.01%,-17443.98,-0.91%,917150.3,-0.29%
2433,Entry short,SHORT,12/18/2023 7:00,"41,374.64",46.47266,-5639.46,-0.29%,38651.78,2.01%,-17443.98,-0.91%,917150.3,-0.29%
2434,Exit long,SHORT,12/19/2023 22:00,"42,367.03",46.20085,40242.79,2.10%,92448.36,4.82%,-7399.53,-0.39%,957393.1,2.10%
2434,Entry long,LONG,12/19/2023 0:00,"41,495.99",46.20085,40242.79,2.10%,92448.36,4.82%,-7399.53,-0.39%,957393.1,2.10%
2435,Exit short,LONG,12/20/2023 12:00,"42,812.96",46.20085,-20602.35,-1.05%,25684.44,1.31%,-23703.35,-1.21%,936790.8,-1.05%
2435,Entry short,SHORT,12/19/2023 22:00,"42,367.03",46.20085,-20602.35,-1.05%,25684.44,1.31%,-23703.35,-1.21%,936790.8,-1.05%
2436,Exit long,SHORT,12/22/2023 3:00,"43,588.79",45.2384,35097.31,1.81%,66502.26,3.43%,-10279.52,-0.53%,971888.06,1.81%
2436,Entry long,LONG,12/20/2023 12:00,"42,812.96",45.2384,35097.31,1.81%,66502.26,3.43%,-10279.52,-0.53%,971888.06,1.81%
2437,Exit short,LONG,12/22/2023 4:00,"43,796.80",45.23842,-9410.04,-0.48%,1573.39,0.08%,-9410.04,-0.48%,962478.06,-0.48%
2437,Entry short,SHORT,12/22/2023 3:00,"43,588.79",45.23842,-9410.04,-0.48%,1573.39,0.08%,-9410.04,-0.48%,962478.06,-0.48%
2438,Exit long,SHORT,12/22/2023 16:00,"43,610.00",44.8087,-8370.27,-0.43%,26950.64,1.37%,-11754.67,-0.60%,954107.8,-0.43%
2438,Entry long,LONG,12/22/2023 4:00,"43,796.80",44.8087,-8370.27,-0.43%,26950.64,1.37%,-11754.67,-0.60%,954107.8,-0.43%
2439,Exit short,LONG,12/23/2023 2:00,"43,949.99",44.8087,-15234.51,-0.78%,8847.93,0.45%,-17116.92,-0.88%,938873.25,-0.78%
2439,Entry short,SHORT,12/22/2023 16:00,"43,610.00",44.8087,-15234.51,-0.78%,8847.93,0.45%,-17116.92,-0.88%,938873.25,-0.78%
2440,Exit long,SHORT,12/23/2023 10:00,"43,490.86",44.11542,-20254.71,-1.04%,4330.81,0.22%,-21566.26,-1.11%,918618.56,-1.04%
2440,Entry long,LONG,12/23/2023 2:00,"43,949.99",44.11542,-20254.71,-1.04%,4330.81,0.22%,-21566.26,-1.11%,918618.56,-1.04%
2441,Exit short,LONG,12/23/2023 20:00,"43,704.91",44.11544,-9442.91,-0.49%,8812.5,0.46%,-11785,-0.61%,909175.6,-0.49%
2441,Entry short,SHORT,12/23/2023 10:00,"43,490.86",44.11544,-9442.91,-0.49%,8812.5,0.46%,-11785,-0.61%,909175.6,-0.49%
2442,Exit long,SHORT,12/24/2023 7:00,"43,702.15",43.68332,-120.57,-0.01%,6600.11,0.35%,-3151.31,-0.17%,909055.06,-0.01%
2442,Entry long,LONG,12/23/2023 20:00,"43,704.91",43.68332,-120.57,-0.01%,6600.11,0.35%,-3151.31,-0.17%,909055.06,-0.01%
2443,Exit short,LONG,12/24/2023 10:00,"43,856.86",43.68332,-6758.25,-0.35%,4192.29,0.22%,-8973.43,-0.47%,902296.8,-0.35%
2443,Entry short,SHORT,12/24/2023 7:00,"43,702.15",43.68332,-6758.25,-0.35%,4192.29,0.22%,-8973.43,-0.47%,902296.8,-0.35%
2444,Exit long,SHORT,12/24/2023 13:00,"43,490.01",43.37514,-15912.17,-0.84%,3866.46,0.20%,-18948.43,-1.00%,886384.7,-0.84%
2444,Entry long,LONG,12/24/2023 10:00,"43,856.86",43.37514,-15912.17,-0.84%,3866.46,0.20%,-18948.43,-1.00%,886384.7,-0.84%
2445,Exit short,LONG,12/24/2023 18:00,"43,594.57",43.37512,-4535.3,-0.24%,3860.82,0.20%,-8879.32,-0.47%,881849.4,-0.24%
2445,Entry short,SHORT,12/24/2023 13:00,"43,490.01",43.37512,-4535.3,-0.24%,3860.82,0.20%,-8879.32,-0.47%,881849.4,-0.24%
2446,Exit long,SHORT,12/25/2023 4:00,"43,499.25",43.16705,-4114.68,-0.22%,11633.95,0.62%,-7256.38,-0.39%,877734.7,-0.22%
2446,Entry long,LONG,12/24/2023 18:00,"43,594.57",43.16705,-4114.68,-0.22%,11633.95,0.62%,-7256.38,-0.39%,877734.7,-0.22%
2447,Exit short,LONG,12/25/2023 14:00,"43,239.93",43.16705,11194.08,0.60%,43134.68,2.30%,-2622.4,-0.14%,888928.75,0.60%
2447,Entry short,SHORT,12/25/2023 4:00,"43,499.25",43.16705,11194.08,0.60%,43134.68,2.30%,-2622.4,-0.14%,888928.75,0.60%
2448,Exit long,SHORT,12/25/2023 16:00,"43,114.55",43.6848,-5477.2,-0.29%,2233.17,0.12%,-6091.41,-0.32%,883451.56,-0.29%
2448,Entry long,LONG,12/25/2023 14:00,"43,239.93",43.6848,-5477.2,-0.29%,2233.17,0.12%,-6091.41,-0.32%,883451.56,-0.29%
2449,Exit short,LONG,12/25/2023 20:00,"43,648.03",43.68482,-23304.98,-1.24%,3019.49,0.16%,-25531.59,-1.36%,860146.56,-1.24%
2449,Entry short,SHORT,12/25/2023 16:00,"43,114.55",43.68482,-23304.98,-1.24%,3019.49,0.16%,-25531.59,-1.36%,860146.56,-1.24%
2450,Exit long,SHORT,12/26/2023 3:00,"43,474.25",42.61698,-7405.98,-0.40%,6575.37,0.35%,-12964.08,-0.70%,852740.6,-0.40%
2450,Entry long,LONG,12/25/2023 20:00,"43,648.03",42.61698,-7405.98,-0.40%,6575.37,0.35%,-12964.08,-0.70%,852740.6,-0.40%
2451,Exit short,LONG,12/26/2023 6:00,"43,680.15",42.61696,-8774.83,-0.47%,6226.76,0.34%,-10514.03,-0.57%,843965.75,-0.47%
2451,Entry short,SHORT,12/26/2023 3:00,"43,474.25",42.61696,-8774.83,-0.47%,6226.76,0.34%,-10514.03,-0.57%,843965.75,-0.47%
2452,Exit long,SHORT,12/26/2023 10:00,"43,407.62",42.21518,-11504.9,-0.62%,0,0.00%,-12159.24,-0.66%,832460.9,-0.62%
2452,Entry long,LONG,12/26/2023 6:00,"43,680.15",42.21518,-11504.9,-0.62%,0,0.00%,-12159.24,-0.66%,832460.9,-0.62%
2453,Exit short,LONG,12/27/2023 15:00,"42,455.82",42.21518,40180.41,2.19%,74721.71,4.08%,-3074.11,-0.17%,872641.25,2.19%
2453,Entry short,SHORT,12/26/2023 10:00,"43,407.62",42.21518,40180.41,2.19%,74721.71,4.08%,-3074.11,-0.17%,872641.25,2.19%
2454,Exit long,SHORT,12/28/2023 15:00,"43,049.17",44.10797,26171.47,1.40%,58740.79,3.14%,-2474.46,-0.13%,898812.75,1.40%
2454,Entry long,LONG,12/27/2023 15:00,"42,455.82",44.10797,26171.47,1.40%,58740.79,3.14%,-2474.46,-0.13%,898812.75,1.40%
2455,Exit short,LONG,12/29/2023 20:00,"42,825.45",44.10799,9867.84,0.52%,42354.7,2.23%,-6307.44,-0.33%,908680.56,0.52%
2455,Entry short,SHORT,12/28/2023 15:00,"43,049.17",44.10799,9867.84,0.52%,42354.7,2.23%,-6307.44,-0.33%,908680.56,0.52%
2456,Exit long,SHORT,12/30/2023 1:00,"41,806.42",44.56881,-45416.95,-2.38%,12726.62,0.67%,-52388.41,-2.74%,863263.6,-2.38%
2456,Entry long,LONG,12/29/2023 20:00,"42,825.45",44.56881,-45416.95,-2.38%,12726.62,0.67%,-52388.41,-2.74%,863263.6,-2.38%
2457,Exit short,LONG,12/30/2023 21:00,"42,029.35",44.56883,-9935.73,-0.53%,22570.55,1.21%,-19324.15,-1.04%,853327.9,-0.53%
2457,Entry short,SHORT,12/30/2023 1:00,"41,806.42",44.56883,-9935.73,-0.53%,22570.55,1.21%,-19324.15,-1.04%,853327.9,-0.53%
2458,Exit long,SHORT,12/31/2023 10:00,"42,084.48",44.09603,2431.01,0.13%,25706.66,1.39%,-2800.54,-0.15%,855758.94,0.13%
2458,Entry long,LONG,12/30/2023 21:00,"42,029.35",44.09603,2431.01,0.13%,25706.66,1.39%,-2800.54,-0.15%,855758.94,0.13%
2459,Exit short,LONG,12/31/2023 14:00,"42,252.67",44.09603,-7416.51,-0.40%,2578.74,0.14%,-10635.08,-0.57%,848342.4,-0.40%
2459,Entry short,SHORT,12/31/2023 10:00,"42,084.48",44.09603,-7416.51,-0.40%,2578.74,0.14%,-10635.08,-0.57%,848342.4,-0.40%
2460,Exit long,SHORT,12/31/2023 23:00,"42,457.17",43.74496,8945.84,0.48%,28273.68,1.53%,0,0.00%,857288.25,0.48%
2460,Entry long,LONG,12/31/2023 14:00,"42,252.67",43.74496,8945.84,0.48%,28273.68,1.53%,0,0.00%,857288.25,0.48%
2461,Exit short,LONG,1/1/2024 0:00,"42,592.47",43.74498,-5918.7,-0.32%,905.52,0.05%,-10622.59,-0.57%,851369.56,-0.32%
2461,Entry short,SHORT,12/31/2023 23:00,"42,457.17",43.74498,-5918.7,-0.32%,905.52,0.05%,-10622.59,-0.57%,851369.56,-0.32%
2462,Exit long,SHORT,1/1/2024 6:00,"42,257.89",43.46706,-14543.21,-0.79%,5534.66,0.30%,-23318.77,-1.26%,836826.3,-0.79%
2462,Entry long,LONG,1/1/2024 0:00,"42,592.47",43.46706,-14543.21,-0.79%,5534.66,0.30%,-23318.77,-1.26%,836826.3,-0.79%
2463,Exit short,LONG,1/1/2024 14:00,"42,396.69",43.46706,-6033.23,-0.33%,8340.9,0.45%,-22477.25,-1.22%,830793.1,-0.33%
2463,Entry short,SHORT,1/1/2024 6:00,"42,257.89",43.46706,-6033.23,-0.33%,8340.9,0.45%,-22477.25,-1.22%,830793.1,-0.33%
2464,Exit long,SHORT,1/3/2024 4:00,"44,788.27",43.18245,103274.28,5.64%,150401.88,8.22%,-0.43,0.00%,934067.4,5.64%
2464,Entry long,LONG,1/1/2024 14:00,"42,396.69",43.18245,103274.28,5.64%,150401.88,8.22%,-0.43,0.00%,934067.4,5.64%
2465,Exit short,LONG,1/3/2024 9:00,"45,317.58",43.18245,-22856.9,-1.18%,8129.96,0.42%,-23385.89,-1.21%,911210.5,-1.18%
2465,Entry short,SHORT,1/3/2024 4:00,"44,788.27",43.18245,-22856.9,-1.18%,8129.96,0.42%,-23385.89,-1.21%,911210.5,-1.18%
2466,Exit long,SHORT,1/3/2024 20:00,"42,789.39",42.17371,-106623.15,-5.58%,7693.33,0.40%,-192631.8,-10.08%,804587.3,-5.58%
2466,Entry long,LONG,1/3/2024 9:00,"45,317.58",42.17371,-106623.15,-5.58%,7693.33,0.40%,-192631.8,-10.08%,804587.3,-5.58%
2467,Exit short,LONG,1/4/2024 11:00,"43,102.79",42.17371,-13217.24,-0.73%,33291.5,1.84%,-32833.5,-1.82%,791370.1,-0.73%
2467,Entry short,SHORT,1/3/2024 20:00,"42,789.39",42.17371,-13217.24,-0.73%,33291.5,1.84%,-32833.5,-1.82%,791370.1,-0.73%
2468,Exit long,SHORT,1/4/2024 16:00,"42,849.67",41.5604,-10519.77,-0.59%,7077.32,0.40%,-16747.18,-0.93%,780850.3,-0.59%
2468,Entry long,LONG,1/4/2024 11:00,"43,102.79",41.5604,-10519.77,-0.59%,7077.32,0.40%,-16747.18,-0.93%,780850.3,-0.59%
2469,Exit short,LONG,1/4/2024 18:00,"43,073.26",41.56042,-9292.49,-0.52%,9699.79,0.54%,-10403.82,-0.58%,771557.8,-0.52%
2469,Entry short,SHORT,1/4/2024 16:00,"42,849.67",41.56042,-9292.49,-0.52%,9699.79,0.54%,-10403.82,-0.58%,771557.8,-0.52%
2470,Exit long,SHORT,1/6/2024 14:00,"43,454.70",41.12894,15688.22,0.89%,68122.69,3.85%,-25634.02,-1.45%,787246.06,0.89%
2470,Entry long,LONG,1/4/2024 18:00,"43,073.26",41.12894,15688.22,0.89%,68122.69,3.85%,-25634.02,-1.45%,787246.06,0.89%
2471,Exit short,LONG,1/6/2024 22:00,"43,828.20",41.12894,-15361.66,-0.86%,2371.08,0.13%,-19140.59,-1.07%,771884.4,-0.86%
2471,Entry short,SHORT,1/6/2024 14:00,"43,454.70",41.12894,-15361.66,-0.86%,2371.08,0.13%,-19140.59,-1.07%,771884.4,-0.86%
2472,Exit long,SHORT,1/8/2024 9:00,"43,713.07",40.42793,-4654.47,-0.26%,26374.78,1.49%,-10354,-0.58%,767229.94,-0.26%
2472,Entry long,LONG,1/6/2024 22:00,"43,828.20",40.42793,-4654.47,-0.26%,26374.78,1.49%,-10354,-0.58%,767229.94,-0.26%
2473,Exit short,LONG,1/8/2024 14:00,"43,912.88",40.42795,-8077.91,-0.46%,21753.07,1.23%,-25418.27,-1.44%,759152,-0.46%
2473,Entry short,SHORT,1/8/2024 9:00,"43,713.07",40.42795,-8077.91,-0.46%,21753.07,1.23%,-25418.27,-1.44%,759152,-0.46%
2474,Exit long,SHORT,1/10/2024 7:00,"46,110.00",40.06006,88016.76,5.00%,162608.6,9.24%,-10862.28,-0.62%,847168.8,5.00%
2474,Entry long,LONG,1/8/2024 14:00,"43,912.88",40.06006,88016.76,5.00%,162608.6,9.24%,-10862.28,-0.62%,847168.8,5.00%
2475,Exit short,LONG,1/11/2024 2:00,"46,527.32",40.06004,-16717.85,-0.91%,72494.25,3.92%,-20985.85,-1.14%,830450.94,-0.91%
2475,Entry short,SHORT,1/10/2024 7:00,"46,110.00",40.06004,-16717.85,-0.91%,72494.25,3.92%,-20985.85,-1.14%,830450.94,-0.91%
2476,Exit long,SHORT,1/12/2024 12:00,"45,956.34",39.3414,-22463.15,-1.23%,96077.99,5.25%,-67955.19,-3.71%,807987.75,-1.23%
2476,Entry long,LONG,1/11/2024 2:00,"46,527.32",39.3414,-22463.15,-1.23%,96077.99,5.25%,-67955.19,-3.71%,807987.75,-1.23%
2477,Exit short,LONG,1/12/2024 18:00,"46,063.62",39.34142,-4220.55,-0.23%,16482.88,0.91%,-16116.61,-0.89%,803767.25,-0.23%
2477,Entry short,SHORT,1/12/2024 12:00,"45,956.34",39.34142,-4220.55,-0.23%,16482.88,0.91%,-16116.61,-0.89%,803767.25,-0.23%
2478,Exit long,SHORT,1/12/2024 20:00,"45,866.57",39.15817,-7716.12,-0.43%,7963.99,0.44%,-15512.51,-0.86%,796051.1,-0.43%
2478,Entry long,LONG,1/12/2024 18:00,"46,063.62",39.15817,-7716.12,-0.43%,7963.99,0.44%,-15512.51,-0.86%,796051.1,-0.43%
2479,Exit short,LONG,1/14/2024 6:00,"42,990.65",39.15817,112615.77,6.27%,170986.89,9.52%,-3036.72,-0.17%,908666.9,6.27%
2479,Entry short,SHORT,1/12/2024 20:00,"45,866.57",39.15817,112615.77,6.27%,170986.89,9.52%,-3036.72,-0.17%,908666.9,6.27%
2480,Exit long,SHORT,1/14/2024 8:00,"42,687.36",44.39725,-13465.24,-0.71%,241.08,0.01%,-14502.36,-0.76%,895201.6,-0.71%
2480,Entry long,LONG,1/14/2024 6:00,"42,990.65",44.39725,-13465.24,-0.71%,241.08,0.01%,-14502.36,-0.76%,895201.6,-0.71%
2481,Exit short,LONG,1/14/2024 16:00,"42,996.26",44.39725,-13714.31,-0.72%,5540.78,0.29%,-16544.19,-0.87%,881487.3,-0.72%
2481,Entry short,SHORT,1/14/2024 8:00,"42,687.36",44.39725,-13714.31,-0.72%,5540.78,0.29%,-16544.19,-0.87%,881487.3,-0.72%
2482,Exit long,SHORT,1/14/2024 21:00,"42,891.68",43.75934,-4576.35,-0.24%,3620.65,0.19%,-12526.55,-0.67%,876911,-0.24%
2482,Entry long,LONG,1/14/2024 16:00,"42,996.26",43.75934,-4576.35,-0.24%,3620.65,0.19%,-12526.55,-0.67%,876911,-0.24%
2483,Exit short,LONG,1/15/2024 2:00,"42,900.01",43.75932,-364.52,-0.02%,4449.45,0.24%,-5214.36,-0.28%,876546.44,-0.02%
2483,Entry short,SHORT,1/14/2024 21:00,"42,891.68",43.75932,-364.52,-0.02%,4449.45,0.24%,-5214.36,-0.28%,876546.44,-0.02%
2484,Exit long,SHORT,1/15/2024 3:00,"42,660.00",43.74233,-10498.6,-0.56%,1336.33,0.07%,-11697.57,-0.62%,866047.9,-0.56%
2484,Entry long,LONG,1/15/2024 2:00,"42,900.01",43.74233,-10498.6,-0.56%,1336.33,0.07%,-11697.57,-0.62%,866047.9,-0.56%
2485,Exit short,LONG,1/15/2024 13:00,"42,739.85",43.74233,-3492.82,-0.19%,41203.09,2.21%,-7203.49,-0.39%,862555.06,-0.19%
2485,Entry short,SHORT,1/15/2024 3:00,"42,660.00",43.74233,-3492.82,-0.19%,41203.09,2.21%,-7203.49,-0.39%,862555.06,-0.19%
2486,Exit long,SHORT,1/16/2024 9:00,"42,584.34",43.57888,-6776.95,-0.36%,28787.34,1.55%,-25124.53,-1.35%,855778.06,-0.36%
2486,Entry long,LONG,1/15/2024 13:00,"42,739.85",43.57888,-6776.95,-0.36%,28787.34,1.55%,-25124.53,-1.35%,855778.06,-0.36%
2487,Exit short,LONG,1/16/2024 10:00,"42,710.00",43.57888,-5476.12,-0.30%,1323.93,0.07%,-6454.47,-0.35%,850301.94,-0.30%
2487,Entry short,SHORT,1/16/2024 9:00,"42,584.34",43.57888,-5476.12,-0.30%,1323.93,0.07%,-6454.47,-0.35%,850301.94,-0.30%
2488,Exit long,SHORT,1/17/2024 10:00,"42,997.26",43.32245,12444.81,0.67%,37604.32,2.03%,-28592.82,-1.55%,862746.75,0.67%
2488,Entry long,LONG,1/16/2024 10:00,"42,710.00",43.32245,12444.81,0.67%,37604.32,2.03%,-28592.82,-1.55%,862746.75,0.67%
2489,Exit short,LONG,1/18/2024 8:00,"42,660.79",43.32245,14576.71,0.78%,34509.36,1.85%,-1232.52,-0.07%,877323.5,0.78%
2489,Entry short,SHORT,1/17/2024 10:00,"42,997.26",43.32245,14576.71,0.78%,34509.36,1.85%,-1232.52,-0.07%,877323.5,0.78%
2490,Exit long,SHORT,1/18/2024 9:00,"42,584.61",44.00582,-3352.36,-0.18%,2338.03,0.12%,-6979.32,-0.37%,873971.1,-0.18%
2490,Entry long,LONG,1/18/2024 8:00,"42,660.79",44.00582,-3352.36,-0.18%,2338.03,0.12%,-6979.32,-0.37%,873971.1,-0.18%
2491,Exit short,LONG,1/18/2024 13:00,"42,772.86",44.00582,-8284.1,-0.44%,1523.04,0.08%,-8817.89,-0.47%,865687,-0.44%
2491,Entry short,SHORT,1/18/2024 9:00,"42,584.61",44.00582,-8284.1,-0.44%,1523.04,0.08%,-8817.89,-0.47%,865687,-0.44%
2492,Exit long,SHORT,1/18/2024 20:00,"42,433.45",43.61845,-14804.54,-0.79%,6854.2,0.37%,-18278.75,-0.98%,850882.5,-0.79%
2492,Entry long,LONG,1/18/2024 13:00,"42,772.86",43.61845,-14804.54,-0.79%,6854.2,0.37%,-18278.75,-0.98%,850882.5,-0.79%
2493,Exit short,LONG,1/18/2024 23:00,"42,619.31",43.61847,-8106.93,-0.44%,3116.54,0.17%,-16424.53,-0.89%,842775.56,-0.44%
2493,Entry short,SHORT,1/18/2024 20:00,"42,433.45",43.61847,-8106.93,-0.44%,3116.54,0.17%,-16424.53,-0.89%,842775.56,-0.44%
2494,Exit long,SHORT,1/19/2024 0:00,"41,948.99",43.23802,-28983.31,-1.57%,0.43,0.00%,-38180.9,-2.07%,813792.25,-1.57%
2494,Entry long,LONG,1/18/2024 23:00,"42,619.31",43.23802,-28983.31,-1.57%,0.43,0.00%,-38180.9,-2.07%,813792.25,-1.57%
2495,Exit short,LONG,1/19/2024 18:00,"41,486.05",43.23804,20016.62,1.10%,54726.82,3.02%,-9918.81,-0.55%,833808.9,1.10%
2495,Entry short,SHORT,1/19/2024 0:00,"41,948.99",43.23804,20016.62,1.10%,54726.82,3.02%,-9918.81,-0.55%,833808.9,1.10%
2496,Exit long,SHORT,1/19/2024 23:00,"40,894.71",44.203,-26139,-1.43%,1044.96,0.06%,-33950.11,-1.85%,807669.9,-1.43%
2496,Entry long,LONG,1/19/2024 18:00,"41,486.05",44.203,-26139,-1.43%,1044.96,0.06%,-33950.11,-1.85%,807669.9,-1.43%
2497,Exit short,LONG,1/21/2024 3:00,"41,632.97",44.20302,-32633.32,-1.81%,27172.04,1.50%,-57558.96,-3.18%,775036.5,-1.81%
2497,Entry short,SHORT,1/19/2024 23:00,"40,894.71",44.20302,-32633.32,-1.81%,27172.04,1.50%,-57558.96,-3.18%,775036.5,-1.81%
2498,Exit long,SHORT,1/21/2024 13:00,"41,628.46",42.63537,-192.29,-0.01%,10215.01,0.58%,-956.31,-0.05%,774844.25,-0.01%
2498,Entry long,LONG,1/21/2024 3:00,"41,632.97",42.63537,-192.29,-0.01%,10215.01,0.58%,-956.31,-0.05%,774844.25,-0.01%
2499,Exit short,LONG,1/21/2024 18:00,"41,786.00",42.63535,-6716.77,-0.38%,2735.91,0.15%,-8463.54,-0.48%,768127.5,-0.38%
2499,Entry short,SHORT,1/21/2024 13:00,"41,628.46",42.63535,-6716.77,-0.38%,2735.91,0.15%,-8463.54,-0.48%,768127.5,-0.38%
2500,Exit long,SHORT,1/22/2024 4:00,"41,643.90",42.31389,-6012.8,-0.34%,4036.32,0.23%,-11043.92,-0.62%,762114.7,-0.34%
2500,Entry long,LONG,1/21/2024 18:00,"41,786.00",42.31389,-6012.8,-0.34%,4036.32,0.23%,-11043.92,-0.62%,762114.7,-0.34%
2501,Exit short,LONG,1/22/2024 5:00,"41,785.90",42.31387,-6008.57,-0.34%,999.88,0.06%,-7074.88,-0.40%,756106.1,-0.34%
2501,Entry short,SHORT,1/22/2024 4:00,"41,643.90",42.31387,-6008.57,-0.34%,999.88,0.06%,-7074.88,-0.40%,756106.1,-0.34%
2502,Exit long,SHORT,1/22/2024 6:00,"41,633.39",42.02626,-6409.42,-0.36%,0.42,0.00%,-6962.49,-0.40%,749696.7,-0.36%
2502,Entry long,LONG,1/22/2024 5:00,"41,785.90",42.02626,-6409.42,-0.36%,0.42,0.00%,-6962.49,-0.40%,749696.7,-0.36%
2503,Exit short,LONG,1/24/2024 7:00,"39,897.59",42.02628,72949.22,4.17%,129373.28,7.39%,-2364.4,-0.14%,822645.9,4.17%
2503,Entry short,SHORT,1/22/2024 6:00,"41,633.39",42.02628,72949.22,4.17%,129373.28,7.39%,-2364.4,-0.14%,822645.9,4.17%
2504,Exit long,SHORT,1/25/2024 4:00,"39,544.40",45.68308,-16134.81,-0.89%,30032.51,1.65%,-17632.76,-0.97%,806511.06,-0.89%
2504,Entry long,LONG,1/24/2024 7:00,"39,897.59",45.68308,-16134.81,-0.89%,30032.51,1.65%,-17632.76,-0.97%,806511.06,-0.89%
2505,Exit short,LONG,1/25/2024 8:00,"40,170.15",45.6831,-28586.2,-1.58%,2750.58,0.15%,-28983.19,-1.60%,777924.9,-1.58%
2505,Entry short,SHORT,1/25/2024 4:00,"39,544.40",45.6831,-28586.2,-1.58%,2750.58,0.15%,-28983.19,-1.60%,777924.9,-1.58%
2506,Exit long,SHORT,1/27/2024 16:00,"41,470.01",44.25985,57531.61,3.24%,91913.1,5.17%,-27447.75,-1.54%,835456.5,3.24%
2506,Entry long,LONG,1/25/2024 8:00,"40,170.15",44.25985,57531.61,3.24%,91913.1,5.17%,-27447.75,-1.54%,835456.5,3.24%
2507,Exit short,LONG,1/27/2024 19:00,"41,761.22",44.25985,-12888.91,-0.70%,3349.14,0.18%,-14605.31,-0.80%,822567.56,-0.70%
2507,Entry short,SHORT,1/27/2024 16:00,"41,470.01",44.25985,-12888.91,-0.70%,3349.14,0.18%,-14605.31,-0.80%,822567.56,-0.70%
2508,Exit long,SHORT,1/29/2024 0:00,"42,312.35",43.64256,24052.73,1.32%,47197.68,2.59%,-2060.8,-0.11%,846620.3,1.32%
2508,Entry long,LONG,1/27/2024 19:00,"41,761.22",43.64256,24052.73,1.32%,47197.68,2.59%,-2060.8,-0.11%,846620.3,1.32%
2509,Exit short,LONG,1/29/2024 11:00,"42,331.19",43.64258,-822.23,-0.04%,30180.59,1.63%,-8364.1,-0.45%,845798.06,-0.04%
2509,Entry short,SHORT,1/29/2024 0:00,"42,312.35",43.64258,-822.23,-0.04%,30180.59,1.63%,-8364.1,-0.45%,845798.06,-0.04%
2510,Exit long,SHORT,1/29/2024 15:00,"42,053.45",43.60371,-12110.49,-0.66%,617.86,0.03%,-14925.99,-0.81%,833687.56,-0.66%
2510,Entry long,LONG,1/29/2024 11:00,"42,331.19",43.60371,-12110.49,-0.66%,617.86,0.03%,-14925.99,-0.81%,833687.56,-0.66%
2511,Exit short,LONG,1/30/2024 2:00,"43,028.74",43.60373,-42526.28,-2.32%,10838.58,0.59%,-54955.96,-3.00%,791161.3,-2.32%
2511,Entry short,SHORT,1/29/2024 15:00,"42,053.45",43.60373,-42526.28,-2.32%,10838.58,0.59%,-54955.96,-3.00%,791161.3,-2.32%
2512,Exit long,SHORT,1/31/2024 7:00,"42,941.10",41.62707,-3648.2,-0.20%,35533.7,1.98%,-14350.93,-0.80%,787513.1,-0.20%
2512,Entry long,LONG,1/30/2024 2:00,"43,028.74",41.62707,-3648.2,-0.20%,35533.7,1.98%,-14350.93,-0.80%,787513.1,-0.20%
2513,Exit short,LONG,2/1/2024 0:00,"43,474.81",41.62709,-22216.79,-1.24%,24397.64,1.36%,-27919.29,-1.56%,765296.3,-1.24%
2513,Entry short,SHORT,1/31/2024 7:00,"42,941.10",41.62709,-22216.79,-1.24%,24397.64,1.36%,-27919.29,-1.56%,765296.3,-1.24%
2514,Exit long,SHORT,2/1/2024 7:00,"42,580.00",40.60503,-36333.79,-2.06%,10975.54,0.62%,-48643.61,-2.76%,728962.5,-2.06%
2514,Entry long,LONG,2/1/2024 0:00,"43,474.81",40.60503,-36333.79,-2.06%,10975.54,0.62%,-48643.61,-2.76%,728962.5,-2.06%
2515,Exit short,LONG,2/1/2024 22:00,"42,651.10",40.60503,-2887.02,-0.17%,28249.73,1.63%,-4370.32,-0.25%,726075.5,-0.17%
2515,Entry short,SHORT,2/1/2024 7:00,"42,580.00",40.60503,-2887.02,-0.17%,28249.73,1.63%,-4370.32,-0.25%,726075.5,-0.17%
2516,Exit long,SHORT,2/2/2024 17:00,"42,980.91",40.46965,13347.3,0.77%,31628.25,1.83%,-11618.84,-0.67%,739422.8,0.77%
2516,Entry long,LONG,2/1/2024 22:00,"42,651.10",40.46965,13347.3,0.77%,31628.25,1.83%,-11618.84,-0.67%,739422.8,0.77%
2517,Exit short,LONG,2/2/2024 19:00,"43,148.42",40.46965,-6779.07,-0.39%,1611.1,0.09%,-8826.03,-0.51%,732643.75,-0.39%
2517,Entry short,SHORT,2/2/2024 17:00,"42,980.91",40.46965,-6779.07,-0.39%,1611.1,0.09%,-8826.03,-0.51%,732643.75,-0.39%
2518,Exit long,SHORT,2/2/2024 21:00,"42,694.01",40.15545,-18247.04,-1.05%,3660.17,0.21%,-24158.72,-1.39%,714396.7,-1.05%
2518,Entry long,LONG,2/2/2024 19:00,"43,148.42",40.15545,-18247.04,-1.05%,3660.17,0.21%,-24158.72,-1.39%,714396.7,-1.05%
2519,Exit short,LONG,2/2/2024 23:00,"43,242.10",40.15543,-22008.79,-1.28%,3373.46,0.20%,-22326.02,-1.30%,692387.9,-1.28%
2519,Entry short,SHORT,2/2/2024 21:00,"42,694.01",40.15543,-22008.79,-1.28%,3373.46,0.20%,-22326.02,-1.30%,692387.9,-1.28%
2520,Exit long,SHORT,2/3/2024 15:00,"43,053.05",39.13752,-7398.95,-0.44%,9623.92,0.57%,-17964.51,-1.06%,684988.94,-0.44%
2520,Entry long,LONG,2/2/2024 23:00,"43,242.10",39.13752,-7398.95,-0.44%,9623.92,0.57%,-17964.51,-1.06%,684988.94,-0.44%
2521,Exit short,LONG,2/4/2024 1:00,"43,230.00",39.1375,-6925.38,-0.41%,6772.74,0.40%,-8490.88,-0.50%,678063.56,-0.41%
2521,Entry short,SHORT,2/3/2024 15:00,"43,053.05",39.1375,-6925.38,-0.41%,6772.74,0.40%,-8490.88,-0.50%,678063.56,-0.41%
2522,Exit long,SHORT,2/4/2024 6:00,"43,031.32",38.81708,-7712.18,-0.46%,524.81,0.03%,-8639.13,-0.51%,670351.4,-0.46%
2522,Entry long,LONG,2/4/2024 1:00,"43,230.00",38.81708,-7712.18,-0.46%,524.81,0.03%,-8639.13,-0.51%,670351.4,-0.46%
2523,Exit short,LONG,2/5/2024 15:00,"43,071.87",38.8171,-1574.03,-0.09%,31415.46,1.88%,-5631.2,-0.34%,668777.4,-0.09%
2523,Entry short,SHORT,2/4/2024 6:00,"43,031.32",38.8171,-1574.03,-0.09%,31415.46,1.88%,-5631.2,-0.34%,668777.4,-0.09%
2524,Exit long,SHORT,2/6/2024 5:00,"42,386.01",38.744,-26572.96,-1.59%,19290.25,1.16%,-28613.99,-1.71%,642204.4,-1.59%
2524,Entry long,LONG,2/5/2024 15:00,"43,071.87",38.744,-26572.96,-1.59%,19290.25,1.16%,-28613.99,-1.71%,642204.4,-1.59%
2525,Exit short,LONG,2/6/2024 10:00,"42,852.18",38.74401,-18061.29,-1.10%,2149.91,0.13%,-21520.75,-1.31%,624143.1,-1.10%
2525,Entry short,SHORT,2/6/2024 5:00,"42,386.01",38.74401,-18061.29,-1.10%,2149.91,0.13%,-21520.75,-1.31%,624143.1,-1.10%
2526,Exit long,SHORT,2/7/2024 11:00,"42,799.99",37.90104,-1978.06,-0.12%,20762.19,1.28%,-7359.62,-0.45%,622165.06,-0.12%
2526,Entry long,LONG,2/6/2024 10:00,"42,852.18",37.90104,-1978.06,-0.12%,20762.19,1.28%,-7359.62,-0.45%,622165.06,-0.12%
2527,Exit short,LONG,2/7/2024 21:00,"43,141.97",37.90106,-12961.4,-0.80%,201.63,0.01%,-15160.8,-0.93%,609203.6,-0.80%
2527,Entry short,SHORT,2/7/2024 11:00,"42,799.99",37.90106,-12961.4,-0.80%,201.63,0.01%,-15160.8,-0.93%,609203.6,-0.80%
2528,Exit long,SHORT,2/10/2024 18:00,"46,884.22",37.30017,139586.56,8.67%,188665.38,11.72%,-8238.49,-0.51%,748790.2,8.67%
2528,Entry long,LONG,2/7/2024 21:00,"43,141.97",37.30017,139586.56,8.67%,188665.38,11.72%,-8238.49,-0.51%,748790.2,8.67%
2529,Exit short,LONG,2/10/2024 22:00,"47,270.00",37.30018,-14389.66,-0.82%,1214.87,0.07%,-18433.37,-1.05%,734400.56,-0.82%
2529,Entry short,SHORT,2/10/2024 18:00,"46,884.22",37.30018,-14389.66,-0.82%,1214.87,0.07%,-18433.37,-1.05%,734400.56,-0.82%
2530,Exit long,SHORT,2/12/2024 17:00,"47,880.92",36.69135,22415.48,1.29%,57121.46,3.29%,-4237.12,-0.24%,756816,1.29%
2530,Entry long,LONG,2/10/2024 22:00,"47,270.00",36.69135,22415.48,1.29%,57121.46,3.29%,-4237.12,-0.24%,756816,1.29%
2531,Exit short,LONG,2/12/2024 22:00,"48,797.99",36.69135,-33648.54,-1.92%,6270.92,0.36%,-33648.9,-1.92%,723167.5,-1.92%
2531,Entry short,SHORT,2/12/2024 17:00,"47,880.92",36.69135,-33648.54,-1.92%,6270.92,0.36%,-33648.9,-1.92%,723167.5,-1.92%
2532,Exit long,SHORT,2/13/2024 22:00,"48,692.17",35.31224,-3736.74,-0.22%,55462.11,3.22%,-14053.92,-0.82%,719430.75,-0.22%
2532,Entry long,LONG,2/12/2024 22:00,"48,797.99",35.31224,-3736.74,-0.22%,55462.11,3.22%,-14053.92,-0.82%,719430.75,-0.22%
2533,Exit short,LONG,2/14/2024 6:00,"49,521.53",35.31226,-29286.58,-1.70%,13814.86,0.80%,-37119.19,-2.16%,690144.2,-1.70%
2533,Entry short,SHORT,2/13/2024 22:00,"48,692.17",35.31226,-29286.58,-1.70%,13814.86,0.80%,-37119.19,-2.16%,690144.2,-1.70%
2534,Exit long,SHORT,2/16/2024 5:00,"51,327.27",34.12946,61628.93,3.65%,112459.64,6.65%,-10120.07,-0.60%,751773.1,3.65%
2534,Entry long,LONG,2/14/2024 6:00,"49,521.53",34.12946,61628.93,3.65%,112459.64,6.65%,-10120.07,-0.60%,751773.1,3.65%
2535,Exit short,LONG,2/16/2024 10:00,"52,168.14",34.12948,-28698.45,-1.64%,350.51,0.02%,-29785.82,-1.70%,723074.6,-1.64%
2535,Entry short,SHORT,2/16/2024 5:00,"51,327.27",34.12948,-28698.45,-1.64%,350.51,0.02%,-29785.82,-1.70%,723074.6,-1.64%
2536,Exit long,SHORT,2/16/2024 15:00,"51,732.00",33.02923,-14405.37,-0.84%,5784.74,0.34%,-15462.3,-0.90%,708669.25,-0.84%
2536,Entry long,LONG,2/16/2024 10:00,"52,168.14",33.02923,-14405.37,-0.84%,5784.74,0.34%,-15462.3,-0.90%,708669.25,-0.84%
2537,Exit short,LONG,2/16/2024 21:00,"52,464.00",33.02925,-24177.41,-1.41%,5482.86,0.32%,-25168.29,-1.47%,684491.9,-1.41%
2537,Entry short,SHORT,2/16/2024 15:00,"51,732.00",33.02925,-24177.41,-1.41%,5482.86,0.32%,-25168.29,-1.47%,684491.9,-1.41%
2538,Exit long,SHORT,2/17/2024 16:00,"51,740.01",32.10757,-23245.56,-1.38%,3470.19,0.21%,-27969.55,-1.66%,661246.3,-1.38%
2538,Entry long,LONG,2/16/2024 21:00,"52,464.00",32.10757,-23245.56,-1.38%,3470.19,0.21%,-27969.55,-1.66%,661246.3,-1.38%
2539,Exit short,LONG,2/18/2024 4:00,"51,514.01",32.10757,7256.31,0.44%,35800.26,2.16%,-1926.13,-0.12%,668502.6,0.44%
2539,Entry short,SHORT,2/17/2024 16:00,"51,740.01",32.10757,7256.31,0.44%,35800.26,2.16%,-1926.13,-0.12%,668502.6,0.44%
2540,Exit long,SHORT,2/19/2024 23:00,"52,127.99",32.38931,19886.39,1.19%,31571.81,1.89%,-11359.9,-0.68%,688389,1.19%
2540,Entry long,LONG,2/18/2024 4:00,"51,514.01",32.38931,19886.39,1.19%,31571.81,1.89%,-11359.9,-0.68%,688389,1.19%
2541,Exit short,LONG,2/20/2024 19:00,"52,286.80",32.38929,-5143.74,-0.30%,26461.73,1.57%,-8162.42,-0.48%,683245.25,-0.30%
2541,Entry short,SHORT,2/19/2024 23:00,"52,127.99",32.38929,-5143.74,-0.30%,26461.73,1.57%,-8162.42,-0.48%,683245.25,-0.30%
2542,Exit long,SHORT,2/21/2024 1:00,"51,325.00",32.19254,-30962.78,-1.84%,22476.83,1.34%,-49139.66,-2.92%,652282.5,-1.84%
2542,Entry long,LONG,2/20/2024 19:00,"52,286.80",32.19254,-30962.78,-1.84%,22476.83,1.34%,-49139.66,-2.92%,652282.5,-1.84%
2543,Exit short,LONG,2/21/2024 6:00,"52,168.65",32.19254,-27159.24,-1.64%,2678.1,0.16%,-31540.96,-1.91%,625123.25,-1.64%
2543,Entry short,SHORT,2/21/2024 1:00,"51,325.00",32.19254,-27159.24,-1.64%,2678.1,0.16%,-31540.96,-1.91%,625123.25,-1.64%
2544,Exit long,SHORT,2/21/2024 11:00,"52,002.00",31.15133,-5191.37,-0.32%,10860.91,0.67%,-5599.14,-0.34%,619931.9,-0.32%
2544,Entry long,LONG,2/21/2024 6:00,"52,168.65",31.15133,-5191.37,-0.32%,10860.91,0.67%,-5599.14,-0.34%,619931.9,-0.32%
2545,Exit short,LONG,2/22/2024 6:00,"51,511.11",31.15133,15291.88,0.94%,42895.38,2.65%,-3469.95,-0.21%,635223.75,0.94%
2545,Entry short,SHORT,2/21/2024 11:00,"52,002.00",31.15133,15291.88,0.94%,42895.38,2.65%,-3469.95,-0.21%,635223.75,0.94%
2546,Exit long,SHORT,2/23/2024 10:00,"51,096.38",31.74508,-13165.64,-0.81%,17608.04,1.08%,-18105.17,-1.11%,622058.1,-0.81%
2546,Entry long,LONG,2/22/2024 6:00,"51,511.11",31.74508,-13165.64,-0.81%,17608.04,1.08%,-18105.17,-1.11%,622058.1,-0.81%
2547,Exit short,LONG,2/23/2024 19:00,"51,218.94",31.74506,-3890.67,-0.24%,8456.25,0.52%,-7159.78,-0.44%,618167.44,-0.24%
2547,Entry short,SHORT,2/23/2024 10:00,"51,096.38",31.74506,-3890.67,-0.24%,8456.25,0.52%,-7159.78,-0.44%,618167.44,-0.24%
2548,Exit long,SHORT,2/23/2024 20:00,"50,994.00",31.59313,-7106.56,-0.44%,199.35,0.01%,-9248.26,-0.57%,611060.9,-0.44%
2548,Entry long,LONG,2/23/2024 19:00,"51,218.94",31.59313,-7106.56,-0.44%,199.35,0.01%,-9248.26,-0.57%,611060.9,-0.44%
2549,Exit short,LONG,2/23/2024 21:00,"51,058.21",31.59314,-2028.6,-0.13%,2179.29,0.14%,-3190.91,-0.20%,609032.3,-0.13%
2549,Entry short,SHORT,2/23/2024 20:00,"50,994.00",31.59314,-2028.6,-0.13%,2179.29,0.14%,-3190.91,-0.20%,609032.3,-0.13%
2550,Exit long,SHORT,2/24/2024 7:00,"50,744.15",31.51369,-9897.19,-0.62%,8674.46,0.54%,-16929.47,-1.05%,599135.1,-0.62%
2550,Entry long,LONG,2/23/2024 21:00,"51,058.21",31.51369,-9897.19,-0.62%,8674.46,0.54%,-16929.47,-1.05%,599135.1,-0.62%
2551,Exit short,LONG,2/24/2024 13:00,"51,047.36",31.51368,-9555.26,-0.60%,5015.4,0.31%,-10016.62,-0.63%,589579.8,-0.60%
2551,Entry short,SHORT,2/24/2024 7:00,"50,744.15",31.51368,-9555.26,-0.60%,5015.4,0.31%,-10016.62,-0.63%,589579.8,-0.60%
2552,Exit long,SHORT,2/26/2024 10:00,"51,432.92",31.13931,12006.07,0.76%,28373.83,1.78%,-3381.11,-0.21%,601585.9,0.76%
2552,Entry long,LONG,2/24/2024 13:00,"51,047.36",31.13931,12006.07,0.76%,28373.83,1.78%,-3381.11,-0.21%,601585.9,0.76%
2553,Exit short,LONG,2/27/2024 0:00,"53,391.01",31.13931,-60973.57,-3.81%,16549.92,1.03%,-68967.03,-4.31%,540612.3,-3.81%
2553,Entry short,SHORT,2/26/2024 10:00,"51,432.92",31.13931,-60973.57,-3.81%,16549.92,1.03%,-68967.03,-4.31%,540612.3,-3.81%
2554,Exit long,SHORT,3/1/2024 2:00,"60,799.99",28.85526,213788.05,13.88%,306125.16,19.87%,-5100.17,-0.33%,754400.4,13.88%
2554,Entry long,LONG,2/27/2024 0:00,"53,391.01",28.85526,213788.05,13.88%,306125.16,19.87%,-5100.17,-0.33%,754400.4,13.88%
2555,Exit short,LONG,3/1/2024 17:00,"62,129.14",28.85527,-38352.98,-2.19%,6230.43,0.36%,-42863.93,-2.44%,716047.4,-2.19%
2555,Entry short,SHORT,3/1/2024 2:00,"60,799.99",28.85527,-38352.98,-2.19%,6230.43,0.36%,-42863.93,-2.44%,716047.4,-2.19%
2556,Exit long,SHORT,3/2/2024 0:00,"61,427.38",27.62064,-19383.06,-1.13%,15133.9,0.88%,-27568.99,-1.61%,696664.3,-1.13%
2556,Entry long,LONG,3/1/2024 17:00,"62,129.14",27.62064,-19383.06,-1.13%,15133.9,0.88%,-27568.99,-1.61%,696664.3,-1.13%
2557,Exit short,LONG,3/2/2024 2:00,"62,333.52",27.62065,-25028.18,-1.48%,0.28,0.00%,-29469.3,-1.74%,671636.2,-1.48%
2557,Entry short,SHORT,3/2/2024 0:00,"61,427.38",27.62065,-25028.18,-1.48%,0.28,0.00%,-29469.3,-1.74%,671636.2,-1.48%
2558,Exit long,SHORT,3/2/2024 12:00,"62,035.95",26.81761,-7980.12,-0.48%,20936.78,1.25%,-10311.1,-0.62%,663656.06,-0.48%
2558,Entry long,LONG,3/2/2024 2:00,"62,333.52",26.81761,-7980.12,-0.48%,20936.78,1.25%,-10311.1,-0.62%,663656.06,-0.48%
2559,Exit short,LONG,3/3/2024 4:00,"61,873.19",26.81761,4364.83,0.26%,12733.81,0.77%,-5901.21,-0.35%,668020.9,0.26%
2559,Entry short,SHORT,3/2/2024 12:00,"62,035.95",26.81761,4364.83,0.26%,12733.81,0.77%,-5901.21,-0.35%,668020.9,0.26%
2560,Exit long,SHORT,3/3/2024 6:00,"61,685.01",26.95869,-5073.09,-0.30%,3967.24,0.24%,-5073.09,-0.30%,662947.8,-0.30%
2560,Entry long,LONG,3/3/2024 4:00,"61,873.19",26.95869,-5073.09,-0.30%,3967.24,0.24%,-5073.09,-0.30%,662947.8,-0.30%
2561,Exit short,LONG,3/3/2024 21:00,"62,393.85",26.9587,-19109.4,-1.15%,9840.2,0.59%,-25750.14,-1.55%,643838.4,-1.15%
2561,Entry short,SHORT,3/3/2024 6:00,"61,685.01",26.9587,-19109.4,-1.15%,9840.2,0.59%,-25750.14,-1.55%,643838.4,-1.15%
2562,Exit long,SHORT,3/6/2024 4:00,"61,886.32",26.34615,-13371.46,-0.81%,174046.62,10.59%,-89283.15,-5.43%,630466.94,-0.81%
2562,Entry long,LONG,3/3/2024 21:00,"62,393.85",26.34615,-13371.46,-0.81%,174046.62,10.59%,-89283.15,-5.43%,630466.94,-0.81%
2563,Exit short,LONG,3/6/2024 7:00,"63,724.01",26.34616,-48416.07,-2.97%,429.97,0.03%,-65363.5,-4.01%,582050.9,-2.97%
2563,Entry short,SHORT,3/6/2024 4:00,"61,886.32",26.34616,-48416.07,-2.97%,429.97,0.03%,-65363.5,-4.01%,582050.9,-2.97%
2564,Exit long,SHORT,3/7/2024 13:00,"65,800.00",24.8266,51539.77,3.26%,97248.02,6.15%,-23457.91,-1.48%,633590.6,3.26%
2564,Entry long,LONG,3/6/2024 7:00,"63,724.01",24.8266,51539.77,3.26%,97248.02,6.15%,-23457.91,-1.48%,633590.6,3.26%
2565,Exit short,LONG,3/7/2024 16:00,"66,665.40",24.8266,-21484.94,-1.32%,3100.84,0.19%,-30139.49,-1.84%,612105.7,-1.32%
2565,Entry short,SHORT,3/7/2024 13:00,"65,800.00",24.8266,-21484.94,-1.32%,3100.84,0.19%,-30139.49,-1.84%,612105.7,-1.32%
2566,Exit long,SHORT,3/8/2024 17:00,"67,121.39",24.18203,11026.76,0.68%,31789.7,1.97%,-5057.19,-0.31%,623132.44,0.68%
2566,Entry long,LONG,3/7/2024 16:00,"66,665.40",24.18203,11026.76,0.68%,31789.7,1.97%,-5057.19,-0.31%,623132.44,0.68%
2567,Exit short,LONG,3/8/2024 19:00,"67,741.22",24.18204,-14988.75,-0.92%,517.25,0.03%,-15283.29,-0.94%,608143.7,-0.92%
2567,Entry short,SHORT,3/8/2024 17:00,"67,121.39",24.18204,-14988.75,-0.92%,517.25,0.03%,-15283.29,-0.94%,608143.7,-0.92%
2568,Exit long,SHORT,3/10/2024 1:00,"68,153.86",23.73952,9795.88,0.61%,53384.96,3.32%,-39373.42,-2.45%,617939.56,0.61%
2568,Entry long,LONG,3/8/2024 19:00,"67,741.22",23.73952,9795.88,0.61%,53384.96,3.32%,-39373.42,-2.45%,617939.56,0.61%
2569,Exit short,LONG,3/10/2024 2:00,"68,250.00",23.73951,-2282.32,-0.14%,763.7,0.05%,-4022.18,-0.25%,615657.25,-0.14%
2569,Entry short,SHORT,3/10/2024 1:00,"68,153.86",23.73951,-2282.32,-0.14%,763.7,0.05%,-4022.18,-0.25%,615657.25,-0.14%
2570,Exit long,SHORT,3/10/2024 3:00,"68,193.51",23.67262,-1337.27,-0.08%,1775.45,0.11%,-2443.49,-0.15%,614320,-0.08%
2570,Entry long,LONG,3/10/2024 2:00,"68,250.00",23.67262,-1337.27,-0.08%,1775.45,0.11%,-2443.49,-0.15%,614320,-0.08%
2571,Exit short,LONG,3/10/2024 4:00,"68,333.24",23.67263,-3307.78,-0.20%,0,0.00%,-3704.53,-0.23%,611012.2,-0.20%
2571,Entry short,SHORT,3/10/2024 3:00,"68,193.51",23.67263,-3307.78,-0.20%,0,0.00%,-3704.53,-0.23%,611012.2,-0.20%
2572,Exit long,SHORT,3/11/2024 8:00,"68,095.99",23.57582,-5593.36,-0.35%,36645.55,2.27%,-30843.77,-1.91%,605418.9,-0.35%
2572,Entry long,LONG,3/10/2024 4:00,"68,333.24",23.57582,-5593.36,-0.35%,36645.55,2.27%,-30843.77,-1.91%,605418.9,-0.35%
2573,Exit short,LONG,3/11/2024 11:00,"68,604.41",23.57582,-11986.42,-0.75%,12065.87,0.75%,-12644.42,-0.79%,593432.44,-0.75%
2573,Entry short,SHORT,3/11/2024 8:00,"68,095.99",23.57582,-11986.42,-0.75%,12065.87,0.75%,-12644.42,-0.79%,593432.44,-0.75%
2574,Exit long,SHORT,3/12/2024 11:00,"71,619.00",23.22637,70017.98,4.39%,97448.33,6.12%,-3681.38,-0.23%,663450.44,4.39%
2574,Entry long,LONG,3/11/2024 11:00,"68,604.41",23.22637,70017.98,4.39%,97448.33,6.12%,-3681.38,-0.23%,663450.44,4.39%
2575,Exit short,LONG,3/12/2024 20:00,"72,193.18",23.22638,-13336.12,-0.80%,7385.99,0.44%,-17582.37,-1.06%,650114.3,-0.80%
2575,Entry short,SHORT,3/12/2024 11:00,"71,619.00",23.22638,-13336.12,-0.80%,7385.99,0.44%,-17582.37,-1.06%,650114.3,-0.80%
2576,Exit long,SHORT,3/14/2024 20:00,"72,829.94",22.85692,14554.37,0.88%,36201.25,2.19%,-81653.15,-4.95%,664668.7,0.88%
2576,Entry long,LONG,3/12/2024 20:00,"72,193.18",22.85692,14554.37,0.88%,36201.25,2.19%,-81653.15,-4.95%,664668.7,0.88%
2577,Exit short,LONG,3/15/2024 23:00,"68,157.07",22.85692,106807.41,6.42%,165254.16,9.93%,-2049.35,-0.12%,771476.06,6.42%
2577,Entry short,SHORT,3/14/2024 20:00,"72,829.94",22.85692,106807.41,6.42%,165254.16,9.93%,-2049.35,-0.12%,771476.06,6.42%
2578,Exit long,SHORT,3/16/2024 5:00,"68,309.03",25.99108,3949.6,0.22%,64793.94,3.66%,-19318.39,-1.09%,775425.7,0.22%
2578,Entry long,LONG,3/15/2024 23:00,"68,157.07",25.99108,3949.6,0.22%,64793.94,3.66%,-19318.39,-1.09%,775425.7,0.22%
2579,Exit short,LONG,3/16/2024 7:00,"69,499.84",25.99108,-30950.44,-1.74%,2729.58,0.15%,-37452.37,-2.11%,744475.25,-1.74%
2579,Entry short,SHORT,3/16/2024 5:00,"68,309.03",25.99108,-30950.44,-1.74%,2729.58,0.15%,-37452.37,-2.11%,744475.25,-1.74%
2580,Exit long,SHORT,3/16/2024 13:00,"68,984.91",25.10041,-12924.95,-0.74%,13633.54,0.78%,-22586.35,-1.29%,731550.3,-0.74%
2580,Entry long,LONG,3/16/2024 7:00,"69,499.84",25.10041,-12924.95,-0.74%,13633.54,0.78%,-22586.35,-1.29%,731550.3,-0.74%
2581,Exit short,LONG,3/16/2024 15:00,"69,432.45",25.10042,-11233.44,-0.65%,1328.06,0.08%,-11947.8,-0.69%,720316.9,-0.65%
2581,Entry short,SHORT,3/16/2024 13:00,"68,984.91",25.10042,-11233.44,-0.65%,1328.06,0.08%,-11947.8,-0.69%,720316.9,-0.65%
2582,Exit long,SHORT,3/16/2024 17:00,"68,938.95",24.77684,-12227.37,-0.71%,93.9,0.01%,-14627.75,-0.85%,708089.5,-0.71%
2582,Entry long,LONG,3/16/2024 15:00,"69,432.45",24.77684,-12227.37,-0.71%,93.9,0.01%,-14627.75,-0.85%,708089.5,-0.71%
2583,Exit short,LONG,3/17/2024 18:00,"67,169.12",24.77684,43850.79,2.57%,109165.52,6.39%,-1264.86,-0.07%,751940.25,2.57%
2583,Entry short,SHORT,3/16/2024 17:00,"68,938.95",24.77684,43850.79,2.57%,109165.52,6.39%,-1264.86,-0.07%,751940.25,2.57%
2584,Exit long,SHORT,3/19/2024 1:00,"67,388.28",26.08253,5716.25,0.33%,46606.35,2.66%,-19097.63,-1.09%,757656.5,0.33%
2584,Entry long,LONG,3/17/2024 18:00,"67,169.12",26.08253,5716.25,0.33%,46606.35,2.66%,-19097.63,-1.09%,757656.5,0.33%
2585,Exit short,LONG,3/19/2024 7:00,"67,610.00",26.08252,-5783.02,-0.33%,13493.27,0.77%,-15929.12,-0.91%,751873.5,-0.33%
2585,Entry short,SHORT,3/19/2024 1:00,"67,388.28",26.08252,-5783.02,-0.33%,13493.27,0.77%,-15929.12,-0.91%,751873.5,-0.33%
2586,Exit long,SHORT,3/19/2024 8:00,"67,086.96",25.91146,-13552.73,-0.77%,13321.34,0.76%,-19405.09,-1.11%,738320.75,-0.77%
2586,Entry long,LONG,3/19/2024 7:00,"67,610.00",25.91146,-13552.73,-0.77%,13321.34,0.76%,-19405.09,-1.11%,738320.75,-0.77%
2587,Exit short,LONG,3/20/2024 2:00,"64,716.58",25.91145,61419.98,3.53%,121166.6,6.97%,-2439.04,-0.14%,799740.75,3.53%
2587,Entry short,SHORT,3/19/2024 8:00,"67,086.96",25.91145,61419.98,3.53%,121166.6,6.97%,-2439.04,-0.14%,799740.75,3.53%
2588,Exit long,SHORT,3/20/2024 5:00,"63,952.01",27.80956,-21262.35,-1.18%,16411.53,0.91%,-32883.69,-1.83%,778478.4,-1.18%
2588,Entry long,LONG,3/20/2024 2:00,"64,716.58",27.80956,-21262.35,-1.18%,16411.53,0.91%,-32883.69,-1.83%,778478.4,-1.18%
2589,Exit short,LONG,3/20/2024 19:00,"63,392.95",27.80957,15547.22,0.87%,88351.28,4.97%,-2349.63,-0.13%,794025.6,0.87%
2589,Entry short,SHORT,3/20/2024 5:00,"63,952.01",27.80957,15547.22,0.87%,88351.28,4.97%,-2349.63,-0.13%,794025.6,0.87%
2590,Exit long,SHORT,3/21/2024 23:00,"66,557.77",28.30008,89564.66,4.99%,137185.2,7.65%,-38798,-2.16%,883590.25,4.99%
2590,Entry long,LONG,3/20/2024 19:00,"63,392.95",28.30008,89564.66,4.99%,137185.2,7.65%,-38798,-2.16%,883590.25,4.99%
2591,Exit short,LONG,3/22/2024 12:00,"66,144.85",28.30008,11685.67,0.62%,57414.07,3.05%,-12515.14,-0.66%,895275.94,0.62%
2591,Entry short,SHORT,3/21/2024 23:00,"66,557.77",28.30008,11685.67,0.62%,57414.07,3.05%,-12515.14,-0.66%,895275.94,0.62%
2592,Exit long,SHORT,3/22/2024 18:00,"64,656.37",28.65341,-42650.03,-2.25%,14463.38,0.76%,-45984.14,-2.43%,852625.94,-2.25%
2592,Entry long,LONG,3/22/2024 12:00,"66,144.85",28.65341,-42650.03,-2.25%,14463.38,0.76%,-45984.14,-2.43%,852625.94,-2.25%
2593,Exit short,LONG,3/23/2024 14:00,"64,166.01",28.65341,14050.49,0.76%,68664.17,3.71%,-8585.42,-0.46%,866676.4,0.76%
2593,Entry short,SHORT,3/22/2024 18:00,"64,656.37",28.65341,14050.49,0.76%,68664.17,3.71%,-8585.42,-0.46%,866676.4,0.76%
2594,Exit long,SHORT,3/24/2024 7:00,"63,990.02",29.09136,-5119.79,-0.27%,53324.17,2.86%,-8853.95,-0.47%,861556.6,-0.27%
2594,Entry long,LONG,3/23/2024 14:00,"64,166.01",29.09136,-5119.79,-0.27%,53324.17,2.86%,-8853.95,-0.47%,861556.6,-0.27%
2595,Exit short,LONG,3/24/2024 16:00,"65,244.00",29.09135,-36479.97,-1.96%,6334.06,0.34%,-36928.56,-1.98%,825076.6,-1.96%
2595,Entry short,SHORT,3/24/2024 7:00,"63,990.02",29.09135,-36479.97,-1.96%,6334.06,0.34%,-36928.56,-1.98%,825076.6,-1.96%
2596,Exit long,SHORT,3/27/2024 1:00,"70,066.54",27.97309,134901.34,7.39%,176708.81,9.68%,-18014.39,-0.99%,959978,7.39%
2596,Entry long,LONG,3/24/2024 16:00,"65,244.00",27.97309,134901.34,7.39%,176708.81,9.68%,-18014.39,-0.99%,959978,7.39%
2597,Exit short,LONG,3/27/2024 10:00,"70,575.94",27.97309,-14249.49,-0.73%,18597.07,0.95%,-18828.97,-0.96%,945728.5,-0.73%
2597,Entry short,SHORT,3/27/2024 1:00,"70,066.54",27.97309,-14249.49,-0.73%,18597.07,0.95%,-18828.97,-0.96%,945728.5,-0.73%
2598,Exit long,SHORT,3/27/2024 15:00,"69,726.00",27.56928,-23432.23,-1.20%,3081.97,0.16%,-25803.19,-1.33%,922296.25,-1.20%
2598,Entry long,LONG,3/27/2024 10:00,"70,575.94",27.56928,-23432.23,-1.20%,3081.97,0.16%,-25803.19,-1.33%,922296.25,-1.20%
2599,Exit short,LONG,3/28/2024 8:00,"69,682.00",27.56928,1213.05,0.06%,37682.24,1.96%,-56338.93,-2.93%,923509.3,0.06%
2599,Entry short,SHORT,3/27/2024 15:00,"69,726.00",27.56928,1213.05,0.06%,37682.24,1.96%,-56338.93,-2.93%,923509.3,0.06%
2600,Exit long,SHORT,3/29/2024 12:00,"70,365.05",27.6041,18854.98,0.98%,51621.32,2.68%,-21486.48,-1.12%,942364.3,0.98%
2600,Entry long,LONG,3/28/2024 8:00,"69,682.00",27.6041,18854.98,0.98%,51621.32,2.68%,-21486.48,-1.12%,942364.3,0.98%
2601,Exit short,LONG,3/30/2024 7:00,"69,850.53",27.6041,14202.86,0.73%,37432.54,1.93%,-7480.43,-0.39%,956567.1,0.73%
2601,Entry short,SHORT,3/29/2024 12:00,"70,365.05",27.6041,14202.86,0.73%,37432.54,1.93%,-7480.43,-0.39%,956567.1,0.73%
2602,Exit long,SHORT,3/31/2024 3:00,"69,896.34",28.01076,1283.17,0.07%,13181.02,0.67%,-5056.78,-0.26%,957850.3,0.07%
2602,Entry long,LONG,3/30/2024 7:00,"69,850.53",28.01076,1283.17,0.07%,13181.02,0.67%,-5056.78,-0.26%,957850.3,0.07%
2603,Exit short,LONG,3/31/2024 12:00,"70,116.01",28.01077,-6153.13,-0.31%,9981.36,0.51%,-7549.46,-0.39%,951697.2,-0.31%
2603,Entry short,SHORT,3/31/2024 3:00,"69,896.34",28.01077,-6153.13,-0.31%,9981.36,0.51%,-7549.46,-0.39%,951697.2,-0.31%
2604,Exit long,SHORT,4/1/2024 13:00,"69,167.47",27.83525,-26402.85,-1.35%,34793.79,1.78%,-31064.42,-1.59%,925294.4,-1.35%
2604,Entry long,LONG,3/31/2024 12:00,"70,116.01",27.83525,-26402.85,-1.35%,34793.79,1.78%,-31064.42,-1.59%,925294.4,-1.35%
2605,Exit short,LONG,4/2/2024 4:00,"69,730.06",27.83525,-15659.83,-0.81%,30747.1,1.60%,-25400.5,-1.32%,909634.5,-0.81%
2605,Entry short,SHORT,4/1/2024 13:00,"69,167.47",27.83525,-15659.83,-0.81%,30747.1,1.60%,-25400.5,-1.32%,909634.5,-0.81%
2606,Exit long,SHORT,4/2/2024 11:00,"66,703.97",27.3861,-82872.8,-4.34%,4653.99,0.24%,-102151.8,-5.35%,826761.7,-4.34%
2606,Entry long,LONG,4/2/2024 4:00,"69,730.06",27.3861,-82872.8,-4.34%,4653.99,0.24%,-102151.8,-5.35%,826761.7,-4.34%
2607,Exit short,LONG,4/3/2024 10:00,"65,906.49",27.3861,21839.87,1.20%,60547.93,3.31%,-11393.44,-0.62%,848601.56,1.20%
2607,Entry short,SHORT,4/2/2024 11:00,"66,703.97",27.3861,21839.87,1.20%,60547.93,3.31%,-11393.44,-0.62%,848601.56,1.20%
2608,Exit long,SHORT,4/3/2024 23:00,"65,836.02",28.04885,-1976.6,-0.11%,27968.63,1.51%,-10334.04,-0.56%,846625,-0.11%
2608,Entry long,LONG,4/3/2024 10:00,"65,906.49",28.04885,-1976.6,-0.11%,27968.63,1.51%,-10334.04,-0.56%,846625,-0.11%
2609,Exit short,LONG,4/4/2024 7:00,"65,963.27",28.04885,-3569.22,-0.19%,10781.98,0.58%,-20026.32,-1.08%,843055.75,-0.19%
2609,Entry short,SHORT,4/3/2024 23:00,"65,836.02",28.04885,-3569.22,-0.19%,10781.98,0.58%,-20026.32,-1.08%,843055.75,-0.19%
2610,Exit long,SHORT,4/4/2024 13:00,"65,591.57",27.94062,-10385.53,-0.56%,10940.43,0.59%,-25111.63,-1.36%,832670.25,-0.56%
2610,Entry long,LONG,4/4/2024 7:00,"65,963.27",27.94062,-10385.53,-0.56%,10940.43,0.59%,-25111.63,-1.36%,832670.25,-0.56%
2611,Exit short,LONG,4/4/2024 14:00,"65,768.01",27.94063,-4929.84,-0.27%,1198.65,0.07%,-6234.11,-0.34%,827740.4,-0.27%
2611,Entry short,SHORT,4/4/2024 13:00,"65,591.57",27.94063,-4929.84,-0.27%,1198.65,0.07%,-6234.11,-0.34%,827740.4,-0.27%
2612,Exit long,SHORT,4/5/2024 14:00,"67,140.56",27.79072,38144.15,2.09%,98431.95,5.39%,-2972.5,-0.16%,865884.56,2.09%
2612,Entry long,LONG,4/4/2024 14:00,"65,768.01",27.79072,38144.15,2.09%,98431.95,5.39%,-2972.5,-0.16%,865884.56,2.09%
2613,Exit short,LONG,4/5/2024 22:00,"68,139.39",27.79072,-27758.2,-1.49%,33015.38,1.77%,-39632.35,-2.12%,838126.3,-1.49%
2613,Entry short,SHORT,4/5/2024 14:00,"67,140.56",27.79072,-27758.2,-1.49%,33015.38,1.77%,-39632.35,-2.12%,838126.3,-1.49%
2614,Exit long,SHORT,4/6/2024 10:00,"67,574.60",26.97597,-15235.76,-0.83%,6490.69,0.35%,-22211.74,-1.21%,822890.56,-0.83%
2614,Entry long,LONG,4/5/2024 22:00,"68,139.39",26.97597,-15235.76,-0.83%,6490.69,0.35%,-22211.74,-1.21%,822890.56,-0.83%
2615,Exit short,LONG,4/6/2024 14:00,"68,109.43",26.97597,-14427.56,-0.79%,0.27,0.00%,-17737.78,-0.97%,808463,-0.79%
2615,Entry short,SHORT,4/6/2024 10:00,"67,574.60",26.97597,-14427.56,-0.79%,0.27,0.00%,-17737.78,-0.97%,808463,-0.79%
2616,Exit long,SHORT,4/6/2024 18:00,"67,842.18",26.55232,-7096.11,-0.39%,2121.53,0.12%,-10480.47,-0.58%,801366.94,-0.39%
2616,Entry long,LONG,4/6/2024 14:00,"68,109.43",26.55232,-7096.11,-0.39%,2121.53,0.12%,-10480.47,-0.58%,801366.94,-0.39%
2617,Exit short,LONG,4/6/2024 23:00,"68,104.01",26.55231,-6952.19,-0.39%,8348.05,0.46%,-12129.63,-0.67%,794414.75,-0.39%
2617,Entry short,SHORT,4/6/2024 18:00,"67,842.18",26.55231,-6952.19,-0.39%,8348.05,0.46%,-12129.63,-0.67%,794414.75,-0.39%
2618,Exit long,SHORT,4/8/2024 5:00,"69,031.30",26.34815,24432.38,1.36%,58552.97,3.26%,-4088.71,-0.23%,818847.1,1.36%
2618,Entry long,LONG,4/6/2024 23:00,"68,104.01",26.34815,24432.38,1.36%,58552.97,3.26%,-4088.71,-0.23%,818847.1,1.36%
2619,Exit short,LONG,4/8/2024 9:00,"69,437.03",26.34815,-10690.23,-0.59%,3433.16,0.19%,-21334.89,-1.17%,808156.9,-0.59%
2619,Entry short,SHORT,4/8/2024 5:00,"69,031.30",26.34815,-10690.23,-0.59%,3433.16,0.19%,-21334.89,-1.17%,808156.9,-0.59%
2620,Exit long,SHORT,4/9/2024 9:00,"71,275.45",26.04024,47872.9,2.65%,87520.2,4.84%,-8089.92,-0.45%,856029.75,2.65%
2620,Entry long,LONG,4/8/2024 9:00,"69,437.03",26.04024,47872.9,2.65%,87520.2,4.84%,-8089.92,-0.45%,856029.75,2.65%
2621,Exit short,LONG,4/10/2024 14:00,"69,369.25",26.04023,49637.89,2.67%,79825.02,4.30%,-9544.26,-0.51%,905667.6,2.67%
2621,Entry short,SHORT,4/9/2024 9:00,"71,275.45",26.04023,49637.89,2.67%,79825.02,4.30%,-9544.26,-0.51%,905667.6,2.67%
2622,Exit long,SHORT,4/10/2024 18:00,"68,932.01",27.47136,-12011.58,-0.63%,4003.95,0.21%,-20308.48,-1.07%,893656.06,-0.63%
2622,Entry long,LONG,4/10/2024 14:00,"69,369.25",27.47136,-12011.58,-0.63%,4003.95,0.21%,-20308.48,-1.07%,893656.06,-0.63%
2623,Exit short,LONG,4/10/2024 23:00,"68,657.31",27.47136,7546.38,0.40%,38844.78,2.05%,-7479.63,-0.39%,901202.44,0.40%
2623,Entry short,SHORT,4/10/2024 18:00,"68,932.01",27.47136,7546.38,0.40%,38844.78,2.05%,-7479.63,-0.39%,901202.44,0.40%
2624,Exit long,SHORT,4/11/2024 21:00,"70,284.01",27.69117,45045.23,2.37%,73342.28,3.86%,-2805.39,-0.15%,946247.7,2.37%
2624,Entry long,LONG,4/10/2024 23:00,"68,657.31",27.69117,45045.23,2.37%,73342.28,3.86%,-2805.39,-0.15%,946247.7,2.37%
2625,Exit short,LONG,4/12/2024 8:00,"70,301.63",27.69118,-487.92,-0.03%,19849.04,1.02%,-12795.54,-0.66%,945759.75,-0.03%
2625,Entry short,SHORT,4/11/2024 21:00,"70,284.01",27.69118,-487.92,-0.03%,19849.04,1.02%,-12795.54,-0.66%,945759.75,-0.03%
2626,Exit long,SHORT,4/12/2024 22:00,"69,270.02",27.6773,-28552.18,-1.47%,25624.48,1.32%,-29467.47,-1.51%,917207.56,-1.47%
2626,Entry long,LONG,4/12/2024 8:00,"70,301.63",27.6773,-28552.18,-1.47%,25624.48,1.32%,-29467.47,-1.51%,917207.56,-1.47%
2627,Exit short,LONG,4/13/2024 23:00,"67,675.99",27.6773,44118.45,2.30%,115778.58,6.04%,-12408.56,-0.65%,961326,2.30%
2627,Entry short,SHORT,4/12/2024 22:00,"69,270.02",27.6773,44118.45,2.30%,115778.58,6.04%,-12408.56,-0.65%,961326,2.30%
2628,Exit long,SHORT,4/14/2024 0:00,"67,432.38",28.98111,-7060.09,-0.36%,2227.49,0.11%,-13099.17,-0.67%,954265.94,-0.36%
2628,Entry long,LONG,4/13/2024 23:00,"67,675.99",28.98111,-7060.09,-0.36%,2227.49,0.11%,-13099.17,-0.67%,954265.94,-0.36%
2629,Exit short,LONG,4/14/2024 14:00,"64,649.97",28.98112,80637.36,4.13%,196254.64,10.04%,-150.12,-0.01%,1034903.3,4.13%
2629,Entry short,SHORT,4/14/2024 0:00,"67,432.38",28.98112,80637.36,4.13%,196254.64,10.04%,-150.12,-0.01%,1034903.3,4.13%
2630,Exit long,SHORT,4/14/2024 23:00,"64,180.98",31.47571,-14761.79,-0.73%,7491.85,0.37%,-38161.78,-1.88%,1020141.5,-0.73%
2630,Entry long,LONG,4/14/2024 14:00,"64,649.97",31.47571,-14761.79,-0.73%,7491.85,0.37%,-38161.78,-1.88%,1020141.5,-0.73%
2631,Exit short,LONG,4/15/2024 7:00,"65,661.85",31.4757,-46611.42,-2.31%,50591.52,2.50%,-52218.82,-2.58%,973530.06,-2.31%
2631,Entry short,SHORT,4/14/2024 23:00,"64,180.98",31.4757,-46611.42,-2.31%,50591.52,2.50%,-52218.82,-2.58%,973530.06,-2.31%
2632,Exit long,SHORT,4/15/2024 22:00,"64,235.25",30.05597,-42877.85,-2.17%,36224.06,1.84%,-44418.52,-2.25%,930652.25,-2.17%
2632,Entry long,LONG,4/15/2024 7:00,"65,661.85",30.05597,-42877.85,-2.17%,36224.06,1.84%,-44418.52,-2.25%,930652.25,-2.17%
2633,Exit short,LONG,4/17/2024 7:00,"63,793.40",30.05596,13280.23,0.69%,79204.97,4.10%,-19026.32,-0.99%,943932.44,0.69%
2633,Entry short,SHORT,4/15/2024 22:00,"64,235.25",30.05596,13280.23,0.69%,79204.97,4.10%,-19026.32,-0.99%,943932.44,0.69%
2634,Exit long,SHORT,4/17/2024 15:00,"63,297.85",30.47232,-15100.56,-0.78%,21501.27,1.11%,-18636.57,-0.96%,928831.94,-0.78%
2634,Entry long,LONG,4/17/2024 7:00,"63,793.40",30.47232,-15100.56,-0.78%,21501.27,1.11%,-18636.57,-0.96%,928831.94,-0.78%
2635,Exit short,LONG,4/18/2024 18:00,"61,821.76",30.47231,44979.87,2.33%,110300.31,5.72%,-8837.88,-0.46%,973811.75,2.33%
2635,Entry short,SHORT,4/17/2024 15:00,"63,297.85",30.47231,44979.87,2.33%,110300.31,5.72%,-8837.88,-0.46%,973811.75,2.33%
2636,Exit long,SHORT,4/20/2024 7:00,"63,818.01",31.92747,63735.21,3.23%,115840.52,5.87%,-70934.86,-3.59%,1037547,3.23%
2636,Entry long,LONG,4/18/2024 18:00,"61,821.76",31.92747,63735.21,3.23%,115840.52,5.87%,-70934.86,-3.59%,1037547,3.23%
2637,Exit short,LONG,4/20/2024 13:00,"64,159.01",31.92746,-10887.26,-0.53%,23241.28,1.14%,-14385.56,-0.71%,1026659.75,-0.53%
2637,Entry short,SHORT,4/20/2024 7:00,"63,818.01",31.92746,-10887.26,-0.53%,23241.28,1.14%,-14385.56,-0.71%,1026659.75,-0.53%
2638,Exit long,SHORT,4/20/2024 17:00,"63,615.00",31.58808,-17184.23,-0.85%,1996.68,0.10%,-27861,-1.37%,1009475.5,-0.85%
2638,Entry long,LONG,4/20/2024 13:00,"64,159.01",31.58808,-17184.23,-0.85%,1996.68,0.10%,-27861,-1.37%,1009475.5,-0.85%
2639,Exit short,LONG,4/20/2024 22:00,"63,935.33",31.58807,-10118.61,-0.50%,7511.01,0.37%,-13675.11,-0.68%,999356.9,-0.50%
2639,Entry short,SHORT,4/20/2024 17:00,"63,615.00",31.58807,-10118.61,-0.50%,7511.01,0.37%,-13675.11,-0.68%,999356.9,-0.50%
2640,Exit long,SHORT,4/21/2024 8:00,"64,759.97",31.27155,25787.77,1.29%,46396.66,2.32%,-4544.69,-0.23%,1025144.7,1.29%
2640,Entry long,LONG,4/20/2024 22:00,"63,935.33",31.27155,25787.77,1.29%,46396.66,2.32%,-4544.69,-0.23%,1025144.7,1.29%
2641,Exit short,LONG,4/21/2024 10:00,"65,298.00",31.27155,-16825.03,-0.83%,702.67,0.03%,-19295.48,-0.95%,1008319.6,-0.83%
2641,Entry short,SHORT,4/21/2024 8:00,"64,759.97",31.27155,-16825.03,-0.83%,702.67,0.03%,-19295.48,-0.95%,1008319.6,-0.83%
2642,Exit long,SHORT,4/21/2024 16:00,"64,926.83",30.75622,-11415.79,-0.57%,12227.44,0.61%,-13963.94,-0.70%,996903.9,-0.57%
2642,Entry long,LONG,4/21/2024 10:00,"65,298.00",30.75622,-11415.79,-0.57%,12227.44,0.61%,-13963.94,-0.70%,996903.9,-0.57%
2643,Exit short,LONG,4/22/2024 12:00,"65,738.48",30.75621,-24963.28,-1.25%,21201.18,1.06%,-35795.92,-1.79%,971940.56,-1.25%
2643,Entry short,SHORT,4/21/2024 16:00,"64,926.83",30.75621,-24963.28,-1.25%,21201.18,1.06%,-35795.92,-1.79%,971940.56,-1.25%
2644,Exit long,SHORT,4/23/2024 12:00,"66,244.02",29.99674,15164.55,0.77%,44811.23,2.27%,-3347.94,-0.17%,987105.1,0.77%
2644,Entry long,LONG,4/22/2024 12:00,"65,738.48",29.99674,15164.55,0.77%,44811.23,2.27%,-3347.94,-0.17%,987105.1,0.77%
2645,Exit short,LONG,4/23/2024 22:00,"66,909.79",29.99674,-19970.93,-1.01%,14344.74,0.72%,-26576.51,-1.34%,967134.2,-1.01%
2645,Entry short,SHORT,4/23/2024 12:00,"66,244.02",29.99674,-19970.93,-1.01%,14344.74,0.72%,-26576.51,-1.34%,967134.2,-1.01%
2646,Exit long,SHORT,4/24/2024 18:00,"66,432.26",29.3998,-14039.29,-0.71%,4722.78,0.24%,-27335.64,-1.39%,953094.9,-0.71%
2646,Entry long,LONG,4/23/2024 22:00,"66,909.79",29.3998,-14039.29,-0.71%,4722.78,0.24%,-27335.64,-1.39%,953094.9,-0.71%
2647,Exit short,LONG,4/26/2024 2:00,"64,712.11",29.39979,50572.05,2.59%,106964.08,5.48%,-8959.29,-0.46%,1003666.94,2.59%
2647,Entry short,SHORT,4/24/2024 18:00,"66,432.26",29.39979,50572.05,2.59%,106964.08,5.48%,-8959.29,-0.46%,1003666.94,2.59%
2648,Exit long,SHORT,4/26/2024 11:00,"64,381.25",30.96279,-10244.35,-0.51%,18138.93,0.91%,-25429.43,-1.27%,993422.6,-0.51%
2648,Entry long,LONG,4/26/2024 2:00,"64,712.11",30.96279,-10244.35,-0.51%,18138.93,0.91%,-25429.43,-1.27%,993422.6,-0.51%
2649,Exit short,LONG,4/28/2024 8:00,"63,616.58",30.96278,23676.31,1.19%,61616.24,3.09%,-13585.23,-0.68%,1017098.94,1.19%
2649,Entry short,SHORT,4/26/2024 11:00,"64,381.25",30.96278,23676.31,1.19%,61616.24,3.09%,-13585.23,-0.68%,1017098.94,1.19%
2650,Exit long,SHORT,4/28/2024 19:00,"63,484.00",31.70713,-4203.73,-0.21%,23888.79,1.18%,-8593.58,-0.43%,1012895.2,-0.21%
2650,Entry long,LONG,4/28/2024 8:00,"63,616.58",31.70713,-4203.73,-0.21%,23888.79,1.18%,-8593.58,-0.43%,1012895.2,-0.21%
2651,Exit short,LONG,4/29/2024 1:00,"63,768.47",31.70712,-9019.72,-0.45%,2168.77,0.11%,-12210.09,-0.61%,1003875.44,-0.45%
2651,Entry short,SHORT,4/28/2024 19:00,"63,484.00",31.70712,-9019.72,-0.45%,2168.77,0.11%,-12210.09,-0.61%,1003875.44,-0.45%
2652,Exit long,SHORT,4/29/2024 7:00,"63,118.62",31.42423,-20421.03,-1.02%,6521.47,0.33%,-31030.48,-1.55%,983454.44,-1.02%
2652,Entry long,LONG,4/29/2024 1:00,"63,768.47",31.42423,-20421.03,-1.02%,6521.47,0.33%,-31030.48,-1.55%,983454.44,-1.02%
2653,Exit short,LONG,4/29/2024 23:00,"63,039.07",31.42423,2499.8,0.13%,42519.81,2.14%,-7806.72,-0.39%,985954.2,0.13%
2653,Entry short,SHORT,4/29/2024 7:00,"63,118.62",31.42423,2499.8,0.13%,42519.81,2.14%,-7806.72,-0.39%,985954.2,0.13%
2654,Exit long,SHORT,4/30/2024 16:00,"61,919.32",31.50354,-35276.09,-1.78%,53396.3,2.69%,-38516.54,-1.94%,950678.1,-1.78%
2654,Entry long,LONG,4/29/2024 23:00,"63,039.07",31.50354,-35276.09,-1.78%,53396.3,2.69%,-38516.54,-1.94%,950678.1,-1.78%
2655,Exit short,LONG,5/2/2024 19:00,"58,559.66",31.50354,105841.18,5.43%,169063.75,8.67%,-7204.23,-0.37%,1056519.2,5.43%
2655,Entry short,SHORT,4/30/2024 16:00,"61,919.32",31.50354,105841.18,5.43%,169063.75,8.67%,-7204.23,-0.37%,1056519.2,5.43%
2656,Exit long,SHORT,5/3/2024 16:00,"59,225.99",35.11836,23400.42,1.14%,50547.26,2.46%,-11858.06,-0.58%,1079919.8,1.14%
2656,Entry long,LONG,5/2/2024 19:00,"58,559.66",35.11836,23400.42,1.14%,50547.26,2.46%,-11858.06,-0.58%,1079919.8,1.14%
2657,Exit short,LONG,5/3/2024 20:00,"60,641.00",35.11836,-49692.83,-2.39%,13206.26,0.63%,-54549.35,-2.62%,1030226.9,-2.39%
2657,Entry short,SHORT,5/3/2024 16:00,"59,225.99",35.11836,-49692.83,-2.39%,13206.26,0.63%,-54549.35,-2.62%,1030226.9,-2.39%
2658,Exit long,SHORT,5/5/2024 9:00,"63,315.47",33.47944,89539.76,4.41%,130536.34,6.43%,-3939.19,-0.19%,1119766.6,4.41%
2658,Entry long,LONG,5/3/2024 20:00,"60,641.00",33.47944,89539.76,4.41%,130536.34,6.43%,-3939.19,-0.19%,1119766.6,4.41%
2659,Exit short,LONG,5/5/2024 18:00,"63,688.49",33.47944,-12488.5,-0.59%,10528.28,0.50%,-21545.02,-1.02%,1107278.1,-0.59%
2659,Entry short,SHORT,5/5/2024 9:00,"63,315.47",33.47944,-12488.5,-0.59%,10528.28,0.50%,-21545.02,-1.02%,1107278.1,-0.59%
2660,Exit long,SHORT,5/7/2024 1:00,"63,169.92",33.08727,-17158.07,-0.81%,59937.92,2.84%,-25771.01,-1.22%,1090120.1,-0.81%
2660,Entry long,LONG,5/5/2024 18:00,"63,688.49",33.08727,-17158.07,-0.81%,59937.92,2.84%,-25771.01,-1.22%,1090120.1,-0.81%
2661,Exit short,LONG,5/7/2024 6:00,"63,495.67",33.08726,-10778.17,-0.52%,15548.37,0.74%,-14622.25,-0.70%,1079341.9,-0.52%
2661,Entry short,SHORT,5/7/2024 1:00,"63,169.92",33.08726,-10778.17,-0.52%,15548.37,0.74%,-14622.25,-0.70%,1079341.9,-0.52%
2662,Exit long,SHORT,5/7/2024 7:00,"63,165.18",32.74777,-10822.81,-0.52%,0,0.00%,-11816.05,-0.57%,1068519.1,-0.52%
2662,Entry long,LONG,5/7/2024 6:00,"63,495.67",32.74777,-10822.81,-0.52%,0,0.00%,-11816.05,-0.57%,1068519.1,-0.52%
2663,Exit short,LONG,5/7/2024 9:00,"63,895.72",32.74777,-23923.56,-1.16%,6719.19,0.32%,-26264.04,-1.27%,1044595.56,-1.16%
2663,Entry short,SHORT,5/7/2024 7:00,"63,165.18",32.74777,-23923.56,-1.16%,6719.19,0.32%,-26264.04,-1.27%,1044595.56,-1.16%
2664,Exit long,SHORT,5/8/2024 0:00,"63,633.99",31.99894,-8375.08,-0.41%,16853.52,0.82%,-34018.71,-1.66%,1036220.44,-0.41%
2664,Entry long,LONG,5/7/2024 9:00,"63,895.72",31.99894,-8375.08,-0.41%,16853.52,0.82%,-34018.71,-1.66%,1036220.44,-0.41%
2665,Exit short,LONG,5/8/2024 23:00,"62,273.07",31.99894,43548,2.14%,59933.7,2.94%,-749.1,-0.04%,1079768.5,2.14%
2665,Entry short,SHORT,5/8/2024 0:00,"63,633.99",31.99894,43548,2.14%,59933.7,2.94%,-749.1,-0.04%,1079768.5,2.14%
2666,Exit long,SHORT,5/9/2024 5:00,"61,485.95",33.39754,-26287.87,-1.26%,16262.26,0.78%,-29759.55,-1.43%,1053480.6,-1.26%
2666,Entry long,LONG,5/8/2024 23:00,"62,273.07",33.39754,-26287.87,-1.26%,16262.26,0.78%,-29759.55,-1.43%,1053480.6,-1.26%
2667,Exit short,LONG,5/9/2024 23:00,"62,159.06",33.39755,-22480.22,-1.09%,28586.63,1.39%,-26686.31,-1.30%,1031000.4,-1.09%
2667,Entry short,SHORT,5/9/2024 5:00,"61,485.95",33.39755,-22480.22,-1.09%,28586.63,1.39%,-26686.31,-1.30%,1031000.4,-1.09%
2668,Exit long,SHORT,5/10/2024 23:00,"60,928.02",32.67424,-40223.3,-1.98%,42805.54,2.11%,-48000.42,-2.36%,990777.06,-1.98%
2668,Entry long,LONG,5/9/2024 23:00,"62,159.06",32.67424,-40223.3,-1.98%,42805.54,2.11%,-48000.42,-2.36%,990777.06,-1.98%
2669,Exit short,LONG,5/11/2024 21:00,"60,972.01",32.67424,-1437.34,-0.07%,24208.34,1.22%,-11984.91,-0.60%,989339.75,-0.07%
2669,Entry short,SHORT,5/10/2024 23:00,"60,928.02",32.67424,-1437.34,-0.07%,24208.34,1.22%,-11984.91,-0.60%,989339.75,-0.07%
2670,Exit long,SHORT,5/12/2024 6:00,"60,909.99",32.6271,-2023.53,-0.10%,17716.19,0.89%,-6136.18,-0.31%,987316.2,-0.10%
2670,Entry long,LONG,5/11/2024 21:00,"60,972.01",32.6271,-2023.53,-0.10%,17716.19,0.89%,-6136.18,-0.31%,987316.2,-0.10%
2671,Exit short,LONG,5/12/2024 13:00,"61,050.01",32.62709,-4568.45,-0.23%,5431.76,0.27%,-6852.01,-0.34%,982747.75,-0.23%
2671,Entry short,SHORT,5/12/2024 6:00,"60,909.99",32.62709,-4568.45,-0.23%,5431.76,0.27%,-6852.01,-0.34%,982747.75,-0.23%
2672,Exit long,SHORT,5/12/2024 15:00,"60,819.99",32.47743,-7470.46,-0.38%,389.4,0.02%,-14290.39,-0.72%,975277.3,-0.38%
2672,Entry long,LONG,5/12/2024 13:00,"61,050.01",32.47743,-7470.46,-0.38%,389.4,0.02%,-14290.39,-0.72%,975277.3,-0.38%
2673,Exit short,LONG,5/12/2024 18:00,"61,159.99",32.47743,-11042.33,-0.56%,943.47,0.05%,-17752.16,-0.90%,964234.94,-0.56%
2673,Entry short,SHORT,5/12/2024 15:00,"60,819.99",32.47743,-11042.33,-0.56%,943.47,0.05%,-17752.16,-0.90%,964234.94,-0.56%
2674,Exit long,SHORT,5/13/2024 12:00,"60,976.96",32.11633,-5878.25,-0.30%,23381.01,1.19%,-13192.75,-0.67%,958356.7,-0.30%
2674,Entry long,LONG,5/12/2024 18:00,"61,159.99",32.11633,-5878.25,-0.30%,23381.01,1.19%,-13192.75,-0.67%,958356.7,-0.30%
2675,Exit short,LONG,5/13/2024 16:00,"62,767.19",32.11633,-57495.62,-2.94%,5754.28,0.29%,-67541.93,-3.45%,900861.1,-2.94%
2675,Entry short,SHORT,5/13/2024 12:00,"60,976.96",32.11633,-57495.62,-2.94%,5754.28,0.29%,-67541.93,-3.45%,900861.1,-2.94%
2676,Exit long,SHORT,5/14/2024 11:00,"62,488.46",30.28432,-8441.15,-0.44%,20678.44,1.09%,-11760.92,-0.62%,892419.94,-0.44%
2676,Entry long,LONG,5/13/2024 16:00,"62,767.19",30.28432,-8441.15,-0.44%,20678.44,1.09%,-11760.92,-0.62%,892419.94,-0.44%
2677,Exit short,LONG,5/15/2024 11:00,"61,949.99",30.28431,16307.19,0.86%,40753.29,2.15%,-8851.19,-0.47%,908727.1,0.86%
2677,Entry short,SHORT,5/14/2024 11:00,"62,488.46",30.28431,16307.19,0.86%,40753.29,2.15%,-8851.19,-0.47%,908727.1,0.86%
2678,Exit long,SHORT,5/17/2024 1:00,"64,995.00",30.81077,93819.1,4.92%,147953.94,7.75%,-4061.17,-0.21%,1002546.25,4.92%
2678,Entry long,LONG,5/15/2024 11:00,"61,949.99",30.81077,93819.1,4.92%,147953.94,7.75%,-4061.17,-0.21%,1002546.25,4.92%
2679,Exit short,LONG,5/17/2024 9:00,"65,340.83",30.81077,-10655.29,-0.53%,5033.56,0.25%,-18024.3,-0.90%,991890.94,-0.53%
2679,Entry short,SHORT,5/17/2024 1:00,"64,995.00",30.81077,-10655.29,-0.53%,5033.56,0.25%,-18024.3,-0.90%,991890.94,-0.53%
2680,Exit long,SHORT,5/18/2024 23:00,"66,823.63",30.48461,45202.58,2.27%,64333.81,3.23%,-4658.96,-0.23%,1037093.56,2.27%
2680,Entry long,LONG,5/17/2024 9:00,"65,340.83",30.48461,45202.58,2.27%,64333.81,3.23%,-4658.96,-0.23%,1037093.56,2.27%
2681,Exit short,LONG,5/19/2024 6:00,"66,932.00",30.48462,-3303.62,-0.16%,3098.15,0.15%,-5830.18,-0.29%,1033789.94,-0.16%
2681,Entry short,SHORT,5/18/2024 23:00,"66,823.63",30.48462,-3303.62,-0.16%,3098.15,0.15%,-5830.18,-0.29%,1033789.94,-0.16%
2682,Exit long,SHORT,5/20/2024 0:00,"66,662.00",30.3859,-8204.19,-0.40%,23336.37,1.15%,-12477.06,-0.61%,1025585.75,-0.40%
2682,Entry long,LONG,5/19/2024 6:00,"66,932.00",30.3859,-8204.19,-0.40%,23336.37,1.15%,-12477.06,-0.61%,1025585.75,-0.40%
2683,Exit short,LONG,5/20/2024 11:00,"66,675.21",30.38591,-401.4,-0.02%,24453.06,1.21%,-5126.41,-0.25%,1025184.3,-0.02%
2683,Entry short,SHORT,5/20/2024 0:00,"66,662.00",30.38591,-401.4,-0.02%,24453.06,1.21%,-5126.41,-0.25%,1025184.3,-0.02%
2684,Exit long,SHORT,5/21/2024 23:00,"69,827.00",30.37386,95732.03,4.73%,161096.58,7.95%,-12014.99,-0.59%,1120916.4,4.73%
2684,Entry long,LONG,5/20/2024 11:00,"66,675.21",30.37386,95732.03,4.73%,161096.58,7.95%,-12014.99,-0.59%,1120916.4,4.73%
2685,Exit short,LONG,5/22/2024 18:00,"70,190.00",30.37387,-11025.71,-0.52%,20170.07,0.95%,-16729.02,-0.79%,1109890.6,-0.52%
2685,Entry short,SHORT,5/21/2024 23:00,"69,827.00",30.37387,-11025.71,-0.52%,20170.07,0.95%,-16729.02,-0.79%,1109890.6,-0.52%
2686,Exit long,SHORT,5/22/2024 19:00,"69,736.14",30.0597,-13642.9,-0.65%,2559.28,0.12%,-13643.2,-0.65%,1096247.8,-0.65%
2686,Entry long,LONG,5/22/2024 18:00,"70,190.00",30.0597,-13642.9,-0.65%,2559.28,0.12%,-13643.2,-0.65%,1096247.8,-0.65%
2687,Exit short,LONG,5/23/2024 15:00,"69,734.05",30.0597,62.82,0.00%,26871.87,1.28%,-27951.31,-1.33%,1096310.6,0.00%
2687,Entry short,SHORT,5/22/2024 19:00,"69,736.14",30.0597,62.82,0.00%,26871.87,1.28%,-27951.31,-1.33%,1096310.6,0.00%
2688,Exit long,SHORT,5/23/2024 21:00,"68,036.14",30.06151,-51041.74,-2.43%,10884.37,0.52%,-60653,-2.89%,1045268.8,-2.43%
2688,Entry long,LONG,5/23/2024 15:00,"69,734.05",30.06151,-51041.74,-2.43%,10884.37,0.52%,-60653,-2.89%,1045268.8,-2.43%
2689,Exit short,LONG,5/24/2024 11:00,"67,891.83",30.0615,4338.18,0.21%,51825.43,2.53%,-9910.37,-0.48%,1049607,0.21%
2689,Entry short,SHORT,5/23/2024 21:00,"68,036.14",30.0615,4338.18,0.21%,51825.43,2.53%,-9910.37,-0.48%,1049607,0.21%
2690,Exit long,SHORT,5/24/2024 12:00,"67,708.23",30.1893,-5542.76,-0.27%,934.66,0.05%,-7269.28,-0.35%,1044064.25,-0.27%
2690,Entry long,LONG,5/24/2024 11:00,"67,891.83",30.1893,-5542.76,-0.27%,934.66,0.05%,-7269.28,-0.35%,1044064.25,-0.27%
2691,Exit short,LONG,5/24/2024 23:00,"68,326.46",30.1893,-18663.93,-0.91%,33453.07,1.64%,-21487.84,-1.05%,1025400.3,-0.91%
2691,Entry short,SHORT,5/24/2024 12:00,"67,708.23",30.1893,-18663.93,-0.91%,33453.07,1.64%,-21487.84,-1.05%,1025400.3,-0.91%
2692,Exit long,SHORT,5/25/2024 23:00,"68,930.39",29.64298,17902.29,0.88%,38047.95,1.88%,-11918.55,-0.59%,1043302.6,0.88%
2692,Entry long,LONG,5/24/2024 23:00,"68,326.46",29.64298,17902.29,0.88%,38047.95,1.88%,-11918.55,-0.59%,1043302.6,0.88%
2693,Exit short,LONG,5/26/2024 6:00,"69,128.99",29.64298,-5887.1,-0.29%,2397.82,0.12%,-9968.04,-0.49%,1037415.5,-0.29%
2693,Entry short,SHORT,5/25/2024 23:00,"68,930.39",29.64298,-5887.1,-0.29%,2397.82,0.12%,-9968.04,-0.49%,1037415.5,-0.29%
2694,Exit long,SHORT,5/26/2024 10:00,"68,904.00",29.47265,-6631.05,-0.33%,6708.27,0.33%,-9449.52,-0.46%,1030784.44,-0.33%
2694,Entry long,LONG,5/26/2024 6:00,"69,128.99",29.47265,-6631.05,-0.33%,6708.27,0.33%,-9449.52,-0.46%,1030784.44,-0.33%
2695,Exit short,LONG,5/26/2024 15:00,"69,340.16",29.47266,-12854.79,-0.63%,689.66,0.03%,-15660.59,-0.77%,1017929.7,-0.63%
2695,Entry short,SHORT,5/26/2024 10:00,"68,904.00",29.47266,-12854.79,-0.63%,689.66,0.03%,-15660.59,-0.77%,1017929.7,-0.63%
2696,Exit long,SHORT,5/26/2024 17:00,"69,086.54",29.10189,-7380.82,-0.37%,6462.66,0.32%,-10639.94,-0.53%,1010548.8,-0.37%
2696,Entry long,LONG,5/26/2024 15:00,"69,340.16",29.10189,-7380.82,-0.37%,6462.66,0.32%,-10639.94,-0.53%,1010548.8,-0.37%
2697,Exit short,LONG,5/26/2024 18:00,"69,222.93",29.10188,-3969.21,-0.20%,0,0.00%,-3969.21,-0.20%,1006579.6,-0.20%
2697,Entry short,SHORT,5/26/2024 17:00,"69,086.54",29.10188,-3969.21,-0.20%,0,0.00%,-3969.21,-0.20%,1006579.6,-0.20%
2698,Exit long,SHORT,5/26/2024 20:00,"68,993.21",28.98721,-6658.94,-0.33%,202.62,0.01%,-7882.49,-0.39%,999920.7,-0.33%
2698,Entry long,LONG,5/26/2024 18:00,"69,222.93",28.98721,-6658.94,-0.33%,202.62,0.01%,-7882.49,-0.39%,999920.7,-0.33%
2699,Exit short,LONG,5/26/2024 22:00,"69,287.11",28.98721,-8519.34,-0.43%,1252.54,0.06%,-9249.53,-0.46%,991401.4,-0.43%
2699,Entry short,SHORT,5/26/2024 20:00,"68,993.21",28.98721,-8519.34,-0.43%,1252.54,0.06%,-9249.53,-0.46%,991401.4,-0.43%
2700,Exit long,SHORT,5/27/2024 0:00,"68,808.61",28.74128,-13752.7,-0.69%,3215.86,0.16%,-17776.77,-0.89%,977648.6,-0.69%
2700,Entry long,LONG,5/26/2024 22:00,"69,287.11",28.74128,-13752.7,-0.69%,3215.86,0.16%,-17776.77,-0.89%,977648.6,-0.69%
2701,Exit short,LONG,5/27/2024 9:00,"69,074.02",28.74129,-7628.23,-0.39%,19561.32,0.99%,-14065.7,-0.71%,970020.44,-0.39%
2701,Entry short,SHORT,5/27/2024 0:00,"68,808.61",28.74129,-7628.23,-0.39%,19561.32,0.99%,-14065.7,-0.71%,970020.44,-0.39%
2702,Exit long,SHORT,5/27/2024 13:00,"68,524.60",28.52043,-15669.69,-0.80%,6115.35,0.31%,-21449.36,-1.09%,954350.75,-0.80%
2702,Entry long,LONG,5/27/2024 9:00,"69,074.02",28.52043,-15669.69,-0.80%,6115.35,0.31%,-21449.36,-1.09%,954350.75,-0.80%
2703,Exit short,LONG,5/27/2024 22:00,"69,500.00",28.52042,-27818.82,-1.42%,7831.71,0.40%,-27818.82,-1.42%,926531.94,-1.42%
2703,Entry short,SHORT,5/27/2024 13:00,"68,524.60",28.52042,-27818.82,-1.42%,7831.71,0.40%,-27818.82,-1.42%,926531.94,-1.42%
2704,Exit long,SHORT,5/28/2024 9:00,"68,614.11",27.71988,-24556.76,-1.27%,32919.02,1.71%,-27280.24,-1.42%,901975.1,-1.27%
2704,Entry long,LONG,5/27/2024 22:00,"69,500.00",27.71988,-24556.76,-1.27%,32919.02,1.71%,-27280.24,-1.42%,901975.1,-1.27%
2705,Exit short,LONG,5/29/2024 6:00,"68,615.39",27.71988,-35.48,0.00%,37039.31,1.95%,-7999.96,-0.42%,901939.7,0.00%
2705,Entry short,SHORT,5/28/2024 9:00,"68,614.11",27.71988,-35.48,0.00%,37039.31,1.95%,-7999.96,-0.42%,901939.7,0.00%
2706,Exit long,SHORT,5/29/2024 16:00,"67,872.41",27.71884,-20594.54,-1.08%,8878.07,0.47%,-28080.57,-1.48%,881345.1,-1.08%
2706,Entry long,LONG,5/29/2024 6:00,"68,615.39",27.71884,-20594.54,-1.08%,8878.07,0.47%,-28080.57,-1.48%,881345.1,-1.08%
2707,Exit short,LONG,5/30/2024 11:00,"68,118.20",27.71884,-6813.01,-0.36%,20727.04,1.10%,-11297.92,-0.60%,874532.1,-0.36%
2707,Entry short,SHORT,5/29/2024 16:00,"67,872.41",27.71884,-6813.01,-0.36%,20727.04,1.10%,-11297.92,-0.60%,874532.1,-0.36%
2708,Exit long,SHORT,5/30/2024 15:00,"67,584.57",27.51881,-14684.86,-0.78%,8384.71,0.45%,-16780.42,-0.90%,859847.25,-0.78%
2708,Entry long,LONG,5/30/2024 11:00,"68,118.20",27.51881,-14684.86,-0.78%,8384.71,0.45%,-16780.42,-0.90%,859847.25,-0.78%
2709,Exit short,LONG,5/30/2024 20:00,"68,133.34",27.51881,-15101.5,-0.81%,12564.26,0.68%,-19840.51,-1.07%,844745.75,-0.81%
2709,Entry short,SHORT,5/30/2024 15:00,"67,584.57",27.51881,-15101.5,-0.81%,12564.26,0.68%,-19840.51,-1.07%,844745.75,-0.81%
2710,Exit long,SHORT,5/31/2024 15:00,"68,175.00",27.07552,1127.97,0.06%,37003.03,2.01%,-2256.47,-0.12%,845873.7,0.06%
2710,Entry long,LONG,5/30/2024 20:00,"68,133.34",27.07552,1127.97,0.06%,37003.03,2.01%,-2256.47,-0.12%,845873.7,0.06%
2711,Exit short,LONG,6/1/2024 11:00,"67,715.31",27.07552,12446.35,0.67%,40748.66,2.21%,-23531.33,-1.27%,858320.06,0.67%
2711,Entry short,SHORT,5/31/2024 15:00,"68,175.00",27.07552,12446.35,0.67%,40748.66,2.21%,-23531.33,-1.27%,858320.06,0.67%
2712,Exit long,SHORT,6/1/2024 18:00,"67,627.33",27.44313,-2414.45,-0.13%,2598.59,0.14%,-3844.23,-0.21%,855905.6,-0.13%
2712,Entry long,LONG,6/1/2024 11:00,"67,715.31",27.44313,-2414.45,-0.13%,2598.59,0.14%,-3844.23,-0.21%,855905.6,-0.13%
2713,Exit short,LONG,6/2/2024 2:00,"67,750.70",27.44313,-3385.66,-0.18%,1937.76,0.10%,-7482.92,-0.40%,852519.94,-0.18%
2713,Entry short,SHORT,6/1/2024 18:00,"67,627.33",27.44313,-3385.66,-0.18%,1937.76,0.10%,-7482.92,-0.40%,852519.94,-0.18%
2714,Exit long,SHORT,6/2/2024 18:00,"67,530.00",27.34317,-6034.64,-0.33%,4370.81,0.24%,-10486.1,-0.57%,846485.3,-0.33%
2714,Entry long,LONG,6/2/2024 2:00,"67,750.70",27.34317,-6034.64,-0.33%,4370.81,0.24%,-10486.1,-0.57%,846485.3,-0.33%
2715,Exit short,LONG,6/2/2024 21:00,"68,165.97",27.34318,-17389.44,-0.94%,1022.63,0.06%,-21603.3,-1.17%,829095.9,-0.94%
2715,Entry short,SHORT,6/2/2024 18:00,"67,530.00",27.34318,-17389.44,-0.94%,1022.63,0.06%,-21603.3,-1.17%,829095.9,-0.94%
2716,Exit long,SHORT,6/3/2024 2:00,"67,697.14",26.83296,-12580.1,-0.69%,7889.7,0.43%,-19026.98,-1.04%,816515.75,-0.69%
2716,Entry long,LONG,6/2/2024 21:00,"68,165.97",26.83296,-12580.1,-0.69%,7889.7,0.43%,-19026.98,-1.04%,816515.75,-0.69%
2717,Exit short,LONG,6/3/2024 9:00,"68,476.01",26.83297,-20899.39,-1.15%,11797.65,0.65%,-22983.24,-1.27%,795616.4,-1.15%
2717,Entry short,SHORT,6/3/2024 2:00,"67,697.14",26.83297,-20899.39,-1.15%,11797.65,0.65%,-22983.24,-1.27%,795616.4,-1.15%
2718,Exit long,SHORT,6/4/2024 14:00,"68,905.43",26.22256,11260.49,0.63%,47515.02,2.65%,-7211.47,-0.40%,806876.9,0.63%
2718,Entry long,LONG,6/3/2024 9:00,"68,476.01",26.22256,11260.49,0.63%,47515.02,2.65%,-7211.47,-0.40%,806876.9,0.63%
2719,Exit short,LONG,6/4/2024 22:00,"69,651.49",26.22256,-19563.6,-1.08%,8866.11,0.49%,-31062.19,-1.72%,787313.25,-1.08%
2719,Entry short,SHORT,6/4/2024 14:00,"68,905.43",26.22256,-19563.6,-1.08%,8866.11,0.49%,-31062.19,-1.72%,787313.25,-1.08%
2720,Exit long,SHORT,6/6/2024 14:00,"70,888.00",25.6608,31729.84,1.78%,54054.73,3.02%,-4815.51,-0.27%,819043.1,1.78%
2720,Entry long,LONG,6/4/2024 22:00,"69,651.49",25.6608,31729.84,1.78%,54054.73,3.02%,-4815.51,-0.27%,819043.1,1.78%
2721,Exit short,LONG,6/6/2024 19:00,"71,170.01",25.6608,-7236.6,-0.40%,892.23,0.05%,-8123.95,-0.45%,811806.5,-0.40%
2721,Entry short,SHORT,6/6/2024 14:00,"70,888.00",25.6608,-7236.6,-0.40%,892.23,0.05%,-8123.95,-0.45%,811806.5,-0.40%
2722,Exit long,SHORT,6/7/2024 3:00,"70,479.49",25.45744,-17578.87,-0.97%,13492.19,0.74%,-18329.61,-1.01%,794227.6,-0.97%
2722,Entry long,LONG,6/6/2024 19:00,"71,170.01",25.45744,-17578.87,-0.97%,13492.19,0.74%,-18329.61,-1.01%,794227.6,-0.97%
2723,Exit short,LONG,6/7/2024 8:00,"70,883.05",25.45744,-10273.6,-0.57%,9211.77,0.51%,-12204.3,-0.68%,783954,-0.57%
2723,Entry short,SHORT,6/7/2024 3:00,"70,479.49",25.45744,-10273.6,-0.57%,9211.77,0.51%,-12204.3,-0.68%,783954,-0.57%
2724,Exit long,SHORT,6/8/2024 2:00,"69,154.44",25.16756,-43504.89,-2.44%,28035.91,1.57%,-61988.96,-3.47%,740449.1,-2.44%
2724,Entry long,LONG,6/7/2024 8:00,"70,883.05",25.16756,-43504.89,-2.44%,28035.91,1.57%,-61988.96,-3.47%,740449.1,-2.44%
2725,Exit short,LONG,6/8/2024 22:00,"69,461.68",25.16756,-7732.48,-0.44%,8920.39,0.51%,-10860.31,-0.62%,732716.6,-0.44%
2725,Entry short,SHORT,6/8/2024 2:00,"69,154.44",25.16756,-7732.48,-0.44%,8920.39,0.51%,-10860.31,-0.62%,732716.6,-0.44%
2726,Exit long,SHORT,6/9/2024 8:00,"69,268.70",24.94492,-4813.87,-0.28%,740.37,0.04%,-5883.01,-0.34%,727902.8,-0.28%
2726,Entry long,LONG,6/8/2024 22:00,"69,461.68",24.94492,-4813.87,-0.28%,740.37,0.04%,-5883.01,-0.34%,727902.8,-0.28%
2727,Exit short,LONG,6/9/2024 16:00,"69,352.15",24.94492,-2081.65,-0.12%,3453.87,0.20%,-3916.35,-0.23%,725821.1,-0.12%
2727,Entry short,SHORT,6/9/2024 8:00,"69,268.70",24.94492,-2081.65,-0.12%,3453.87,0.20%,-3916.35,-0.23%,725821.1,-0.12%
2728,Exit long,SHORT,6/10/2024 15:00,"69,304.00",24.88489,-1198.21,-0.07%,12566.62,0.73%,-2542.24,-0.15%,724622.94,-0.07%
2728,Entry long,LONG,6/9/2024 16:00,"69,352.15",24.88489,-1198.21,-0.07%,12566.62,0.73%,-2542.24,-0.15%,724622.94,-0.07%
2729,Exit short,LONG,6/10/2024 21:00,"69,408.21",24.88489,-2593.25,-0.15%,3277.59,0.19%,-6121.68,-0.35%,722029.7,-0.15%
2729,Entry short,SHORT,6/10/2024 15:00,"69,304.00",24.88489,-2593.25,-0.15%,3277.59,0.19%,-6121.68,-0.35%,722029.7,-0.15%
2730,Exit long,SHORT,6/11/2024 9:00,"68,724.00",24.81017,-16975.37,-0.99%,19543.72,1.13%,-22532.84,-1.31%,705054.3,-0.99%
2730,Entry long,LONG,6/10/2024 21:00,"69,408.21",24.81017,-16975.37,-0.99%,19543.72,1.13%,-22532.84,-1.31%,705054.3,-0.99%
2731,Exit short,LONG,6/12/2024 12:00,"67,481.60",24.81017,30824.15,1.81%,66317.59,3.89%,-4919.61,-0.29%,735878.44,1.81%
2731,Entry short,SHORT,6/11/2024 9:00,"68,724.00",24.81017,30824.15,1.81%,66317.59,3.89%,-4919.61,-0.29%,735878.44,1.81%
2732,Exit long,SHORT,6/12/2024 14:00,"67,281.63",25.72373,-5143.97,-0.30%,605.28,0.03%,-7347.47,-0.42%,730734.5,-0.30%
2732,Entry long,LONG,6/12/2024 12:00,"67,481.60",25.72373,-5143.97,-0.30%,605.28,0.03%,-7347.47,-0.42%,730734.5,-0.30%
2733,Exit short,LONG,6/12/2024 15:00,"67,453.64",25.72372,-4424.74,-0.26%,1333.77,0.08%,-5617.55,-0.32%,726309.75,-0.26%
2733,Entry short,SHORT,6/12/2024 14:00,"67,281.63",25.72372,-4424.74,-0.26%,1333.77,0.08%,-5617.55,-0.32%,726309.75,-0.26%
2734,Exit long,SHORT,6/13/2024 11:00,"67,474.95",25.59254,545.38,0.03%,65142.23,3.77%,-12378.09,-0.72%,726855.1,0.03%
2734,Entry long,LONG,6/12/2024 15:00,"67,453.64",25.59254,545.38,0.03%,65142.23,3.77%,-12378.09,-0.72%,726855.1,0.03%
2735,Exit short,LONG,6/15/2024 10:00,"66,215.34",25.59253,32236.61,1.87%,61344.02,3.55%,-24936.08,-1.44%,759091.75,1.87%
2735,Entry short,SHORT,6/13/2024 11:00,"67,474.95",25.59253,32236.61,1.87%,61344.02,3.55%,-24936.08,-1.44%,759091.75,1.87%
2736,Exit long,SHORT,6/15/2024 15:00,"66,076.99",26.56621,-3675.43,-0.21%,5348.31,0.30%,-3972.71,-0.23%,755416.3,-0.21%
2736,Entry long,LONG,6/15/2024 10:00,"66,215.34",26.56621,-3675.43,-0.21%,5348.31,0.30%,-3972.71,-0.23%,755416.3,-0.21%
2737,Exit short,LONG,6/15/2024 21:00,"66,313.47",26.56622,-6282.38,-0.36%,0.27,0.00%,-7518.51,-0.43%,749133.94,-0.36%
2737,Entry short,SHORT,6/15/2024 15:00,"66,076.99",26.56622,-6282.38,-0.36%,0.27,0.00%,-7518.51,-0.43%,749133.94,-0.36%
2738,Exit long,SHORT,6/16/2024 0:00,"66,184.00",26.37675,-3415,-0.20%,4352.43,0.25%,-4210.52,-0.24%,745718.94,-0.20%
2738,Entry long,LONG,6/15/2024 21:00,"66,313.47",26.37675,-3415,-0.20%,4352.43,0.25%,-4210.52,-0.24%,745718.94,-0.20%
2739,Exit short,LONG,6/16/2024 12:00,"66,166.02",26.37675,474.25,0.03%,8622.56,0.49%,-3190,-0.18%,746193.2,0.03%
2739,Entry short,SHORT,6/16/2024 0:00,"66,184.00",26.37675,474.25,0.03%,8622.56,0.49%,-3190,-0.18%,746193.2,0.03%
2740,Exit long,SHORT,6/17/2024 9:00,"66,472.25",26.39108,8081.74,0.46%,21975.32,1.26%,-0.26,0.00%,754274.94,0.46%
2740,Entry long,LONG,6/16/2024 12:00,"66,166.02",26.39108,8081.74,0.46%,21975.32,1.26%,-0.26,0.00%,754274.94,0.46%
2741,Exit short,LONG,6/18/2024 5:00,"66,572.00",26.39108,-2632.51,-0.15%,35423.43,2.02%,-21813.81,-1.24%,751642.4,-0.15%
2741,Entry short,SHORT,6/17/2024 9:00,"66,472.25",26.39108,-2632.51,-0.15%,35423.43,2.02%,-21813.81,-1.24%,751642.4,-0.15%
2742,Exit long,SHORT,6/18/2024 8:00,"65,749.98",26.31199,-21628.98,-1.23%,3757.62,0.21%,-28582.45,-1.63%,730013.44,-1.23%
2742,Entry long,LONG,6/18/2024 5:00,"66,572.00",26.31199,-21628.98,-1.23%,3757.62,0.21%,-28582.45,-1.63%,730013.44,-1.23%
2743,Exit short,LONG,6/19/2024 8:00,"65,142.53",26.31199,15983.22,0.92%,44466.74,2.57%,-5686.81,-0.33%,745996.6,0.92%
2743,Entry short,SHORT,6/18/2024 8:00,"65,749.98",26.31199,15983.22,0.92%,44466.74,2.57%,-5686.81,-0.33%,745996.6,0.92%
2744,Exit long,SHORT,6/19/2024 22:00,"64,952.02",26.8027,-5106.18,-0.29%,15679.85,0.90%,-8896.08,-0.51%,740890.44,-0.29%
2744,Entry long,LONG,6/19/2024 8:00,"65,142.53",26.8027,-5106.18,-0.29%,15679.85,0.90%,-8896.08,-0.51%,740890.44,-0.29%
2745,Exit short,LONG,6/20/2024 9:00,"65,158.57",26.80271,-5536.1,-0.32%,7666.11,0.44%,-12205.42,-0.70%,735354.4,-0.32%
2745,Entry short,SHORT,6/19/2024 22:00,"64,952.02",26.80271,-5536.1,-0.32%,7666.11,0.44%,-12205.42,-0.70%,735354.4,-0.32%
2746,Exit long,SHORT,6/20/2024 23:00,"64,831.24",26.63279,-8717.71,-0.50%,35271.67,2.03%,-13329.98,-0.77%,726636.6,-0.50%
2746,Entry long,LONG,6/20/2024 9:00,"65,158.57",26.63279,-8717.71,-0.50%,35271.67,2.03%,-13329.98,-0.77%,726636.6,-0.50%
2747,Exit short,LONG,6/22/2024 7:00,"64,143.56",26.63278,18314.83,1.06%,38667.87,2.24%,-10279.45,-0.60%,744951.5,1.06%
2747,Entry short,SHORT,6/20/2024 23:00,"64,831.24",26.63278,18314.83,1.06%,38667.87,2.24%,-10279.45,-0.60%,744951.5,1.06%
2748,Exit long,SHORT,6/22/2024 8:00,"64,056.46",27.20384,-2369.45,-0.14%,1151.81,0.07%,-5433.69,-0.31%,742582,-0.14%
2748,Entry long,LONG,6/22/2024 7:00,"64,143.56",27.20384,-2369.45,-0.14%,1151.81,0.07%,-5433.69,-0.31%,742582,-0.14%
2749,Exit short,LONG,6/22/2024 10:00,"64,303.41",27.20384,-6717.99,-0.39%,0,0.00%,-7782.47,-0.45%,735864,-0.39%
2749,Entry short,SHORT,6/22/2024 8:00,"64,056.46",27.20384,-6717.99,-0.39%,0,0.00%,-7782.47,-0.45%,735864,-0.39%
2750,Exit long,SHORT,6/23/2024 2:00,"64,260.82",26.9949,-1149.71,-0.07%,6570.56,0.38%,-2402.01,-0.14%,734714.3,-0.07%
2750,Entry long,LONG,6/22/2024 10:00,"64,303.41",26.9949,-1149.71,-0.07%,6570.56,0.38%,-2402.01,-0.14%,734714.3,-0.07%
2751,Exit short,LONG,6/23/2024 5:00,"64,330.00",26.99489,-1867.51,-0.11%,1142.42,0.07%,-1867.51,-0.11%,732846.8,-0.11%
2751,Entry short,SHORT,6/23/2024 2:00,"64,260.82",26.99489,-1867.51,-0.11%,1142.42,0.07%,-1867.51,-0.11%,732846.8,-0.11%
2752,Exit long,SHORT,6/23/2024 7:00,"64,262.01",26.93683,-1831.43,-0.11%,0,0.00%,-1885.58,-0.11%,731015.4,-0.11%
2752,Entry long,LONG,6/23/2024 5:00,"64,330.00",26.93683,-1831.43,-0.11%,0,0.00%,-1885.58,-0.11%,731015.4,-0.11%
2753,Exit short,LONG,6/23/2024 8:00,"64,476.44",26.93683,-5776.06,-0.33%,0.27,0.00%,-6949.43,-0.40%,725239.3,-0.33%
2753,Entry short,SHORT,6/23/2024 7:00,"64,262.01",26.93683,-5776.06,-0.33%,0.27,0.00%,-6949.43,-0.40%,725239.3,-0.33%
2754,Exit long,SHORT,6/23/2024 18:00,"64,305.60",26.75767,-4571.28,-0.26%,1192.32,0.07%,-5220.96,-0.30%,720668,-0.26%
2754,Entry long,LONG,6/23/2024 8:00,"64,476.44",26.75767,-4571.28,-0.26%,1192.32,0.07%,-5220.96,-0.30%,720668,-0.26%
2755,Exit short,LONG,6/23/2024 20:00,"64,376.00",26.75767,-1883.74,-0.11%,1411.47,0.08%,-1883.74,-0.11%,718784.3,-0.11%
2755,Entry short,SHORT,6/23/2024 18:00,"64,305.60",26.75767,-1883.74,-0.11%,1411.47,0.08%,-1883.74,-0.11%,718784.3,-0.11%
2756,Exit long,SHORT,6/23/2024 22:00,"64,192.00",26.69915,-4912.64,-0.29%,1417.72,0.08%,-6276.97,-0.37%,713871.6,-0.29%
2756,Entry long,LONG,6/23/2024 20:00,"64,376.00",26.69915,-4912.64,-0.29%,1417.72,0.08%,-6276.97,-0.37%,713871.6,-0.29%
2757,Exit short,LONG,6/25/2024 10:00,"60,676.01",26.69914,93873.91,5.48%,154588.02,9.02%,-213.59,-0.01%,807745.56,5.48%
2757,Entry short,SHORT,6/23/2024 22:00,"64,192.00",26.69914,93873.91,5.48%,154588.02,9.02%,-213.59,-0.01%,807745.56,5.48%
2758,Exit long,SHORT,6/26/2024 8:00,"61,767.72",29.79341,32525.76,1.80%,51959.41,2.87%,-1543,-0.09%,840271.3,1.80%
2758,Entry long,LONG,6/25/2024 10:00,"60,676.01",29.79341,32525.76,1.80%,51959.41,2.87%,-1543,-0.09%,840271.3,1.80%
2759,Exit short,LONG,6/26/2024 9:00,"62,090.01",29.79341,-9602.12,-0.52%,1178.33,0.06%,-12411.64,-0.67%,830669.2,-0.52%
2759,Entry short,SHORT,6/26/2024 8:00,"61,767.72",29.79341,-9602.12,-0.52%,1178.33,0.06%,-12411.64,-0.67%,830669.2,-0.52%
2760,Exit long,SHORT,6/26/2024 12:00,"61,712.96",29.48411,-11116.98,-0.61%,11728.78,0.64%,-11117.57,-0.61%,819552.2,-0.61%
2760,Entry long,LONG,6/26/2024 9:00,"62,090.01",29.48411,-11116.98,-0.61%,11728.78,0.64%,-11117.57,-0.61%,819552.2,-0.61%
2761,Exit short,LONG,6/27/2024 20:00,"61,341.87",29.48411,10941.26,0.60%,32619.16,1.79%,-7873.44,-0.43%,830493.5,0.60%
2761,Entry short,SHORT,6/26/2024 12:00,"61,712.96",29.48411,10941.26,0.60%,32619.16,1.79%,-7873.44,-0.43%,830493.5,0.60%
2762,Exit long,SHORT,6/28/2024 15:00,"61,350.01",29.84083,242.9,0.01%,31253.79,1.71%,-3159.25,-0.17%,830736.4,0.01%
2762,Entry long,LONG,6/27/2024 20:00,"61,341.87",29.84083,242.9,0.01%,31253.79,1.71%,-3159.25,-0.17%,830736.4,0.01%
2763,Exit short,LONG,6/28/2024 18:00,"61,548.14",29.84084,-5912.37,-0.32%,4115.05,0.22%,-7331,-0.40%,824824,-0.32%
2763,Entry short,SHORT,6/28/2024 15:00,"61,350.01",29.84084,-5912.37,-0.32%,4115.05,0.22%,-7331,-0.40%,824824,-0.32%
2764,Exit long,SHORT,6/28/2024 22:00,"60,928.01",29.64872,-18386.06,-1.01%,9690.98,0.53%,-22774.07,-1.25%,806437.94,-1.01%
2764,Entry long,LONG,6/28/2024 18:00,"61,548.14",29.64872,-18386.06,-1.01%,9690.98,0.53%,-22774.07,-1.25%,806437.94,-1.01%
2765,Exit short,LONG,6/29/2024 11:00,"60,762.00",29.64872,4921.98,0.27%,25646.44,1.42%,-7815.7,-0.43%,811359.94,0.27%
2765,Entry short,SHORT,6/28/2024 22:00,"60,928.01",29.64872,4921.98,0.27%,25646.44,1.42%,-7815.7,-0.43%,811359.94,0.27%
2766,Exit long,SHORT,6/30/2024 12:00,"60,777.54",29.81073,463.26,0.03%,13772.56,0.76%,-1715.31,-0.09%,811823.2,0.03%
2766,Entry long,LONG,6/29/2024 11:00,"60,762.00",29.81073,463.26,0.03%,13772.56,0.76%,-1715.31,-0.09%,811823.2,0.03%
2767,Exit short,LONG,6/30/2024 15:00,"61,528.01",29.81073,-22372.06,-1.23%,1947.54,0.11%,-29943.69,-1.65%,789451.1,-1.23%
2767,Entry short,SHORT,6/30/2024 12:00,"60,777.54",29.81073,-22372.06,-1.23%,1947.54,0.11%,-29943.69,-1.65%,789451.1,-1.23%
2768,Exit long,SHORT,7/1/2024 18:00,"62,852.24",29.08352,38513.27,2.15%,66610.57,3.72%,-5293.49,-0.30%,827964.44,2.15%
2768,Entry long,LONG,6/30/2024 15:00,"61,528.01",29.08352,38513.27,2.15%,66610.57,3.72%,-5293.49,-0.30%,827964.44,2.15%
2769,Exit short,LONG,7/2/2024 1:00,"63,697.66",29.08352,-24587.79,-1.35%,10325.81,0.56%,-24587.79,-1.35%,803376.6,-1.35%
2769,Entry short,SHORT,7/1/2024 18:00,"62,852.24",29.08352,-24587.79,-1.35%,10325.81,0.56%,-24587.79,-1.35%,803376.6,-1.35%
2770,Exit long,SHORT,7/2/2024 7:00,"62,900.00",28.3115,-22582.95,-1.25%,4645.92,0.26%,-25283.87,-1.40%,780793.7,-1.25%
2770,Entry long,LONG,7/2/2024 1:00,"63,697.66",28.3115,-22582.95,-1.25%,4645.92,0.26%,-25283.87,-1.40%,780793.7,-1.25%
2771,Exit short,LONG,7/5/2024 1:00,"58,239.99",28.3115,131931.88,7.41%,173521.19,9.74%,-11008.36,-0.62%,912725.56,7.41%
2771,Entry short,SHORT,7/2/2024 7:00,"62,900.00",28.3115,131931.88,7.41%,173521.19,9.74%,-11008.36,-0.62%,912725.56,7.41%
2772,Exit long,SHORT,7/5/2024 8:00,"57,375.99",32.84212,-28375.59,-1.48%,18823.13,0.98%,-50904.96,-2.66%,884349.94,-1.48%
2772,Entry long,LONG,7/5/2024 1:00,"58,239.99",32.84212,-28375.59,-1.48%,18823.13,0.98%,-50904.96,-2.66%,884349.94,-1.48%
2773,Exit short,LONG,7/5/2024 22:00,"55,753.99",32.84213,53269.93,2.83%,127757.86,6.78%,-2167.91,-0.12%,937619.9,2.83%
2773,Entry short,SHORT,7/5/2024 8:00,"57,375.99",32.84213,53269.93,2.83%,127757.86,6.78%,-2167.91,-0.12%,937619.9,2.83%
2774,Exit long,SHORT,7/6/2024 12:00,"56,059.49",34.75303,10617.05,0.55%,44693.44,2.31%,-3131.25,-0.16%,948236.94,0.55%
2774,Entry long,LONG,7/5/2024 22:00,"55,753.99",34.75303,10617.05,0.55%,44693.44,2.31%,-3131.25,-0.16%,948236.94,0.55%
2775,Exit short,LONG,7/6/2024 14:00,"56,417.36",34.75302,-12437.06,-0.64%,1441.9,0.07%,-17672.26,-0.91%,935799.9,-0.64%
2775,Entry short,SHORT,7/6/2024 12:00,"56,059.49",34.75302,-12437.06,-0.64%,1441.9,0.07%,-17672.26,-0.91%,935799.9,-0.64%
2776,Exit long,SHORT,7/7/2024 15:00,"57,369.99",34.31214,32686.77,1.69%,70602.03,3.65%,-557.92,-0.03%,968486.6,1.69%
2776,Entry long,LONG,7/6/2024 14:00,"56,417.36",34.31214,32686.77,1.69%,70602.03,3.65%,-557.92,-0.03%,968486.6,1.69%
2777,Exit short,LONG,7/8/2024 17:00,"57,512.13",34.31213,-4877.13,-0.25%,106704.89,5.42%,-29739.69,-1.51%,963609.5,-0.25%
2777,Entry short,SHORT,7/7/2024 15:00,"57,369.99",34.31213,-4877.13,-0.25%,106704.89,5.42%,-29739.69,-1.51%,963609.5,-0.25%
2778,Exit long,SHORT,7/8/2024 23:00,"55,761.52",34.14251,-59770.22,-3.04%,7095.16,0.36%,-92598.92,-4.72%,903839.3,-3.04%
2778,Entry long,LONG,7/8/2024 17:00,"57,512.13",34.14251,-59770.22,-3.04%,7095.16,0.36%,-92598.92,-4.72%,903839.3,-3.04%
2779,Exit short,LONG,7/9/2024 5:00,"56,642.47",34.14252,-30077.85,-1.58%,11464.38,0.60%,-36659.85,-1.93%,873761.44,-1.58%
2779,Entry short,SHORT,7/8/2024 23:00,"55,761.52",34.14252,-30077.85,-1.58%,11464.38,0.60%,-36659.85,-1.93%,873761.44,-1.58%
2780,Exit long,SHORT,7/9/2024 22:00,"57,060.00",33.0805,13812.1,0.74%,49244.29,2.63%,-11678.08,-0.62%,887573.56,0.74%
2780,Entry long,LONG,7/9/2024 5:00,"56,642.47",33.0805,13812.1,0.74%,49244.29,2.63%,-11678.08,-0.62%,887573.56,0.74%
2781,Exit short,LONG,7/10/2024 2:00,"57,907.50",33.0805,-28035.72,-1.49%,5193.64,0.28%,-40887.5,-2.17%,859537.8,-1.49%
2781,Entry short,SHORT,7/9/2024 22:00,"57,060.00",33.0805,-28035.72,-1.49%,5193.64,0.28%,-40887.5,-2.17%,859537.8,-1.49%
2782,Exit long,SHORT,7/10/2024 21:00,"57,760.00",32.11221,-4736.55,-0.25%,50175.33,2.70%,-19216.27,-1.03%,854801.25,-0.25%
2782,Entry long,LONG,7/10/2024 2:00,"57,907.50",32.11221,-4736.55,-0.25%,50175.33,2.70%,-19216.27,-1.03%,854801.25,-0.25%
2783,Exit short,LONG,7/11/2024 13:00,"57,994.01",32.11221,-7514.58,-0.41%,22799.67,1.23%,-20778.21,-1.12%,847286.7,-0.41%
2783,Entry short,SHORT,7/10/2024 21:00,"57,760.00",32.11221,-7514.58,-0.41%,22799.67,1.23%,-20778.21,-1.12%,847286.7,-0.41%
2784,Exit long,SHORT,7/12/2024 3:00,"57,378.00",31.85306,-19621.8,-1.06%,52748.35,2.86%,-25992.42,-1.41%,827664.9,-1.06%
2784,Entry long,LONG,7/11/2024 13:00,"57,994.01",31.85306,-19621.8,-1.06%,52748.35,2.86%,-25992.42,-1.41%,827664.9,-1.06%
2785,Exit short,LONG,7/12/2024 18:00,"57,172.84",31.85306,6534.97,0.36%,26614.19,1.46%,-8218.09,-0.45%,834199.9,0.36%
2785,Entry short,SHORT,7/12/2024 3:00,"57,378.00",31.85306,6534.97,0.36%,26614.19,1.46%,-8218.09,-0.45%,834199.9,0.36%
2786,Exit long,SHORT,7/16/2024 15:00,"62,895.01",32.08166,183576.72,10.01%,250914.19,13.68%,-5544.99,-0.30%,1017776.56,10.01%
2786,Entry long,LONG,7/12/2024 18:00,"57,172.84",32.08166,183576.72,10.01%,250914.19,13.68%,-5544.99,-0.30%,1017776.56,10.01%
2787,Exit short,LONG,7/16/2024 23:00,"64,878.24",32.08166,-63625.31,-3.15%,16739.25,0.83%,-66275.9,-3.28%,954151.25,-3.15%
2787,Entry short,SHORT,7/16/2024 15:00,"62,895.01",32.08166,-63625.31,-3.15%,16739.25,0.83%,-66275.9,-3.28%,954151.25,-3.15%
2788,Exit long,SHORT,7/17/2024 19:00,"64,723.73",30.12028,-4653.88,-0.24%,37662.1,1.93%,-23092.62,-1.18%,949497.4,-0.24%
2788,Entry long,LONG,7/16/2024 23:00,"64,878.24",30.12028,-4653.88,-0.24%,37662.1,1.93%,-23092.62,-1.18%,949497.4,-0.24%
2789,Exit short,LONG,7/18/2024 12:00,"64,574.00",30.12028,4509.91,0.23%,26196.51,1.34%,-20369.44,-1.04%,954007.3,0.23%
2789,Entry short,SHORT,7/17/2024 19:00,"64,723.73",30.12028,4509.91,0.23%,26196.51,1.34%,-20369.44,-1.04%,954007.3,0.23%
2790,Exit long,SHORT,7/18/2024 23:00,"63,538.12",30.25996,-31345.69,-1.60%,16258.37,0.83%,-35525.19,-1.82%,922661.6,-1.60%
2790,Entry long,LONG,7/18/2024 12:00,"64,574.00",30.25996,-31345.69,-1.60%,16258.37,0.83%,-35525.19,-1.82%,922661.6,-1.60%
2791,Exit short,LONG,7/19/2024 9:00,"63,815.99",30.25996,-8408.33,-0.44%,9067.09,0.47%,-17681.2,-0.92%,914253.25,-0.44%
2791,Entry short,SHORT,7/18/2024 23:00,"63,538.12",30.25996,-8408.33,-0.44%,9067.09,0.47%,-17681.2,-0.92%,914253.25,-0.44%
2792,Exit long,SHORT,7/19/2024 17:00,"63,700.00",29.99644,-3479.29,-0.18%,20097.91,1.05%,-12207.95,-0.64%,910774,-0.18%
2792,Entry long,LONG,7/19/2024 9:00,"63,815.99",29.99644,-3479.29,-0.18%,20097.91,1.05%,-12207.95,-0.64%,910774,-0.18%
2793,Exit short,LONG,7/19/2024 20:00,"64,414.00",29.99645,-21417.46,-1.12%,1793.79,0.09%,-22077.39,-1.16%,889356.5,-1.12%
2793,Entry short,SHORT,7/19/2024 17:00,"63,700.00",29.99645,-21417.46,-1.12%,1793.79,0.09%,-22077.39,-1.16%,889356.5,-1.12%
2794,Exit long,SHORT,7/21/2024 13:00,"67,046.00",29.33145,77200.38,4.09%,93391.34,4.94%,-11979.84,-0.63%,966556.9,4.09%
2794,Entry long,LONG,7/19/2024 20:00,"64,414.00",29.33145,77200.38,4.09%,93391.34,4.94%,-11979.84,-0.63%,966556.9,4.09%
2795,Exit short,LONG,7/22/2024 0:00,"67,553.99",29.33145,-14900.08,-0.76%,13313.55,0.68%,-15956.31,-0.81%,951656.8,-0.76%
2795,Entry short,SHORT,7/21/2024 13:00,"67,046.00",29.33145,-14900.08,-0.76%,13313.55,0.68%,-15956.31,-0.81%,951656.8,-0.76%
2796,Exit long,SHORT,7/22/2024 16:00,"67,080.48",28.89031,-13679.85,-0.70%,26595.26,1.36%,-51337.79,-2.63%,937976.94,-0.70%
2796,Entry long,LONG,7/22/2024 0:00,"67,553.99",28.89031,-13679.85,-0.70%,26595.26,1.36%,-51337.79,-2.63%,937976.94,-0.70%
2797,Exit short,LONG,7/23/2024 3:00,"68,232.08",28.89032,-33270.09,-1.72%,15037.7,0.78%,-33787.81,-1.74%,904706.9,-1.72%
2797,Entry short,SHORT,7/22/2024 16:00,"67,080.48",28.89032,-33270.09,-1.72%,15037.7,0.78%,-33787.81,-1.74%,904706.9,-1.72%
2798,Exit long,SHORT,7/23/2024 9:00,"67,410.01",27.91513,-22948.19,-1.20%,667.73,0.04%,-29257.85,-1.54%,881758.7,-1.20%
2798,Entry long,LONG,7/23/2024 3:00,"68,232.08",27.91513,-22948.19,-1.20%,667.73,0.04%,-29257.85,-1.54%,881758.7,-1.20%
2799,Exit short,LONG,7/24/2024 17:00,"66,398.10",27.91512,28247.59,1.50%,54962.92,2.92%,-8374.54,-0.45%,910006.25,1.50%
2799,Entry short,SHORT,7/23/2024 9:00,"67,410.01",27.91512,28247.59,1.50%,54962.92,2.92%,-8374.54,-0.45%,910006.25,1.50%
2800,Exit long,SHORT,7/25/2024 3:00,"65,652.01",28.76597,-21462,-1.12%,20248.65,1.06%,-24140.69,-1.26%,888544.25,-1.12%
2800,Entry long,LONG,7/24/2024 17:00,"66,398.10",28.76597,-21462,-1.12%,20248.65,1.06%,-24140.69,-1.26%,888544.25,-1.12%
2801,Exit short,LONG,7/26/2024 0:00,"64,868.00",28.76597,22552.81,1.19%,63150.22,3.34%,-11927.81,-0.63%,911097.06,1.19%
2801,Entry short,SHORT,7/25/2024 3:00,"65,652.01",28.76597,22552.81,1.19%,63150.22,3.34%,-11927.81,-0.63%,911097.06,1.19%
2802,Exit long,SHORT,7/28/2024 3:00,"68,246.00",29.46132,99520.34,5.21%,133518.4,6.99%,-14127.88,-0.74%,1010617.44,5.21%
2802,Entry long,LONG,7/26/2024 0:00,"64,868.00",29.46132,99520.34,5.21%,133518.4,6.99%,-14127.88,-0.74%,1010617.44,5.21%
2803,Exit short,LONG,7/28/2024 21:00,"67,988.01",29.46132,7600.73,0.38%,47020.27,2.34%,-27603.49,-1.37%,1018218.1,0.38%
2803,Entry short,SHORT,7/28/2024 3:00,"68,246.00",29.46132,7600.73,0.38%,47020.27,2.34%,-27603.49,-1.37%,1018218.1,0.38%
2804,Exit long,SHORT,7/29/2024 23:00,"68,103.99",29.68491,3442.86,0.17%,62100.24,3.08%,-12182.09,-0.60%,1021661,0.17%
2804,Entry long,LONG,7/28/2024 21:00,"67,988.01",29.68491,3442.86,0.17%,62100.24,3.08%,-12182.09,-0.60%,1021661,0.17%
2805,Exit short,LONG,7/31/2024 7:00,"66,188.00",29.68491,56875.99,2.81%,83156.93,4.11%,-415.89,-0.02%,1078537,2.81%
2805,Entry short,SHORT,7/29/2024 23:00,"68,103.99",29.68491,56875.99,2.81%,83156.93,4.11%,-415.89,-0.02%,1078537,2.81%
2806,Exit long,SHORT,8/1/2024 4:00,"64,595.81",31.40353,-50000.39,-2.41%,20765.27,1.00%,-51640.91,-2.48%,1028536.6,-2.41%
2806,Entry long,LONG,7/31/2024 7:00,"66,188.00",31.40353,-50000.39,-2.41%,20765.27,1.00%,-51640.91,-2.48%,1028536.6,-2.41%
2807,Exit short,LONG,8/1/2024 20:00,"64,883.99",31.40353,-9049.87,-0.45%,31774.41,1.57%,-16965.13,-0.84%,1019486.75,-0.45%
2807,Entry short,SHORT,8/1/2024 4:00,"64,595.81",31.40353,-9049.87,-0.45%,31774.41,1.57%,-16965.13,-0.84%,1019486.75,-0.45%
2808,Exit long,SHORT,8/1/2024 23:00,"62,907.44",31.12458,-61519.29,-3.05%,2041.46,0.10%,-69031.83,-3.42%,957967.44,-3.05%
2808,Entry long,LONG,8/1/2024 20:00,"64,883.99",31.12458,-61519.29,-3.05%,2041.46,0.10%,-69031.83,-3.42%,957967.44,-3.05%
2809,Exit short,LONG,8/2/2024 5:00,"64,889.04",31.12457,-61676.45,-3.15%,18844.06,0.96%,-76210.37,-3.89%,896291,-3.15%
2809,Entry short,SHORT,8/1/2024 23:00,"62,907.44",31.12457,-61676.45,-3.15%,18844.06,0.96%,-76210.37,-3.89%,896291,-3.15%
2810,Exit long,SHORT,8/2/2024 15:00,"64,164.07",29.2236,-21186.23,-1.12%,22523.8,1.19%,-35683.18,-1.88%,875104.75,-1.12%
2810,Entry long,LONG,8/2/2024 5:00,"64,889.04",29.2236,-21186.23,-1.12%,22523.8,1.19%,-35683.18,-1.88%,875104.75,-1.12%
2811,Exit short,LONG,8/2/2024 16:00,"64,598.01",29.22359,-12681.28,-0.68%,3508.88,0.19%,-13031.68,-0.69%,862423.5,-0.68%
2811,Entry short,SHORT,8/2/2024 15:00,"64,164.07",29.22359,-12681.28,-0.68%,3508.88,0.19%,-13031.68,-0.69%,862423.5,-0.68%
2812,Exit long,SHORT,8/3/2024 3:00,"62,633.58",28.83097,-56636.42,-3.04%,26697.48,1.43%,-62422.22,-3.35%,805787.06,-3.04%
2812,Entry long,LONG,8/2/2024 16:00,"64,598.01",28.83097,-56636.42,-3.04%,26697.48,1.43%,-62422.22,-3.35%,805787.06,-3.04%
2813,Exit short,LONG,8/3/2024 19:00,"61,919.38",28.83097,20591.08,1.14%,61369.03,3.40%,-15963.13,-0.88%,826378.1,1.14%
2813,Entry short,SHORT,8/3/2024 3:00,"62,633.58",28.83097,20591.08,1.14%,61369.03,3.40%,-15963.13,-0.88%,826378.1,1.14%
2814,Exit long,SHORT,8/4/2024 0:00,"60,912.01",29.49606,-29713.44,-1.63%,8224.68,0.45%,-45199.17,-2.47%,796664.7,-1.63%
2814,Entry long,LONG,8/3/2024 19:00,"61,919.38",29.49606,-29713.44,-1.63%,8224.68,0.45%,-45199.17,-2.47%,796664.7,-1.63%
2815,Exit short,LONG,8/4/2024 11:00,"60,735.00",29.49606,5221.1,0.29%,31325.11,1.74%,-6064.98,-0.34%,801885.75,0.29%
2815,Entry short,SHORT,8/4/2024 0:00,"60,912.01",29.49606,5221.1,0.29%,31325.11,1.74%,-6064.98,-0.34%,801885.75,0.29%
2816,Exit long,SHORT,8/4/2024 15:00,"60,374.00",29.66799,-10710.14,-0.59%,6038.62,0.34%,-14092.29,-0.78%,791175.6,-0.59%
2816,Entry long,LONG,8/4/2024 11:00,"60,735.00",29.66799,-10710.14,-0.59%,6038.62,0.34%,-14092.29,-0.78%,791175.6,-0.59%
2817,Exit short,LONG,8/4/2024 17:00,"60,708.00",29.66799,-9909.11,-0.55%,8675.81,0.48%,-10858.48,-0.61%,781266.5,-0.55%
2817,Entry short,SHORT,8/4/2024 15:00,"60,374.00",29.66799,-9909.11,-0.55%,8675.81,0.48%,-10858.48,-0.61%,781266.5,-0.55%
2818,Exit long,SHORT,8/4/2024 23:00,"59,086.01",29.34154,-47591.68,-2.67%,11430,0.64%,-51289.01,-2.88%,733674.8,-2.67%
2818,Entry long,LONG,8/4/2024 17:00,"60,708.00",29.34154,-47591.68,-2.67%,11430,0.64%,-51289.01,-2.88%,733674.8,-2.67%
2819,Exit short,LONG,8/6/2024 8:00,"56,037.99",29.34154,89433.6,5.16%,295939.06,17.07%,-14582.45,-0.84%,823108.44,5.16%
2819,Entry short,SHORT,8/4/2024 23:00,"59,086.01",29.34154,89433.6,5.16%,295939.06,17.07%,-14582.45,-0.84%,823108.44,5.16%
2820,Exit long,SHORT,8/6/2024 20:00,"54,772.01",32.53342,-41186.66,-2.26%,7743.28,0.42%,-46782.41,-2.57%,781921.8,-2.26%
2820,Entry long,LONG,8/6/2024 8:00,"56,037.99",32.53342,-41186.66,-2.26%,7743.28,0.42%,-46782.41,-2.57%,781921.8,-2.26%
2821,Exit short,LONG,8/6/2024 22:00,"56,132.01",32.53343,-44245.46,-2.48%,13015.65,0.73%,-59651.34,-3.35%,737676.3,-2.48%
2821,Entry short,SHORT,8/6/2024 20:00,"54,772.01",32.53343,-44245.46,-2.48%,13015.65,0.73%,-59651.34,-3.35%,737676.3,-2.48%
2822,Exit long,SHORT,8/7/2024 22:00,"56,085.83",30.95695,-1429.59,-0.08%,49656.19,2.86%,-17773.31,-1.02%,736246.75,-0.08%
2822,Entry long,LONG,8/6/2024 22:00,"56,132.01",30.95695,-1429.59,-0.08%,49656.19,2.86%,-17773.31,-1.02%,736246.75,-0.08%
2823,Exit short,LONG,8/8/2024 10:00,"57,364.00",30.95695,-39568.25,-2.28%,47277.76,2.72%,-47999.68,-2.76%,696678.5,-2.28%
2823,Entry short,SHORT,8/7/2024 22:00,"56,085.83",30.95695,-39568.25,-2.28%,47277.76,2.72%,-47999.68,-2.76%,696678.5,-2.28%
2824,Exit long,SHORT,8/9/2024 20:00,"60,551.99",29.5774,94292.45,5.56%,159160.12,9.38%,-20512.81,-1.21%,790970.94,5.56%
2824,Entry long,LONG,8/8/2024 10:00,"57,364.00",29.5774,94292.45,5.56%,159160.12,9.38%,-20512.81,-1.21%,790970.94,5.56%
2825,Exit short,LONG,8/10/2024 5:00,"60,732.00",29.5774,-5324.23,-0.30%,30079.92,1.68%,-16655.62,-0.93%,785646.7,-0.30%
2825,Entry short,SHORT,8/9/2024 20:00,"60,551.99",29.5774,-5324.23,-0.30%,30079.92,1.68%,-16655.62,-0.93%,785646.7,-0.30%
2826,Exit long,SHORT,8/10/2024 11:00,"60,437.85",29.40206,-8648.62,-0.48%,21715.77,1.22%,-13700.48,-0.77%,776998.1,-0.48%
2826,Entry long,LONG,8/10/2024 5:00,"60,732.00",29.40206,-8648.62,-0.48%,21715.77,1.22%,-13700.48,-0.77%,776998.1,-0.48%
2827,Exit short,LONG,8/10/2024 16:00,"60,733.59",29.40207,-8695.37,-0.49%,5758.4,0.32%,-13600.81,-0.77%,768302.75,-0.49%
2827,Entry short,SHORT,8/10/2024 11:00,"60,437.85",29.40207,-8695.37,-0.49%,5758.4,0.32%,-13600.81,-0.77%,768302.75,-0.49%
2828,Exit long,SHORT,8/10/2024 22:00,"60,585.39",29.11573,-4314.95,-0.24%,11153.07,0.63%,-9712.72,-0.55%,763987.75,-0.24%
2828,Entry long,LONG,8/10/2024 16:00,"60,733.59",29.11573,-4314.95,-0.24%,11153.07,0.63%,-9712.72,-0.55%,763987.75,-0.24%
2829,Exit short,LONG,8/11/2024 3:00,"61,016.44",29.11572,-12550.33,-0.71%,5397.76,0.31%,-17796.69,-1.01%,751437.44,-0.71%
2829,Entry short,SHORT,8/10/2024 22:00,"60,585.39",29.11572,-12550.33,-0.71%,5397.76,0.31%,-17796.69,-1.01%,751437.44,-0.71%
2830,Exit long,SHORT,8/11/2024 20:00,"60,492.10",28.70434,-15050.83,-0.86%,24156.42,1.38%,-22625.62,-1.29%,736386.6,-0.86%
2830,Entry long,LONG,8/11/2024 3:00,"61,016.44",28.70434,-15050.83,-0.86%,24156.42,1.38%,-22625.62,-1.29%,736386.6,-0.86%
2831,Exit short,LONG,8/12/2024 20:00,"59,728.24",28.70435,21926.11,1.26%,81804.24,4.71%,-7721.18,-0.44%,758312.7,1.26%
2831,Entry short,SHORT,8/11/2024 20:00,"60,492.10",28.70435,21926.11,1.26%,81804.24,4.71%,-7721.18,-0.44%,758312.7,1.26%
2832,Exit long,SHORT,8/13/2024 2:00,"58,527.91",29.43855,-35335.98,-2.01%,28933.68,1.65%,-56764.59,-3.23%,722976.75,-2.01%
2832,Entry long,LONG,8/12/2024 20:00,"59,728.24",29.43855,-35335.98,-2.01%,28933.68,1.65%,-56764.59,-3.23%,722976.75,-2.01%
2833,Exit short,LONG,8/13/2024 22:00,"59,643.63",29.43854,-32845.17,-1.91%,3975.09,0.23%,-41077.66,-2.38%,690131.56,-1.91%
2833,Entry short,SHORT,8/13/2024 2:00,"58,527.91",29.43854,-32845.17,-1.91%,3975.09,0.23%,-41077.66,-2.38%,690131.56,-1.91%
2834,Exit long,SHORT,8/14/2024 23:00,"59,435.69",28.33716,-5892.43,-0.35%,61105.4,3.62%,-23239.59,-1.38%,684239.1,-0.35%
2834,Entry long,LONG,8/13/2024 22:00,"59,643.63",28.33716,-5892.43,-0.35%,61105.4,3.62%,-23239.59,-1.38%,684239.1,-0.35%
2835,Exit short,LONG,8/15/2024 20:00,"58,800.26",28.33716,18006.28,1.07%,48791.21,2.90%,-762.84,-0.05%,702245.44,1.07%
2835,Entry short,SHORT,8/14/2024 23:00,"59,435.69",28.33716,18006.28,1.07%,48791.21,2.90%,-762.84,-0.05%,702245.44,1.07%
2836,Exit long,SHORT,8/16/2024 4:00,"56,671.06",28.94962,-61639.53,-3.62%,30371.63,1.78%,-78792.76,-4.63%,640605.9,-3.62%
2836,Entry long,LONG,8/15/2024 20:00,"58,800.26",28.94962,-61639.53,-3.62%,30371.63,1.78%,-78792.76,-4.63%,640605.9,-3.62%
2837,Exit short,LONG,8/16/2024 14:00,"58,528.70",28.94962,-53777.97,-3.28%,1879.99,0.11%,-57775.05,-3.52%,586827.94,-3.28%
2837,Entry short,SHORT,8/16/2024 4:00,"56,671.06",28.94962,-53777.97,-3.28%,1879.99,0.11%,-57775.05,-3.52%,586827.94,-3.28%
2838,Exit long,SHORT,8/18/2024 5:00,"59,303.80",27.11302,21015.3,1.32%,34950.31,2.20%,-27177.82,-1.71%,607843.25,1.32%
2838,Entry long,LONG,8/16/2024 14:00,"58,528.70",27.11302,21015.3,1.32%,34950.31,2.20%,-27177.82,-1.71%,607843.25,1.32%
2839,Exit short,LONG,8/18/2024 8:00,"59,678.93",27.11197,-10170.51,-0.63%,1555.41,0.10%,-12036.9,-0.75%,597672.7,-0.63%
2839,Entry short,SHORT,8/18/2024 5:00,"59,303.80",27.11197,-10170.51,-0.63%,1555.41,0.10%,-12036.9,-0.75%,597672.7,-0.63%
2840,Exit long,SHORT,8/19/2024 1:00,"59,527.58",26.77113,-4051.81,-0.25%,16224.91,1.02%,-11307.32,-0.71%,593620.9,-0.25%
2840,Entry long,LONG,8/18/2024 8:00,"59,678.93",26.77113,-4051.81,-0.25%,16224.91,1.02%,-11307.32,-0.71%,593620.9,-0.25%
2841,Exit short,LONG,8/20/2024 1:00,"59,021.61",26.77113,13545.39,0.85%,46589.26,2.92%,-9160.81,-0.57%,607166.3,0.85%
2841,Entry short,SHORT,8/19/2024 1:00,"59,527.58",26.77113,13545.39,0.85%,46589.26,2.92%,-9160.81,-0.57%,607166.3,0.85%
2842,Exit long,SHORT,8/21/2024 0:00,"58,801.15",27.23013,-6003.15,-0.37%,64763.87,4.03%,-12890.2,-0.80%,601163.1,-0.37%
2842,Entry long,LONG,8/20/2024 1:00,"59,021.61",27.23013,-6003.15,-0.37%,64763.87,4.03%,-12890.2,-0.80%,601163.1,-0.37%
2843,Exit short,LONG,8/21/2024 13:00,"59,379.99",27.23013,-15761.89,-0.98%,3260.81,0.20%,-25094.47,-1.57%,585401.25,-0.98%
2843,Entry short,SHORT,8/21/2024 0:00,"58,801.15",27.23013,-15761.89,-0.98%,3260.81,0.20%,-25094.47,-1.57%,585401.25,-0.98%
2844,Exit long,SHORT,8/22/2024 23:00,"60,407.39",26.69925,27430.81,1.73%,65171.27,4.11%,-14150.34,-0.89%,612832.06,1.73%
2844,Entry long,LONG,8/21/2024 13:00,"59,379.99",26.69925,27430.81,1.73%,65171.27,4.11%,-14150.34,-0.89%,612832.06,1.73%
2845,Exit short,LONG,8/23/2024 13:00,"60,856.26",26.69925,-11984.49,-0.74%,7379.41,0.46%,-18214.5,-1.13%,600847.56,-0.74%
2845,Entry short,SHORT,8/22/2024 23:00,"60,407.39",26.69925,-11984.49,-0.74%,7379.41,0.46%,-18214.5,-1.13%,600847.56,-0.74%
2846,Exit long,SHORT,8/25/2024 6:00,"63,833.98",26.30538,78330.05,4.89%,107818.91,6.74%,-4344.33,-0.27%,679177.6,4.89%
2846,Entry long,LONG,8/23/2024 13:00,"60,856.26",26.30538,78330.05,4.89%,107818.91,6.74%,-4344.33,-0.27%,679177.6,4.89%
2847,Exit short,LONG,8/25/2024 23:00,"64,132.17",26.30538,-7844,-0.47%,1597,0.10%,-17705.1,-1.05%,671333.6,-0.47%
2847,Entry short,SHORT,8/25/2024 6:00,"63,833.98",26.30538,-7844,-0.47%,1597,0.10%,-17705.1,-1.05%,671333.6,-0.47%
2848,Exit long,SHORT,8/26/2024 12:00,"64,019.00",26.06077,-2949.3,-0.18%,22616.32,1.35%,-8917.21,-0.53%,668384.3,-0.18%
2848,Entry long,LONG,8/25/2024 23:00,"64,132.17",26.06077,-2949.3,-0.18%,22616.32,1.35%,-8917.21,-0.53%,668384.3,-0.18%
2849,Exit short,LONG,8/29/2024 12:00,"59,197.96",26.06076,125639.97,7.53%,160508.22,9.62%,-807.88,-0.05%,794024.3,7.53%
2849,Entry short,SHORT,8/26/2024 12:00,"64,019.00",26.06076,125639.97,7.53%,160508.22,9.62%,-807.88,-0.05%,794024.3,7.53%
2850,Exit long,SHORT,8/30/2024 11:00,"59,032.00",30.3055,-5029.5,-0.28%,59672.44,3.33%,-14694.23,-0.82%,788994.8,-0.28%
2850,Entry long,LONG,8/29/2024 12:00,"59,197.96",30.3055,-5029.5,-0.28%,59672.44,3.33%,-14694.23,-0.82%,788994.8,-0.28%
2851,Exit short,LONG,8/30/2024 18:00,"59,581.13",30.3055,-16641.66,-0.93%,10516.01,0.59%,-19468.86,-1.09%,772353.1,-0.93%
2851,Entry short,SHORT,8/30/2024 11:00,"59,032.00",30.3055,-16641.66,-0.93%,10516.01,0.59%,-19468.86,-1.09%,772353.1,-0.93%
2852,Exit long,SHORT,8/30/2024 23:00,"58,095.00",29.74688,-44207.73,-2.49%,10796.33,0.61%,-48639.72,-2.74%,728145.4,-2.49%
2852,Entry long,LONG,8/30/2024 18:00,"59,581.13",29.74688,-44207.73,-2.49%,10796.33,0.61%,-48639.72,-2.74%,728145.4,-2.49%
2853,Exit short,LONG,8/31/2024 2:00,"59,371.00",29.74688,-37957.02,-2.20%,11717.3,0.68%,-37957.02,-2.20%,690188.4,-2.20%
2853,Entry short,SHORT,8/30/2024 23:00,"58,095.00",29.74688,-37957.02,-2.20%,11717.3,0.68%,-37957.02,-2.20%,690188.4,-2.20%
2854,Exit long,SHORT,8/31/2024 17:00,"58,905.01",28.46825,-13265.92,-0.78%,2601.43,0.15%,-19102.19,-1.13%,676922.44,-0.78%
2854,Entry long,LONG,8/31/2024 2:00,"59,371.00",28.46825,-13265.92,-0.78%,2601.43,0.15%,-19102.19,-1.13%,676922.44,-0.78%
2855,Exit short,LONG,8/31/2024 20:00,"59,192.26",28.46824,-8177.5,-0.49%,939.74,0.06%,-9651.59,-0.58%,668744.94,-0.49%
2855,Entry short,SHORT,8/31/2024 17:00,"58,905.01",28.46824,-8177.5,-0.49%,939.74,0.06%,-9651.59,-0.58%,668744.94,-0.49%
2856,Exit long,SHORT,8/31/2024 21:00,"58,955.00",28.19194,-6688.82,-0.40%,1459.78,0.09%,-7394.75,-0.44%,662056.1,-0.40%
2856,Entry long,LONG,8/31/2024 20:00,"59,192.26",28.19194,-6688.82,-0.40%,1459.78,0.09%,-7394.75,-0.44%,662056.1,-0.40%
2857,Exit short,LONG,8/31/2024 22:00,"59,126.01",28.19194,-4821.1,-0.29%,1771.86,0.11%,-6064.37,-0.36%,657235.06,-0.29%
2857,Entry short,SHORT,8/31/2024 21:00,"58,955.00",28.19194,-4821.1,-0.29%,1771.86,0.11%,-6064.37,-0.36%,657235.06,-0.29%
2858,Exit long,SHORT,9/1/2024 0:00,"58,971.55",28.02887,-4329.34,-0.26%,812.56,0.05%,-7624.13,-0.46%,652905.7,-0.26%
2858,Entry long,LONG,8/31/2024 22:00,"59,126.01",28.02887,-4329.34,-0.26%,812.56,0.05%,-7624.13,-0.46%,652905.7,-0.26%
2859,Exit short,LONG,9/1/2024 1:00,"59,013.17",28.02886,-1166.56,-0.07%,6377.97,0.39%,-1773.95,-0.11%,651739.1,-0.07%
2859,Entry short,SHORT,9/1/2024 0:00,"58,971.55",28.02886,-1166.56,-0.07%,6377.97,0.39%,-1773.95,-0.11%,651739.1,-0.07%
2860,Exit long,SHORT,9/1/2024 2:00,"58,920.53",27.98934,-2592.93,-0.16%,3550.17,0.21%,-4057.05,-0.25%,649146.2,-0.16%
2860,Entry long,LONG,9/1/2024 1:00,"59,013.17",27.98934,-2592.93,-0.16%,3550.17,0.21%,-4057.05,-0.25%,649146.2,-0.16%
2861,Exit short,LONG,9/1/2024 6:00,"59,023.99",27.98933,-2895.78,-0.18%,4401.04,0.27%,-6190.96,-0.38%,646250.44,-0.18%
2861,Entry short,SHORT,9/1/2024 2:00,"58,920.53",27.98933,-2895.78,-0.18%,4401.04,0.27%,-6190.96,-0.38%,646250.44,-0.18%
2862,Exit long,SHORT,9/1/2024 8:00,"58,929.99",27.89119,-2621.77,-0.16%,1467.08,0.09%,-3458.23,-0.21%,643628.6,-0.16%
2862,Entry long,LONG,9/1/2024 6:00,"59,023.99",27.89119,-2621.77,-0.16%,1467.08,0.09%,-3458.23,-0.21%,643628.6,-0.16%
2863,Exit short,LONG,9/2/2024 2:00,"58,541.11",27.8912,10846.33,0.66%,48223.61,2.93%,-753.34,-0.05%,654475,0.66%
2863,Entry short,SHORT,9/1/2024 8:00,"58,929.99",27.8912,10846.33,0.66%,48223.61,2.93%,-753.34,-0.05%,654475,0.66%
2864,Exit long,SHORT,9/2/2024 7:00,"57,301.77",28.26177,-35025.94,-2.12%,6610.15,0.40%,-37760.83,-2.28%,619449.06,-2.12%
2864,Entry long,LONG,9/2/2024 2:00,"58,541.11",28.26177,-35025.94,-2.12%,6610.15,0.40%,-37760.83,-2.28%,619449.06,-2.12%
2865,Exit short,LONG,9/2/2024 16:00,"58,056.01",28.26176,-21316.15,-1.32%,4911.05,0.30%,-28211.74,-1.74%,598132.9,-1.32%
2865,Entry short,SHORT,9/2/2024 7:00,"57,301.77",28.26176,-21316.15,-1.32%,4911.05,0.30%,-28211.74,-1.74%,598132.9,-1.32%
2866,Exit long,SHORT,9/3/2024 16:00,"58,789.01",27.52743,20177.61,1.26%,48273.2,3.02%,-4261.52,-0.27%,618310.5,1.26%
2866,Entry long,LONG,9/2/2024 16:00,"58,056.01",27.52743,20177.61,1.26%,48273.2,3.02%,-4261.52,-0.27%,618310.5,1.26%
2867,Exit short,LONG,9/3/2024 20:00,"59,135.01",27.52743,-9524.49,-0.59%,165.44,0.01%,-15442.61,-0.95%,608786,-0.59%
2867,Entry short,SHORT,9/3/2024 16:00,"58,789.01",27.52743,-9524.49,-0.59%,165.44,0.01%,-15442.61,-0.95%,608786,-0.59%
2868,Exit long,SHORT,9/3/2024 21:00,"58,398.99",27.2053,-20023.64,-1.24%,5036.52,0.31%,-25484.02,-1.58%,588762.4,-1.24%
2868,Entry long,LONG,9/3/2024 20:00,"59,135.01",27.2053,-20023.64,-1.24%,5036.52,0.31%,-25484.02,-1.58%,588762.4,-1.24%
2869,Exit short,LONG,9/5/2024 1:00,"57,878.01",27.2053,14173.42,0.89%,75984.13,4.78%,-3264.91,-0.21%,602935.75,0.89%
2869,Entry short,SHORT,9/3/2024 21:00,"58,398.99",27.2053,14173.42,0.89%,75984.13,4.78%,-3264.91,-0.21%,602935.75,0.89%
2870,Exit long,SHORT,9/5/2024 11:00,"57,135.42",27.69508,-20566.09,-1.28%,14179.6,0.88%,-27333.38,-1.71%,582369.7,-1.28%
2870,Entry long,LONG,9/5/2024 1:00,"57,878.01",27.69508,-20566.09,-1.28%,14179.6,0.88%,-27333.38,-1.71%,582369.7,-1.28%
2871,Exit short,LONG,9/6/2024 10:00,"56,738.00",27.69507,11006.58,0.70%,41314.68,2.61%,-5942.81,-0.38%,593376.25,0.70%
2871,Entry short,SHORT,9/5/2024 11:00,"57,135.42",27.69507,11006.58,0.70%,41314.68,2.61%,-5942.81,-0.38%,593376.25,0.70%
2872,Exit long,SHORT,9/6/2024 15:00,"55,804.28",28.08305,-26221.7,-1.65%,2889.18,0.18%,-40945.09,-2.57%,567154.56,-1.65%
2872,Entry long,LONG,9/6/2024 10:00,"56,738.00",28.08305,-26221.7,-1.65%,2889.18,0.18%,-40945.09,-2.57%,567154.56,-1.65%
2873,Exit short,LONG,9/6/2024 20:00,"56,873.99",28.08305,-30040.72,-1.92%,4641.57,0.30%,-32023.38,-2.04%,537113.8,-1.92%
2873,Entry short,SHORT,9/6/2024 15:00,"55,804.28",28.08305,-30040.72,-1.92%,4641.57,0.30%,-32023.38,-2.04%,537113.8,-1.92%
2874,Exit long,SHORT,9/6/2024 22:00,"54,734.00",27.02665,-57836.76,-3.76%,3621.84,0.24%,-66208.54,-4.31%,479277.06,-3.76%
2874,Entry long,LONG,9/6/2024 20:00,"56,873.99",27.02665,-57836.76,-3.76%,3621.84,0.24%,-66208.54,-4.31%,479277.06,-3.76%
2875,Exit short,LONG,9/7/2024 19:00,"54,326.01",27.02665,11026.6,0.75%,59026.2,3.99%,-7189.09,-0.49%,490303.7,0.75%
2875,Entry short,SHORT,9/6/2024 22:00,"54,734.00",27.02665,11026.6,0.75%,59026.2,3.99%,-7189.09,-0.49%,490303.7,0.75%
2876,Exit long,SHORT,9/8/2024 5:00,"53,927.00",27.4326,-10945.88,-0.73%,14374.41,0.96%,-12591.84,-0.84%,479357.8,-0.73%
2876,Entry long,LONG,9/7/2024 19:00,"54,326.01",27.4326,-10945.88,-0.73%,14374.41,0.96%,-12591.84,-0.84%,479357.8,-0.73%
2877,Exit short,LONG,9/8/2024 11:00,"54,402.98",27.43259,-13057.36,-0.88%,3099.61,0.21%,-15965.77,-1.08%,466300.44,-0.88%
2877,Entry short,SHORT,9/8/2024 5:00,"53,927.00",27.43259,-13057.36,-0.88%,3099.61,0.21%,-15965.77,-1.08%,466300.44,-0.88%
2878,Exit long,SHORT,9/8/2024 23:00,"53,686.99",26.95256,-19297.76,-1.32%,8621.32,0.59%,-20564.26,-1.40%,447002.66,-1.32%
2878,Entry long,LONG,9/8/2024 11:00,"54,402.98",26.95256,-19297.76,-1.32%,8621.32,0.59%,-20564.26,-1.40%,447002.66,-1.32%
2879,Exit short,LONG,9/9/2024 5:00,"54,463.99",26.95257,-20942.15,-1.45%,1562.71,0.11%,-25142.7,-1.74%,426060.53,-1.45%
2879,Entry short,SHORT,9/8/2024 23:00,"53,686.99",26.95257,-20942.15,-1.45%,1562.71,0.11%,-25142.7,-1.74%,426060.53,-1.45%
2880,Exit long,SHORT,9/11/2024 0:00,"56,819.59",26.18353,61677.92,4.33%,94889.38,6.65%,-2526.45,-0.18%,487738.44,4.33%
2880,Entry long,LONG,9/9/2024 5:00,"54,463.99",26.18353,61677.92,4.33%,94889.38,6.65%,-2526.45,-0.18%,487738.44,4.33%
2881,Exit short,LONG,9/11/2024 2:00,"57,581.99",26.18354,-19962.33,-1.34%,642.54,0.04%,-30342.01,-2.04%,467776.12,-1.34%
2881,Entry short,SHORT,9/11/2024 0:00,"56,819.59",26.18354,-19962.33,-1.34%,642.54,0.04%,-30342.01,-2.04%,467776.12,-1.34%
2882,Exit long,SHORT,9/11/2024 11:00,"56,819.56",25.49019,-19434.49,-1.32%,11785.9,0.80%,-22958.25,-1.56%,448341.62,-1.32%
2882,Entry long,LONG,9/11/2024 2:00,"57,581.99",25.49019,-19434.49,-1.32%,11785.9,0.80%,-22958.25,-1.56%,448341.62,-1.32%
2883,Exit short,LONG,9/12/2024 0:00,"57,311.99",25.49019,-12552.13,-0.87%,32483.93,2.24%,-17713.39,-1.22%,435789.5,-0.87%
2883,Entry short,SHORT,9/11/2024 11:00,"56,819.56",25.49019,-12552.13,-0.87%,32483.93,2.24%,-17713.39,-1.22%,435789.5,-0.87%
2884,Exit long,SHORT,9/12/2024 20:00,"57,691.55",25.05215,9508.79,0.66%,29010.89,2.02%,-2527.51,-0.18%,445298.28,0.66%
2884,Entry long,LONG,9/12/2024 0:00,"57,311.99",25.05215,9508.79,0.66%,29010.89,2.02%,-2527.51,-0.18%,445298.28,0.66%
2885,Exit short,LONG,9/13/2024 21:00,"58,056.00",25.05216,-9130.26,-0.63%,8676.06,0.60%,-22458.01,-1.55%,436168.03,-0.63%
2885,Entry short,SHORT,9/12/2024 20:00,"57,691.55",25.05216,-9130.26,-0.63%,8676.06,0.60%,-22458.01,-1.55%,436168.03,-0.63%
2886,Exit long,SHORT,9/14/2024 21:00,"59,769.11",24.73762,42378.27,2.95%,63550.95,4.43%,-5507.09,-0.38%,478546.28,2.95%
2886,Entry long,LONG,9/13/2024 21:00,"58,056.00",24.73762,42378.27,2.95%,63550.95,4.43%,-5507.09,-0.38%,478546.28,2.95%
2887,Exit short,LONG,9/14/2024 22:00,"59,914.00",24.73763,-3584.23,-0.24%,1561.19,0.11%,-5959.05,-0.40%,474962.06,-0.24%
2887,Entry short,SHORT,9/14/2024 21:00,"59,769.11",24.73763,-3584.23,-0.24%,1561.19,0.11%,-5959.05,-0.40%,474962.06,-0.24%
2888,Exit long,SHORT,9/15/2024 19:00,"60,000.51",24.61798,2129.7,0.14%,9011.66,0.61%,-12653.64,-0.86%,477091.75,0.14%
2888,Entry long,LONG,9/14/2024 22:00,"59,914.00",24.61798,2129.7,0.14%,9011.66,0.61%,-12653.64,-0.86%,477091.75,0.14%
2889,Exit short,LONG,9/15/2024 20:00,"60,104.39",24.61798,-2557.32,-0.17%,1243.7,0.08%,-2892.37,-0.20%,474534.44,-0.17%
2889,Entry short,SHORT,9/15/2024 19:00,"60,000.51",24.61798,-2557.32,-0.17%,1243.7,0.08%,-2892.37,-0.20%,474534.44,-0.17%
2890,Exit long,SHORT,9/16/2024 5:00,"59,651.70",24.53289,-11105.79,-0.75%,7149.13,0.48%,-15341.15,-1.04%,463428.66,-0.75%
2890,Entry long,LONG,9/15/2024 20:00,"60,104.39",24.53289,-11105.79,-0.75%,7149.13,0.48%,-15341.15,-1.04%,463428.66,-0.75%
2891,Exit short,LONG,9/17/2024 12:00,"58,246.00",24.53289,34485.88,2.36%,52951.79,3.62%,-452.63,-0.03%,497914.53,2.36%
2891,Entry short,SHORT,9/16/2024 5:00,"59,651.70",24.53289,34485.88,2.36%,52951.79,3.62%,-452.63,-0.03%,497914.53,2.36%
2892,Exit long,SHORT,9/18/2024 19:00,"59,846.00",25.71702,41147.23,2.75%,79054.12,5.28%,-337.66,-0.02%,539061.75,2.75%
2892,Entry long,LONG,9/17/2024 12:00,"58,246.00",25.71702,41147.23,2.75%,79054.12,5.28%,-337.66,-0.02%,539061.75,2.75%
2893,Exit short,LONG,9/18/2024 20:00,"59,978.24",25.71703,-3400.82,-0.22%,4022.92,0.26%,-3960.42,-0.26%,535660.94,-0.22%
2893,Entry short,SHORT,9/18/2024 19:00,"59,846.00",25.71703,-3400.82,-0.22%,4022.92,0.26%,-3960.42,-0.26%,535660.94,-0.22%
2894,Exit long,SHORT,9/18/2024 21:00,"59,508.50",25.60363,-12027.05,-0.78%,4653.72,0.30%,-17144.96,-1.12%,523633.9,-0.78%
2894,Entry long,LONG,9/18/2024 20:00,"59,978.24",25.60363,-12027.05,-0.78%,4653.72,0.30%,-17144.96,-1.12%,523633.9,-0.78%
2895,Exit short,LONG,9/19/2024 2:00,"60,629.79",25.60363,-28709.09,-1.88%,8543.93,0.56%,-46345.13,-3.04%,494924.8,-1.88%
2895,Entry short,SHORT,9/18/2024 21:00,"59,508.50",25.60363,-28709.09,-1.88%,8543.93,0.56%,-46345.13,-3.04%,494924.8,-1.88%
2896,Exit long,SHORT,9/20/2024 21:00,"62,836.46",24.6566,54408.98,3.64%,86385.14,5.78%,-28505.74,-1.91%,549333.8,3.64%
2896,Entry long,LONG,9/19/2024 2:00,"60,629.79",24.6566,54408.98,3.64%,86385.14,5.78%,-28505.74,-1.91%,549333.8,3.64%
2897,Exit short,LONG,9/21/2024 8:00,"63,174.01",24.6566,-8322.83,-0.54%,11994.45,0.77%,-16508.58,-1.07%,541010.94,-0.54%
2897,Entry short,SHORT,9/20/2024 21:00,"62,836.46",24.6566,-8322.83,-0.54%,11994.45,0.77%,-16508.58,-1.07%,541010.94,-0.54%
2898,Exit long,SHORT,9/21/2024 9:00,"62,836.98",24.39312,-8221.21,-0.53%,633.98,0.04%,-8328.05,-0.54%,532789.75,-0.53%
2898,Entry long,LONG,9/21/2024 8:00,"63,174.01",24.39312,-8221.21,-0.53%,633.98,0.04%,-8328.05,-0.54%,532789.75,-0.53%
2899,Exit short,LONG,9/21/2024 18:00,"62,979.06",24.39311,-3465.77,-0.23%,1926.57,0.13%,-7294.03,-0.48%,529323.94,-0.23%
2899,Entry short,SHORT,9/21/2024 9:00,"62,836.98",24.39311,-3465.77,-0.23%,1926.57,0.13%,-7294.03,-0.48%,529323.94,-0.23%
2900,Exit long,SHORT,9/22/2024 11:00,"63,106.00",24.28306,3082.49,0.20%,14104.57,0.92%,-3619.39,-0.24%,532406.44,0.20%
2900,Entry long,LONG,9/21/2024 18:00,"62,979.06",24.28306,3082.49,0.20%,14104.57,0.92%,-3619.39,-0.24%,532406.44,0.20%
2901,Exit short,LONG,9/23/2024 2:00,"62,956.00",24.28305,3642.46,0.24%,16435.74,1.07%,-2282.61,-0.15%,536048.94,0.24%
2901,Entry short,SHORT,9/22/2024 11:00,"63,106.00",24.28305,3642.46,0.24%,16435.74,1.07%,-2282.61,-0.15%,536048.94,0.24%
2902,Exit long,SHORT,9/23/2024 19:00,"63,435.03",24.39877,11687.74,0.76%,43670.87,2.84%,-14592.17,-0.95%,547736.6,0.76%
2902,Entry long,LONG,9/23/2024 2:00,"62,956.00",24.39877,11687.74,0.76%,43670.87,2.84%,-14592.17,-0.95%,547736.6,0.76%
2903,Exit short,LONG,9/24/2024 14:00,"63,305.43",24.39876,3162.08,0.20%,17933.82,1.16%,-9538.21,-0.62%,550898.75,0.20%
2903,Entry short,SHORT,9/23/2024 19:00,"63,435.03",24.39876,3162.08,0.20%,17933.82,1.16%,-9538.21,-0.62%,550898.75,0.20%
2904,Exit long,SHORT,9/24/2024 23:00,"63,159.99",24.49866,-3563.09,-0.23%,15742.1,1.02%,-14070.31,-0.91%,547335.6,-0.23%
2904,Entry long,LONG,9/24/2024 14:00,"63,305.43",24.49866,-3563.09,-0.23%,15742.1,1.02%,-14070.31,-0.91%,547335.6,-0.23%
2905,Exit short,LONG,9/25/2024 1:00,"63,775.54",24.49866,-15080.15,-0.97%,1763.17,0.11%,-20579.12,-1.33%,532255.5,-0.97%
2905,Entry short,SHORT,9/24/2024 23:00,"63,159.99",24.49866,-15080.15,-0.97%,1763.17,0.11%,-20579.12,-1.33%,532255.5,-0.97%
2906,Exit long,SHORT,9/25/2024 14:00,"63,806.01",24.02551,732.06,0.05%,25045.39,1.63%,-5647.44,-0.37%,532987.56,0.05%
2906,Entry long,LONG,9/25/2024 1:00,"63,775.54",24.02551,732.06,0.05%,25045.39,1.63%,-5647.44,-0.37%,532987.56,0.05%
2907,Exit short,LONG,9/26/2024 13:00,"63,593.99",24.02575,5093.94,0.33%,27293.49,1.78%,-4636.73,-0.30%,538081.5,0.33%
2907,Entry short,SHORT,9/25/2024 14:00,"63,806.01",24.02575,5093.94,0.33%,27293.49,1.78%,-4636.73,-0.30%,538081.5,0.33%
2908,Exit long,SHORT,9/28/2024 16:00,"65,635.90",24.18594,49385.51,3.21%,70236.21,4.57%,-90.94,-0.01%,587467,3.21%
2908,Entry long,LONG,9/26/2024 13:00,"63,593.99",24.18594,49385.51,3.21%,70236.21,4.57%,-90.94,-0.01%,587467,3.21%
2909,Exit short,LONG,9/29/2024 7:00,"65,858.00",24.18595,-5371.7,-0.34%,5167.81,0.33%,-8374.63,-0.53%,582095.3,-0.34%
2909,Entry short,SHORT,9/28/2024 16:00,"65,635.90",24.18595,-5371.7,-0.34%,5167.81,0.33%,-8374.63,-0.53%,582095.3,-0.34%
2910,Exit long,SHORT,9/29/2024 13:00,"65,594.00",24.02282,-6342.02,-0.40%,3026.88,0.19%,-8167.76,-0.52%,575753.3,-0.40%
2910,Entry long,LONG,9/29/2024 7:00,"65,858.00",24.02282,-6342.02,-0.40%,3026.88,0.19%,-8167.76,-0.52%,575753.3,-0.40%
2911,Exit short,LONG,9/29/2024 22:00,"65,694.07",24.02282,-2403.96,-0.15%,3891.7,0.25%,-6149.84,-0.39%,573349.3,-0.15%
2911,Entry short,SHORT,9/29/2024 13:00,"65,594.00",24.02282,-2403.96,-0.15%,3891.7,0.25%,-6149.84,-0.39%,573349.3,-0.15%
2912,Exit long,SHORT,9/30/2024 7:00,"65,602.01",23.94963,-2204.8,-0.14%,9149.96,0.58%,-3977.31,-0.25%,571144.5,-0.14%
2912,Entry long,LONG,9/29/2024 22:00,"65,694.07",23.94963,-2204.8,-0.14%,9149.96,0.58%,-3977.31,-0.25%,571144.5,-0.14%
2913,Exit short,LONG,10/1/2024 11:00,"63,723.47",23.94963,44990.34,2.86%,65758.74,4.19%,-402.11,-0.03%,616134.9,2.86%
2913,Entry short,SHORT,9/30/2024 7:00,"65,602.01",23.94963,44990.34,2.86%,65758.74,4.19%,-402.11,-0.03%,616134.9,2.86%
2914,Exit long,SHORT,10/1/2024 21:00,"62,866.80",25.36168,-21726.59,-1.34%,10326.26,0.64%,-30471.3,-1.89%,594408.25,-1.34%
2914,Entry long,LONG,10/1/2024 11:00,"63,723.47",25.36168,-21726.59,-1.34%,10326.26,0.64%,-30471.3,-1.89%,594408.25,-1.34%
2915,Exit short,LONG,10/3/2024 10:00,"61,185.18",25.36168,42648.71,2.67%,72706.87,4.56%,-5508.56,-0.35%,637057,2.67%
2915,Entry short,SHORT,10/1/2024 21:00,"62,866.80",25.36168,42648.71,2.67%,72706.87,4.56%,-5508.56,-0.35%,637057,2.67%
2916,Exit long,SHORT,10/3/2024 16:00,"60,354.00",26.75578,-22238.87,-1.36%,7812.96,0.48%,-28018.12,-1.71%,614818.1,-1.36%
2916,Entry long,LONG,10/3/2024 10:00,"61,185.18",26.75578,-22238.87,-1.36%,7812.96,0.48%,-28018.12,-1.71%,614818.1,-1.36%
2917,Exit short,LONG,10/4/2024 4:00,"60,774.00",26.75577,-11237.42,-0.70%,14070.59,0.87%,-19959.8,-1.24%,603580.7,-0.70%
2917,Entry short,SHORT,10/3/2024 16:00,"60,354.00",26.75577,-11237.42,-0.70%,14070.59,0.87%,-19959.8,-1.24%,603580.7,-0.70%
2918,Exit long,SHORT,10/6/2024 1:00,"62,016.01",26.38597,32771.64,2.04%,45142.44,2.82%,-8287.83,-0.52%,636352.3,2.04%
2918,Entry long,LONG,10/4/2024 4:00,"60,774.00",26.38597,32771.64,2.04%,45142.44,2.82%,-8287.83,-0.52%,636352.3,2.04%
2919,Exit short,LONG,10/6/2024 20:00,"62,221.99",26.38596,-5434.98,-0.33%,8338.23,0.51%,-5646.33,-0.35%,630917.3,-0.33%
2919,Entry short,SHORT,10/6/2024 1:00,"62,016.01",26.38596,-5434.98,-0.33%,8338.23,0.51%,-5646.33,-0.35%,630917.3,-0.33%
2920,Exit long,SHORT,10/7/2024 18:00,"62,891.49",26.21126,17548.44,1.08%,45822.52,2.81%,-681.23,-0.04%,648465.75,1.08%
2920,Entry long,LONG,10/6/2024 20:00,"62,221.99",26.21126,17548.44,1.08%,45822.52,2.81%,-681.23,-0.04%,648465.75,1.08%
2921,Exit short,LONG,10/8/2024 1:00,"63,820.00",26.21126,-24337.42,-1.48%,6331.07,0.38%,-41589.41,-2.52%,624128.4,-1.48%
2921,Entry short,SHORT,10/7/2024 18:00,"62,891.49",26.21126,-24337.42,-1.48%,6331.07,0.38%,-41589.41,-2.52%,624128.4,-1.48%
2922,Exit long,SHORT,10/8/2024 2:00,"62,848.00",25.44858,-24736.02,-1.52%,63.37,0.00%,-27588.8,-1.70%,599392.3,-1.52%
2922,Entry long,LONG,10/8/2024 1:00,"63,820.00",25.44858,-24736.02,-1.52%,63.37,0.00%,-27588.8,-1.70%,599392.3,-1.52%
2923,Exit short,LONG,10/8/2024 17:00,"62,537.37",25.44857,7905.09,0.49%,21453.15,1.34%,-15796.44,-0.99%,607297.44,0.49%
2923,Entry short,SHORT,10/8/2024 2:00,"62,848.00",25.44857,7905.09,0.49%,21453.15,1.34%,-15796.44,-0.99%,607297.44,0.49%
2924,Exit long,SHORT,10/9/2024 20:00,"61,980.00",25.70138,-14325.18,-0.89%,17030.51,1.06%,-19825.27,-1.23%,592972.25,-0.89%
2924,Entry long,LONG,10/8/2024 17:00,"62,537.37",25.70138,-14325.18,-0.89%,17030.51,1.06%,-19825.27,-1.23%,592972.25,-0.89%
2925,Exit short,LONG,10/11/2024 9:00,"60,578.55",25.70139,36019.21,2.26%,77978.02,4.90%,-11105.31,-0.70%,628991.44,2.26%
2925,Entry short,SHORT,10/9/2024 20:00,"61,980.00",25.70139,36019.21,2.26%,77978.02,4.90%,-11105.31,-0.70%,628991.44,2.26%
2926,Exit long,SHORT,10/13/2024 3:00,"63,000.01",26.89056,65114.41,4.00%,78021.62,4.79%,-5815.08,-0.36%,694105.9,4.00%
2926,Entry long,LONG,10/11/2024 9:00,"60,578.55",26.89056,65114.41,4.00%,78021.62,4.79%,-5815.08,-0.36%,694105.9,4.00%
2927,Exit short,LONG,10/14/2024 12:00,"64,137.99",26.89056,-30600.92,-1.81%,25546.3,1.51%,-40335.57,-2.38%,663504.94,-1.81%
2927,Entry short,SHORT,10/13/2024 3:00,"63,000.01",26.89056,-30600.92,-1.81%,25546.3,1.51%,-40335.57,-2.38%,663504.94,-1.81%
2928,Exit long,SHORT,10/14/2024 13:00,"63,941.54",25.93634,-5095.19,-0.31%,570.86,0.03%,-9320.74,-0.56%,658409.75,-0.31%
2928,Entry long,LONG,10/14/2024 12:00,"64,137.99",25.93634,-5095.19,-0.31%,570.86,0.03%,-9320.74,-0.56%,658409.75,-0.31%
2929,Exit short,LONG,10/14/2024 14:00,"64,096.00",25.93634,-4006.13,-0.24%,3622.01,0.22%,-7426.09,-0.45%,654403.6,-0.24%
2929,Entry short,SHORT,10/14/2024 13:00,"63,941.54",25.93634,-4006.13,-0.24%,3622.01,0.22%,-7426.09,-0.45%,654403.6,-0.24%
2930,Exit long,SHORT,10/15/2024 12:00,"65,599.99",25.81134,38820,2.35%,62050.46,3.75%,-1729.62,-0.10%,693223.6,2.35%
2930,Entry long,LONG,10/14/2024 14:00,"64,096.00",25.81134,38820,2.35%,62050.46,3.75%,-1729.62,-0.10%,693223.6,2.35%
2931,Exit short,LONG,10/15/2024 23:00,"66,022.01",25.81133,-10892.9,-0.64%,20648.55,1.22%,-60656.88,-3.58%,682330.75,-0.64%
2931,Entry short,SHORT,10/15/2024 12:00,"65,599.99",25.81133,-10892.9,-0.64%,20648.55,1.22%,-60656.88,-3.58%,682330.75,-0.64%
2932,Exit long,SHORT,10/17/2024 7:00,"67,620.00",25.48136,40718.96,2.42%,61205.97,3.64%,-1005.49,-0.06%,723049.7,2.42%
2932,Entry long,LONG,10/15/2024 23:00,"66,022.01",25.48136,40718.96,2.42%,61205.97,3.64%,-1005.49,-0.06%,723049.7,2.42%
2933,Exit short,LONG,10/18/2024 0:00,"67,384.42",25.48136,6002.9,0.35%,24309.22,1.41%,-8138.75,-0.47%,729052.6,0.35%
2933,Entry short,SHORT,10/17/2024 7:00,"67,620.00",25.48136,6002.9,0.35%,24309.22,1.41%,-8138.75,-0.47%,729052.6,0.35%
2934,Exit long,SHORT,10/18/2024 2:00,"66,938.01",25.65953,-11454.67,-0.66%,3632.88,0.21%,-17048.71,-0.99%,717597.94,-0.66%
2934,Entry long,LONG,10/18/2024 0:00,"67,384.42",25.65953,-11454.67,-0.66%,3632.88,0.21%,-17048.71,-0.99%,717597.94,-0.66%
2935,Exit short,LONG,10/18/2024 9:00,"68,085.50",25.65953,-29444.05,-1.71%,4054.46,0.24%,-33945.25,-1.98%,688153.9,-1.71%
2935,Entry short,SHORT,10/18/2024 2:00,"66,938.01",25.65953,-29444.05,-1.71%,4054.46,0.24%,-33945.25,-1.98%,688153.9,-1.71%
2936,Exit long,SHORT,10/18/2024 19:00,"67,702.00",24.79461,-9508.73,-0.56%,7275.98,0.43%,-13971.76,-0.83%,678645.1,-0.56%
2936,Entry long,LONG,10/18/2024 9:00,"68,085.50",24.79461,-9508.73,-0.56%,7275.98,0.43%,-13971.76,-0.83%,678645.1,-0.56%
2937,Exit short,LONG,10/18/2024 23:00,"68,735.34",24.79461,-25621.26,-1.53%,1470.07,0.09%,-28976.96,-1.73%,653023.9,-1.53%
2937,Entry short,SHORT,10/18/2024 19:00,"67,702.00",24.79461,-25621.26,-1.53%,1470.07,0.09%,-28976.96,-1.73%,653023.9,-1.53%
2938,Exit long,SHORT,10/19/2024 13:00,"68,390.01",24.0491,-8304.88,-0.50%,6364.84,0.39%,-12775.84,-0.77%,644719,-0.50%
2938,Entry long,LONG,10/18/2024 23:00,"68,735.34",24.0491,-8304.88,-0.50%,6364.84,0.39%,-12775.84,-0.77%,644719,-0.50%
2939,Exit short,LONG,10/20/2024 7:00,"68,377.99",24.04911,289.07,0.02%,9138.9,0.56%,-2060.77,-0.13%,645008.06,0.02%
2939,Entry short,SHORT,10/19/2024 13:00,"68,390.01",24.04911,289.07,0.02%,9138.9,0.56%,-2060.77,-0.13%,645008.06,0.02%
2940,Exit long,SHORT,10/20/2024 9:00,"68,158.00",24.05755,-5292.42,-0.32%,1636.15,0.10%,-5364.59,-0.33%,639715.6,-0.32%
2940,Entry long,LONG,10/20/2024 7:00,"68,377.99",24.05755,-5292.42,-0.32%,1636.15,0.10%,-5364.59,-0.33%,639715.6,-0.32%
2941,Exit short,LONG,10/20/2024 15:00,"68,378.01",24.05756,-5292.9,-0.32%,1395.34,0.09%,-6627.86,-0.40%,634422.75,-0.32%
2941,Entry short,SHORT,10/20/2024 9:00,"68,158.00",24.05756,-5292.9,-0.32%,1395.34,0.09%,-6627.86,-0.40%,634422.75,-0.32%
2942,Exit long,SHORT,10/21/2024 16:00,"68,301.47",23.90276,-1829.52,-0.11%,27285.24,1.67%,-4297.48,-0.26%,632593.25,-0.11%
2942,Entry long,LONG,10/20/2024 15:00,"68,378.01",23.90276,-1829.52,-0.11%,27285.24,1.67%,-4297.48,-0.26%,632593.25,-0.11%
2943,Exit short,LONG,10/23/2024 3:00,"67,482.99",23.90275,19563.92,1.20%,41352.95,2.53%,-4335.96,-0.27%,652157.1,1.20%
2943,Entry short,SHORT,10/21/2024 16:00,"68,301.47",23.90275,19563.92,1.20%,41352.95,2.53%,-4335.96,-0.27%,652157.1,1.20%
2944,Exit long,SHORT,10/23/2024 13:00,"67,087.06",24.48257,-9693.38,-0.59%,8642.84,0.52%,-14517.92,-0.88%,642463.75,-0.59%
2944,Entry long,LONG,10/23/2024 3:00,"67,482.99",24.48257,-9693.38,-0.59%,8642.84,0.52%,-14517.92,-0.88%,642463.75,-0.59%
2945,Exit short,LONG,10/24/2024 8:00,"67,432.00",24.48257,-8445.02,-0.51%,44731.13,2.72%,-9524.94,-0.58%,634018.75,-0.51%
2945,Entry short,SHORT,10/23/2024 13:00,"67,087.06",24.48257,-8445.02,-0.51%,44731.13,2.72%,-9524.94,-0.58%,634018.75,-0.51%
2946,Exit long,SHORT,10/24/2024 17:00,"66,875.99",24.23208,-13473.28,-0.82%,4364.68,0.27%,-17737.88,-1.09%,620545.5,-0.82%
2946,Entry long,LONG,10/24/2024 8:00,"67,432.00",24.23208,-13473.28,-0.82%,4364.68,0.27%,-17737.88,-1.09%,620545.5,-0.82%
2947,Exit short,LONG,10/24/2024 20:00,"67,517.76",24.23209,-15551.43,-0.96%,580.36,0.04%,-17846.69,-1.10%,604994.06,-0.96%
2947,Entry short,SHORT,10/24/2024 17:00,"66,875.99",24.23209,-15551.43,-0.96%,580.36,0.04%,-17846.69,-1.10%,604994.06,-0.96%
2948,Exit long,SHORT,10/25/2024 14:00,"67,646.21",23.77144,3053.44,0.19%,31669.26,1.97%,-3987.66,-0.25%,608047.5,0.19%
2948,Entry long,LONG,10/24/2024 20:00,"67,517.76",23.77144,3053.44,0.19%,31669.26,1.97%,-3987.66,-0.25%,608047.5,0.19%
2949,Exit short,LONG,10/25/2024 19:00,"68,105.79",23.77143,-10924.87,-0.68%,9418.48,0.59%,-12778.81,-0.79%,597122.6,-0.68%
2949,Entry short,SHORT,10/25/2024 14:00,"67,646.21",23.77143,-10924.87,-0.68%,9418.48,0.59%,-12778.81,-0.79%,597122.6,-0.68%
2950,Exit long,SHORT,10/26/2024 3:00,"66,849.99",23.45061,-29449.27,-1.84%,15611.07,0.98%,-49227.28,-3.08%,567673.3,-1.84%
2950,Entry long,LONG,10/25/2024 19:00,"68,105.79",23.45061,-29449.27,-1.84%,15611.07,0.98%,-49227.28,-3.08%,567673.3,-1.84%
2951,Exit short,LONG,10/26/2024 11:00,"66,914.00",23.45061,-1501.07,-0.10%,29400.03,1.88%,-12722.66,-0.81%,566172.25,-0.10%
2951,Entry short,SHORT,10/26/2024 3:00,"66,849.99",23.45061,-1501.07,-0.10%,29400.03,1.88%,-12722.66,-0.81%,566172.25,-0.10%
2952,Exit long,SHORT,10/26/2024 21:00,"66,894.00",23.40574,-468.11,-0.03%,8199.97,0.52%,-3036.66,-0.19%,565704.1,-0.03%
2952,Entry long,LONG,10/26/2024 11:00,"66,914.00",23.40574,-468.11,-0.03%,8199.97,0.52%,-3036.66,-0.19%,565704.1,-0.03%
2953,Exit short,LONG,10/27/2024 4:00,"67,265.46",23.40574,-8694.3,-0.56%,3510.86,0.22%,-13120.09,-0.84%,557009.9,-0.56%
2953,Entry short,SHORT,10/26/2024 21:00,"66,894.00",23.40574,-8694.3,-0.56%,3510.86,0.22%,-13120.09,-0.84%,557009.9,-0.56%
2954,Exit long,SHORT,10/27/2024 8:00,"67,014.85",23.14724,-5800.93,-0.37%,151.38,0.01%,-6746.49,-0.43%,551208.94,-0.37%
2954,Entry long,LONG,10/27/2024 4:00,"67,265.46",23.14724,-5800.93,-0.37%,151.38,0.01%,-6746.49,-0.43%,551208.94,-0.37%
2955,Exit short,LONG,10/27/2024 14:00,"67,186.00",23.14724,-3961.65,-0.26%,2340.65,0.15%,-7189.76,-0.46%,547247.25,-0.26%
2955,Entry short,SHORT,10/27/2024 8:00,"67,014.85",23.14724,-3961.65,-0.26%,2340.65,0.15%,-7189.76,-0.46%,547247.25,-0.26%
2956,Exit long,SHORT,10/27/2024 18:00,"67,088.00",23.02931,-2256.87,-0.15%,1853.63,0.12%,-2610.6,-0.17%,544990.4,-0.15%
2956,Entry long,LONG,10/27/2024 14:00,"67,186.00",23.02931,-2256.87,-0.15%,1853.63,0.12%,-2610.6,-0.17%,544990.4,-0.15%
2957,Exit short,LONG,10/27/2024 21:00,"67,616.00",23.02931,-12159.48,-0.79%,1177.95,0.08%,-15866.96,-1.03%,532830.94,-0.79%
2957,Entry short,SHORT,10/27/2024 18:00,"67,088.00",23.02931,-12159.48,-0.79%,1177.95,0.08%,-15866.96,-1.03%,532830.94,-0.79%
2958,Exit long,SHORT,10/28/2024 11:00,"67,727.59",22.66964,2529.71,0.17%,16232.6,1.06%,-1702.94,-0.11%,535360.6,0.17%
2958,Entry long,LONG,10/27/2024 21:00,"67,616.00",22.66964,2529.71,0.17%,16232.6,1.06%,-1702.94,-0.11%,535360.6,0.17%
2959,Exit short,LONG,10/28/2024 15:00,"68,415.52",22.66964,-15595.12,-1.02%,2484.37,0.16%,-21590.79,-1.41%,519765.5,-1.02%
2959,Entry short,SHORT,10/28/2024 11:00,"67,727.59",22.66964,-15595.12,-1.02%,2484.37,0.16%,-21590.79,-1.41%,519765.5,-1.02%
2960,Exit long,SHORT,10/30/2024 19:00,"71,984.00",22.21375,79269.32,5.22%,115613.68,7.61%,-3925.39,-0.26%,599034.8,5.22%
2960,Entry long,LONG,10/28/2024 15:00,"68,415.52",22.21375,79269.32,5.22%,115613.68,7.61%,-3925.39,-0.26%,599034.8,5.22%
2961,Exit short,LONG,10/31/2024 4:00,"72,857.14",22.21375,-19395.71,-1.21%,12173.14,0.76%,-19395.94,-1.21%,579639.1,-1.21%
2961,Entry short,SHORT,10/30/2024 19:00,"71,984.00",22.21375,-19395.71,-1.21%,12173.14,0.76%,-19395.94,-1.21%,579639.1,-1.21%
2962,Exit long,SHORT,10/31/2024 8:00,"72,165.99",21.68132,-14985.04,-0.95%,2251.82,0.14%,-17435.25,-1.10%,564654.06,-0.95%
2962,Entry long,LONG,10/31/2024 4:00,"72,857.14",21.68132,-14985.04,-0.95%,2251.82,0.14%,-17435.25,-1.10%,564654.06,-0.95%
2963,Exit short,LONG,10/31/2024 10:00,"72,553.01",21.68132,-8391.1,-0.54%,2946.71,0.19%,-9149.73,-0.58%,556262.94,-0.54%
2963,Entry short,SHORT,10/31/2024 8:00,"72,165.99",21.68132,-8391.1,-0.54%,2946.71,0.19%,-9149.73,-0.58%,556262.94,-0.54%
2964,Exit long,SHORT,10/31/2024 11:00,"72,353.75",21.45001,-4274.13,-0.27%,1007.72,0.06%,-5577,-0.36%,551988.8,-0.27%
2964,Entry long,LONG,10/31/2024 10:00,"72,553.01",21.45001,-4274.13,-0.27%,1007.72,0.06%,-5577,-0.36%,551988.8,-0.27%
2965,Exit short,LONG,11/1/2024 21:00,"71,200.43",21.45001,24738.73,1.59%,75584.48,4.87%,-7427.07,-0.48%,576727.56,1.59%
2965,Entry short,SHORT,10/31/2024 11:00,"72,353.75",21.45001,24738.73,1.59%,75584.48,4.87%,-7427.07,-0.48%,576727.56,1.59%
2966,Exit long,SHORT,11/2/2024 21:00,"69,366.00",22.14491,-40623.29,-2.58%,9578.12,0.61%,-52711.31,-3.34%,536104.25,-2.58%
2966,Entry long,LONG,11/1/2024 21:00,"71,200.43",22.14491,-40623.29,-2.58%,9578.12,0.61%,-52711.31,-3.34%,536104.25,-2.58%
2967,Exit short,LONG,11/3/2024 4:00,"69,539.99",22.14491,-3852.99,-0.25%,8101.94,0.53%,-5536.23,-0.36%,532251.25,-0.25%
2967,Entry short,SHORT,11/2/2024 21:00,"69,366.00",22.14491,-3852.99,-0.25%,8101.94,0.53%,-5536.23,-0.36%,532251.25,-0.25%
2968,Exit long,SHORT,11/3/2024 8:00,"69,159.77",22.03409,-8377.8,-0.55%,440.9,0.03%,-8615.11,-0.56%,523873.47,-0.55%
2968,Entry long,LONG,11/3/2024 4:00,"69,539.99",22.03409,-8377.8,-0.55%,440.9,0.03%,-8615.11,-0.56%,523873.47,-0.55%
2969,Exit short,LONG,11/4/2024 5:00,"69,145.35",22.0341,317.73,0.02%,37040.2,2.43%,-4367.82,-0.29%,524191.22,0.02%
2969,Entry short,SHORT,11/3/2024 8:00,"69,159.77",22.0341,317.73,0.02%,37040.2,2.43%,-4367.82,-0.29%,524191.22,0.02%
2970,Exit long,SHORT,11/4/2024 22:00,"68,394.01",22.04329,-16562.01,-1.09%,7817.65,0.51%,-20772.71,-1.36%,507629.2,-1.09%
2970,Entry long,LONG,11/4/2024 5:00,"69,145.35",22.04329,-16562.01,-1.09%,7817.65,0.51%,-20772.71,-1.36%,507629.2,-1.09%
2971,Exit short,LONG,11/5/2024 12:00,"68,323.00",22.04329,1565.29,0.10%,34365.71,2.28%,-9265.02,-0.61%,509194.5,0.10%
2971,Entry short,SHORT,11/4/2024 22:00,"68,394.01",22.04329,1565.29,0.10%,34365.71,2.28%,-9265.02,-0.61%,509194.5,0.10%
2972,Exit long,SHORT,11/7/2024 13:00,"74,755.49",22.0891,142087.92,9.41%,178413.66,11.82%,-508.05,-0.03%,651282.44,9.41%
2972,Entry long,LONG,11/5/2024 12:00,"68,323.00",22.0891,142087.92,9.41%,178413.66,11.82%,-508.05,-0.03%,651282.44,9.41%
2973,Exit short,LONG,11/7/2024 20:00,"74,991.88",22.08911,-5221.64,-0.32%,7499.03,0.45%,-8716.8,-0.53%,646060.75,-0.32%
2973,Entry short,SHORT,11/7/2024 13:00,"74,755.49",22.08911,-5221.64,-0.32%,7499.03,0.45%,-8716.8,-0.53%,646060.75,-0.32%
2974,Exit long,SHORT,11/7/2024 21:00,"74,672.54",21.94985,-7009.47,-0.43%,1012.33,0.06%,-8565.93,-0.52%,639051.3,-0.43%
2974,Entry long,LONG,11/7/2024 20:00,"74,991.88",21.94985,-7009.47,-0.43%,1012.33,0.06%,-8565.93,-0.52%,639051.3,-0.43%
2975,Exit short,LONG,11/7/2024 23:00,"76,059.68",21.94985,-30447.52,-1.86%,3519.66,0.21%,-30447.73,-1.86%,608603.8,-1.86%
2975,Entry short,SHORT,11/7/2024 21:00,"74,672.54",21.94985,-30447.52,-1.86%,3519.66,0.21%,-30447.73,-1.86%,608603.8,-1.86%
2976,Exit long,SHORT,11/9/2024 20:00,"76,280.26",21.14922,4665.09,0.29%,24116.67,1.50%,-11963.69,-0.74%,613268.9,0.29%
2976,Entry long,LONG,11/7/2024 23:00,"76,059.68",21.14922,4665.09,0.29%,24116.67,1.50%,-11963.69,-0.74%,613268.9,0.29%
2977,Exit short,LONG,11/10/2024 7:00,"76,677.46",21.14923,-8400.47,-0.52%,11962.01,0.74%,-13107.02,-0.81%,604868.44,-0.52%
2977,Entry short,SHORT,11/9/2024 20:00,"76,280.26",21.14923,-8400.47,-0.52%,11962.01,0.74%,-13107.02,-0.81%,604868.44,-0.52%
2978,Exit long,SHORT,11/13/2024 13:00,"86,545.99",20.93011,206549.42,12.87%,277586.4,17.30%,-3881.7,-0.24%,811417.8,12.87%
2978,Entry long,LONG,11/10/2024 7:00,"76,677.46",20.93011,206549.42,12.87%,277586.4,17.30%,-3881.7,-0.24%,811417.8,12.87%
2979,Exit short,LONG,11/13/2024 18:00,"87,535.55",20.93011,-20711.6,-1.14%,8748.79,0.48%,-23818.67,-1.31%,790706.25,-1.14%
2979,Entry short,SHORT,11/13/2024 13:00,"86,545.99",20.93011,-20711.6,-1.14%,8748.79,0.48%,-23818.67,-1.31%,790706.25,-1.14%
2980,Exit long,SHORT,11/14/2024 23:00,"87,947.99",20.4569,8437.24,0.47%,117219.88,6.55%,-1657.21,-0.09%,799143.5,0.47%
2980,Entry long,LONG,11/13/2024 18:00,"87,535.55",20.4569,8437.24,0.47%,117219.88,6.55%,-1657.21,-0.09%,799143.5,0.47%
2981,Exit short,LONG,11/15/2024 14:00,"88,182.68",20.4569,-4801.03,-0.27%,26180.33,1.46%,-37379.87,-2.08%,794342.44,-0.27%
2981,Entry short,SHORT,11/14/2024 23:00,"87,947.99",20.4569,-4801.03,-0.27%,26180.33,1.46%,-37379.87,-2.08%,794342.44,-0.27%
2982,Exit long,SHORT,11/15/2024 15:00,"87,612.01",20.34801,-11612,-0.65%,4259.04,0.24%,-12100.55,-0.67%,782730.44,-0.65%
2982,Entry long,LONG,11/15/2024 14:00,"88,182.68",20.34801,-11612,-0.65%,4259.04,0.24%,-12100.55,-0.67%,782730.44,-0.65%
2983,Exit short,LONG,11/15/2024 17:00,"89,195.99",20.34801,-32230.84,-1.81%,4965.12,0.28%,-35364.64,-1.98%,750499.6,-1.81%
2983,Entry short,SHORT,11/15/2024 15:00,"87,612.01",20.34801,-32230.84,-1.81%,4965.12,0.28%,-35364.64,-1.98%,750499.6,-1.81%
2984,Exit long,SHORT,11/16/2024 20:00,"90,894.75",19.62531,33338.69,1.90%,52085.77,2.98%,-28290.67,-1.62%,783838.3,1.90%
2984,Entry long,LONG,11/15/2024 17:00,"89,195.99",19.62531,33338.69,1.90%,52085.77,2.98%,-28290.67,-1.62%,783838.3,1.90%
2985,Exit short,LONG,11/17/2024 5:00,"90,993.49",19.62531,-1937.8,-0.11%,16457.39,0.92%,-9837.77,-0.55%,781900.5,-0.11%
2985,Entry short,SHORT,11/16/2024 20:00,"90,894.75",19.62531,-1937.8,-0.11%,16457.39,0.92%,-9837.77,-0.55%,781900.5,-0.11%
2986,Exit long,SHORT,11/17/2024 6:00,"90,328.39",19.58272,-13024.47,-0.73%,127.48,0.01%,-13580.42,-0.76%,768876,-0.73%
2986,Entry long,LONG,11/17/2024 5:00,"90,993.49",19.58272,-13024.47,-0.73%,127.48,0.01%,-13580.42,-0.76%,768876,-0.73%
2987,Exit short,LONG,11/17/2024 14:00,"90,645.44",19.58272,-6208.7,-0.35%,18885.38,1.07%,-10958.69,-0.62%,762667.3,-0.35%
2987,Entry short,SHORT,11/17/2024 6:00,"90,328.39",19.58272,-6208.7,-0.35%,18885.38,1.07%,-10958.69,-0.62%,762667.3,-0.35%
2988,Exit long,SHORT,11/18/2024 0:00,"90,446.91",19.44573,-3860.56,-0.22%,15645.06,0.89%,-13991.79,-0.79%,758806.75,-0.22%
2988,Entry long,LONG,11/17/2024 14:00,"90,645.44",19.44573,-3860.56,-0.22%,15645.06,0.89%,-13991.79,-0.79%,758806.75,-0.22%
2989,Exit short,LONG,11/18/2024 1:00,"90,578.66",19.44573,-2561.97,-0.15%,5769.16,0.33%,-3758.28,-0.21%,756244.8,-0.15%
2989,Entry short,SHORT,11/18/2024 0:00,"90,446.91",19.44573,-2561.97,-0.15%,5769.16,0.33%,-3758.28,-0.21%,756244.8,-0.15%
2990,Exit long,SHORT,11/18/2024 2:00,"89,936.00",19.38916,-12460.64,-0.71%,739.11,0.04%,-14468.58,-0.82%,743784.1,-0.71%
2990,Entry long,LONG,11/18/2024 1:00,"90,578.66",19.38916,-12460.64,-0.71%,739.11,0.04%,-14468.58,-0.82%,743784.1,-0.71%
2991,Exit short,LONG,11/18/2024 9:00,"90,747.57",19.38916,-15735.66,-0.90%,23538.44,1.35%,-19378.3,-1.11%,728048.5,-0.90%
2991,Entry short,SHORT,11/18/2024 2:00,"89,936.00",19.38916,-15735.66,-0.90%,23538.44,1.35%,-19378.3,-1.11%,728048.5,-0.90%
2992,Exit long,SHORT,11/18/2024 21:00,"89,502.23",19.04236,-23714.21,-1.37%,29561.93,1.71%,-26100.79,-1.51%,704334.25,-1.37%
2992,Entry long,LONG,11/18/2024 9:00,"90,747.57",19.04236,-23714.21,-1.37%,29561.93,1.71%,-26100.79,-1.51%,704334.25,-1.37%
2993,Exit short,LONG,11/19/2024 11:00,"91,428.00",19.04236,-36671.21,-2.15%,1255.65,0.07%,-58874.6,-3.45%,667663.06,-2.15%
2993,Entry short,SHORT,11/18/2024 21:00,"89,502.23",19.04236,-36671.21,-2.15%,1255.65,0.07%,-58874.6,-3.45%,667663.06,-2.15%
2994,Exit long,SHORT,11/22/2024 22:00,"97,296.00",18.24017,107033.32,6.42%,145775.25,8.74%,-8248.2,-0.49%,774696.4,6.42%
2994,Entry long,LONG,11/19/2024 11:00,"91,428.00",18.24017,107033.32,6.42%,145775.25,8.74%,-8248.2,-0.49%,774696.4,6.42%
2995,Exit short,LONG,11/23/2024 3:00,"99,079.74",18.24017,-32535.72,-1.83%,2559.46,0.14%,-41806.65,-2.36%,742160.7,-1.83%
2995,Entry short,SHORT,11/22/2024 22:00,"97,296.00",18.24017,-32535.72,-1.83%,2559.46,0.14%,-41806.65,-2.36%,742160.7,-1.83%
2996,Exit long,SHORT,11/23/2024 12:00,"98,576.14",17.58341,-8855,-0.51%,6492.85,0.37%,-13981.1,-0.80%,733305.7,-0.51%
2996,Entry long,LONG,11/23/2024 3:00,"99,079.74",17.58341,-8855,-0.51%,6492.85,0.37%,-13981.1,-0.80%,733305.7,-0.51%
2997,Exit short,LONG,11/23/2024 13:00,"98,755.15",17.58341,-3147.61,-0.18%,3100.13,0.18%,-3395.36,-0.20%,730158.06,-0.18%
2997,Entry short,SHORT,11/23/2024 12:00,"98,576.14",17.58341,-3147.61,-0.18%,3100.13,0.18%,-3395.36,-0.20%,730158.06,-0.18%
2998,Exit long,SHORT,11/23/2024 16:00,"98,451.98",17.51967,-5311.44,-0.31%,785.76,0.05%,-6765.22,-0.39%,724846.6,-0.31%
2998,Entry long,LONG,11/23/2024 13:00,"98,755.15",17.51967,-5311.44,-0.31%,785.76,0.05%,-6765.22,-0.39%,724846.6,-0.31%
2999,Exit short,LONG,11/23/2024 22:00,"98,744.37",17.51967,-5122.58,-0.30%,2662.64,0.15%,-6932.53,-0.40%,719724.06,-0.30%
2999,Entry short,SHORT,11/23/2024 16:00,"98,451.98",17.51967,-5122.58,-0.30%,2662.64,0.15%,-6932.53,-0.40%,719724.06,-0.30%
3000,Exit long,SHORT,11/23/2024 23:00,"98,400.01",17.41591,-5997.34,-0.35%,615.3,0.04%,-5997.52,-0.35%,713726.7,-0.35%
3000,Entry long,LONG,11/23/2024 22:00,"98,744.37",17.41591,-5997.34,-0.35%,615.3,0.04%,-5997.52,-0.35%,713726.7,-0.35%
3001,Exit short,LONG,11/24/2024 9:00,"98,182.40",17.41591,3789.88,0.22%,22013.89,1.28%,-1037.12,-0.06%,717516.56,0.22%
3001,Entry short,SHORT,11/23/2024 23:00,"98,400.01",17.41591,3789.88,0.22%,22013.89,1.28%,-1037.12,-0.06%,717516.56,0.22%
3002,Exit long,SHORT,11/24/2024 20:00,"96,899.99",17.49312,-22433.35,-1.31%,6675.37,0.39%,-31113.61,-1.81%,695083.25,-1.31%
3002,Entry long,LONG,11/24/2024 9:00,"98,182.40",17.49312,-22433.35,-1.31%,6675.37,0.39%,-31113.61,-1.81%,695083.25,-1.31%
3003,Exit short,LONG,11/25/2024 7:00,"97,900.05",17.49312,-17494.17,-1.03%,20383.33,1.20%,-25705.61,-1.52%,677589.06,-1.03%
3003,Entry short,SHORT,11/24/2024 20:00,"96,899.99",17.49312,-17494.17,-1.03%,20383.33,1.20%,-25705.61,-1.52%,677589.06,-1.03%
3004,Exit long,SHORT,11/25/2024 22:00,"95,385.50",17.13573,-43088.65,-2.57%,16651.65,0.99%,-43868.32,-2.61%,634500.4,-2.57%
3004,Entry long,LONG,11/25/2024 7:00,"97,900.05",17.13573,-43088.65,-2.57%,16651.65,0.99%,-43868.32,-2.61%,634500.4,-2.57%
3005,Exit short,LONG,11/27/2024 15:00,"93,597.16",17.13573,30644.51,1.87%,78728.4,4.82%,-19097.77,-1.17%,665144.94,1.87%
3005,Entry short,SHORT,11/25/2024 22:00,"95,385.50",17.13573,30644.51,1.87%,78728.4,4.82%,-19097.77,-1.17%,665144.94,1.87%
3006,Exit long,SHORT,11/28/2024 14:00,"95,479.07",17.79054,33480.2,2.01%,64242.53,3.86%,-13330.81,-0.80%,698625.1,2.01%
3006,Entry long,LONG,11/27/2024 15:00,"93,597.16",17.79054,33480.2,2.01%,64242.53,3.86%,-13330.81,-0.80%,698625.1,2.01%
3007,Exit short,LONG,11/29/2024 9:00,"95,920.01",17.79054,-7844.56,-0.46%,14927.51,0.88%,-13213.57,-0.78%,690780.56,-0.46%
3007,Entry short,SHORT,11/28/2024 14:00,"95,479.07",17.79054,-7844.56,-0.46%,14927.51,0.88%,-13213.57,-0.78%,690780.56,-0.46%
3008,Exit long,SHORT,11/30/2024 10:00,"96,609.20",17.62698,12148.34,0.72%,47592.49,2.81%,-5640.28,-0.33%,702928.9,0.72%
3008,Entry long,LONG,11/29/2024 9:00,"95,920.01",17.62698,12148.34,0.72%,47592.49,2.81%,-5640.28,-0.33%,702928.9,0.72%
3009,Exit short,LONG,12/1/2024 1:00,"96,780.38",17.62698,-3017.39,-0.18%,9116.5,0.54%,-11013.69,-0.65%,699911.5,-0.18%
3009,Entry short,SHORT,11/30/2024 10:00,"96,609.20",17.62698,-3017.39,-0.18%,9116.5,0.54%,-11013.69,-0.65%,699911.5,-0.18%
3010,Exit long,SHORT,12/1/2024 7:00,"96,407.99",17.56462,-6540.89,-0.38%,4955.33,0.29%,-8069.01,-0.47%,693370.6,-0.38%
3010,Entry long,LONG,12/1/2024 1:00,"96,780.38",17.56462,-6540.89,-0.38%,4955.33,0.29%,-8069.01,-0.47%,693370.6,-0.38%
3011,Exit short,LONG,12/1/2024 19:00,"97,108.89",17.56462,-12311.04,-0.73%,12543.07,0.74%,-13543.2,-0.80%,681059.56,-0.73%
3011,Entry short,SHORT,12/1/2024 7:00,"96,407.99",17.56462,-12311.04,-0.73%,12543.07,0.74%,-13543.2,-0.80%,681059.56,-0.73%
3012,Exit long,SHORT,12/2/2024 13:00,"96,359.99",17.31107,-12964.26,-0.77%,17676.51,1.05%,-17863.12,-1.06%,668095.3,-0.77%
3012,Entry long,LONG,12/1/2024 19:00,"97,108.89",17.31107,-12964.26,-0.77%,17676.51,1.05%,-17863.12,-1.06%,668095.3,-0.77%
3013,Exit short,LONG,12/3/2024 3:00,"95,816.01",17.31107,9416.88,0.56%,34016.08,2.04%,-17253.94,-1.03%,677512.2,0.56%
3013,Entry short,SHORT,12/2/2024 13:00,"96,359.99",17.31107,9416.88,0.56%,34016.08,2.04%,-17253.94,-1.03%,677512.2,0.56%
3014,Exit long,SHORT,12/3/2024 5:00,"95,406.88",17.50764,-7162.9,-0.43%,8961.46,0.53%,-8245.4,-0.49%,670349.3,-0.43%
3014,Entry long,LONG,12/3/2024 3:00,"95,816.01",17.50764,-7162.9,-0.43%,8961.46,0.53%,-8245.4,-0.49%,670349.3,-0.43%
3015,Exit short,LONG,12/3/2024 8:00,"95,804.04",17.50763,-6953.33,-0.42%,5162.48,0.31%,-12226.98,-0.73%,663395.94,-0.42%
3015,Entry short,SHORT,12/3/2024 5:00,"95,406.88",17.50763,-6953.33,-0.42%,5162.48,0.31%,-12226.98,-0.73%,663395.94,-0.42%
3016,Exit long,SHORT,12/3/2024 9:00,"95,524.08",17.36248,-4860.8,-0.29%,2024.47,0.12%,-6068.19,-0.36%,658535.1,-0.29%
3016,Entry long,LONG,12/3/2024 8:00,"95,804.04",17.36248,-4860.8,-0.29%,2024.47,0.12%,-6068.19,-0.36%,658535.1,-0.29%
3017,Exit short,LONG,12/3/2024 10:00,"96,035.48",17.36248,-8879.17,-0.54%,2154.34,0.13%,-13567.74,-0.82%,649656,-0.54%
3017,Entry short,SHORT,12/3/2024 9:00,"95,524.08",17.36248,-8879.17,-0.54%,2154.34,0.13%,-13567.74,-0.82%,649656,-0.54%
3018,Exit long,SHORT,12/3/2024 15:00,"95,550.00",17.17756,-8339.36,-0.51%,3480.52,0.21%,-13022.82,-0.79%,641316.6,-0.51%
3018,Entry long,LONG,12/3/2024 10:00,"96,035.48",17.17756,-8339.36,-0.51%,3480.52,0.21%,-13022.82,-0.79%,641316.6,-0.51%
3019,Exit short,LONG,12/4/2024 5:00,"96,000.01",17.17756,-7730.07,-0.47%,33871.23,2.06%,-12024.29,-0.73%,633586.56,-0.47%
3019,Entry short,SHORT,12/3/2024 15:00,"95,550.00",17.17756,-7730.07,-0.47%,33871.23,2.06%,-12024.29,-0.73%,633586.56,-0.47%
3020,Exit long,SHORT,12/4/2024 22:00,"95,822.99",17.01652,-3012.26,-0.18%,16165.52,0.99%,-13202.1,-0.81%,630574.25,-0.18%
3020,Entry long,LONG,12/4/2024 5:00,"96,000.01",17.01652,-3012.26,-0.18%,16165.52,0.99%,-13202.1,-0.81%,630574.25,-0.18%
3021,Exit short,LONG,12/5/2024 4:00,"98,747.96",17.01652,-49772.81,-3.05%,21018.13,1.29%,-54061.65,-3.32%,580801.5,-3.05%
3021,Entry short,SHORT,12/4/2024 22:00,"95,822.99",17.01652,-49772.81,-3.05%,21018.13,1.29%,-54061.65,-3.32%,580801.5,-3.05%
3022,Exit long,SHORT,12/6/2024 2:00,"100,179.24",16.00844,22912.56,1.45%,85485.71,5.41%,-21313.16,-1.35%,603714,1.45%
3022,Entry long,LONG,12/5/2024 4:00,"98,747.96",16.00844,22912.56,1.45%,85485.71,5.41%,-21313.16,-1.35%,603714,1.45%
3023,Exit short,LONG,12/6/2024 14:00,"98,079.97",16.00844,33606.04,2.10%,154949.53,9.66%,-12050.51,-0.75%,637320.06,2.10%
3023,Entry short,SHORT,12/6/2024 2:00,"100,179.24",16.00844,33606.04,2.10%,154949.53,9.66%,-12050.51,-0.75%,637320.06,2.10%
3024,Exit long,SHORT,12/6/2024 20:00,"97,638.55",16.69372,-7368.94,-0.45%,10437.92,0.64%,-9477.19,-0.58%,629951.1,-0.45%
3024,Entry long,LONG,12/6/2024 14:00,"98,079.97",16.69372,-7368.94,-0.45%,10437.92,0.64%,-9477.19,-0.58%,629951.1,-0.45%
3025,Exit short,LONG,12/6/2024 21:00,"98,591.99",16.69372,-15916.46,-0.98%,2108.25,0.13%,-21282.99,-1.31%,614034.7,-0.98%
3025,Entry short,SHORT,12/6/2024 20:00,"97,638.55",16.69372,-15916.46,-0.98%,2108.25,0.13%,-21282.99,-1.31%,614034.7,-0.98%
3026,Exit long,SHORT,12/7/2024 12:00,"99,494.58",16.37084,14776.16,0.92%,54138.37,3.35%,-4023.95,-0.25%,628810.8,0.92%
3026,Entry long,LONG,12/6/2024 21:00,"98,591.99",16.37084,14776.16,0.92%,54138.37,3.35%,-4023.95,-0.25%,628810.8,0.92%
3027,Exit short,LONG,12/7/2024 17:00,"99,676.48",16.37084,-2977.86,-0.18%,10650.54,0.65%,-5357.36,-0.33%,625832.94,-0.18%
3027,Entry short,SHORT,12/7/2024 12:00,"99,494.58",16.37084,-2977.86,-0.18%,10650.54,0.65%,-5357.36,-0.33%,625832.94,-0.18%
3028,Exit long,SHORT,12/7/2024 21:00,"99,350.00",16.31109,-5325.24,-0.33%,1199.19,0.07%,-6075.55,-0.37%,620507.75,-0.33%
3028,Entry long,LONG,12/7/2024 17:00,"99,676.48",16.31109,-5325.24,-0.33%,1199.19,0.07%,-6075.55,-0.37%,620507.75,-0.33%
3029,Exit short,LONG,12/7/2024 23:00,"99,756.00",16.31109,-6622.3,-0.41%,5121.52,0.32%,-7339.99,-0.45%,613885.44,-0.41%
3029,Entry short,SHORT,12/7/2024 21:00,"99,350.00",16.31109,-6622.3,-0.41%,5121.52,0.32%,-7339.99,-0.45%,613885.44,-0.41%
3030,Exit long,SHORT,12/8/2024 14:00,"99,675.97",16.17832,-1294.75,-0.08%,11052.71,0.68%,-6794.89,-0.42%,612590.7,-0.08%
3030,Entry long,LONG,12/7/2024 23:00,"99,756.00",16.17832,-1294.75,-0.08%,11052.71,0.68%,-6794.89,-0.42%,612590.7,-0.08%
3031,Exit short,LONG,12/8/2024 22:00,"99,726.72",16.17832,-821.05,-0.05%,16473.9,1.02%,-13331.42,-0.83%,611769.6,-0.05%
3031,Entry short,SHORT,12/8/2024 14:00,"99,675.97",16.17832,-821.05,-0.05%,16473.9,1.02%,-13331.42,-0.83%,611769.6,-0.05%
3032,Exit long,SHORT,12/9/2024 17:00,"98,406.08",16.16186,-21344,-1.32%,26251.39,1.63%,-22605.92,-1.40%,590425.6,-1.32%
3032,Entry long,LONG,12/8/2024 22:00,"99,726.72",16.16186,-21344,-1.32%,26251.39,1.63%,-22605.92,-1.40%,590425.6,-1.32%
3033,Exit short,LONG,12/9/2024 23:00,"97,812.00",16.16186,9601.44,0.60%,14505.27,0.91%,-32577.78,-2.05%,600027.06,0.60%
3033,Entry short,SHORT,12/9/2024 17:00,"98,406.08",16.16186,9601.44,0.60%,14505.27,0.91%,-32577.78,-2.05%,600027.06,0.60%
3034,Exit long,SHORT,12/10/2024 1:00,"97,368.05",16.35818,-7262.21,-0.45%,9585.89,0.60%,-7557.48,-0.47%,592764.8,-0.45%
3034,Entry long,LONG,12/9/2024 23:00,"97,812.00",16.35818,-7262.21,-0.45%,9585.89,0.60%,-7557.48,-0.47%,592764.8,-0.45%
3035,Exit short,LONG,12/10/2024 12:00,"97,031.98",16.35818,5497.49,0.35%,52640.63,3.30%,-14590.68,-0.92%,598262.3,0.35%
3035,Entry short,SHORT,12/10/2024 1:00,"97,368.05",16.35818,5497.49,0.35%,52640.63,3.30%,-14590.68,-0.92%,598262.3,0.35%
3036,Exit long,SHORT,12/11/2024 2:00,"95,132.04",16.4715,-31294.86,-1.96%,20392.05,1.28%,-45715.66,-2.86%,566967.5,-1.96%
3036,Entry long,LONG,12/10/2024 12:00,"97,031.98",16.4715,-31294.86,-1.96%,20392.05,1.28%,-45715.66,-2.86%,566967.5,-1.96%
3037,Exit short,LONG,12/11/2024 3:00,"95,856.50",16.4715,-11932.94,-0.76%,2499.88,0.16%,-17115.53,-1.09%,555034.5,-0.76%
3037,Entry short,SHORT,12/11/2024 2:00,"95,132.04",16.4715,-11932.94,-0.76%,2499.88,0.16%,-17115.53,-1.09%,555034.5,-0.76%
3038,Exit long,SHORT,12/12/2024 15:00,"100,499.99",16.22252,75329.11,4.84%,97846.13,6.29%,-3901.52,-0.25%,630363.6,4.84%
3038,Entry long,LONG,12/11/2024 3:00,"95,856.50",16.22252,75329.11,4.84%,97846.13,6.29%,-3901.52,-0.25%,630363.6,4.84%
3039,Exit short,LONG,12/12/2024 22:00,"101,702.04",16.22252,-19500.28,-1.20%,5218.3,0.32%,-20274.09,-1.24%,610863.4,-1.20%
3039,Entry short,SHORT,12/12/2024 15:00,"100,499.99",16.22252,-19500.28,-1.20%,5218.3,0.32%,-20274.09,-1.24%,610863.4,-1.20%
3040,Exit long,SHORT,12/13/2024 5:00,"99,760.01",15.83904,-30759.89,-1.91%,13272.48,0.82%,-37861.64,-2.35%,580103.5,-1.91%
3040,Entry long,LONG,12/12/2024 22:00,"101,702.04",15.83904,-30759.89,-1.91%,13272.48,0.82%,-37861.64,-2.35%,580103.5,-1.91%
3041,Exit short,LONG,12/13/2024 15:00,"100,130.01",15.83904,-5860.44,-0.37%,8790.83,0.56%,-11343.6,-0.72%,574243,-0.37%
3041,Entry short,SHORT,12/13/2024 5:00,"99,760.01",15.83904,-5860.44,-0.37%,8790.83,0.56%,-11343.6,-0.72%,574243,-0.37%
3042,Exit long,SHORT,12/14/2024 21:00,"101,170.04",15.72199,16351.34,1.04%,39619.26,2.52%,-6760.61,-0.43%,590594.4,1.04%
3042,Entry long,LONG,12/13/2024 15:00,"100,130.01",15.72199,16351.34,1.04%,39619.26,2.52%,-6760.61,-0.43%,590594.4,1.04%
3043,Exit short,LONG,12/15/2024 0:00,"101,650.77",15.72199,-7558.03,-0.48%,100.62,0.01%,-8999.11,-0.57%,583036.3,-0.48%
3043,Entry short,SHORT,12/14/2024 21:00,"101,170.04",15.72199,-7558.03,-0.48%,100.62,0.01%,-8999.11,-0.57%,583036.3,-0.48%
3044,Exit long,SHORT,12/15/2024 1:00,"100,988.01",15.57328,-10321.35,-0.65%,1353.79,0.09%,-12314.88,-0.78%,572715,-0.65%
3044,Entry long,LONG,12/15/2024 0:00,"101,650.77",15.57328,-10321.35,-0.65%,1353.79,0.09%,-12314.88,-0.78%,572715,-0.65%
3045,Exit short,LONG,12/15/2024 9:00,"102,134.48",15.57328,-17854.3,-1.14%,5896.04,0.37%,-18827.47,-1.20%,554860.7,-1.14%
3045,Entry short,SHORT,12/15/2024 1:00,"100,988.01",15.57328,-17854.3,-1.14%,5896.04,0.37%,-18827.47,-1.20%,554860.7,-1.14%
3046,Exit long,SHORT,12/16/2024 20:00,"103,656.02",15.22366,23163.41,1.49%,68712.3,4.42%,-9141.35,-0.59%,578024.1,1.49%
3046,Entry long,LONG,12/15/2024 9:00,"102,134.48",15.22366,23163.41,1.49%,68712.3,4.42%,-9141.35,-0.59%,578024.1,1.49%
3047,Exit short,LONG,12/16/2024 23:00,"106,332.00",15.22366,-40738.21,-2.58%,2611.01,0.17%,-43295.63,-2.74%,537285.9,-2.58%
3047,Entry short,SHORT,12/16/2024 20:00,"103,656.02",15.22366,-40738.21,-2.58%,2611.01,0.17%,-43295.63,-2.74%,537285.9,-2.58%
3048,Exit long,SHORT,12/18/2024 10:00,"105,312.90",14.45741,-14733.55,-0.96%,29218.43,1.90%,-20091.17,-1.31%,522552.34,-0.96%
3048,Entry long,LONG,12/16/2024 23:00,"106,332.00",14.45741,-14733.55,-0.96%,29218.43,1.90%,-20091.17,-1.31%,522552.34,-0.96%
3049,Exit short,LONG,12/19/2024 16:00,"101,640.40",14.45741,53094.84,3.49%,94130.75,6.18%,-536.37,-0.04%,575647.2,3.49%
3049,Entry short,SHORT,12/18/2024 10:00,"105,312.90",14.45741,53094.84,3.49%,94130.75,6.18%,-536.37,-0.04%,575647.2,3.49%
3050,Exit long,SHORT,12/19/2024 23:00,"100,679.86",15.50217,-14890.45,-0.95%,17978.02,1.14%,-33180.84,-2.11%,560756.75,-0.95%
3050,Entry long,LONG,12/19/2024 16:00,"101,640.40",15.50217,-14890.45,-0.95%,17978.02,1.14%,-33180.84,-2.11%,560756.75,-0.95%
3051,Exit short,LONG,12/21/2024 2:00,"96,992.26",15.50217,57165.8,3.66%,130951.79,8.39%,-8063.3,-0.52%,617922.5,3.66%
3051,Entry short,SHORT,12/19/2024 23:00,"100,679.86",15.50217,57165.8,3.66%,130951.79,8.39%,-8063.3,-0.52%,617922.5,3.66%
3052,Exit long,SHORT,12/21/2024 21:00,"97,344.02",16.6805,5867.53,0.36%,42507.75,2.63%,-26662.44,-1.65%,623790.06,0.36%
3052,Entry long,LONG,12/21/2024 2:00,"96,992.26",16.6805,5867.53,0.36%,42507.75,2.63%,-26662.44,-1.65%,623790.06,0.36%
3053,Exit short,LONG,12/22/2024 19:00,"97,101.29",16.68094,4048.96,0.25%,24249.75,1.49%,-11901.68,-0.73%,627839,0.25%
3053,Entry short,SHORT,12/21/2024 21:00,"97,344.02",16.68094,4048.96,0.25%,24249.75,1.49%,-11901.68,-0.73%,627839,0.25%
3054,Exit long,SHORT,12/22/2024 22:00,"95,363.44",16.76434,-29133.91,-1.79%,3331.24,0.20%,-30955.69,-1.90%,598705.1,-1.79%
3054,Entry long,LONG,12/22/2024 19:00,"97,101.29",16.76434,-29133.91,-1.79%,3331.24,0.20%,-30955.69,-1.90%,598705.1,-1.79%
3055,Exit short,LONG,12/23/2024 12:00,"95,832.02",16.76433,-7855.43,-0.49%,27879.42,1.74%,-19220.97,-1.20%,590849.7,-0.49%
3055,Entry short,SHORT,12/22/2024 22:00,"95,363.44",16.76433,-7855.43,-0.49%,27879.42,1.74%,-19220.97,-1.20%,590849.7,-0.49%
3056,Exit long,SHORT,12/23/2024 14:00,"94,824.83",16.60039,-16719.75,-1.05%,2149.92,0.14%,-18707.81,-1.18%,574129.94,-1.05%
3056,Entry long,LONG,12/23/2024 12:00,"95,832.02",16.60039,-16719.75,-1.05%,2149.92,0.14%,-18707.81,-1.18%,574129.94,-1.05%
3057,Exit short,LONG,12/23/2024 16:00,"95,503.87",16.60039,-11272.33,-0.72%,0,0.00%,-12529.81,-0.80%,562857.6,-0.72%
3057,Entry short,SHORT,12/23/2024 14:00,"94,824.83",16.60039,-11272.33,-0.72%,0,0.00%,-12529.81,-0.80%,562857.6,-0.72%
3058,Exit long,SHORT,12/23/2024 23:00,"93,250.38",16.36433,-36876.86,-2.36%,16937.9,1.08%,-39214.66,-2.51%,525980.75,-2.36%
3058,Entry long,LONG,12/23/2024 16:00,"95,503.87",16.36433,-36876.86,-2.36%,16937.9,1.08%,-39214.66,-2.51%,525980.75,-2.36%
3059,Exit short,LONG,12/24/2024 13:00,"94,606.06",16.36433,-22184.79,-1.45%,11952.18,0.78%,-36962.28,-2.42%,503795.97,-1.45%
3059,Entry short,SHORT,12/23/2024 23:00,"93,250.38",16.36433,-22184.79,-1.45%,11952.18,0.78%,-36962.28,-2.42%,503795.97,-1.45%
3060,Exit long,SHORT,12/25/2024 16:00,"98,069.72",15.89534,55056.06,3.66%,77599.94,5.16%,-12646.49,-0.84%,558852,3.66%
3060,Entry long,LONG,12/24/2024 13:00,"94,606.06",15.89534,55056.06,3.66%,77599.94,5.16%,-12646.49,-0.84%,558852,3.66%
3061,Exit short,LONG,12/25/2024 18:00,"98,456.99",15.89534,-6155.79,-0.39%,985.99,0.06%,-20339.52,-1.30%,552696.25,-0.39%
3061,Entry short,SHORT,12/25/2024 16:00,"98,069.72",15.89534,-6155.79,-0.39%,985.99,0.06%,-20339.52,-1.30%,552696.25,-0.39%
3062,Exit long,SHORT,12/25/2024 19:00,"97,907.61",15.77029,-8663.88,-0.56%,6462.35,0.42%,-10773.63,-0.69%,544032.3,-0.56%
3062,Entry long,LONG,12/25/2024 18:00,"98,456.99",15.77029,-8663.88,-0.56%,6462.35,0.42%,-10773.63,-0.69%,544032.3,-0.56%
3063,Exit short,LONG,12/25/2024 22:00,"98,710.00",15.77029,-12653.92,-0.82%,4346.13,0.28%,-14591.93,-0.95%,531378.44,-0.82%
3063,Entry short,SHORT,12/25/2024 19:00,"97,907.61",15.77029,-12653.92,-0.82%,4346.13,0.28%,-14591.93,-0.95%,531378.44,-0.82%
3064,Exit long,SHORT,12/26/2024 13:00,"98,375.01",15.51391,-5197,-0.34%,19449.79,1.27%,-9826.82,-0.64%,526181.44,-0.34%
3064,Entry long,LONG,12/25/2024 22:00,"98,710.00",15.51391,-5197,-0.34%,19449.79,1.27%,-9826.82,-0.64%,526181.44,-0.34%
3065,Exit short,LONG,12/27/2024 10:00,"96,073.77",15.51391,35701.23,2.34%,49270.16,3.23%,-1690.86,-0.11%,561882.6,2.34%
3065,Entry short,SHORT,12/26/2024 13:00,"98,375.01",15.51391,35701.23,2.34%,49270.16,3.23%,-1690.86,-0.11%,561882.6,2.34%
3066,Exit long,SHORT,12/27/2024 23:00,"94,573.75",16.25711,-24385.99,-1.56%,23911.12,1.53%,-33532.89,-2.15%,537496.6,-1.56%
3066,Entry long,LONG,12/27/2024 10:00,"96,073.77",16.25711,-24385.99,-1.56%,23911.12,1.53%,-33532.89,-2.15%,537496.6,-1.56%
3067,Exit short,LONG,12/29/2024 4:00,"95,083.05",16.25711,-8279.75,-0.54%,17455.91,1.14%,-12462.86,-0.81%,529216.94,-0.54%
3067,Entry short,SHORT,12/27/2024 23:00,"94,573.75",16.25711,-8279.75,-0.54%,17455.91,1.14%,-12462.86,-0.81%,529216.94,-0.54%
3068,Exit long,SHORT,12/29/2024 21:00,"94,928.20",16.08296,-2490.45,-0.16%,10469.04,0.68%,-4552.28,-0.30%,526726.44,-0.16%
3068,Entry long,LONG,12/29/2024 4:00,"95,083.05",16.08296,-2490.45,-0.16%,10469.04,0.68%,-4552.28,-0.30%,526726.44,-0.16%
3069,Exit short,LONG,12/30/2024 19:00,"93,923.14",16.08296,16164.34,1.06%,30858.05,2.02%,-4879.25,-0.32%,542890.8,1.06%
3069,Entry short,SHORT,12/29/2024 21:00,"94,928.20",16.08296,16164.34,1.06%,30858.05,2.02%,-4879.25,-0.32%,542890.8,1.06%
3070,Exit long,SHORT,12/30/2024 21:00,"92,680.52",16.42716,-20412.72,-1.32%,5816.69,0.38%,-21521.88,-1.39%,522478.1,-1.32%
3070,Entry long,LONG,12/30/2024 19:00,"93,923.14",16.42716,-20412.72,-1.32%,5816.69,0.38%,-21521.88,-1.39%,522478.1,-1.32%
3071,Exit short,LONG,12/31/2024 4:00,"94,338.80",16.42716,-27240.83,-1.79%,18892.38,1.24%,-38504.93,-2.53%,495237.25,-1.79%
3071,Entry short,SHORT,12/30/2024 21:00,"92,680.52",16.42716,-27240.83,-1.79%,18892.38,1.24%,-38504.93,-2.53%,495237.25,-1.79%
3072,Exit long,SHORT,12/31/2024 5:00,"92,076.00",15.84965,-35864.59,-2.40%,594.36,0.04%,-38629.24,-2.58%,459372.66,-2.40%
3072,Entry long,LONG,12/31/2024 4:00,"94,338.80",15.84965,-35864.59,-2.40%,594.36,0.04%,-38629.24,-2.58%,459372.66,-2.40%
3073,Exit short,LONG,12/31/2024 16:00,"93,933.38",15.84965,-29438.82,-2.02%,2028.76,0.14%,-42250.09,-2.90%,429933.84,-2.02%
3073,Entry short,SHORT,12/31/2024 5:00,"92,076.00",15.84965,-29438.82,-2.02%,2028.76,0.14%,-42250.09,-2.90%,429933.84,-2.02%
3074,Exit long,SHORT,1/1/2025 4:00,"93,564.01",15.22285,-5622.86,-0.39%,35265.56,2.47%,-11322.6,-0.79%,424310.97,-0.39%
3074,Entry long,LONG,12/31/2024 16:00,"93,933.38",15.22285,-5622.86,-0.39%,35265.56,2.47%,-11322.6,-0.79%,424310.97,-0.39%
3075,Exit short,LONG,1/1/2025 22:00,"94,175.89",15.22285,-9314.56,-0.65%,10290.8,0.72%,-14391.83,-1.01%,414996.44,-0.65%
3075,Entry short,SHORT,1/1/2025 4:00,"93,564.01",15.22285,-9314.56,-0.65%,10290.8,0.72%,-14391.83,-1.01%,414996.44,-0.65%
3076,Exit long,SHORT,1/3/2025 14:00,"96,539.49",15.02503,35513.16,2.51%,55045.85,3.89%,-6234.79,-0.44%,450509.6,2.51%
3076,Entry long,LONG,1/1/2025 22:00,"94,175.89",15.02503,35513.16,2.51%,55045.85,3.89%,-6234.79,-0.44%,450509.6,2.51%
3077,Exit short,LONG,1/4/2025 0:00,"97,868.21",15.02503,-19964.06,-1.38%,6603.2,0.46%,-28621.63,-1.97%,430545.53,-1.38%
3077,Entry short,SHORT,1/3/2025 14:00,"96,539.49",15.02503,-19964.06,-1.38%,6603.2,0.46%,-28621.63,-1.97%,430545.53,-1.38%
3078,Exit long,SHORT,1/4/2025 17:00,"97,690.37",14.61706,-2599.5,-0.18%,16205.94,1.13%,-4905.92,-0.34%,427946.03,-0.18%
3078,Entry long,LONG,1/4/2025 0:00,"97,868.21",14.61706,-2599.5,-0.18%,16205.94,1.13%,-4905.92,-0.34%,427946.03,-0.18%
3079,Exit short,LONG,1/4/2025 22:00,"98,035.05",14.61706,-5038.21,-0.35%,1320.94,0.09%,-5697.44,-0.40%,422907.8,-0.35%
3079,Entry short,SHORT,1/4/2025 17:00,"97,690.37",14.61706,-5038.21,-0.35%,1320.94,0.09%,-5697.44,-0.40%,422907.8,-0.35%
3080,Exit long,SHORT,1/5/2025 10:00,"98,227.49",14.51427,2793.13,0.20%,10789.62,0.76%,-7551.19,-0.53%,425700.94,0.20%
3080,Entry long,LONG,1/4/2025 22:00,"98,035.05",14.51427,2793.13,0.20%,10789.62,0.76%,-7551.19,-0.53%,425700.94,0.20%
3081,Exit short,LONG,1/5/2025 12:00,"98,357.46",14.51427,-1886.42,-0.13%,2300.37,0.16%,-4285.63,-0.30%,423814.53,-0.13%
3081,Entry short,SHORT,1/5/2025 10:00,"98,227.49",14.51427,-1886.42,-0.13%,2300.37,0.16%,-4285.63,-0.30%,423814.53,-0.13%
3082,Exit long,SHORT,1/5/2025 17:00,"97,652.21",14.47591,-10209.14,-0.72%,2063.4,0.14%,-10415.85,-0.73%,413605.38,-0.72%
3082,Entry long,LONG,1/5/2025 12:00,"98,357.46",14.47591,-10209.14,-0.72%,2063.4,0.14%,-10415.85,-0.73%,413605.38,-0.72%
3083,Exit short,LONG,1/6/2025 3:00,"98,079.64",14.47591,-6187.44,-0.44%,5434.55,0.38%,-9848.4,-0.70%,407417.94,-0.44%
3083,Entry short,SHORT,1/5/2025 17:00,"97,652.21",14.47591,-6187.44,-0.44%,5434.55,0.38%,-9848.4,-0.70%,407417.94,-0.44%
3084,Exit long,SHORT,1/6/2025 20:00,"99,157.12",14.34974,15461.56,1.10%,26006.9,1.85%,-2290.79,-0.16%,422879.5,1.10%
3084,Entry long,LONG,1/6/2025 3:00,"98,079.64",14.34974,15461.56,1.10%,26006.9,1.85%,-2290.79,-0.16%,422879.5,1.10%
3085,Exit short,LONG,1/6/2025 22:00,"100,737.03",14.34974,-22671.3,-1.59%,6388.22,0.45%,-30681.32,-2.16%,400208.22,-1.59%
3085,Entry short,SHORT,1/6/2025 20:00,"99,157.12",14.34974,-22671.3,-1.59%,6388.22,0.45%,-30681.32,-2.16%,400208.22,-1.59%
3086,Exit long,SHORT,1/7/2025 13:00,"101,743.47",13.89963,13989.14,1.00%,27623.43,1.97%,-3544.96,-0.25%,414197.34,1.00%
3086,Entry long,LONG,1/6/2025 22:00,"100,737.03",13.89963,13989.14,1.00%,27623.43,1.97%,-3544.96,-0.25%,414197.34,1.00%
3087,Exit short,LONG,1/10/2025 9:00,"93,102.52",13.89963,120106.01,8.49%,146499.31,10.36%,-3774.31,-0.27%,534303.4,8.49%
3087,Entry short,SHORT,1/7/2025 13:00,"101,743.47",13.89963,120106.01,8.49%,146499.31,10.36%,-3774.31,-0.27%,534303.4,8.49%
3088,Exit long,SHORT,1/11/2025 12:00,"94,063.29",16.47971,15833.21,1.03%,45046.96,2.94%,-14774.06,-0.96%,550136.56,1.03%
3088,Entry long,LONG,1/10/2025 9:00,"93,102.52",16.47971,15833.21,1.03%,45046.96,2.94%,-14774.06,-0.96%,550136.56,1.03%
3089,Exit short,LONG,1/11/2025 19:00,"94,625.66",16.47971,-9267.69,-0.60%,820.36,0.05%,-12003.49,-0.77%,540868.9,-0.60%
3089,Entry short,SHORT,1/11/2025 12:00,"94,063.29",16.47971,-9267.69,-0.60%,820.36,0.05%,-12003.49,-0.77%,540868.9,-0.60%
3090,Exit long,SHORT,1/12/2025 1:00,"94,151.51",16.28384,-7720.98,-0.50%,1342.77,0.09%,-10439.73,-0.68%,533147.9,-0.50%
3090,Entry long,LONG,1/11/2025 19:00,"94,625.66",16.28384,-7720.98,-0.50%,1342.77,0.09%,-10439.73,-0.68%,533147.9,-0.50%
3091,Exit short,LONG,1/12/2025 5:00,"94,940.75",16.28383,-12851.85,-0.84%,1088.9,0.07%,-14646.16,-0.96%,520296.06,-0.84%
3091,Entry short,SHORT,1/12/2025 1:00,"94,151.51",16.28383,-12851.85,-0.84%,1088.9,0.07%,-14646.16,-0.96%,520296.06,-0.84%
3092,Exit long,SHORT,1/12/2025 14:00,"94,381.78",16.0131,-8950.84,-0.59%,1028.84,0.07%,-10308.59,-0.68%,511345.22,-0.59%
3092,Entry long,LONG,1/12/2025 5:00,"94,940.75",16.0131,-8950.84,-0.59%,1028.84,0.07%,-10308.59,-0.68%,511345.22,-0.59%
3093,Exit short,LONG,1/12/2025 22:00,"94,811.00",16.0131,-6873.14,-0.45%,10738.23,0.71%,-9811.39,-0.65%,504472.06,-0.45%
3093,Entry short,SHORT,1/12/2025 14:00,"94,381.78",16.0131,-6873.14,-0.45%,10738.23,0.71%,-9811.39,-0.65%,504472.06,-0.45%
3094,Exit long,SHORT,1/13/2025 6:00,"93,962.91",15.86811,-13457.58,-0.89%,10141.31,0.67%,-16042.66,-1.07%,491014.47,-0.89%
3094,Entry long,LONG,1/12/2025 22:00,"94,811.00",15.86811,-13457.58,-0.89%,10141.31,0.67%,-16042.66,-1.07%,491014.47,-0.89%
3095,Exit short,LONG,1/14/2025 6:00,"94,399.99",15.86811,-6935.63,-0.47%,74678.82,5.01%,-31372.68,-2.10%,484078.84,-0.47%
3095,Entry short,SHORT,1/13/2025 6:00,"93,962.91",15.86811,-6935.63,-0.47%,74678.82,5.01%,-31372.68,-2.10%,484078.84,-0.47%
3096,Exit long,SHORT,1/15/2025 0:00,"95,745.42",15.72117,21151.73,1.43%,46707.75,3.15%,-3697.93,-0.25%,505230.56,1.43%
3096,Entry long,LONG,1/14/2025 6:00,"94,399.99",15.72117,21151.73,1.43%,46707.75,3.15%,-3697.93,-0.25%,505230.56,1.43%
3097,Exit short,LONG,1/15/2025 6:00,"96,691.91",15.72117,-14879.93,-0.99%,2524.66,0.17%,-21115.89,-1.40%,490350.66,-0.99%
3097,Entry short,SHORT,1/15/2025 0:00,"95,745.42",15.72117,-14879.93,-0.99%,2524.66,0.17%,-21115.89,-1.40%,490350.66,-0.99%
3098,Exit long,SHORT,1/15/2025 18:00,"96,933.59",15.41339,3725.11,0.25%,15922.8,1.07%,-2957.98,-0.20%,494075.75,0.25%
3098,Entry long,LONG,1/15/2025 6:00,"96,691.91",15.41339,3725.11,0.25%,15922.8,1.07%,-2957.98,-0.20%,494075.75,0.25%
3099,Exit short,LONG,1/15/2025 21:00,"98,963.99",15.41339,-31295.35,-2.09%,6359.41,0.43%,-32981.57,-2.21%,462780.4,-2.09%
3099,Entry short,SHORT,1/15/2025 18:00,"96,933.59",15.41339,-31295.35,-2.09%,6359.41,0.43%,-32981.57,-2.21%,462780.4,-2.09%
3100,Exit long,SHORT,1/16/2025 12:00,"99,610.00",14.78093,9548.63,0.65%,28123.23,1.92%,-5349.81,-0.37%,472329.03,0.65%
3100,Entry long,LONG,1/15/2025 21:00,"98,963.99",14.78093,9548.63,0.65%,28123.23,1.92%,-5349.81,-0.37%,472329.03,0.65%
3101,Exit short,LONG,1/17/2025 1:00,"99,838.55",14.78093,-3378.18,-0.23%,33624.7,2.28%,-11108.46,-0.75%,468950.84,-0.23%
3101,Entry short,SHORT,1/16/2025 12:00,"99,610.00",14.78093,-3378.18,-0.23%,33624.7,2.28%,-11108.46,-0.75%,468950.84,-0.23%
3102,Exit long,SHORT,1/18/2025 13:00,"102,829.27",14.71326,44003.24,3.00%,88671.96,6.04%,-8505.73,-0.58%,512954.1,3.00%
3102,Entry long,LONG,1/17/2025 1:00,"99,838.55",14.71326,44003.24,3.00%,88671.96,6.04%,-8505.73,-0.58%,512954.1,3.00%
3103,Exit short,LONG,1/18/2025 19:00,"103,589.29",14.71326,-11182.37,-0.74%,8117.6,0.54%,-15503.95,-1.02%,501771.72,-0.74%
3103,Entry short,SHORT,1/18/2025 13:00,"102,829.27",14.71326,-11182.37,-0.74%,8117.6,0.54%,-15503.95,-1.02%,501771.72,-0.74%
3104,Exit long,SHORT,1/20/2025 8:00,"99,794.51",14.49736,-55014.29,-3.66%,41073.05,2.73%,-58559.04,-3.90%,446757.44,-3.66%
3104,Entry long,LONG,1/18/2025 19:00,"103,589.29",14.49736,-55014.29,-3.66%,41073.05,2.73%,-58559.04,-3.90%,446757.44,-3.66%
3105,Exit short,LONG,1/20/2025 14:00,"107,482.36",14.49736,-111453.53,-7.70%,2386.99,0.16%,-141979.75,-9.81%,335303.9,-7.70%
3105,Entry short,SHORT,1/20/2025 8:00,"99,794.51",14.49736,-111453.53,-7.70%,2386.99,0.16%,-141979.75,-9.81%,335303.9,-7.70%
3106,Exit long,SHORT,1/21/2025 3:00,"103,691.64",12.42243,-47089.95,-3.53%,25063.87,1.88%,-88812.42,-6.65%,288213.94,-3.53%
3106,Entry long,LONG,1/20/2025 14:00,"107,482.36",12.42243,-47089.95,-3.53%,25063.87,1.88%,-88812.42,-6.65%,288213.94,-3.53%
3107,Exit short,LONG,1/21/2025 17:00,"102,707.07",12.4235,12231.81,0.95%,44384.2,3.45%,-7943.09,-0.62%,300445.75,0.95%
3107,Entry short,SHORT,1/21/2025 3:00,"103,691.64",12.4235,12231.81,0.95%,44384.2,3.45%,-7943.09,-0.62%,300445.75,0.95%
3108,Exit long,SHORT,1/22/2025 15:00,"105,084.77",12.66169,30105.7,2.32%,57404.81,4.41%,-1583.6,-0.12%,330551.47,2.32%
3108,Entry long,LONG,1/21/2025 17:00,"102,707.07",12.66169,30105.7,2.32%,57404.81,4.41%,-1583.6,-0.12%,330551.47,2.32%
3109,Exit short,LONG,1/24/2025 1:00,"105,927.78",12.66169,-10673.93,-0.80%,48399.18,3.64%,-22350.79,-1.68%,319877.53,-0.80%
3109,Entry short,SHORT,1/22/2025 15:00,"105,084.77",12.66169,-10673.93,-0.80%,48399.18,3.64%,-22350.79,-1.68%,319877.53,-0.80%
3110,Exit long,SHORT,1/24/2025 5:00,"103,079.08",12.46016,-35495.26,-2.69%,6145.97,0.47%,-46502.31,-3.52%,284382.25,-2.69%
3110,Entry long,LONG,1/24/2025 1:00,"105,927.78",12.46016,-35495.26,-2.69%,6145.97,0.47%,-46502.31,-3.52%,284382.25,-2.69%
3111,Exit short,LONG,1/24/2025 14:00,"104,991.01",12.46016,-23822.95,-1.85%,4100.39,0.32%,-28358.33,-2.21%,260559.31,-1.85%
3111,Entry short,SHORT,1/24/2025 5:00,"103,079.08",12.46016,-23822.95,-1.85%,4100.39,0.32%,-28358.33,-2.21%,260559.31,-1.85%
3112,Exit long,SHORT,1/25/2025 5:00,"105,124.61",12.00635,1604.05,0.13%,25561.4,2.03%,-3974.22,-0.32%,262163.38,0.13%
3112,Entry long,LONG,1/24/2025 14:00,"104,991.01",12.00635,1604.05,0.13%,25561.4,2.03%,-3974.22,-0.32%,262163.38,0.13%
3113,Exit short,LONG,1/25/2025 21:00,"104,717.05",12.00635,4893.31,0.39%,12228.71,0.97%,-4230.92,-0.34%,267056.66,0.39%
3113,Entry short,SHORT,1/25/2025 5:00,"105,124.61",12.00635,4893.31,0.39%,12228.71,0.97%,-4230.92,-0.34%,267056.66,0.39%
3114,Exit long,SHORT,1/26/2025 10:00,"104,696.25",12.09981,-251.68,-0.02%,6890.48,0.54%,-3234.28,-0.26%,266805,-0.02%
3114,Entry long,LONG,1/25/2025 21:00,"104,717.05",12.09981,-251.68,-0.02%,6890.48,0.54%,-3234.28,-0.26%,266805,-0.02%
3115,Exit short,LONG,1/26/2025 11:00,"105,062.41",12.09981,-4430.47,-0.35%,0.12,0.00%,-6981.47,-0.55%,262374.53,-0.35%
3115,Entry short,SHORT,1/26/2025 10:00,"104,696.25",12.09981,-4430.47,-0.35%,0.12,0.00%,-6981.47,-0.55%,262374.53,-0.35%
3116,Exit long,SHORT,1/26/2025 17:00,"104,630.02",12.01547,-5195.37,-0.41%,5257.85,0.42%,-7430.37,-0.59%,257179.16,-0.41%
3116,Entry long,LONG,1/26/2025 11:00,"105,062.41",12.01547,-5195.37,-0.41%,5257.85,0.42%,-7430.37,-0.59%,257179.16,-0.41%
3117,Exit short,LONG,1/26/2025 21:00,"104,961.74",12.01547,-3985.77,-0.32%,1562.25,0.12%,-5960.75,-0.47%,253193.39,-0.32%
3117,Entry short,SHORT,1/26/2025 17:00,"104,630.02",12.01547,-3985.77,-0.32%,1562.25,0.12%,-5960.75,-0.47%,253193.39,-0.32%
3118,Exit long,SHORT,1/27/2025 6:00,"104,330.21",11.93952,-7540.16,-0.60%,3565.38,0.28%,-7900.74,-0.63%,245653.22,-0.60%
3118,Entry long,LONG,1/26/2025 21:00,"104,961.74",11.93952,-7540.16,-0.60%,3565.38,0.28%,-7900.74,-0.63%,245653.22,-0.60%
3119,Exit short,LONG,1/28/2025 12:00,"102,901.45",11.93952,17058.71,1.37%,78232.99,6.28%,0,0.00%,262711.94,1.37%
3119,Entry short,SHORT,1/27/2025 6:00,"104,330.21",11.93952,17058.71,1.37%,78232.99,6.28%,0,0.00%,262711.94,1.37%
3120,Exit long,SHORT,1/28/2025 21:00,"102,597.37",12.27108,-3731.39,-0.30%,5426.27,0.43%,-6227.7,-0.49%,258980.53,-0.30%
3120,Entry long,LONG,1/28/2025 12:00,"102,901.45",12.27108,-3731.39,-0.30%,5426.27,0.43%,-6227.7,-0.49%,258980.53,-0.30%
3121,Exit short,LONG,1/29/2025 13:00,"102,262.00",12.27108,4115.35,0.33%,28526.46,2.27%,-14757.57,-1.17%,263095.88,0.33%
3121,Entry short,SHORT,1/28/2025 21:00,"102,597.37",12.27108,4115.35,0.33%,28526.46,2.27%,-14757.57,-1.17%,263095.88,0.33%
3122,Exit long,SHORT,1/29/2025 21:00,"101,836.23",12.35156,-5258.92,-0.42%,9115.45,0.72%,-6946.64,-0.55%,257836.97,-0.42%
3122,Entry long,LONG,1/29/2025 13:00,"102,262.00",12.35156,-5258.92,-0.42%,9115.45,0.72%,-6946.64,-0.55%,257836.97,-0.42%
3123,Exit short,LONG,1/30/2025 3:00,"103,584.00",12.35156,-21587.69,-1.72%,5388,0.43%,-26713.58,-2.12%,236249.28,-1.72%
3123,Entry short,SHORT,1/29/2025 21:00,"101,836.23",12.35156,-21587.69,-1.72%,5388,0.43%,-26713.58,-2.12%,236249.28,-1.72%
3124,Exit long,SHORT,1/31/2025 7:00,"104,722.94",11.93475,13592.96,1.10%,34293.79,2.77%,-8545.28,-0.69%,249842.25,1.10%
3124,Entry long,LONG,1/30/2025 3:00,"103,584.00",11.93475,13592.96,1.10%,34293.79,2.77%,-8545.28,-0.69%,249842.25,1.10%
3125,Exit short,LONG,1/31/2025 21:00,"104,664.01",11.93475,703.31,0.06%,9462.47,0.76%,-3736.65,-0.30%,250545.56,0.06%
3125,Entry short,SHORT,1/31/2025 7:00,"104,722.94",11.93475,703.31,0.06%,9462.47,0.76%,-3736.65,-0.30%,250545.56,0.06%
3126,Exit long,SHORT,1/31/2025 22:00,"104,443.99",11.94818,-2628.84,-0.21%,2341.72,0.19%,-6667.2,-0.53%,247916.72,-0.21%
3126,Entry long,LONG,1/31/2025 21:00,"104,664.01",11.94818,-2628.84,-0.21%,2341.72,0.19%,-6667.2,-0.53%,247916.72,-0.21%
3127,Exit short,LONG,1/31/2025 23:00,"105,464.00",11.94819,-12187.27,-0.98%,0,0.00%,-18734.88,-1.50%,235729.45,-0.98%
3127,Entry short,SHORT,1/31/2025 22:00,"104,443.99",11.94819,-12187.27,-0.98%,0,0.00%,-18734.88,-1.50%,235729.45,-0.98%
3128,Exit long,SHORT,2/1/2025 1:00,"104,580.87",11.71707,-10347.7,-0.84%,1293.56,0.10%,-10803.14,-0.87%,225381.75,-0.84%
3128,Entry long,LONG,1/31/2025 23:00,"105,464.00",11.71707,-10347.7,-0.84%,1293.56,0.10%,-10803.14,-0.87%,225381.75,-0.84%
3129,Exit short,LONG,2/3/2025 23:00,"98,842.00",11.71707,67242.74,5.49%,156421.36,12.77%,-2801.9,-0.23%,292624.5,5.49%
3129,Entry short,SHORT,2/1/2025 1:00,"104,580.87",11.71707,67242.74,5.49%,156421.36,12.77%,-2801.9,-0.23%,292624.5,5.49%
3130,Exit long,SHORT,2/4/2025 13:00,"98,866.00",13.07768,313.86,0.02%,47838.29,3.70%,-10506.87,-0.81%,292938.34,0.02%
3130,Entry long,LONG,2/3/2025 23:00,"98,842.00",13.07768,313.86,0.02%,47838.29,3.70%,-10506.87,-0.81%,292938.34,0.02%
3131,Exit short,LONG,2/5/2025 21:00,"98,570.00",13.07768,3870.99,0.30%,35518.98,2.75%,-25003.61,-1.93%,296809.34,0.30%
3131,Entry short,SHORT,2/4/2025 13:00,"98,866.00",13.07768,3870.99,0.30%,35518.98,2.75%,-25003.61,-1.93%,296809.34,0.30%
3132,Exit long,SHORT,2/6/2025 0:00,"97,974.01",13.15622,-7840.98,-0.60%,7617.45,0.59%,-16353.31,-1.26%,288968.38,-0.60%
3132,Entry long,LONG,2/5/2025 21:00,"98,570.00",13.15622,-7840.98,-0.60%,7617.45,0.59%,-16353.31,-1.26%,288968.38,-0.60%
3133,Exit short,LONG,2/6/2025 13:00,"97,831.47",13.15622,1875.29,0.15%,23931.3,1.86%,-3714.66,-0.29%,290843.66,0.15%
3133,Entry short,SHORT,2/6/2025 0:00,"97,974.01",13.15622,1875.29,0.15%,23931.3,1.86%,-3714.66,-0.29%,290843.66,0.15%
3134,Exit long,SHORT,2/7/2025 0:00,"96,586.96",13.19456,-16420.76,-1.27%,17001.59,1.32%,-18887.62,-1.46%,274422.9,-1.27%
3134,Entry long,LONG,2/6/2025 13:00,"97,831.47",13.19456,-16420.76,-1.27%,17001.59,1.32%,-18887.62,-1.46%,274422.9,-1.27%
3135,Exit short,LONG,2/7/2025 13:00,"97,338.20",13.19456,-9912.28,-0.78%,12011.27,0.94%,-17102.26,-1.34%,264510.62,-0.78%
3135,Entry short,SHORT,2/7/2025 0:00,"96,586.96",13.19456,-9912.28,-0.78%,12011.27,0.94%,-17102.26,-1.34%,264510.62,-0.78%
3136,Exit long,SHORT,2/7/2025 14:00,"96,746.87",12.99089,-7681.9,-0.61%,316.07,0.02%,-10031.56,-0.79%,256828.72,-0.61%
3136,Entry long,LONG,2/7/2025 13:00,"97,338.20",12.99089,-7681.9,-0.61%,316.07,0.02%,-10031.56,-0.79%,256828.72,-0.61%
3137,Exit short,LONG,2/7/2025 19:00,"97,749.99",12.99089,-13031.42,-1.04%,1735.97,0.14%,-13031.55,-1.04%,243797.3,-1.04%
3137,Entry short,SHORT,2/7/2025 14:00,"96,746.87",12.99089,-13031.42,-1.04%,1735.97,0.14%,-13031.55,-1.04%,243797.3,-1.04%
3138,Exit long,SHORT,2/8/2025 4:00,"95,764.30",12.72426,-25266.44,-2.03%,30385.53,2.44%,-27098.22,-2.18%,218530.86,-2.03%
3138,Entry long,LONG,2/7/2025 19:00,"97,749.99",12.72426,-25266.44,-2.03%,30385.53,2.44%,-27098.22,-2.18%,218530.86,-2.03%
3139,Exit short,LONG,2/9/2025 2:00,"96,512.00",12.72427,-9513.94,-0.78%,1680.49,0.14%,-14196.47,-1.17%,209016.92,-0.78%
3139,Entry short,SHORT,2/8/2025 4:00,"95,764.30",12.72427,-9513.94,-0.78%,1680.49,0.14%,-14196.47,-1.17%,209016.92,-0.78%
3140,Exit long,SHORT,2/9/2025 19:00,"96,554.01",12.52711,526.26,0.04%,10160.61,0.84%,-1922.91,-0.16%,209543.19,0.04%
3140,Entry long,LONG,2/9/2025 2:00,"96,512.00",12.52711,526.26,0.04%,10160.61,0.84%,-1922.91,-0.16%,209543.19,0.04%
3141,Exit short,LONG,2/10/2025 11:00,"96,814.97",12.52711,-3269.07,-0.27%,23062.54,1.91%,-7233.9,-0.60%,206274.11,-0.27%
3141,Entry short,SHORT,2/9/2025 19:00,"96,554.01",12.52711,-3269.07,-0.27%,23062.54,1.91%,-7233.9,-0.60%,206274.11,-0.27%
3142,Exit long,SHORT,2/11/2025 21:00,"96,799.53",12.45957,-192.38,-0.02%,20725.87,1.72%,-2269.64,-0.19%,206081.73,-0.02%
3142,Entry long,LONG,2/10/2025 11:00,"96,814.97",12.45957,-192.38,-0.02%,20725.87,1.72%,-2269.64,-0.19%,206081.73,-0.02%
3143,Exit short,LONG,2/13/2025 1:00,"97,354.88",12.45958,-6919.43,-0.57%,33781.66,2.80%,-11219.48,-0.93%,199162.31,-0.57%
3143,Entry short,SHORT,2/11/2025 21:00,"96,799.53",12.45958,-6919.43,-0.57%,33781.66,2.80%,-11219.48,-0.93%,199162.31,-0.57%
3144,Exit long,SHORT,2/13/2025 15:00,"96,070.23",12.31743,-15823.59,-1.32%,9424.19,0.79%,-19152.12,-1.60%,183338.72,-1.32%
3144,Entry long,LONG,2/13/2025 1:00,"97,354.88",12.31743,-15823.59,-1.32%,9424.19,0.79%,-19152.12,-1.60%,183338.72,-1.32%
3145,Exit short,LONG,2/14/2025 5:00,"96,487.99",12.31743,-5145.73,-0.43%,10505.17,0.89%,-8677.38,-0.73%,178193,-0.43%
3145,Entry short,SHORT,2/13/2025 15:00,"96,070.23",12.31743,-5145.73,-0.43%,10505.17,0.89%,-8677.38,-0.73%,178193,-0.43%
3146,Exit long,SHORT,2/16/2025 0:00,"97,535.39",12.21077,12789.56,1.09%,28548.9,2.42%,-2871.61,-0.24%,190982.55,1.09%
3146,Entry long,LONG,2/14/2025 5:00,"96,487.99",12.21077,12789.56,1.09%,28548.9,2.42%,-2871.61,-0.24%,190982.55,1.09%
3147,Exit short,LONG,2/16/2025 8:00,"97,594.58",12.21077,-722.76,-0.06%,2820.81,0.24%,-2514.93,-0.21%,190259.8,-0.06%
3147,Entry short,SHORT,2/16/2025 0:00,"97,535.39",12.21077,-722.76,-0.06%,2820.81,0.24%,-2514.93,-0.21%,190259.8,-0.06%
3148,Exit long,SHORT,2/16/2025 15:00,"97,248.98",12.19596,-4214.92,-0.35%,1066.66,0.09%,-4665.93,-0.39%,186044.88,-0.35%
3148,Entry long,LONG,2/16/2025 8:00,"97,594.58",12.19596,-4214.92,-0.35%,1066.66,0.09%,-4665.93,-0.39%,186044.88,-0.35%
3149,Exit short,LONG,2/17/2025 22:00,"96,800.00",12.19596,5475.74,0.46%,17671.7,1.49%,-1706.34,-0.14%,191520.61,0.46%
3149,Entry short,SHORT,2/16/2025 15:00,"97,248.98",12.19596,5475.74,0.46%,17671.7,1.49%,-1706.34,-0.14%,191520.61,0.46%
3150,Exit long,SHORT,2/17/2025 23:00,"95,659.45",12.30909,-14039.13,-1.18%,1217.37,0.10%,-15214.03,-1.28%,177481.48,-1.18%
3150,Entry long,LONG,2/17/2025 22:00,"96,800.00",12.30909,-14039.13,-1.18%,1217.37,0.10%,-15214.03,-1.28%,177481.48,-1.18%
3151,Exit short,LONG,2/19/2025 9:00,"95,480.00",12.30909,2208.87,0.19%,27958.38,2.37%,-13471.81,-1.14%,179690.34,0.19%
3151,Entry short,SHORT,2/17/2025 23:00,"95,659.45",12.30909,2208.87,0.19%,27958.38,2.37%,-13471.81,-1.14%,179690.34,0.19%
3152,Exit long,SHORT,2/22/2025 3:00,"95,285.11",12.35536,-2407.94,-0.20%,49359.66,4.18%,-5560.04,-0.47%,177282.4,-0.20%
3152,Entry long,LONG,2/19/2025 9:00,"95,480.00",12.35536,-2407.94,-0.20%,49359.66,4.18%,-5560.04,-0.47%,177282.4,-0.20%
3153,Exit short,LONG,2/22/2025 19:00,"96,580.00",12.35536,-15998.83,-1.36%,5104.74,0.43%,-16388.4,-1.39%,161283.58,-1.36%
3153,Entry short,SHORT,2/22/2025 3:00,"95,285.11",12.35536,-15998.83,-1.36%,5104.74,0.43%,-16388.4,-1.39%,161283.58,-1.36%
3154,Exit long,SHORT,2/23/2025 0:00,"96,504.01",12.02405,-913.71,-0.08%,4809.62,0.41%,-1503.01,-0.13%,160369.88,-0.08%
3154,Entry long,LONG,2/22/2025 19:00,"96,580.00",12.02405,-913.71,-0.08%,4809.62,0.41%,-1503.01,-0.13%,160369.88,-0.08%
3155,Exit short,LONG,2/23/2025 6:00,"96,634.06",12.02405,-1563.73,-0.13%,1906.05,0.16%,-3841.92,-0.33%,158806.14,-0.13%
3155,Entry short,SHORT,2/23/2025 0:00,"96,504.01",12.02405,-1563.73,-0.13%,1906.05,0.16%,-3841.92,-0.33%,158806.14,-0.13%
3156,Exit long,SHORT,2/23/2025 7:00,"96,551.01",11.99169,-995.91,-0.09%,291.88,0.03%,-1940.74,-0.17%,157810.23,-0.09%
3156,Entry long,LONG,2/23/2025 6:00,"96,634.06",11.99169,-995.91,-0.09%,291.88,0.03%,-1940.74,-0.17%,157810.23,-0.09%
3157,Exit short,LONG,2/23/2025 8:00,"96,643.47",11.99169,-1108.75,-0.10%,707.63,0.06%,-1187.06,-0.10%,156701.48,-0.10%
3157,Entry short,SHORT,2/23/2025 7:00,"96,551.01",11.99169,-1108.75,-0.10%,707.63,0.06%,-1187.06,-0.10%,156701.48,-0.10%
3158,Exit long,SHORT,2/23/2025 10:00,"96,410.28",11.96875,-2790.99,-0.24%,0,0.00%,-3450.59,-0.30%,153910.48,-0.24%
3158,Entry long,LONG,2/23/2025 8:00,"96,643.47",11.96875,-2790.99,-0.24%,0,0.00%,-3450.59,-0.30%,153910.48,-0.24%
3159,Exit short,LONG,2/24/2025 8:00,"96,247.36",11.96874,1949.95,0.17%,14151.12,1.23%,-1864.25,-0.16%,155860.44,0.17%
3159,Entry short,SHORT,2/23/2025 10:00,"96,410.28",11.96874,1949.95,0.17%,14151.12,1.23%,-1864.25,-0.16%,155860.44,0.17%
3160,Exit long,SHORT,2/24/2025 10:00,"95,829.36",12.00927,-5019.87,-0.43%,1108.1,0.10%,-5940.75,-0.51%,150840.56,-0.43%
3160,Entry long,LONG,2/24/2025 8:00,"96,247.36",12.00927,-5019.87,-0.43%,1108.1,0.10%,-5940.75,-0.51%,150840.56,-0.43%
3161,Exit short,LONG,2/26/2025 10:00,"89,018.86",12.00926,81789.06,7.11%,117430.98,10.20%,-4177.06,-0.36%,232629.62,7.11%
3161,Entry short,SHORT,2/24/2025 10:00,"95,829.36",12.00926,81789.06,7.11%,117430.98,10.20%,-4177.06,-0.36%,232629.62,7.11%
3162,Exit long,SHORT,2/26/2025 12:00,"88,693.96",13.84683,-4498.83,-0.36%,5473.51,0.44%,-4787.54,-0.39%,228130.8,-0.36%
3162,Entry long,LONG,2/26/2025 10:00,"89,018.86",13.84683,-4498.83,-0.36%,5473.51,0.44%,-4787.54,-0.39%,228130.8,-0.36%
3163,Exit short,LONG,2/26/2025 18:00,"89,262.67",13.84683,-7874.83,-0.64%,7698.28,0.63%,-8591.82,-0.70%,220255.97,-0.64%
3163,Entry short,SHORT,2/26/2025 12:00,"88,693.96",13.84683,-7874.83,-0.64%,7698.28,0.63%,-8591.82,-0.70%,220255.97,-0.64%
3164,Exit long,SHORT,2/26/2025 19:00,"88,616.80",13.67039,-8829.29,-0.72%,100.2,0.01%,-9953.68,-0.82%,211426.67,-0.72%
3164,Entry long,LONG,2/26/2025 18:00,"89,262.67",13.67039,-8829.29,-0.72%,100.2,0.01%,-9953.68,-0.82%,211426.67,-0.72%
3165,Exit short,LONG,2/27/2025 14:00,"86,265.84",13.67039,32138.54,2.65%,86954.48,7.18%,-781.95,-0.06%,243565.2,2.65%
3165,Entry short,SHORT,2/26/2025 19:00,"88,616.80",13.67039,32138.54,2.65%,86954.48,7.18%,-781.95,-0.06%,243565.2,2.65%
3166,Exit long,SHORT,2/27/2025 22:00,"84,969.99",14.41549,-18680.31,-1.50%,11714.32,0.94%,-18946.71,-1.52%,224884.89,-1.50%
3166,Entry long,LONG,2/27/2025 14:00,"86,265.84",14.41549,-18680.31,-1.50%,11714.32,0.94%,-18946.71,-1.52%,224884.89,-1.50%
3167,Exit short,LONG,2/28/2025 23:00,"84,005.05",14.4155,13910.09,1.14%,96749.2,7.90%,-16945.85,-1.38%,238794.98,1.14%
3167,Entry short,SHORT,2/27/2025 22:00,"84,969.99",14.4155,13910.09,1.14%,96749.2,7.90%,-16945.85,-1.38%,238794.98,1.14%
3168,Exit long,SHORT,3/1/2025 19:00,"84,632.79",14.74667,9257.07,0.75%,37647.51,3.04%,-11920.32,-0.96%,248052.06,0.75%
3168,Entry long,LONG,2/28/2025 23:00,"84,005.05",14.74667,9257.07,0.75%,37647.51,3.04%,-11920.32,-0.96%,248052.06,0.75%
3169,Exit short,LONG,3/2/2025 2:00,"85,327.58",14.74667,-10245.84,-0.82%,4400.41,0.35%,-10921.53,-0.88%,237806.22,-0.82%
3169,Entry short,SHORT,3/1/2025 19:00,"84,632.79",14.74667,-10245.84,-0.82%,4400.41,0.35%,-10921.53,-0.88%,237806.22,-0.82%
3170,Exit long,SHORT,3/2/2025 22:00,"85,107.45",14.50652,-3193.32,-0.26%,18312.89,1.48%,-4018.02,-0.32%,234612.9,-0.26%
3170,Entry long,LONG,3/2/2025 2:00,"85,327.58",14.50652,-3193.32,-0.26%,18312.89,1.48%,-4018.02,-0.32%,234612.9,-0.26%
3171,Exit short,LONG,3/3/2025 0:00,"91,200.00",14.50651,-88381.64,-7.16%,463.92,0.04%,-99406.44,-8.05%,146231.27,-7.16%
3171,Entry short,SHORT,3/2/2025 22:00,"85,107.45",14.50651,-88381.64,-7.16%,463.92,0.04%,-99406.44,-8.05%,146231.27,-7.16%
3172,Exit long,SHORT,3/3/2025 16:00,"91,477.54",12.56832,3488.21,0.30%,47759.62,4.17%,-7088.53,-0.62%,149719.48,0.30%
3172,Entry long,LONG,3/3/2025 0:00,"91,200.00",12.56832,3488.21,0.30%,47759.62,4.17%,-7088.53,-0.62%,149719.48,0.30%
3173,Exit short,LONG,3/3/2025 20:00,"93,027.35",12.56832,-19478.51,-1.69%,3610.5,0.31%,-22346.98,-1.94%,130240.97,-1.69%
3173,Entry short,SHORT,3/3/2025 16:00,"91,477.54",12.56832,-19478.51,-1.69%,3610.5,0.31%,-22346.98,-1.94%,130240.97,-1.69%
3174,Exit long,SHORT,3/4/2025 2:00,"87,132.80",12.14955,-71616.13,-6.34%,8432.03,0.75%,-75878.44,-6.71%,58624.84,-6.34%
3174,Entry long,LONG,3/3/2025 20:00,"93,027.35",12.14955,-71616.13,-6.34%,8432.03,0.75%,-75878.44,-6.71%,58624.84,-6.34%
3175,Exit short,LONG,3/5/2025 2:00,"86,764.25",12.14955,4477.72,0.42%,68435.98,6.46%,-7184.39,-0.68%,63102.56,0.42%
3175,Entry short,SHORT,3/4/2025 2:00,"87,132.80",12.14955,4477.72,0.42%,68435.98,6.46%,-7184.39,-0.68%,63102.56,0.42%
3176,Exit long,SHORT,3/6/2025 20:00,"90,102.02",12.25277,40896.93,3.85%,74085.02,6.97%,-5265.26,-0.50%,103999.48,3.85%
3176,Entry long,LONG,3/5/2025 2:00,"86,764.25",12.25277,40896.93,3.85%,74085.02,6.97%,-5265.26,-0.50%,103999.48,3.85%
3177,Exit short,LONG,3/7/2025 16:00,"88,365.77",12.25277,21273.87,1.93%,66593.68,6.03%,-16602.62,-1.50%,125273.36,1.93%
3177,Entry short,SHORT,3/6/2025 20:00,"90,102.02",12.25277,21273.87,1.93%,66593.68,6.03%,-16602.62,-1.50%,125273.36,1.93%
3178,Exit long,SHORT,3/8/2025 2:00,"88,589.33",12.73426,2846.87,0.25%,34818.39,3.09%,-23061.74,-2.05%,128120.23,0.25%
3178,Entry long,LONG,3/7/2025 16:00,"88,365.77",12.73426,2846.87,0.25%,34818.39,3.09%,-23061.74,-2.05%,128120.23,0.25%
3179,Exit short,LONG,3/9/2025 7:00,"86,222.46",12.73426,30140.34,2.67%,42925.41,3.81%,-4102.72,-0.36%,158260.56,2.67%
3179,Entry short,SHORT,3/8/2025 2:00,"88,589.33",12.73426,30140.34,2.67%,42925.41,3.81%,-4102.72,-0.36%,158260.56,2.67%
3180,Exit long,SHORT,3/9/2025 12:00,"86,053.74",13.4334,-2266.48,-0.20%,3728.31,0.32%,-3796.41,-0.33%,155994.08,-0.20%
3180,Entry long,LONG,3/9/2025 7:00,"86,222.46",13.4334,-2266.48,-0.20%,3728.31,0.32%,-3796.41,-0.33%,155994.08,-0.20%
3181,Exit short,LONG,3/10/2025 14:00,"82,333.81",13.43339,49971.27,4.32%,81322.25,7.03%,-1411.71,-0.12%,205965.36,4.32%
3181,Entry short,SHORT,3/9/2025 12:00,"86,053.74",13.43339,49971.27,4.32%,81322.25,7.03%,-1411.71,-0.12%,205965.36,4.32%
3182,Exit long,SHORT,3/10/2025 16:00,"81,350.46",14.64765,-14403.77,-1.19%,5180.73,0.43%,-17325.39,-1.44%,191561.6,-1.19%
3182,Entry long,LONG,3/10/2025 14:00,"82,333.81",14.64765,-14403.77,-1.19%,5180.73,0.43%,-17325.39,-1.44%,191561.6,-1.19%
3183,Exit short,LONG,3/10/2025 19:00,"83,582.00",14.64726,-32685.95,-2.74%,368.23,0.03%,-40616.85,-3.41%,158875.64,-2.74%
3183,Entry short,SHORT,3/10/2025 16:00,"81,350.46",14.64726,-32685.95,-2.74%,368.23,0.03%,-40616.85,-3.41%,158875.64,-2.74%
3184,Exit long,SHORT,3/10/2025 21:00,"81,528.93",13.86513,-28466.08,-2.46%,2633.54,0.23%,-29927.74,-2.58%,130409.56,-2.46%
3184,Entry long,LONG,3/10/2025 19:00,"83,582.00",13.86513,-28466.08,-2.46%,2633.54,0.23%,-29927.74,-2.58%,130409.56,-2.46%
3185,Exit short,LONG,3/11/2025 15:00,"80,424.94",13.86513,15306.97,1.35%,68257.06,6.04%,0,0.00%,145716.52,1.35%
3185,Entry short,SHORT,3/10/2025 21:00,"81,528.93",13.86513,15306.97,1.35%,68257.06,6.04%,0,0.00%,145716.52,1.35%
3186,Exit long,SHORT,3/12/2025 12:00,"81,811.05",14.24578,19746.22,1.72%,47841.89,4.18%,-19473.13,-1.70%,165462.73,1.72%
3186,Entry long,LONG,3/11/2025 15:00,"80,424.94",14.24578,19746.22,1.72%,47841.89,4.18%,-19473.13,-1.70%,165462.73,1.72%
3187,Exit short,LONG,3/12/2025 19:00,"83,004.45",14.24578,-17000.91,-1.46%,7337.29,0.63%,-18031.45,-1.55%,148461.83,-1.46%
3187,Entry short,SHORT,3/12/2025 12:00,"81,811.05",14.24578,-17000.91,-1.46%,7337.29,0.63%,-18031.45,-1.55%,148461.83,-1.46%
3188,Exit long,SHORT,3/13/2025 1:00,"81,844.41",13.83614,-16050.48,-1.40%,21244.01,1.85%,-33162.46,-2.89%,132411.34,-1.40%
3188,Entry long,LONG,3/12/2025 19:00,"83,004.45",13.83614,-16050.48,-1.40%,21244.01,1.85%,-33162.46,-2.89%,132411.34,-1.40%
3189,Exit short,LONG,3/13/2025 3:00,"82,915.94",13.83614,-14825.84,-1.31%,1679.85,0.15%,-18278.23,-1.61%,117585.52,-1.31%
3189,Entry short,SHORT,3/13/2025 1:00,"81,844.41",13.83614,-14825.84,-1.31%,1679.85,0.15%,-18278.23,-1.61%,117585.52,-1.31%
3190,Exit long,SHORT,3/13/2025 13:00,"83,157.16",13.47853,3251.29,0.29%,19144.77,1.71%,-2784.39,-0.25%,120836.81,0.29%
3190,Entry long,LONG,3/13/2025 3:00,"82,915.94",13.47853,3251.29,0.29%,19144.77,1.71%,-2784.39,-0.25%,120836.81,0.29%
3191,Exit short,LONG,3/14/2025 12:00,"81,948.17",13.47853,16295.41,1.45%,43363.93,3.87%,-10012.39,-0.89%,137132.2,1.45%
3191,Entry short,SHORT,3/13/2025 13:00,"83,157.16",13.47853,16295.41,1.45%,43363.93,3.87%,-10012.39,-0.89%,137132.2,1.45%
3192,Exit long,SHORT,3/15/2025 17:00,"83,966.95",13.87624,28013.08,2.46%,46645.54,4.10%,-2332.46,-0.21%,165145.28,2.46%
3192,Entry long,LONG,3/14/2025 12:00,"81,948.17",13.87624,28013.08,2.46%,46645.54,4.10%,-2332.46,-0.21%,165145.28,2.46%
3193,Exit short,LONG,3/15/2025 19:00,"84,103.74",13.87623,-1898.13,-0.16%,4158.98,0.36%,-3019.88,-0.26%,163247.16,-0.16%
3193,Entry short,SHORT,3/15/2025 17:00,"83,966.95",13.87623,-1898.13,-0.16%,4158.98,0.36%,-3019.88,-0.26%,163247.16,-0.16%
3194,Exit long,SHORT,3/16/2025 18:00,"83,666.98",13.83109,-6040.87,-0.52%,5477.11,0.47%,-6289,-0.54%,157206.3,-0.52%
3194,Entry long,LONG,3/15/2025 19:00,"84,103.74",13.83109,-6040.87,-0.52%,5477.11,0.47%,-6289,-0.54%,157206.3,-0.52%
3195,Exit short,LONG,3/17/2025 11:00,"83,675.64",13.83109,-119.78,-0.01%,23317.28,2.01%,-20055.91,-1.73%,157086.52,-0.01%
3195,Entry short,SHORT,3/16/2025 18:00,"83,666.98",13.83109,-119.78,-0.01%,23317.28,2.01%,-20055.91,-1.73%,157086.52,-0.01%
3196,Exit long,SHORT,3/17/2025 22:00,"82,913.03",13.82823,-10545.55,-0.91%,4485.32,0.39%,-16865.46,-1.46%,146540.97,-0.91%
3196,Entry long,LONG,3/17/2025 11:00,"83,675.64",13.82823,-10545.55,-0.91%,4485.32,0.39%,-16865.46,-1.46%,146540.97,-0.91%
3197,Exit short,LONG,3/18/2025 2:00,"84,496.57",13.82823,-21897.55,-1.91%,2854.84,0.25%,-23120.38,-2.02%,124643.41,-1.91%
3197,Entry short,SHORT,3/17/2025 22:00,"82,913.03",13.82823,-21897.55,-1.91%,2854.84,0.25%,-23120.38,-2.02%,124643.41,-1.91%
3198,Exit long,SHORT,3/18/2025 10:00,"83,367.65",13.30992,-15025.83,-1.34%,3464.04,0.31%,-19714.39,-1.75%,109617.58,-1.34%
3198,Entry long,LONG,3/18/2025 2:00,"84,496.57",13.30992,-15025.83,-1.34%,3464.04,0.31%,-19714.39,-1.75%,109617.58,-1.34%
3199,Exit short,LONG,3/19/2025 8:00,"83,118.00",13.30992,3322.82,0.30%,29720.92,2.68%,-1126.68,-0.10%,112940.4,0.30%
3199,Entry short,SHORT,3/18/2025 10:00,"83,367.65",13.30992,3322.82,0.30%,29720.92,2.68%,-1126.68,-0.10%,112940.4,0.30%
3200,Exit long,SHORT,3/21/2025 0:00,"83,802.01",13.38988,9158.81,0.82%,58054.1,5.22%,-7643.48,-0.69%,122099.21,0.82%
3200,Entry long,LONG,3/19/2025 8:00,"83,118.00",13.38988,9158.81,0.82%,58054.1,5.22%,-7643.48,-0.69%,122099.21,0.82%
3201,Exit short,LONG,3/21/2025 10:00,"84,685.39",13.38988,-11828.35,-1.05%,808.61,0.07%,-14036.88,-1.25%,110270.86,-1.05%
3201,Entry short,SHORT,3/21/2025 0:00,"83,802.01",13.38988,-11828.35,-1.05%,808.61,0.07%,-14036.88,-1.25%,110270.86,-1.05%
3202,Exit long,SHORT,3/21/2025 16:00,"84,022.31",13.11053,-8693.33,-0.78%,1488.57,0.13%,-12912.82,-1.16%,101577.52,-0.78%
3202,Entry long,LONG,3/21/2025 10:00,"84,685.39",13.11053,-8693.33,-0.78%,1488.57,0.13%,-12912.82,-1.16%,101577.52,-0.78%
3203,Exit short,LONG,3/22/2025 1:00,"84,024.12",13.11053,-23.73,0.00%,11105.41,1.01%,-4407.76,-0.40%,101553.8,0.00%
3203,Entry short,SHORT,3/21/2025 16:00,"84,022.31",13.11053,-23.73,0.00%,11105.41,1.01%,-4407.76,-0.40%,101553.8,0.00%
3204,Exit long,SHORT,3/22/2025 21:00,"84,168.31",13.10997,1890.33,0.17%,7340.01,0.67%,-2938.21,-0.27%,103444.13,0.17%
3204,Entry long,LONG,3/22/2025 1:00,"84,024.12",13.10997,1890.33,0.17%,7340.01,0.67%,-2938.21,-0.27%,103444.13,0.17%
3205,Exit short,LONG,3/23/2025 11:00,"84,224.39",13.10997,-735.21,-0.07%,7121.47,0.65%,-1988.65,-0.18%,102708.91,-0.07%
3205,Entry short,SHORT,3/22/2025 21:00,"84,168.31",13.10997,-735.21,-0.07%,7121.47,0.65%,-1988.65,-0.18%,102708.91,-0.07%
3206,Exit long,SHORT,3/25/2025 11:00,"86,520.89",13.09251,30066.95,2.73%,59453.61,5.39%,-2018.47,-0.18%,132775.86,2.73%
3206,Entry long,LONG,3/23/2025 11:00,"84,224.39",13.09251,30066.95,2.73%,59453.61,5.39%,-2018.47,-0.18%,132775.86,2.73%
3207,Exit short,LONG,3/25/2025 19:00,"87,370.44",13.09251,-11122.74,-0.98%,2761.08,0.24%,-12819.01,-1.13%,121653.13,-0.98%
3207,Entry short,SHORT,3/25/2025 11:00,"86,520.89",13.09251,-11122.74,-0.98%,2761.08,0.24%,-12819.01,-1.13%,121653.13,-0.98%
3208,Exit long,SHORT,3/26/2025 6:00,"87,464.72",12.8379,1210.36,0.11%,15009.94,1.34%,-5661.26,-0.50%,122863.48,0.11%
3208,Entry long,LONG,3/25/2025 19:00,"87,370.44",12.8379,1210.36,0.11%,15009.94,1.34%,-5661.26,-0.50%,122863.48,0.11%
3209,Exit short,LONG,3/26/2025 15:00,"88,140.45",12.8379,-8674.95,-0.77%,5573.7,0.50%,-10402.29,-0.93%,114188.52,-0.77%
3209,Entry short,SHORT,3/26/2025 6:00,"87,464.72",12.8379,-8674.95,-0.77%,5573.7,0.50%,-10402.29,-0.93%,114188.52,-0.77%
3210,Exit long,SHORT,3/26/2025 21:00,"86,841.30",12.64105,-16422.62,-1.47%,1508.84,0.14%,-17968.62,-1.61%,97765.91,-1.47%
3210,Entry long,LONG,3/26/2025 15:00,"88,140.45",12.64105,-16422.62,-1.47%,1508.84,0.14%,-17968.62,-1.61%,97765.91,-1.47%
3211,Exit short,LONG,3/27/2025 10:00,"87,575.38",12.64105,-9279.54,-0.85%,12404.66,1.13%,-11567.7,-1.05%,88486.37,-0.85%
3211,Entry short,SHORT,3/26/2025 21:00,"86,841.30",12.64105,-9279.54,-0.85%,12404.66,1.13%,-11567.7,-1.05%,88486.37,-0.85%
3212,Exit long,SHORT,3/27/2025 18:00,"87,195.59",12.42913,-4720.46,-0.43%,1441.28,0.13%,-5796.82,-0.53%,83765.91,-0.43%
3212,Entry long,LONG,3/27/2025 10:00,"87,575.38",12.42913,-4720.46,-0.43%,1441.28,0.13%,-5796.82,-0.53%,83765.91,-0.43%
3213,Exit short,LONG,3/30/2025 10:00,"83,330.00",12.42913,48045.92,4.43%,68991.37,6.37%,-6620.75,-0.61%,131811.83,4.43%
3213,Entry short,SHORT,3/27/2025 18:00,"87,195.59",12.42913,48045.92,4.43%,68991.37,6.37%,-6620.75,-0.61%,131811.83,4.43%
3214,Exit long,SHORT,3/30/2025 21:00,"82,678.42",13.58228,-8849.94,-0.78%,2779.48,0.25%,-10677.98,-0.94%,122961.88,-0.78%
3214,Entry long,LONG,3/30/2025 10:00,"83,330.00",13.58228,-8849.94,-0.78%,2779.48,0.25%,-10677.98,-0.94%,122961.88,-0.78%
3215,Exit short,LONG,3/31/2025 22:00,"83,499.18",13.58228,-11147.79,-0.99%,19013.83,1.69%,-14503.29,-1.29%,111814.09,-0.99%
3215,Entry short,SHORT,3/30/2025 21:00,"82,678.42",13.58228,-11147.79,-0.99%,19013.83,1.69%,-14503.29,-1.29%,111814.09,-0.99%
3216,Exit long,SHORT,4/1/2025 4:00,"82,431.32",13.31526,-14218.83,-1.28%,5910.64,0.53%,-15290.44,-1.38%,97595.26,-1.28%
3216,Entry long,LONG,3/31/2025 22:00,"83,499.18",13.31526,-14218.83,-1.28%,5910.64,0.53%,-15290.44,-1.38%,97595.26,-1.28%
3217,Exit short,LONG,4/1/2025 11:00,"82,962.84",13.31526,-7077.33,-0.64%,2213.26,0.20%,-10991.48,-1.00%,90517.93,-0.64%
3217,Entry short,SHORT,4/1/2025 4:00,"82,431.32",13.31526,-7077.33,-0.64%,2213.26,0.20%,-10991.48,-1.00%,90517.93,-0.64%
3218,Exit long,SHORT,4/2/2025 11:00,"84,550.00",13.14465,20862.66,1.91%,34394.56,3.15%,-5505.51,-0.50%,111380.59,1.91%
3218,Entry long,LONG,4/1/2025 11:00,"82,962.84",13.14465,20862.66,1.91%,34394.56,3.15%,-5505.51,-0.50%,111380.59,1.91%
3219,Exit short,LONG,4/2/2025 21:00,"85,215.79",13.14465,-8751.58,-0.79%,8481.98,0.76%,-20852.15,-1.88%,102629.02,-0.79%
3219,Entry short,SHORT,4/2/2025 11:00,"84,550.00",13.14465,-8751.58,-0.79%,8481.98,0.76%,-20852.15,-1.88%,102629.02,-0.79%
3220,Exit long,SHORT,4/3/2025 7:00,"82,516.28",12.93924,-34929.61,-3.17%,42495.18,3.85%,-37469.32,-3.40%,67699.41,-3.17%
3220,Entry long,LONG,4/2/2025 21:00,"85,215.79",12.93924,-34929.61,-3.17%,42495.18,3.85%,-37469.32,-3.40%,67699.41,-3.17%
3221,Exit short,LONG,4/4/2025 6:00,"82,743.46",12.93925,-2939.54,-0.28%,16886.24,1.58%,-19172.6,-1.80%,64759.87,-0.28%
3221,Entry short,SHORT,4/3/2025 7:00,"82,516.28",12.93925,-2939.54,-0.28%,16886.24,1.58%,-19172.6,-1.80%,64759.87,-0.28%
3222,Exit long,SHORT,4/5/2025 21:00,"82,755.29",12.8682,152.23,0.01%,25434.51,2.39%,-13955.05,-1.31%,64912.1,0.01%
3222,Entry long,LONG,4/4/2025 6:00,"82,743.46",12.8682,152.23,0.01%,25434.51,2.39%,-13955.05,-1.31%,64912.1,0.01%
3223,Exit short,LONG,4/6/2025 6:00,"83,188.40",12.8682,-5573.35,-0.52%,4829.95,0.45%,-6203.12,-0.58%,59338.75,-0.52%
3223,Entry short,SHORT,4/5/2025 21:00,"82,755.29",12.8682,-5573.35,-0.52%,4829.95,0.45%,-6203.12,-0.58%,59338.75,-0.52%
3224,Exit long,SHORT,4/6/2025 16:00,"83,034.27",12.7342,-1962.72,-0.19%,8012.74,0.76%,-5872.12,-0.55%,57376.04,-0.19%
3224,Entry long,LONG,4/6/2025 6:00,"83,188.40",12.7342,-1962.72,-0.19%,8012.74,0.76%,-5872.12,-0.55%,57376.04,-0.19%
3225,Exit short,LONG,4/7/2025 23:00,"78,479.91",12.73421,57996.18,5.48%,108575.31,10.27%,-1753.88,-0.17%,115372.21,5.48%
3225,Entry short,SHORT,4/6/2025 16:00,"83,034.27",12.73421,57996.18,5.48%,108575.31,10.27%,-1753.88,-0.17%,115372.21,5.48%
3226,Exit long,SHORT,4/8/2025 14:00,"79,447.29",14.2122,13748.6,1.23%,33939.87,3.04%,-16581.52,-1.49%,129120.81,1.23%
3226,Entry long,LONG,4/7/2025 23:00,"78,479.91",14.2122,13748.6,1.23%,33939.87,3.04%,-16581.52,-1.49%,129120.81,1.23%
3227,Exit short,LONG,4/9/2025 18:00,"77,191.16",14.2122,32064.57,2.84%,68606.41,6.08%,-13184.8,-1.17%,161185.38,2.84%
3227,Entry short,SHORT,4/8/2025 14:00,"79,447.29",14.2122,32064.57,2.84%,68606.41,6.08%,-13184.8,-1.17%,161185.38,2.84%
3228,Exit long,SHORT,4/9/2025 19:00,"76,230.01",15.04342,-14458.98,-1.25%,37.61,0.00%,-21576.78,-1.86%,146726.39,-1.25%
3228,Entry long,LONG,4/9/2025 18:00,"77,191.16",15.04342,-14458.98,-1.25%,37.61,0.00%,-21576.78,-1.86%,146726.39,-1.25%
3229,Exit short,LONG,4/10/2025 0:00,"78,267.69",15.04297,-30652.76,-2.67%,3306.44,0.29%,-32065.29,-2.80%,116073.64,-2.67%
3229,Entry short,SHORT,4/9/2025 19:00,"76,230.01",15.04297,-30652.76,-2.67%,3306.44,0.29%,-32065.29,-2.80%,116073.64,-2.67%
3230,Exit long,SHORT,4/10/2025 18:00,"81,766.04",14.2597,49885.42,4.47%,75866.02,6.80%,-8808.22,-0.79%,165959.06,4.47%
3230,Entry long,LONG,4/10/2025 0:00,"78,267.69",14.2597,49885.42,4.47%,75866.02,6.80%,-8808.22,-0.79%,165959.06,4.47%
3231,Exit short,LONG,4/11/2025 11:00,"80,843.00",14.25969,13162.27,1.13%,47080.93,4.04%,-9986.2,-0.86%,179121.33,1.13%
3231,Entry short,SHORT,4/10/2025 18:00,"81,766.04",14.25969,13162.27,1.13%,47080.93,4.04%,-9986.2,-0.86%,179121.33,1.13%
3232,Exit long,SHORT,4/13/2025 14:00,"84,608.70",14.58532,54923.94,4.66%,76675.02,6.50%,-4824.53,-0.41%,234045.27,4.66%
3232,Entry long,LONG,4/11/2025 11:00,"80,843.00",14.58532,54923.94,4.66%,76675.02,6.50%,-4824.53,-0.41%,234045.27,4.66%
3233,Exit short,LONG,4/14/2025 10:00,"85,140.69",14.58532,-7759.24,-0.63%,22964.15,1.86%,-13646.02,-1.11%,226286.02,-0.63%
3233,Entry short,SHORT,4/13/2025 14:00,"84,608.70",14.58532,-7759.24,-0.63%,22964.15,1.86%,-13646.02,-1.11%,226286.02,-0.63%
3234,Exit long,SHORT,4/16/2025 1:00,"84,483.23",14.40305,-9469.43,-0.77%,19526.65,1.59%,-20617.1,-1.68%,216816.6,-0.77%
3234,Entry long,LONG,4/14/2025 10:00,"85,140.69",14.40305,-9469.43,-0.77%,19526.65,1.59%,-20617.1,-1.68%,216816.6,-0.77%
3235,Exit short,LONG,4/16/2025 23:00,"84,846.58",14.40305,-5233.35,-0.43%,19755.08,1.62%,-11335.78,-0.93%,211583.23,-0.43%
3235,Entry short,SHORT,4/16/2025 1:00,"84,483.23",14.40305,-5233.35,-0.43%,19755.08,1.62%,-11335.78,-0.93%,211583.23,-0.43%
3236,Exit long,SHORT,4/18/2025 12:00,"84,663.70",14.27969,-2611.47,-0.22%,9330.64,0.77%,-22441.68,-1.85%,208971.77,-0.22%
3236,Entry long,LONG,4/16/2025 23:00,"84,846.58",14.27969,-2611.47,-0.22%,9330.64,0.77%,-22441.68,-1.85%,208971.77,-0.22%
3237,Exit short,LONG,4/19/2025 5:00,"84,621.58",14.27969,601.46,0.05%,5136.98,0.42%,-1590.33,-0.13%,209573.23,0.05%
3237,Entry short,SHORT,4/18/2025 12:00,"84,663.70",14.27969,601.46,0.05%,5136.98,0.42%,-1590.33,-0.13%,209573.23,0.05%
3238,Exit long,SHORT,4/19/2025 6:00,"84,521.49",14.2939,-1430.68,-0.12%,284.73,0.02%,-2801.03,-0.23%,208142.55,-0.12%
3238,Entry long,LONG,4/19/2025 5:00,"84,621.58",14.2939,-1430.68,-0.12%,284.73,0.02%,-2801.03,-0.23%,208142.55,-0.12%
3239,Exit short,LONG,4/19/2025 10:00,"84,785.80",14.2939,-3778.02,-0.31%,2563.47,0.21%,-4396.23,-0.36%,204364.53,-0.31%
3239,Entry short,SHORT,4/19/2025 6:00,"84,521.49",14.2939,-3778.02,-0.31%,2563.47,0.21%,-4396.23,-0.36%,204364.53,-0.31%
3240,Exit long,SHORT,4/20/2025 5:00,"85,339.53",14.20479,7865.62,0.65%,12673.37,1.05%,-1297.04,-0.11%,212230.16,0.65%
3240,Entry long,LONG,4/19/2025 10:00,"84,785.80",14.20479,7865.62,0.65%,12673.37,1.05%,-1297.04,-0.11%,212230.16,0.65%
3241,Exit short,LONG,4/20/2025 9:00,"85,320.16",14.20479,275.15,0.02%,4108.88,0.34%,-222.59,-0.02%,212505.3,0.02%
3241,Entry short,SHORT,4/20/2025 5:00,"85,339.53",14.20479,275.15,0.02%,4108.88,0.34%,-222.59,-0.02%,212505.3,0.02%
3242,Exit long,SHORT,4/20/2025 14:00,"84,955.43",14.21124,-5183.27,-0.43%,8.53,0.00%,-6651,-0.55%,207322.03,-0.43%
3242,Entry long,LONG,4/20/2025 9:00,"85,320.16",14.21124,-5183.27,-0.43%,8.53,0.00%,-6651,-0.55%,207322.03,-0.43%
3243,Exit short,LONG,4/21/2025 4:00,"85,127.58",14.21124,-2446.46,-0.20%,14295.23,1.18%,-4186.2,-0.35%,204875.56,-0.20%
3243,Entry short,SHORT,4/20/2025 14:00,"84,955.43",14.21124,-2446.46,-0.20%,14295.23,1.18%,-4186.2,-0.35%,204875.56,-0.20%
3244,Exit long,SHORT,4/22/2025 1:00,"86,847.38",14.15376,24341.64,2.02%,47251.06,3.92%,-6480.3,-0.54%,229217.2,2.02%
3244,Entry long,LONG,4/21/2025 4:00,"85,127.58",14.15376,24341.64,2.02%,47251.06,3.92%,-6480.3,-0.54%,229217.2,2.02%
3245,Exit short,LONG,4/22/2025 8:00,"87,709.86",14.15376,-12207.33,-0.99%,2971.02,0.24%,-12518.01,-1.02%,217009.88,-0.99%
3245,Entry short,SHORT,4/22/2025 1:00,"86,847.38",14.15376,-12207.33,-0.99%,2971.02,0.24%,-12518.01,-1.02%,217009.88,-0.99%
3246,Exit long,SHORT,4/23/2025 22:00,"92,940.05",13.8754,72570.98,5.96%,96936.18,7.97%,-2719.44,-0.22%,289580.84,5.96%
3246,Entry long,LONG,4/22/2025 8:00,"87,709.86",13.8754,72570.98,5.96%,96936.18,7.97%,-2719.44,-0.22%,289580.84,5.96%
3247,Exit short,LONG,4/24/2025 1:00,"93,894.38",13.8754,-13241.71,-1.03%,13939.78,1.08%,-14144.86,-1.10%,276339.12,-1.03%
3247,Entry short,SHORT,4/23/2025 22:00,"92,940.05",13.8754,-13241.71,-1.03%,13939.78,1.08%,-14144.86,-1.10%,276339.12,-1.03%
3248,Exit long,SHORT,4/24/2025 10:00,"93,101.23",13.59335,-10781.56,-0.84%,4425.31,0.35%,-12651.6,-0.99%,265557.56,-0.84%
3248,Entry long,LONG,4/24/2025 1:00,"93,894.38",13.59335,-10781.56,-0.84%,4425.31,0.35%,-12651.6,-0.99%,265557.56,-0.84%
3249,Exit short,LONG,4/24/2025 22:00,"93,101.84",13.59334,-8.29,0.00%,19590.99,1.55%,-4061.28,-0.32%,265549.28,0.00%
3249,Entry short,SHORT,4/24/2025 10:00,"93,101.23",13.59334,-8.29,0.00%,19590.99,1.55%,-4061.28,-0.32%,265549.28,0.00%
3250,Exit long,SHORT,4/26/2025 16:00,"94,318.03",13.59317,16531.88,1.31%,36106.18,2.85%,-5916.02,-0.47%,282081.16,1.31%
3250,Entry long,LONG,4/24/2025 22:00,"93,101.84",13.59317,16531.88,1.31%,36106.18,2.85%,-5916.02,-0.47%,282081.16,1.31%
3251,Exit short,LONG,4/27/2025 0:00,"94,286.92",13.59317,422.88,0.03%,6080.77,0.47%,-1437.34,-0.11%,282504.03,0.03%
3251,Entry short,SHORT,4/26/2025 16:00,"94,318.03",13.59317,422.88,0.03%,6080.77,0.47%,-1437.34,-0.11%,282504.03,0.03%
3252,Exit long,SHORT,4/27/2025 13:00,"93,923.89",13.60214,-4937.98,-0.39%,14718.6,1.15%,-8595.46,-0.67%,277566.06,-0.39%
3252,Entry long,LONG,4/27/2025 0:00,"94,286.92",13.60214,-4937.98,-0.39%,14718.6,1.15%,-8595.46,-0.67%,277566.06,-0.39%
3253,Exit short,LONG,4/28/2025 3:00,"94,433.49",13.60214,-6931.65,-0.54%,4370.5,0.34%,-6949.33,-0.54%,270634.4,-0.54%
3253,Entry short,SHORT,4/27/2025 13:00,"93,923.89",13.60214,-6931.65,-0.54%,4370.5,0.34%,-6949.33,-0.54%,270634.4,-0.54%
3254,Exit long,SHORT,4/28/2025 8:00,"93,419.90",13.45533,-13638.19,-1.07%,1506.46,0.12%,-15413.21,-1.21%,256996.22,-1.07%
3254,Entry long,LONG,4/28/2025 3:00,"94,433.49",13.45533,-13638.19,-1.07%,1506.46,0.12%,-15413.21,-1.21%,256996.22,-1.07%
3255,Exit short,LONG,4/28/2025 14:00,"94,584.00",13.45533,-15663.35,-1.25%,8340.82,0.66%,-16826.7,-1.34%,241332.88,-1.25%
3255,Entry short,SHORT,4/28/2025 8:00,"93,419.90",13.45533,-15663.35,-1.25%,8340.82,0.66%,-16826.7,-1.34%,241332.88,-1.25%
3256,Exit long,SHORT,4/29/2025 13:00,"94,276.49",13.12413,-4035.8,-0.33%,13727.84,1.11%,-14961.51,-1.21%,237297.06,-0.33%
3256,Entry long,LONG,4/28/2025 14:00,"94,584.00",13.12413,-4035.8,-0.33%,13727.84,1.11%,-14961.51,-1.21%,237297.06,-0.33%
3257,Exit short,LONG,4/29/2025 17:00,"94,989.28",13.12413,-9354.75,-0.76%,237.28,0.02%,-10732.39,-0.87%,227942.31,-0.76%
3257,Entry short,SHORT,4/29/2025 13:00,"94,276.49",13.12413,-9354.75,-0.76%,237.28,0.02%,-10732.39,-0.87%,227942.31,-0.76%
3258,Exit long,SHORT,4/29/2025 23:00,"94,843.10",12.92716,-1889.69,-0.15%,4016.73,0.33%,-5913.27,-0.48%,226052.62,-0.15%
3258,Entry long,LONG,4/29/2025 17:00,"94,989.28",12.92716,-1889.69,-0.15%,4016.73,0.33%,-5913.27,-0.48%,226052.62,-0.15%
3259,Exit short,LONG,4/30/2025 1:00,"95,231.37",12.92716,-5019.23,-0.41%,2380.02,0.19%,-7974.64,-0.65%,221033.39,-0.41%
3259,Entry short,SHORT,4/29/2025 23:00,"94,843.10",12.92716,-5019.23,-0.41%,2380.02,0.19%,-7974.64,-0.65%,221033.39,-0.41%
3260,Exit long,SHORT,4/30/2025 7:00,"94,256.82",12.82175,-12495.44,-1.02%,2788.35,0.23%,-19089.41,-1.56%,208537.97,-1.02%
3260,Entry long,LONG,4/30/2025 1:00,"95,231.37",12.82175,-12495.44,-1.02%,2788.35,0.23%,-19089.41,-1.56%,208537.97,-1.02%
3261,Exit short,LONG,4/30/2025 10:00,"94,641.99",12.82175,-4938.55,-0.41%,1542.97,0.13%,-6772.19,-0.56%,203599.4,-0.41%
3261,Entry short,SHORT,4/30/2025 7:00,"94,256.82",12.82175,-4938.55,-0.41%,1542.97,0.13%,-6772.19,-0.56%,203599.4,-0.41%
3262,Exit long,SHORT,4/30/2025 23:00,"94,004.63",12.71739,-8105.56,-0.67%,7458.24,0.62%,-22026.39,-1.83%,195493.86,-0.67%
3262,Entry long,LONG,4/30/2025 10:00,"94,641.99",12.71739,-8105.56,-0.67%,7458.24,0.62%,-22026.39,-1.83%,195493.86,-0.67%
3263,Exit short,LONG,5/1/2025 1:00,"94,100.39",12.71739,-1217.82,-0.10%,6052.46,0.51%,-3338.44,-0.28%,194276.03,-0.10%
3263,Entry short,SHORT,4/30/2025 23:00,"94,004.63",12.71739,-1217.82,-0.10%,6052.46,0.51%,-3338.44,-0.28%,194276.03,-0.10%
3264,Exit long,SHORT,5/2/2025 15:00,"96,350.01",12.6915,28551.05,2.39%,42181.85,3.53%,-4350.14,-0.36%,222827.1,2.39%
3264,Entry long,LONG,5/1/2025 1:00,"94,100.39",12.6915,28551.05,2.39%,42181.85,3.53%,-4350.14,-0.36%,222827.1,2.39%
3265,Exit short,LONG,5/2/2025 20:00,"97,182.54",12.6915,-10566.05,-0.86%,0.13,0.00%,-10566.05,-0.86%,212261.03,-0.86%
3265,Entry short,SHORT,5/2/2025 15:00,"96,350.01",12.6915,-10566.05,-0.86%,0.13,0.00%,-10566.05,-0.86%,212261.03,-0.86%
3266,Exit long,SHORT,5/3/2025 4:00,"97,022.31",12.47406,-1998.72,-0.16%,8895.75,0.73%,-6362.77,-0.52%,210262.31,-0.16%
3266,Entry long,LONG,5/2/2025 20:00,"97,182.54",12.47406,-1998.72,-0.16%,8895.75,0.73%,-6362.77,-0.52%,210262.31,-0.16%
3267,Exit short,LONG,5/4/2025 4:00,"96,341.29",12.47406,8495.08,0.70%,14594.9,1.21%,-205.57,-0.02%,218757.39,0.70%
3267,Entry short,SHORT,5/3/2025 4:00,"97,022.31",12.47406,8495.08,0.70%,14594.9,1.21%,-205.57,-0.02%,218757.39,0.70%
3268,Exit long,SHORT,5/4/2025 5:00,"96,266.17",12.65041,-950.3,-0.08%,1267.57,0.10%,-1305.52,-0.11%,217807.1,-0.08%
3268,Entry long,LONG,5/4/2025 4:00,"96,341.29",12.65041,-950.3,-0.08%,1267.57,0.10%,-1305.52,-0.11%,217807.1,-0.08%
3269,Exit short,LONG,5/5/2025 15:00,"94,761.91",12.65041,19029.51,1.56%,34814.81,2.86%,-1305.52,-0.11%,236836.61,1.56%
3269,Entry short,SHORT,5/4/2025 5:00,"96,266.17",12.65041,19029.51,1.56%,34814.81,2.86%,-1305.52,-0.11%,236836.61,1.56%
3270,Exit long,SHORT,5/5/2025 18:00,"94,121.88",13.05204,-8353.7,-0.68%,471.18,0.04%,-9320.72,-0.75%,228482.9,-0.68%
3270,Entry long,LONG,5/5/2025 15:00,"94,761.91",13.05204,-8353.7,-0.68%,471.18,0.04%,-9320.72,-0.75%,228482.9,-0.68%
3271,Exit short,LONG,5/6/2025 5:00,"94,719.83",13.05204,-7804.47,-0.64%,6633.31,0.54%,-10156.05,-0.83%,220678.44,-0.64%
3271,Entry short,SHORT,5/5/2025 18:00,"94,121.88",13.05204,-7804.47,-0.64%,6633.31,0.54%,-10156.05,-0.83%,220678.44,-0.64%
3272,Exit long,SHORT,5/6/2025 10:00,"94,334.99",12.88725,-4959.53,-0.41%,6175.18,0.51%,-9111.93,-0.75%,215718.9,-0.41%
3272,Entry long,LONG,5/6/2025 5:00,"94,719.83",12.88725,-4959.53,-0.41%,6175.18,0.51%,-9111.93,-0.75%,215718.9,-0.41%
3273,Exit short,LONG,5/6/2025 12:00,"94,574.57",12.88725,-3087.53,-0.25%,1302,0.11%,-3206.73,-0.26%,212631.39,-0.25%
3273,Entry short,SHORT,5/6/2025 10:00,"94,334.99",12.88725,-3087.53,-0.25%,1302,0.11%,-3206.73,-0.26%,212631.39,-0.25%
3274,Exit long,SHORT,5/6/2025 13:00,"94,345.57",12.82196,-2936.23,-0.24%,364.91,0.03%,-3409.87,-0.28%,209695.16,-0.24%
3274,Entry long,LONG,5/6/2025 12:00,"94,574.57",12.82196,-2936.23,-0.24%,364.91,0.03%,-3409.87,-0.28%,209695.16,-0.24%
3275,Exit short,LONG,5/6/2025 14:00,"94,498.12",12.82196,-1955.99,-0.16%,134.12,0.01%,-1955.99,-0.16%,207739.17,-0.16%
3275,Entry short,SHORT,5/6/2025 13:00,"94,345.57",12.82196,-1955.99,-0.16%,134.12,0.01%,-1955.99,-0.16%,207739.17,-0.16%
3276,Exit long,SHORT,5/6/2025 15:00,"94,400.98",12.78056,-1241.5,-0.10%,1787.87,0.15%,-1911.33,-0.16%,206497.66,-0.10%
3276,Entry long,LONG,5/6/2025 14:00,"94,498.12",12.78056,-1241.5,-0.10%,1787.87,0.15%,-1911.33,-0.16%,206497.66,-0.10%
3277,Exit short,LONG,5/7/2025 6:00,"96,259.94",12.78056,-23758.55,-1.97%,13087.04,1.08%,-24192.32,-2.01%,182739.11,-1.97%
3277,Entry short,SHORT,5/6/2025 15:00,"94,400.98",12.78056,-23758.55,-1.97%,13087.04,1.08%,-24192.32,-2.01%,182739.11,-1.97%
3278,Exit long,SHORT,5/8/2025 2:00,"96,593.58",12.28692,4099.41,0.35%,18087.08,1.53%,-4506.84,-0.38%,186838.52,0.35%
3278,Entry long,LONG,5/7/2025 6:00,"96,259.94",12.28692,4099.41,0.35%,18087.08,1.53%,-4506.84,-0.38%,186838.52,0.35%
3279,Exit short,LONG,5/8/2025 5:00,"97,120.63",12.28692,-6475.82,-0.55%,9939.75,0.84%,-8950.04,-0.75%,180362.7,-0.55%
3279,Entry short,SHORT,5/8/2025 2:00,"96,593.58",12.28692,-6475.82,-0.55%,9939.75,0.84%,-8950.04,-0.75%,180362.7,-0.55%
3280,Exit long,SHORT,5/10/2025 22:00,"103,520.41",12.15357,77780.17,6.59%,87999.99,7.46%,-2969.6,-0.25%,258142.88,6.59%
3280,Entry long,LONG,5/8/2025 5:00,"97,120.63",12.15357,77780.17,6.59%,87999.99,7.46%,-2969.6,-0.25%,258142.88,6.59%
3281,Exit short,LONG,5/11/2025 8:00,"104,428.58",12.15357,-11037.51,-0.88%,6260.06,0.50%,-17794.77,-1.41%,247105.36,-0.88%
3281,Entry short,SHORT,5/10/2025 22:00,"103,520.41",12.15357,-11037.51,-0.88%,6260.06,0.50%,-17794.77,-1.41%,247105.36,-0.88%
3282,Exit long,SHORT,5/11/2025 10:00,"103,781.06",11.94218,-7732.8,-0.62%,1291.91,0.10%,-11494.71,-0.92%,239372.56,-0.62%
3282,Entry long,LONG,5/11/2025 8:00,"104,428.58",11.94218,-7732.8,-0.62%,1291.91,0.10%,-11494.71,-0.92%,239372.56,-0.62%
3283,Exit short,LONG,5/11/2025 19:00,"104,652.01",11.94218,-10401.04,-0.84%,5206.79,0.42%,-11893.69,-0.96%,228971.52,-0.84%
3283,Entry short,SHORT,5/11/2025 10:00,"103,781.06",11.94218,-10401.04,-0.84%,5206.79,0.42%,-11893.69,-0.96%,228971.52,-0.84%
3284,Exit long,SHORT,5/12/2025 0:00,"103,984.12",11.74341,-7843.31,-0.64%,2771.33,0.23%,-10592.67,-0.86%,221128.22,-0.64%
3284,Entry long,LONG,5/11/2025 19:00,"104,652.01",11.74341,-7843.31,-0.64%,2771.33,0.23%,-10592.67,-0.86%,221128.22,-0.64%
3285,Exit short,LONG,5/12/2025 5:00,"104,349.01",11.74341,-4285.05,-0.35%,2236.77,0.18%,-9966.63,-0.82%,216843.17,-0.35%
3285,Entry short,SHORT,5/12/2025 0:00,"103,984.12",11.74341,-4285.05,-0.35%,2236.77,0.18%,-9966.63,-0.82%,216843.17,-0.35%
3286,Exit long,SHORT,5/12/2025 6:00,"103,793.67",11.66128,-6475.97,-0.53%,2677.55,0.22%,-9086.94,-0.75%,210367.19,-0.53%
3286,Entry long,LONG,5/12/2025 5:00,"104,349.01",11.66128,-6475.97,-0.53%,2677.55,0.22%,-9086.94,-0.75%,210367.19,-0.53%
3287,Exit short,LONG,5/12/2025 8:00,"104,587.31",11.66128,-9254.86,-0.76%,370.48,0.03%,-9816.58,-0.81%,201112.33,-0.76%
3287,Entry short,SHORT,5/12/2025 6:00,"103,793.67",11.66128,-9254.86,-0.76%,370.48,0.03%,-9816.58,-0.81%,201112.33,-0.76%
3288,Exit long,SHORT,5/12/2025 10:00,"103,885.73",11.4843,-8057.16,-0.67%,5731.93,0.48%,-10067.71,-0.84%,193055.17,-0.67%
3288,Entry long,LONG,5/12/2025 8:00,"104,587.31",11.4843,-8057.16,-0.67%,5731.93,0.48%,-10067.71,-0.84%,193055.17,-0.67%
3289,Exit short,LONG,5/12/2025 11:00,"104,100.13",11.4843,-2462.23,-0.21%,2108.29,0.18%,-2462.23,-0.21%,190592.94,-0.21%
3289,Entry short,SHORT,5/12/2025 10:00,"103,885.73",11.4843,-2462.23,-0.21%,2108.29,0.18%,-2462.23,-0.21%,190592.94,-0.21%
3290,Exit long,SHORT,5/12/2025 22:00,"102,799.99",11.43699,-14869.69,-1.25%,19663.85,1.65%,-17794.58,-1.49%,175723.25,-1.25%
3290,Entry long,LONG,5/12/2025 11:00,"104,100.13",11.43699,-14869.69,-1.25%,19663.85,1.65%,-17794.58,-1.49%,175723.25,-1.25%
3291,Exit short,LONG,5/13/2025 17:00,"103,457.02",11.43699,-7514.45,-0.64%,23807.47,2.02%,-8134.1,-0.69%,168208.81,-0.64%
3291,Entry short,SHORT,5/12/2025 22:00,"102,799.99",11.43699,-7514.45,-0.64%,23807.47,2.02%,-8134.1,-0.69%,168208.81,-0.64%
3292,Exit long,SHORT,5/14/2025 10:00,"103,713.27",11.29172,2893.5,0.25%,17154.72,1.47%,-7291.06,-0.62%,171102.31,0.25%
3292,Entry long,LONG,5/13/2025 17:00,"103,457.02",11.29172,2893.5,0.25%,17154.72,1.47%,-7291.06,-0.62%,171102.31,0.25%
3293,Exit short,LONG,5/14/2025 20:00,"103,999.99",11.29173,-3237.56,-0.28%,9463.03,0.81%,-5595.05,-0.48%,167864.75,-0.28%
3293,Entry short,SHORT,5/14/2025 10:00,"103,713.27",11.29173,-3237.56,-0.28%,9463.03,0.81%,-5595.05,-0.48%,167864.75,-0.28%
3294,Exit long,SHORT,5/15/2025 11:00,"102,753.62",11.22946,-13996.06,-1.20%,4008.47,0.34%,-15698.11,-1.34%,153868.69,-1.20%
3294,Entry long,LONG,5/14/2025 20:00,"103,999.99",11.22946,-13996.06,-1.20%,4008.47,0.34%,-15698.11,-1.34%,153868.69,-1.20%
3295,Exit short,LONG,5/16/2025 0:00,"103,846.28",11.22946,-12269.98,-1.06%,15390.54,1.33%,-12279.53,-1.06%,141598.7,-1.06%
3295,Entry short,SHORT,5/15/2025 11:00,"102,753.62",11.22946,-12269.98,-1.06%,15390.54,1.33%,-12279.53,-1.06%,141598.7,-1.06%
3296,Exit long,SHORT,5/16/2025 20:00,"103,506.07",10.99316,-3739.98,-0.33%,6812.79,0.60%,-14224.38,-1.25%,137858.72,-0.33%
3296,Entry long,LONG,5/16/2025 0:00,"103,846.28",10.99316,-3739.98,-0.33%,6812.79,0.60%,-14224.38,-1.25%,137858.72,-0.33%
3297,Exit short,LONG,5/16/2025 21:00,"104,007.99",10.99315,-5517.68,-0.48%,726.32,0.06%,-6527.84,-0.57%,132341.03,-0.48%
3297,Entry short,SHORT,5/16/2025 20:00,"103,506.07",10.99315,-5517.68,-0.48%,726.32,0.06%,-6527.84,-0.57%,132341.03,-0.48%
3298,Exit long,SHORT,5/17/2025 5:00,"103,612.01",10.88706,-4311.06,-0.38%,5904.49,0.52%,-7239.02,-0.64%,128029.98,-0.38%
3298,Entry long,LONG,5/16/2025 21:00,"104,007.99",10.88706,-4311.06,-0.38%,5904.49,0.52%,-7239.02,-0.64%,128029.98,-0.38%
3299,Exit short,LONG,5/17/2025 14:00,"103,487.96",10.88705,1350.54,0.12%,10881.72,0.96%,-1065.3,-0.09%,129380.52,0.12%
3299,Entry short,SHORT,5/17/2025 5:00,"103,612.01",10.88705,1350.54,0.12%,10881.72,0.96%,-1065.3,-0.09%,129380.52,0.12%
3300,Exit long,SHORT,5/17/2025 18:00,"102,873.74",10.91316,-6703.08,-0.59%,1660.76,0.15%,-7413.96,-0.66%,122677.44,-0.59%
3300,Entry long,LONG,5/17/2025 14:00,"103,487.96",10.91316,-6703.08,-0.59%,1660.76,0.15%,-7413.96,-0.66%,122677.44,-0.59%
3301,Exit short,LONG,5/18/2025 11:00,"103,295.70",10.91315,-4604.91,-0.41%,2550.62,0.23%,-6592.96,-0.59%,118072.52,-0.41%
3301,Entry short,SHORT,5/17/2025 18:00,"102,873.74",10.91315,-4604.91,-0.41%,2550.62,0.23%,-6592.96,-0.59%,118072.52,-0.41%
3302,Exit long,SHORT,5/19/2025 12:00,"103,002.07",10.82399,-3178.25,-0.28%,41271.01,3.69%,-5484.52,-0.49%,114894.27,-0.28%
3302,Entry long,LONG,5/18/2025 11:00,"103,295.70",10.82399,-3178.25,-0.28%,41271.01,3.69%,-5484.52,-0.49%,114894.27,-0.28%
3303,Exit short,LONG,5/20/2025 0:00,"105,356.43",10.82399,-25483.57,-2.29%,10846.4,0.97%,-26339.31,-2.36%,89410.71,-2.29%
3303,Entry short,SHORT,5/19/2025 12:00,"103,002.07",10.82399,-25483.57,-2.29%,10846.4,0.97%,-26339.31,-2.36%,89410.71,-2.29%
3304,Exit long,SHORT,5/20/2025 17:00,"105,285.72",10.34023,-731.16,-0.07%,15477.67,1.42%,-7474.75,-0.69%,88679.55,-0.07%
3304,Entry long,LONG,5/20/2025 0:00,"105,356.43",10.34023,-731.16,-0.07%,15477.67,1.42%,-7474.75,-0.69%,88679.55,-0.07%
3305,Exit short,LONG,5/21/2025 4:00,"106,909.09",10.34023,-16786.02,-1.54%,11384.59,1.05%,-21034.92,-1.93%,71893.53,-1.54%
3305,Entry short,SHORT,5/20/2025 17:00,"105,285.72",10.34023,-16786.02,-1.54%,11384.59,1.05%,-21034.92,-1.93%,71893.53,-1.54%
3306,Exit long,SHORT,5/21/2025 20:00,"106,573.10",10.02621,-3368.71,-0.31%,10787.8,1.01%,-9758.11,-0.91%,68524.82,-0.31%
3306,Entry long,LONG,5/21/2025 4:00,"106,909.09",10.02621,-3368.71,-0.31%,10787.8,1.01%,-9758.11,-0.91%,68524.82,-0.31%
3307,Exit short,LONG,5/21/2025 21:00,"107,244.75",10.02621,-6734.1,-0.63%,2442.69,0.23%,-10918.34,-1.02%,61790.72,-0.63%
3307,Entry short,SHORT,5/21/2025 20:00,"106,573.10",10.02621,-6734.1,-0.63%,2442.69,0.23%,-10918.34,-1.02%,61790.72,-0.63%
3308,Exit long,SHORT,5/23/2025 6:00,"111,020.93",9.90062,37386.52,3.52%,46881.91,4.42%,-11158.79,-1.05%,99177.24,3.52%
3308,Entry long,LONG,5/21/2025 21:00,"107,244.75",9.90062,37386.52,3.52%,46881.91,4.42%,-11158.79,-1.05%,99177.24,3.52%
3309,Exit short,LONG,5/23/2025 7:00,"111,696.22",9.90063,-6685.8,-0.61%,0.1,0.00%,-6894.9,-0.63%,92491.45,-0.61%
3309,Entry short,SHORT,5/23/2025 6:00,"111,020.93",9.90063,-6685.8,-0.61%,0.1,0.00%,-6894.9,-0.63%,92491.45,-0.61%
3310,Exit long,SHORT,5/23/2025 10:00,"111,272.73",9.78091,-4142.12,-0.38%,1015.06,0.09%,-4913.15,-0.45%,88349.33,-0.38%
3310,Entry long,LONG,5/23/2025 7:00,"111,696.22",9.78091,-4142.12,-0.38%,1015.06,0.09%,-4913.15,-0.45%,88349.33,-0.38%
3311,Exit short,LONG,5/24/2025 18:00,"109,094.99",9.78091,21300.28,1.96%,43747.37,4.02%,-1064.95,-0.10%,109649.61,1.96%
3311,Entry short,SHORT,5/23/2025 10:00,"111,272.73",9.78091,21300.28,1.96%,43747.37,4.02%,-1064.95,-0.10%,109649.61,1.96%
3312,Exit long,SHORT,5/25/2025 2:00,"108,827.00",10.1714,-2725.83,-0.25%,4180.85,0.38%,-5645.03,-0.51%,106923.77,-0.25%
3312,Entry long,LONG,5/24/2025 18:00,"109,094.99",10.1714,-2725.83,-0.25%,4180.85,0.38%,-5645.03,-0.51%,106923.77,-0.25%
3313,Exit short,LONG,5/25/2025 3:00,"108,960.00",10.1714,-1352.8,-0.12%,274.63,0.02%,-1959.01,-0.18%,105570.98,-0.12%
3313,Entry short,SHORT,5/25/2025 2:00,"108,827.00",10.1714,-1352.8,-0.12%,274.63,0.02%,-1959.01,-0.18%,105570.98,-0.12%
3314,Exit long,SHORT,5/25/2025 6:00,"108,100.50",10.14657,-8720.98,-0.79%,1674.18,0.15%,-9967.28,-0.90%,96850,-0.79%
3314,Entry long,LONG,5/25/2025 3:00,"108,960.00",10.14657,-8720.98,-0.79%,1674.18,0.15%,-9967.28,-0.90%,96850,-0.79%
3315,Exit short,LONG,5/26/2025 4:00,"107,677.36",10.14657,4293.42,0.39%,15218.44,1.39%,-3008.15,-0.27%,101143.42,0.39%
3315,Entry short,SHORT,5/25/2025 6:00,"108,100.50",10.14657,4293.42,0.39%,15218.44,1.39%,-3008.15,-0.27%,101143.42,0.39%
3316,Exit long,SHORT,5/27/2025 2:00,"109,101.96",10.22632,14568.42,1.32%,28069.82,2.55%,-5127.07,-0.47%,115711.84,1.32%
3316,Entry long,LONG,5/26/2025 4:00,"107,677.36",10.22632,14568.42,1.32%,28069.82,2.55%,-5127.07,-0.47%,115711.84,1.32%
3317,Exit short,LONG,5/27/2025 17:00,"109,830.24",10.22632,-7447.62,-0.67%,16212.71,1.45%,-8150.79,-0.73%,108264.21,-0.67%
3317,Entry short,SHORT,5/27/2025 2:00,"109,101.96",10.22632,-7447.62,-0.67%,16212.71,1.45%,-8150.79,-0.73%,108264.21,-0.67%
3318,Exit long,SHORT,5/28/2025 5:00,"108,918.08",10.0907,-9204.33,-0.83%,8958.12,0.81%,-11704.71,-1.06%,99059.88,-0.83%
3318,Entry long,LONG,5/27/2025 17:00,"109,830.24",10.0907,-9204.33,-0.83%,8958.12,0.81%,-11704.71,-1.06%,99059.88,-0.83%
3319,Exit short,LONG,5/28/2025 18:00,"108,829.00",10.0907,898.88,0.08%,6660.57,0.61%,-3699.45,-0.34%,99958.76,0.08%
3319,Entry short,SHORT,5/28/2025 5:00,"108,918.08",10.0907,898.88,0.08%,6660.57,0.61%,-3699.45,-0.34%,99958.76,0.08%
3320,Exit long,SHORT,5/28/2025 21:00,"108,068.45",10.10721,-7687.04,-0.70%,2267.96,0.21%,-8277.8,-0.75%,92271.72,-0.70%
3320,Entry long,LONG,5/28/2025 18:00,"108,829.00",10.10721,-7687.04,-0.70%,2267.96,0.21%,-8277.8,-0.75%,92271.72,-0.70%
3321,Exit short,LONG,5/29/2025 9:00,"108,156.23",10.10722,-887.21,-0.08%,13129.48,1.20%,-2823.25,-0.26%,91384.51,-0.08%
3321,Entry short,SHORT,5/28/2025 21:00,"108,068.45",10.10722,-887.21,-0.08%,13129.48,1.20%,-2823.25,-0.26%,91384.51,-0.08%
3322,Exit long,SHORT,5/30/2025 0:00,"106,724.42",10.09081,-14448.12,-1.32%,7423.61,0.68%,-16975.06,-1.56%,76936.38,-1.32%
3322,Entry long,LONG,5/29/2025 9:00,"108,156.23",10.09081,-14448.12,-1.32%,7423.61,0.68%,-16975.06,-1.56%,76936.38,-1.32%
3323,Exit short,LONG,5/31/2025 22:00,"104,573.91",10.09081,21700.39,2.02%,36890.69,3.43%,-1664.68,-0.15%,98636.77,2.02%
3323,Entry short,SHORT,5/30/2025 0:00,"106,724.42",10.09081,21700.39,2.02%,36890.69,3.43%,-1664.68,-0.15%,98636.77,2.02%
3324,Exit long,SHORT,6/1/2025 10:00,"104,195.13",10.50583,-3979.4,-0.36%,3425.85,0.31%,-6822.38,-0.62%,94657.38,-0.36%
3324,Entry long,LONG,5/31/2025 22:00,"104,573.91",10.50583,-3979.4,-0.36%,3425.85,0.31%,-6822.38,-0.62%,94657.38,-0.36%
3325,Exit short,LONG,6/1/2025 13:00,"104,536.57",10.50584,-3587.11,-0.33%,2347.32,0.21%,-5619.15,-0.51%,91070.26,-0.33%
3325,Entry short,SHORT,6/1/2025 10:00,"104,195.13",10.50584,-3587.11,-0.33%,2347.32,0.21%,-5619.15,-0.51%,91070.26,-0.33%
3326,Exit long,SHORT,6/1/2025 14:00,"104,258.93",10.43721,-2897.79,-0.27%,0.1,0.00%,-3563.79,-0.33%,88172.48,-0.27%
3326,Entry long,LONG,6/1/2025 13:00,"104,536.57",10.43721,-2897.79,-0.27%,0.1,0.00%,-3563.79,-0.33%,88172.48,-0.27%
3327,Exit short,LONG,6/1/2025 16:00,"104,386.60",10.43721,-1332.52,-0.12%,589.18,0.05%,-1332.52,-0.12%,86839.95,-0.12%
3327,Entry short,SHORT,6/1/2025 14:00,"104,258.93",10.43721,-1332.52,-0.12%,589.18,0.05%,-1332.52,-0.12%,86839.95,-0.12%
3328,Exit long,SHORT,6/1/2025 17:00,"103,934.35",10.41168,-4708.68,-0.43%,754.53,0.07%,-6602.15,-0.61%,82131.27,-0.43%
3328,Entry long,LONG,6/1/2025 16:00,"104,386.60",10.41168,-4708.68,-0.43%,754.53,0.07%,-6602.15,-0.61%,82131.27,-0.43%
3329,Exit short,LONG,6/1/2025 22:00,"104,599.70",10.41168,-6927.41,-0.64%,1672.74,0.15%,-8737.9,-0.81%,75203.86,-0.64%
3329,Entry short,SHORT,6/1/2025 17:00,"103,934.35",10.41168,-6927.41,-0.64%,1672.74,0.15%,-8737.9,-0.81%,75203.86,-0.64%
3330,Exit long,SHORT,6/2/2025 12:00,"104,765.48",10.27922,1704.09,0.16%,13025.93,1.21%,-2877.26,-0.27%,76907.95,0.16%
3330,Entry long,LONG,6/1/2025 22:00,"104,599.70",10.27922,1704.09,0.16%,13025.93,1.21%,-2877.26,-0.27%,76907.95,0.16%
3331,Exit short,LONG,6/3/2025 5:00,"104,941.99",10.27922,-1814.39,-0.17%,11364.71,1.06%,-12028.23,-1.12%,75093.56,-0.17%
3331,Entry short,SHORT,6/2/2025 12:00,"104,765.48",10.27922,-1814.39,-0.17%,11364.71,1.06%,-12028.23,-1.12%,75093.56,-0.17%
3332,Exit long,SHORT,6/4/2025 12:00,"105,407.06",10.24464,4764.47,0.44%,18980.04,1.77%,-711.9,-0.07%,79858.04,0.44%
3332,Entry long,LONG,6/3/2025 5:00,"104,941.99",10.24464,4764.47,0.44%,18980.04,1.77%,-711.9,-0.07%,79858.04,0.44%
3333,Exit short,LONG,6/5/2025 20:00,"105,649.60",10.24464,-2484.73,-0.23%,12581.03,1.17%,-6074.46,-0.56%,77373.3,-0.23%
3333,Entry short,SHORT,6/4/2025 12:00,"105,407.06",10.24464,-2484.73,-0.23%,12581.03,1.17%,-6074.46,-0.56%,77373.3,-0.23%
3334,Exit long,SHORT,6/6/2025 0:00,"103,262.54",10.19761,-24342.31,-2.26%,2652.5,0.25%,-24388.6,-2.26%,53031,-2.26%
3334,Entry long,LONG,6/5/2025 20:00,"105,649.60",10.19761,-24342.31,-2.26%,2652.5,0.25%,-24388.6,-2.26%,53031,-2.26%
3335,Exit short,LONG,6/6/2025 12:00,"102,777.01",10.1976,4951.24,0.47%,29473.92,2.80%,-3251.61,-0.31%,57982.24,0.47%
3335,Entry short,SHORT,6/6/2025 0:00,"103,262.54",10.1976,4951.24,0.47%,29473.92,2.80%,-3251.61,-0.31%,57982.24,0.47%
3336,Exit long,SHORT,6/8/2025 13:00,"105,438.34",10.29396,27395.63,2.59%,32147.93,3.04%,-965.47,-0.09%,85377.87,2.59%
3336,Entry long,LONG,6/6/2025 12:00,"102,777.01",10.29396,27395.63,2.59%,32147.93,3.04%,-965.47,-0.09%,85377.87,2.59%
3337,Exit short,LONG,6/8/2025 23:00,"105,984.53",10.29395,-5622.45,-0.52%,4881.39,0.45%,-7430.69,-0.68%,79755.41,-0.52%
3337,Entry short,SHORT,6/8/2025 13:00,"105,438.34",10.29395,-5622.45,-0.52%,4881.39,0.45%,-7430.69,-0.68%,79755.41,-0.52%
3338,Exit long,SHORT,6/9/2025 9:00,"105,527.71",10.18786,-4654.02,-0.43%,5130.71,0.48%,-5674.64,-0.53%,75101.39,-0.43%
3338,Entry long,LONG,6/8/2025 23:00,"105,984.53",10.18786,-4654.02,-0.43%,5130.71,0.48%,-5674.64,-0.53%,75101.39,-0.43%
3339,Exit short,LONG,6/9/2025 17:00,"106,612.53",10.18785,-11051.98,-1.03%,2132.72,0.20%,-13858.43,-1.29%,64049.41,-1.03%
3339,Entry short,SHORT,6/9/2025 9:00,"105,527.71",10.18785,-11051.98,-1.03%,2132.72,0.20%,-13858.43,-1.29%,64049.41,-1.03%
3340,Exit long,SHORT,6/10/2025 22:00,"108,620.00",9.98053,20035.62,1.88%,39100.13,3.67%,-471.38,-0.04%,84085.02,1.88%
3340,Entry long,LONG,6/9/2025 17:00,"106,612.53",9.98053,20035.62,1.88%,39100.13,3.67%,-471.38,-0.04%,84085.02,1.88%
3341,Exit short,LONG,6/11/2025 4:00,"109,960.01",9.98052,-13374,-1.23%,2884.07,0.27%,-17765.33,-1.64%,70711.03,-1.23%
3341,Entry short,SHORT,6/10/2025 22:00,"108,620.00",9.98052,-13374,-1.23%,2884.07,0.27%,-17765.33,-1.64%,70711.03,-1.23%
3342,Exit long,SHORT,6/11/2025 13:00,"109,468.04",9.73727,-4790.44,-0.45%,3307.95,0.31%,-5258.22,-0.49%,65920.59,-0.45%
3342,Entry long,LONG,6/11/2025 4:00,"109,960.01",9.73727,-4790.44,-0.45%,3307.95,0.31%,-5258.22,-0.49%,65920.59,-0.45%
3343,Exit short,LONG,6/13/2025 19:00,"105,039.48",9.73727,43122.09,4.05%,66249.76,6.22%,-8996.94,-0.84%,109042.66,4.05%
3343,Entry short,SHORT,6/11/2025 13:00,"109,468.04",9.73727,43122.09,4.05%,66249.76,6.22%,-8996.94,-0.84%,109042.66,4.05%
3344,Exit long,SHORT,6/13/2025 21:00,"104,732.82",10.55834,-3237.82,-0.29%,2750.66,0.25%,-3857.38,-0.35%,105804.84,-0.29%
3344,Entry long,LONG,6/13/2025 19:00,"105,039.48",10.55834,-3237.82,-0.29%,2750.66,0.25%,-3857.38,-0.35%,105804.84,-0.29%
3345,Exit short,LONG,6/13/2025 22:00,"104,970.74",10.55834,-2512.04,-0.23%,6491.48,0.59%,-2945.14,-0.27%,103292.81,-0.23%
3345,Entry short,SHORT,6/13/2025 21:00,"104,732.82",10.55834,-2512.04,-0.23%,6491.48,0.59%,-2945.14,-0.27%,103292.81,-0.23%
3346,Exit long,SHORT,6/14/2025 11:00,"105,228.83",10.51047,2712.65,0.25%,13466.65,1.22%,-3174.27,-0.29%,106005.45,0.25%
3346,Entry long,LONG,6/13/2025 22:00,"104,970.74",10.51047,2712.65,0.25%,13466.65,1.22%,-3174.27,-0.29%,106005.45,0.25%
3347,Exit short,LONG,6/15/2025 6:00,"105,428.75",10.51047,-2101.25,-0.19%,9762.44,0.88%,-2639.91,-0.24%,103904.2,-0.19%
3347,Entry short,SHORT,6/14/2025 11:00,"105,228.83",10.51047,-2101.25,-0.19%,9762.44,0.88%,-2639.91,-0.24%,103904.2,-0.19%
3348,Exit long,SHORT,6/15/2025 18:00,"105,119.99",10.47062,-3232.91,-0.29%,7327.55,0.66%,-5875.17,-0.53%,100671.29,-0.29%
3348,Entry long,LONG,6/15/2025 6:00,"105,428.75",10.47062,-3232.91,-0.29%,7327.55,0.66%,-5875.17,-0.53%,100671.29,-0.29%
3349,Exit short,LONG,6/15/2025 22:00,"105,657.63",10.47061,-5629.42,-0.51%,2144.9,0.19%,-7520.52,-0.68%,95041.88,-0.51%
3349,Entry short,SHORT,6/15/2025 18:00,"105,119.99",10.47061,-5629.42,-0.51%,2144.9,0.19%,-7520.52,-0.68%,95041.88,-0.51%
3350,Exit long,SHORT,6/16/2025 4:00,"104,729.53",10.36405,-9618.87,-0.88%,1414.59,0.13%,-10959.98,-1.00%,85423,-0.88%
3350,Entry long,LONG,6/15/2025 22:00,"105,657.63",10.36405,-9618.87,-0.88%,1414.59,0.13%,-10959.98,-1.00%,85423,-0.88%
3351,Exit short,LONG,6/16/2025 8:00,"105,429.32",10.36405,-7252.66,-0.67%,2435.55,0.22%,-10781.93,-0.99%,78170.34,-0.67%
3351,Entry short,SHORT,6/16/2025 4:00,"104,729.53",10.36405,-7252.66,-0.67%,2435.55,0.22%,-10781.93,-0.99%,78170.34,-0.67%
3352,Exit long,SHORT,6/17/2025 16:00,"106,568.06",10.22647,11645.29,1.08%,36028.47,3.34%,-4591.17,-0.43%,89815.63,1.08%
3352,Entry long,LONG,6/16/2025 8:00,"105,429.32",10.22647,11645.29,1.08%,36028.47,3.34%,-4591.17,-0.43%,89815.63,1.08%
3353,Exit short,LONG,6/19/2025 12:00,"105,073.52",10.22647,15283.87,1.40%,32694.43,3.00%,-897.48,-0.08%,105099.5,1.40%
3353,Entry short,SHORT,6/17/2025 16:00,"106,568.06",10.22647,15283.87,1.40%,32694.43,3.00%,-897.48,-0.08%,105099.5,1.40%
3354,Exit long,SHORT,6/19/2025 13:00,"104,892.86",10.51739,-1900.07,-0.17%,1540.59,0.14%,-2670.37,-0.24%,103199.43,-0.17%
3354,Entry long,LONG,6/19/2025 12:00,"105,073.52",10.51739,-1900.07,-0.17%,1540.59,0.14%,-2670.37,-0.24%,103199.43,-0.17%
3355,Exit short,LONG,6/20/2025 15:00,"105,811.74",10.51739,-9664.22,-0.88%,10134.45,0.92%,-9810.62,-0.89%,93535.21,-0.88%
3355,Entry short,SHORT,6/19/2025 13:00,"104,892.86",10.51739,-9664.22,-0.88%,10134.45,0.92%,-9810.62,-0.89%,93535.21,-0.88%
3356,Exit long,SHORT,6/21/2025 0:00,"103,670.61",10.33472,-22127.98,-2.02%,7367.73,0.67%,-22650.92,-2.07%,71407.23,-2.02%
3356,Entry long,LONG,6/20/2025 15:00,"105,811.74",10.33472,-22127.98,-2.02%,7367.73,0.67%,-22650.92,-2.07%,71407.23,-2.02%
3357,Exit short,LONG,6/21/2025 18:00,"103,831.22",10.33472,-1659.86,-0.15%,13699.81,1.28%,-3224.74,-0.30%,69747.37,-0.15%
3357,Entry short,SHORT,6/21/2025 0:00,"103,670.61",10.33472,-1659.86,-0.15%,13699.81,1.28%,-3224.74,-0.30%,69747.37,-0.15%
3358,Exit long,SHORT,6/21/2025 22:00,"103,550.00",10.30275,-2897.34,-0.27%,1187.39,0.11%,-4618.21,-0.43%,66850.03,-0.27%
3358,Entry long,LONG,6/21/2025 18:00,"103,831.22",10.30275,-2897.34,-0.27%,1187.39,0.11%,-4618.21,-0.43%,66850.03,-0.27%
3359,Exit short,LONG,6/22/2025 20:00,"102,759.97",10.30275,8139.48,0.76%,27942.09,2.62%,-1339.36,-0.13%,74989.52,0.76%
3359,Entry short,SHORT,6/21/2025 22:00,"103,550.00",10.30275,8139.48,0.76%,27942.09,2.62%,-1339.36,-0.13%,74989.52,0.76%
3360,Exit long,SHORT,6/22/2025 22:00,"99,628.29",10.46116,-32761.01,-3.05%,526.3,0.05%,-38639.44,-3.59%,42228.51,-3.05%
3360,Entry long,LONG,6/22/2025 20:00,"102,759.97",10.46116,-32761.01,-3.05%,526.3,0.05%,-38639.44,-3.59%,42228.51,-3.05%
3361,Exit short,LONG,6/23/2025 9:00,"101,101.65",10.46117,-15413.07,-1.48%,14941.59,1.43%,-20835.62,-2.00%,26815.44,-1.48%
3361,Entry short,SHORT,6/22/2025 22:00,"99,628.29",10.46117,-15413.07,-1.48%,14941.59,1.43%,-20835.62,-2.00%,26815.44,-1.48%
3362,Exit long,SHORT,6/26/2025 18:00,"107,389.00",10.15626,63855.96,6.22%,72828.51,7.09%,-15115.76,-1.47%,90671.4,6.22%
3362,Entry long,LONG,6/23/2025 9:00,"101,101.65",10.15626,63855.96,6.22%,72828.51,7.09%,-15115.76,-1.47%,90671.4,6.22%
3363,Exit short,LONG,6/27/2025 12:00,"107,497.07",10.15626,-1097.59,-0.10%,9655.25,0.89%,-6205.47,-0.57%,89573.81,-0.10%
3363,Entry short,SHORT,6/26/2025 18:00,"107,389.00",10.15626,-1097.59,-0.10%,9655.25,0.89%,-6205.47,-0.57%,89573.81,-0.10%
3364,Exit long,SHORT,6/27/2025 16:00,"106,998.54",10.13584,-5053.02,-0.46%,2415.07,0.22%,-8281.89,-0.76%,84520.79,-0.46%
3364,Entry long,LONG,6/27/2025 12:00,"107,497.07",10.13584,-5053.02,-0.46%,2415.07,0.22%,-8281.89,-0.76%,84520.79,-0.46%
3365,Exit short,LONG,6/28/2025 6:00,"107,100.70",10.13584,-1035.48,-0.10%,6504.98,0.60%,-7203.34,-0.66%,83485.31,-0.10%
3365,Entry short,SHORT,6/27/2025 16:00,"106,998.54",10.13584,-1035.48,-0.10%,6504.98,0.60%,-7203.34,-0.66%,83485.31,-0.10%
3366,Exit long,SHORT,6/28/2025 22:00,"107,204.81",10.11651,1053.23,0.10%,4000.27,0.37%,-2925.59,-0.27%,84538.55,0.10%
3366,Entry long,LONG,6/28/2025 6:00,"107,100.70",10.11651,1053.23,0.10%,4000.27,0.37%,-2925.59,-0.27%,84538.55,0.10%
3367,Exit short,LONG,6/29/2025 9:00,"107,311.00",10.11651,-1074.27,-0.10%,507.75,0.05%,-3772.85,-0.35%,83464.27,-0.10%
3367,Entry short,SHORT,6/28/2025 22:00,"107,204.81",10.11651,-1074.27,-0.10%,507.75,0.05%,-3772.85,-0.35%,83464.27,-0.10%
3368,Exit long,SHORT,6/30/2025 3:00,"107,406.80",10.09648,967.24,0.09%,12292.47,1.13%,-1398.16,-0.13%,84431.52,0.09%
3368,Entry long,LONG,6/29/2025 9:00,"107,311.00",10.09648,967.24,0.09%,12292.47,1.13%,-1398.16,-0.13%,84431.52,0.09%
3369,Exit short,LONG,6/30/2025 6:00,"108,079.91",10.09648,-6796.04,-0.63%,1583.13,0.15%,-8788.28,-0.81%,77635.47,-0.63%
3369,Entry short,SHORT,6/30/2025 3:00,"107,406.80",10.09648,-6796.04,-0.63%,1583.13,0.15%,-8788.28,-0.81%,77635.47,-0.63%
3370,Exit long,SHORT,6/30/2025 16:00,"107,512.89",9.97073,-5653.6,-0.52%,7080.02,0.66%,-6190.93,-0.57%,71981.87,-0.52%
3370,Entry long,LONG,6/30/2025 6:00,"108,079.91",9.97073,-5653.6,-0.52%,7080.02,0.66%,-6190.93,-0.57%,71981.87,-0.52%
3371,Exit short,LONG,7/2/2025 12:00,"106,382.85",9.97072,11267.31,1.05%,24056.36,2.24%,-4501.18,-0.42%,83249.18,1.05%
3371,Entry short,SHORT,6/30/2025 16:00,"107,512.89",9.97072,11267.31,1.05%,24056.36,2.24%,-4501.18,-0.42%,83249.18,1.05%
3372,Exit long,SHORT,7/4/2025 10:00,"109,180.54",10.18255,28487.62,2.63%,42220.21,3.90%,-922.13,-0.09%,111736.8,2.63%
3372,Entry long,LONG,7/2/2025 12:00,"106,382.85",10.18255,28487.62,2.63%,42220.21,3.90%,-922.13,-0.09%,111736.8,2.63%
3373,Exit short,LONG,7/5/2025 14:00,"108,270.82",10.18255,9263.27,0.83%,19708.73,1.77%,-1960.55,-0.18%,121000.07,0.83%
3373,Entry short,SHORT,7/4/2025 10:00,"109,180.54",10.18255,9263.27,0.83%,19708.73,1.77%,-1960.55,-0.18%,121000.07,0.83%
3374,Exit long,SHORT,7/5/2025 16:00,"108,029.96",10.35366,-2493.78,-0.22%,0,0.00%,-3603.28,-0.32%,118506.29,-0.22%
3374,Entry long,LONG,7/5/2025 14:00,"108,270.82",10.35366,-2493.78,-0.22%,0,0.00%,-3603.28,-0.32%,118506.29,-0.22%
3375,Exit short,LONG,7/5/2025 17:00,"108,078.07",10.35366,-498.11,-0.04%,1651.82,0.15%,-969.72,-0.09%,118008.17,-0.04%
3375,Entry short,SHORT,7/5/2025 16:00,"108,029.96",10.35366,-498.11,-0.04%,1651.82,0.15%,-969.72,-0.09%,118008.17,-0.04%
3376,Exit long,SHORT,7/6/2025 2:00,"108,010.01",10.34445,-704.04,-0.06%,1595.32,0.14%,-2206.68,-0.20%,117304.13,-0.06%
3376,Entry long,LONG,7/5/2025 17:00,"108,078.07",10.34445,-704.04,-0.06%,1595.32,0.14%,-2206.68,-0.20%,117304.13,-0.06%
3377,Exit short,LONG,7/6/2025 3:00,"108,141.78",10.34444,-1363.09,-0.12%,589.43,0.05%,-1626.35,-0.15%,115941.04,-0.12%
3377,Entry short,SHORT,7/6/2025 2:00,"108,010.01",10.34444,-1363.09,-0.12%,589.43,0.05%,-1626.35,-0.15%,115941.04,-0.12%
3378,Exit long,SHORT,7/6/2025 13:00,"108,003.36",10.31924,-1428.39,-0.13%,1306.11,0.12%,-2180.76,-0.20%,114512.66,-0.13%
3378,Entry long,LONG,7/6/2025 3:00,"108,141.78",10.31924,-1428.39,-0.13%,1306.11,0.12%,-2180.76,-0.20%,114512.66,-0.13%
3379,Exit short,LONG,7/6/2025 21:00,"108,772.18",10.31924,-7933.64,-0.71%,2098.42,0.19%,-11595.42,-1.04%,106579.02,-0.71%
3379,Entry short,SHORT,7/6/2025 13:00,"108,003.36",10.31924,-7933.64,-0.71%,2098.42,0.19%,-11595.42,-1.04%,106579.02,-0.71%
3380,Exit long,SHORT,7/7/2025 17:00,"108,849.05",10.17336,782.03,0.07%,9439.05,0.85%,-5142.74,-0.46%,107361.04,0.07%
3380,Entry long,LONG,7/6/2025 21:00,"108,772.18",10.17336,782.03,0.07%,9439.05,0.85%,-5142.74,-0.46%,107361.04,0.07%
3381,Exit short,LONG,7/8/2025 15:00,"108,484.61",10.17336,3707.58,0.33%,14440.88,1.30%,-511.41,-0.05%,111068.62,0.33%
3381,Entry short,SHORT,7/7/2025 17:00,"108,849.05",10.17336,3707.58,0.33%,14440.88,1.30%,-511.41,-0.05%,111068.62,0.33%
3382,Exit long,SHORT,7/12/2025 22:00,"117,389.47",10.24171,91200.99,8.21%,106363.95,9.57%,-3974.4,-0.36%,202269.61,8.21%
3382,Entry long,LONG,7/8/2025 15:00,"108,484.61",10.24171,91200.99,8.21%,106363.95,9.57%,-3974.4,-0.36%,202269.61,8.21%
3383,Exit short,LONG,7/13/2025 11:00,"117,753.59",10.24171,-3729.21,-0.31%,5012.5,0.42%,-4458.11,-0.37%,198540.4,-0.31%
3383,Entry short,SHORT,7/12/2025 22:00,"117,389.47",10.24171,-3729.21,-0.31%,5012.5,0.42%,-4458.11,-0.37%,198540.4,-0.31%
3384,Exit long,SHORT,7/15/2025 1:00,"119,896.42",10.17837,21810.52,1.82%,55618.79,4.64%,-706.07,-0.06%,220350.92,1.82%
3384,Entry long,LONG,7/13/2025 11:00,"117,753.59",10.17837,21810.52,1.82%,55618.79,4.64%,-706.07,-0.06%,220350.92,1.82%
3385,Exit short,LONG,7/16/2025 0:00,"117,188.00",10.17837,27567.3,2.26%,42336.93,3.47%,-5604.01,-0.46%,247918.22,2.26%
3385,Entry short,SHORT,7/15/2025 1:00,"119,896.42",10.17837,27567.3,2.26%,42336.93,3.47%,-5604.01,-0.46%,247918.22,2.26%
3386,Exit long,Open,7/16/2025 7:00,"118,112.89",10.64885,9849.02,0.79%,10542.36,0.84%,-12447.97,-1.00%,257767.23,0.79%
3386,Entry long,LONG,7/16/2025 0:00,"117,188.00",10.64885,9849.02,0.79%,10542.36,0.84%,-12447.97,-1.00%,257767.23,0.79%
