time,open,high,low,close,Buy4,Sell4,LONG,SHORT,buy atr,Sell ATR,Volume,ADX Trên Threshold,ADX Dưới Threshold,Ngưỡng Threshold,RROF Smooth,Signal Line,Buy4,Sell4,buy atr,Sell ATR
2024-03-16T19:00:00+07:00,0.02035,0.0285,0.019899,0.023356,0,0,0,0,0,0,28320532719,NaN,NaN,0,NaN,NaN,0,0,0,0
2024-03-16T23:00:00+07:00,0.023356,0.024666,0.016292,0.019546,0,0,0,0,0,0,32109764516,NaN,NaN,0,NaN,NaN,0,0,0,0
2024-03-17T03:00:00+07:00,0.019546,0.021789,0.017707,0.020814,0,0,0,0,0,0,17491554674,NaN,NaN,0,NaN,NaN,0,0,0,0
2024-03-17T07:00:00+07:00,0.020815,0.02491,0.020362,0.022189,0,0,0,0,0,0,17131172108,NaN,NaN,0,NaN,NaN,0,0,0,0
2024-03-17T11:00:00+07:00,0.02219,0.022242,0.018118,0.020442,0,0,0,0,0,0,17799588024,NaN,NaN,0,NaN,NaN,0,0,0,0
2024-03-17T15:00:00+07:00,0.020443,0.020863,0.016752,0.016979,0,0,0,0,0,0,18050487767,NaN,NaN,0,NaN,NaN,0,0,0,0
2024-03-17T19:00:00+07:00,0.016979,0.017832,0.014833,0.017234,0,0,0,0,0,0,30921399569,NaN,NaN,0,NaN,NaN,0,0,0,0
2024-03-17T23:00:00+07:00,0.017227,0.0185,0.016501,0.017843,0,0,0,0,0,0,15805450779,NaN,NaN,0,NaN,NaN,0,0,0,0
2024-03-18T03:00:00+07:00,0.017843,0.019785,0.01631,0.018432,0,0,0,0,0,0,12729870263,NaN,NaN,0,NaN,NaN,0,0,0,0
2024-03-18T07:00:00+07:00,0.018434,0.019404,0.0173,0.017939,0,0,0,0,0,0,12357561661,NaN,NaN,0,NaN,NaN,0,0,0,0
2024-03-18T11:00:00+07:00,0.017938,0.018733,0.015812,0.015913,0,0,0,0,0,0,12850396467,NaN,NaN,0,NaN,NaN,0,0,0,0
2024-03-18T15:00:00+07:00,0.015913,0.016071,0.0123,0.013705,0,0,0,0,0,0,49381959798,NaN,NaN,0,NaN,NaN,0,0,0,0
2024-03-18T19:00:00+07:00,0.013707,0.014203,0.012111,0.012841,0,0,0,0,0,0,34828702588,NaN,NaN,0,NaN,NaN,0,0,0,0
2024-03-18T23:00:00+07:00,0.012842,0.013232,0.01052,0.011189,0,0,0,0,0,0,39327978975,NaN,NaN,0,NaN,NaN,0,0,0,0
2024-03-19T03:00:00+07:00,0.01119,0.011993,0.00967,0.010644,0,0,0,0,0,0,24832912330,NaN,NaN,0,NaN,NaN,0,0,0,0
2024-03-19T07:00:00+07:00,0.010646,0.011476,0.00888,0.009827,0,0,0,0,0,0,42873747956,NaN,NaN,0,NaN,NaN,0,0,0,0
2024-03-19T11:00:00+07:00,0.009826,0.012287,0.008768,0.012171,0,0,0,0,0,0,62683074310,NaN,NaN,0,NaN,NaN,0,0,0,0
2024-03-19T15:00:00+07:00,0.012171,0.01232,0.010302,0.01161,0,0,0,0,0,0,42730767755,NaN,NaN,0,NaN,NaN,0,0,0,0
2024-03-19T19:00:00+07:00,0.011608,0.0122,0.010275,0.011436,0,0,0,0,0,0,32285951230,NaN,NaN,0,NaN,NaN,0,0,0,0
2024-03-19T23:00:00+07:00,0.011434,0.01359,0.01123,0.012086,0,0,0,0,0,0,36893700933,NaN,NaN,0,NaN,NaN,0,0,0,0
2024-03-20T03:00:00+07:00,0.012085,0.012112,0.010512,0.011276,0,0,0,0,0,0,22282180670,NaN,NaN,0,NaN,NaN,0,0,0,0
2024-03-20T07:00:00+07:00,0.011277,0.012914,0.01105,0.012439,0,0,0,0,0,0,27399925826,NaN,NaN,0,NaN,NaN,0,0,0,0
2024-03-20T11:00:00+07:00,0.012439,0.012789,0.011182,0.012207,0,0,0,0,0,0,29073175684,NaN,NaN,0,1.5604633241200159,NaN,0,0,0,0
2024-03-20T15:00:00+07:00,0.012206,0.01248,0.011511,0.011741,0,0,0,0,0,0,18970518157,NaN,NaN,0,1.6984259260217525,NaN,0,0,0,0
2024-03-20T19:00:00+07:00,0.011741,0.011901,0.01067,0.010805,0,0,0,1,0,0,26958073440,NaN,NaN,0,-7.58326891257962,NaN,0,0,0,0
2024-03-20T23:00:00+07:00,0.010805,0.012236,0.010647,0.011963,0,0,0,0,0,0,20601050066,NaN,NaN,0,-6.760692639762502,NaN,0,0,0,0
2024-03-21T03:00:00+07:00,0.011967,0.01284,0.011746,0.012014,0,0,0,0,0,0,14922957849,NaN,NaN,0,-7.0685126578068225,-5.345188360643963,0,0,0,0
2024-03-21T07:00:00+07:00,0.012012,0.012232,0.011201,0.011282,0,0,0,0,0,0,13661784147,15.114193114135965,NaN,0,-11.479724125269465,-7.961524071733307,0,0,0,0
2024-03-21T11:00:00+07:00,0.011283,0.011985,0.010971,0.011724,0,0,0,0,0,0,12134247172,14.536504766391722,NaN,0,-12.478638513546574,-10.04148541562239,0,0,0,0
2024-03-21T15:00:00+07:00,0.011722,0.012148,0.011206,0.011503,0,0,0,0,0,0,11390840467,13.865651850697652,NaN,0,-13.036613644050718,-11.362300840374962,0,0,0,0
2024-03-21T19:00:00+07:00,0.011504,0.0149,0.0115,0.014593,0,0,0,0,0,0,50611201803,11.329289031486475,NaN,0,-1.068977581088655,-8.330347928708774,0,0,0,0
2024-03-21T23:00:00+07:00,0.014588,0.014686,0.012804,0.013261,1,0,1,0,0,0,21563967746,8.974094985076093,NaN,0,4.506472461651788,-3.819359340040697,1,0,0,0
2024-03-22T03:00:00+07:00,0.013258,0.014082,0.012978,0.013835,0,0,0,0,0,0,11259457251,6.787129084837879,NaN,0,10.190928335395071,1.8147821985779025,0,0,0,0
2024-03-22T07:00:00+07:00,0.013835,0.01488,0.013038,0.014863,0,0,0,0,0,0,17076633053,4.789027224678655,NaN,0,18.63843590166837,8.820049428576631,0,0,0,0
2024-03-22T11:00:00+07:00,0.014862,0.016879,0.0146,0.015693,0,0,0,0,0,0,33972250878,4.01675428202169,NaN,0,27.82002227435788,16.811373821790866,0,0,0,0
2024-03-22T15:00:00+07:00,0.015694,0.0165,0.014713,0.014826,0,0,0,0,0,0,26436411311,3.299643692411653,NaN,0,28.27697142910358,22.23123887202643,0,0,0,0
2024-03-22T19:00:00+07:00,0.014827,0.015228,0.013332,0.014567,0,0,0,0,0,0,35720085833,1.6807078763746723,NaN,0,26.53075900257037,25.112636512738106,0,0,0,0
2024-03-22T23:00:00+07:00,0.014567,0.01494,0.014016,0.014569,0,0,0,0,0,0,14208627053,0.17741033291175867,NaN,0,24.346709549431637,25.797731899675632,0,0,0,0
2024-03-23T03:00:00+07:00,0.014572,0.014782,0.013912,0.014643,0,0,0,0,0,0,9224684331,NaN,-1.2916955992713994,0,23.886290269689578,25.385635445763373,0,0,0,0
2024-03-23T07:00:00+07:00,0.014644,0.015557,0.014015,0.014646,0,0,0,0,0,0,14633835688,NaN,-2.163793812217378,0,22.95438140397787,24.31304574541246,0,0,0,0
2024-03-23T11:00:00+07:00,0.014647,0.0155,0.014553,0.015265,0,0,0,0,0,0,9794231800,NaN,-2.9735992956672135,0,25.00837049157795,24.249495132286906,0,0,0,0
2024-03-23T15:00:00+07:00,0.015266,0.015433,0.014096,0.014341,0,0,0,0,0,0,12131726752,NaN,-4.1003988635983575,0,20.22026836694779,22.807817206786346,0,0,0,0
2024-03-23T19:00:00+07:00,0.014342,0.014847,0.014236,0.01451,0,0,0,0,0,0,10666746970,NaN,-5.146712748105848,0,17.248337907254534,20.796195170429534,0,0,0,0
2024-03-23T23:00:00+07:00,0.01451,0.014682,0.014207,0.014314,0,0,0,0,0,0,6515619625,NaN,-6.144487162612279,0,13.197140482327075,17.907398768575376,0,0,0,0
2024-03-24T03:00:00+07:00,0.014314,0.014385,0.013855,0.013917,0,0,0,0,0,0,5272469283,NaN,-7.397517046088954,0,7.191866165641796,13.729454246983627,0,0,0,0
2024-03-24T07:00:00+07:00,0.013918,0.014119,0.012823,0.012967,0,0,0,1,0,0,12949387641,NaN,-7.880521104188553,0,-3.2926258526495054,7.107513401850516,0,0,0,0
2024-03-24T11:00:00+07:00,0.012968,0.013226,0.012648,0.012972,0,0,0,0,0,0,9185789297,NaN,-8.192501124492331,0,-12.10071095444532,-0.5637227209327033,0,0,0,0
2024-03-24T15:00:00+07:00,0.012972,0.013595,0.012881,0.013488,0,0,0,0,0,0,9244340421,NaN,-8.856043935524713,0,-13.266091124100784,-6.468686945508204,0,0,0,0
2024-03-24T19:00:00+07:00,0.01349,0.013821,0.0131,0.01367,0,0,0,0,0,0,10348499791,NaN,-9.700341007424317,0,-9.917782837029735,-9.223253138969666,0,0,0,0
2024-03-24T23:00:00+07:00,0.013671,0.013761,0.013125,0.01362,0,0,0,0,0,0,6911974167,NaN,-10.484331145616807,0,-5.7962692035876,-9.062986566659962,0,0,0,0
2024-03-25T03:00:00+07:00,0.013619,0.01449,0.013508,0.014209,0,0,1,0,0,0,8293580168,NaN,-11.084684351774468,0,2.2509804409929046,-5.354427754874798,0,0,0,0
2024-03-25T07:00:00+07:00,0.01421,0.01444,0.0137,0.01408,0,0,0,0,0,0,8449455152,NaN,-11.642155186063723,0,8.409588611451035,0.03742669415358222,0,0,0,0
2024-03-25T11:00:00+07:00,0.014077,0.01422,0.01333,0.013459,0,0,0,0,0,0,7115535176,NaN,-12.581230557566984,0,7.628931844352479,3.801708916422688,0,0,0,0
2024-03-25T15:00:00+07:00,0.013459,0.013858,0.0134,0.013488,0,0,0,0,0,0,6339947763,NaN,-13.453229116820012,0,4.862968729750437,5.251001902594227,0,0,0,0
2024-03-25T19:00:00+07:00,0.013487,0.014221,0.013,0.013982,0,0,0,0,0,0,13960104886,NaN,-13.826573183021559,0,8.098401045970125,6.793388889720319,0,0,0,0
2024-03-25T23:00:00+07:00,0.013983,0.015297,0.013855,0.014345,0,0,0,0,0,0,12792842830,NaN,-13.870049197943679,0,12.89816569020409,9.009386074953882,0,0,0,0
2024-03-26T03:00:00+07:00,0.014346,0.014492,0.013964,0.014105,0,0,0,0,0,0,4834263684,NaN,-13.910419783228505,0,13.07742112992332,10.57532272347978,0,0,0,0
2024-03-26T07:00:00+07:00,0.014106,0.01488,0.013971,0.014577,0,0,0,0,0,0,6654588956,NaN,-13.55005425007078,0,16.60986601146959,13.007552164622947,0,0,0,0
2024-03-26T11:00:00+07:00,0.014576,0.014821,0.014198,0.014373,0,0,0,0,0,0,6177457466,NaN,-13.215429112138606,0,16.894040230419897,14.93577740094174,0,0,0,0
2024-03-26T15:00:00+07:00,0.014373,0.014599,0.014093,0.014183,0,0,0,0,0,0,6187173269,NaN,-13.063741731773726,0,13.380081175387895,14.890611518871905,0,0,0,0
2024-03-26T19:00:00+07:00,0.014183,0.014438,0.0135,0.013714,0,0,0,0,0,0,9752968649,NaN,-13.772537908077958,0,4.54462739966877,11.548182369601173,0,0,0,0
2024-03-26T23:00:00+07:00,0.013715,0.013852,0.013203,0.013553,0,0,0,1,0,0,6797142435,NaN,-14.329758809435111,0,-5.468480341130517,5.42495319276637,0,0,0,0
2024-03-27T03:00:00+07:00,0.013554,0.013795,0.013444,0.013535,0,0,0,0,0,0,3020171406,NaN,-14.847178217838183,0,-14.04848244932407,-2.321883255396028,0,0,0,0
2024-03-27T07:00:00+07:00,0.013536,0.014024,0.013365,0.013473,0,0,0,0,0,0,5417574527,NaN,-15.480900205308194,0,-22.26940924096062,-10.765138736717699,0,0,0,0
2024-03-27T11:00:00+07:00,0.013473,0.013606,0.01291,0.013079,0,0,0,0,0,0,6265912456,NaN,-15.61033491556287,0,-31.503365872481393,-19.67548313045426,0,0,0,0
2024-03-27T15:00:00+07:00,0.01308,0.013263,0.012635,0.012944,0,0,0,0,0,0,7751821083,NaN,-15.370540823868657,0,-39.268945555652145,-28.182124282056456,0,0,0,0
2024-03-27T19:00:00+07:00,0.012943,0.013333,0.012601,0.012662,0,0,0,0,0,0,11236804491,NaN,-15.26664721170604,0,-47.45855624045138,-36.497730798236994,0,0,0,0
2024-03-27T23:00:00+07:00,0.012664,0.012866,0.012388,0.012616,0,0,0,0,0,0,5715544297,NaN,-14.87738207518683,0,-53.75588553284884,-44.11310868526198,0,0,0,0
2024-03-28T03:00:00+07:00,0.012615,0.012789,0.012439,0.012604,0,0,0,0,0,0,2890523333,NaN,-14.515921591276133,0,-58.575110547907585,-50.687734705071534,0,0,0,0
2024-03-28T07:00:00+07:00,0.012606,0.013391,0.012076,0.012319,0,0,0,0,0,0,10008129270,NaN,-15.260314662403447,0,-63.89310377204702,-56.61464504579779,0,0,0,0
2024-03-28T11:00:00+07:00,0.012318,0.012718,0.012296,0.012679,0,0,0,0,0,0,4992528136,NaN,-15.951536799878811,0,-61.050584086144035,-59.43473296458534,0,0,0,0
2024-03-28T15:00:00+07:00,0.012679,0.013093,0.012426,0.012727,0,0,0,0,0,0,7224630695,NaN,-15.983204713413839,0,-57.22544709417665,-59.52766598401763,0,0,0,0
2024-03-28T19:00:00+07:00,0.012726,0.013291,0.012626,0.01311,0,0,0,0,0,0,9213055918,NaN,-15.706158240246246,0,-44.779298263380475,-54.820756669602844,0,0,0,0
2024-03-28T23:00:00+07:00,0.013111,0.01391,0.012833,0.013743,0,0,0,0,0,0,6513842638,NaN,-14.599785078424544,0,-28.643849832716196,-45.333803696264525,0,0,0,0
2024-03-29T03:00:00+07:00,0.013742,0.014886,0.013548,0.014572,0,0,0,0,0,0,13897001357,NaN,-12.561634374573469,0,-10.219363258577014,-31.70077257922591,0,0,0,0
2024-03-29T07:00:00+07:00,0.014572,0.014578,0.0136,0.01364,0,0,0,0,0,0,10059192837,NaN,-10.669065863854613,0,-2.781476930402732,-19.166695387027193,0,0,0,0
2024-03-29T11:00:00+07:00,0.013643,0.01371,0.012912,0.012987,0,0,0,0,0,0,7552992546,NaN,-10.23460291876308,0,-2.1517887600535217,-10.307329281761497,0,0,0,0
2024-03-29T15:00:00+07:00,0.012986,0.013274,0.012804,0.013051,0,0,0,0,0,0,6621557836,NaN,-10.020730586166811,0,-3.270036075564967,-5.492289503941155,0,0,0,0
2024-03-29T19:00:00+07:00,0.013051,0.0133,0.012654,0.012881,0,0,0,0,0,0,6228193206,NaN,-10.090563797893173,0,-7.164145383538698,-4.742570307966427,0,0,0,0
2024-03-29T23:00:00+07:00,0.012881,0.013349,0.012873,0.013165,0,0,0,0,0,0,4564369896,NaN,-10.087212069762916,0,-8.923754108148103,-6.011367650139999,0,0,0,0
2024-03-30T03:00:00+07:00,0.013166,0.01318,0.01287,0.013,0,0,0,0,0,0,2824011436,NaN,-10.090105940733466,0,-12.251621314331475,-8.47582800440329,0,0,0,0
2024-03-30T07:00:00+07:00,0.013001,0.01358,0.012834,0.013316,0,0,0,0,0,0,5685193124,NaN,-9.514848722125171,0,-11.208044911674781,-9.961086598852432,0,0,0,0
2024-03-30T11:00:00+07:00,0.013317,0.015718,0.013261,0.014858,0,0,0,0,0,0,25968536052,NaN,-7.034772399635266,0,-3.9783982408670515,-8.432712559590914,0,0,0,0
2024-03-30T15:00:00+07:00,0.014859,0.01496,0.01406,0.014486,0,0,0,0,0,0,13448252432,NaN,-4.7318443858946395,0,-0.3876981092644454,-5.660214332108388,0,0,0,0
2024-03-30T19:00:00+07:00,0.014487,0.014943,0.0141,0.014455,0,0,1,0,0,0,10427965761,NaN,-2.5934112302783454,0,1.6902324492446077,-2.6468357367411293,0,0,0,0
2024-03-30T23:00:00+07:00,0.014455,0.014858,0.0143,0.014629,0,0,0,0,0,0,7384263696,NaN,-0.6077233000632134,0,5.1059925191663575,0.7975304447738665,0,0,0,0
2024-03-31T03:00:00+07:00,0.014629,0.014717,0.013759,0.01393,0,0,0,0,0,0,5745855688,0.08351404186685585,NaN,0,3.012633651706817,2.38693608156916,0,0,0,0
2024-03-31T07:00:00+07:00,0.01393,0.014161,0.013512,0.013674,0,0,0,1,0,0,7357594665,0.24491793578470578,NaN,0,-1.939828571181747,1.3774757398428255,0,0,0,0
2024-03-31T11:00:00+07:00,0.013673,0.014497,0.013589,0.0144,0,0,0,0,0,0,7477179173,0.750119940157596,NaN,0,-1.3213466235544813,0.43827140267989206,0,0,0,0
2024-03-31T15:00:00+07:00,0.0144,0.01475,0.014056,0.014131,0,0,0,0,0,0,7894966957,1.4735242703665286,NaN,0,-3.4780642630949066,-1.157595580043847,0,0,0,0
2024-03-31T19:00:00+07:00,0.014131,0.014363,0.013863,0.014024,0,0,0,0,0,0,4839437375,1.743235758596846,NaN,0,-5.981588865785385,-3.243417649508445,0,0,0,0
2024-03-31T23:00:00+07:00,0.014024,0.014522,0.014002,0.014397,0,0,0,0,0,0,4868192515,2.17028528663651,NaN,0,-4.832919112035669,-4.207177708726354,0,0,0,0
2024-04-01T03:00:00+07:00,0.014397,0.014836,0.014304,0.014551,0,0,0,0,0,0,5300766257,2.9037126411599488,NaN,0,-2.4977502161641882,-3.8695112850709377,0,0,0,0
2024-04-01T07:00:00+07:00,0.014551,0.016127,0.014313,0.016115,1,0,1,0,1,0,17099811159,4.643254442883098,NaN,0,6.777220996728919,-0.40299301411898986,1,0,1,0
2024-04-01T11:00:00+07:00,0.016112,0.016526,0.014342,0.01517,0,0,0,0,0,0,20111906914,6.507752746709439,NaN,0,9.375554394748503,3.38973188148726,0,0,0,0
2024-04-01T15:00:00+07:00,0.015172,0.015793,0.014725,0.015586,0,0,0,0,0,0,9643165461,8.23907260026246,NaN,0,13.267106248361378,7.622732817774907,0,0,0,0
2024-04-01T19:00:00+07:00,0.015586,0.017755,0.015465,0.016576,0,0,0,0,0,0,39890762882,10.776567309349346,NaN,0,19.318560260041124,12.589638750346019,0,0,0,0
2024-04-01T23:00:00+07:00,0.016573,0.017399,0.015687,0.016255,0,0,0,0,0,0,16577418554,13.132812396358595,NaN,0,20.88000593797803,16.466927950757647,0,0,0,0
2024-04-02T03:00:00+07:00,0.016259,0.017768,0.015852,0.017436,0,0,0,0,0,0,12528227148,15.455279054902917,NaN,0,24.691211123389145,20.056101802696833,0,0,0,0
2024-04-02T07:00:00+07:00,0.017435,0.018578,0.01672,0.016965,0,0,0,0,0,0,26818652072,17.87341353704442,NaN,0,23.226025271702564,21.962614362296474,0,0,0,0
2024-04-02T11:00:00+07:00,0.016964,0.017378,0.016025,0.016748,0,0,0,0,0,0,14801807452,18.831926514252665,NaN,0,20.108816750035732,21.90669268954357,0,0,0,0
2024-04-02T15:00:00+07:00,0.016748,0.01711,0.015502,0.016218,0,0,0,0,0,0,20205644685,18.85913612379713,NaN,0,14.814022519917886,19.629725573306423,0,0,0,0
2024-04-02T19:00:00+07:00,0.016218,0.01727,0.015638,0.016586,0,0,0,0,0,0,15552019453,18.983350345243636,NaN,0,12.063922715774018,16.736361038362872,0,0,0,0
2024-04-02T23:00:00+07:00,0.016588,0.016934,0.01595,0.016306,0,0,0,0,0,0,9657997049,19.098692122301095,NaN,0,8.075664982751428,13.101316140558728,0,0,0,0
2024-04-03T03:00:00+07:00,0.016304,0.016473,0.015758,0.016106,0,0,0,0,0,0,5544364695,18.858398993228157,NaN,0,4.149355943527622,9.265204639055826,0,0,0,0
2024-04-03T07:00:00+07:00,0.016105,0.017865,0.015874,0.017705,0,0,0,0,0,0,13488919927,19.51094776441039,NaN,0,6.751234324536867,7.568163886434336,0,0,0,0
2024-04-03T11:00:00+07:00,0.0177,0.01832,0.017348,0.017832,1,0,0,0,1,0,10455574281,20.344776945877094,NaN,0,10.70540502364864,8.079685528550026,1,0,1,0
2024-04-03T15:00:00+07:00,0.017833,0.018535,0.017175,0.017246,0,0,0,0,0,0,11660260537,21.22353495366069,NaN,0,9.42915491156356,8.439698299721975,0,0,0,0
2024-04-03T19:00:00+07:00,0.017248,0.017428,0.016311,0.016406,0,0,0,0,0,0,10845664927,20.617930866955106,NaN,0,4.630575639240177,7.375835833733493,0,0,0,0
2024-04-03T23:00:00+07:00,0.016407,0.016562,0.015866,0.016073,0,0,0,1,0,0,6703448348,19.41170831723865,NaN,0,-1.477489816795747,4.50562417196712,0,0,0,0
2024-04-04T03:00:00+07:00,0.016074,0.016253,0.015666,0.015763,0,0,0,0,0,0,5451290270,18.00933820067275,NaN,0,-7.637087737106191,-0.04266374588117732,0,0,0,0
2024-04-04T07:00:00+07:00,0.015763,0.016116,0.014983,0.015334,0,0,0,0,0,0,8656271272,15.802879380192316,NaN,0,-14.867888486387807,-6.041997109380475,0,0,0,0
2024-04-04T11:00:00+07:00,0.015336,0.015789,0.015077,0.015506,0,0,0,0,0,0,6382765682,13.754024761174769,NaN,0,-20.029182906960983,-12.056875712401736,0,0,0,0
2024-04-04T15:00:00+07:00,0.015504,0.015843,0.015431,0.015483,0,0,0,0,0,0,4576426749,11.909375614604336,NaN,0,-23.88780302076034,-17.394071832121146,0,0,0,0
2024-04-04T19:00:00+07:00,0.015483,0.016269,0.015471,0.015915,0,0,0,0,0,0,7506385756,10.64814044825156,NaN,0,-22.692435811201683,-20.43158697132097,0,0,0,0
2024-04-04T23:00:00+07:00,0.015915,0.016352,0.01544,0.015487,0,0,0,0,0,0,5723980246,9.563559684367235,NaN,0,-24.05936187602189,-22.51041439916713,0,0,0,0
2024-04-05T03:00:00+07:00,0.01549,0.015518,0.014561,0.014793,0,0,0,0,0,0,5825809933,7.298833463564378,NaN,0,-27.537763556356122,-24.65389077786366,0,0,0,0
2024-04-05T07:00:00+07:00,0.014793,0.015098,0.014,0.014271,0,0,0,0,0,0,9147948548,5.458349186068162,NaN,0,-32.90742458682498,-27.74259582871859,0,0,0,0
2024-04-05T11:00:00+07:00,0.014269,0.014302,0.013286,0.013503,0,0,0,0,0,0,9410256392,4.491766715077709,NaN,0,-39.859520476922164,-32.290116730948306,0,0,0,0
2024-04-05T15:00:00+07:00,0.013504,0.01374,0.013262,0.013375,0,0,0,0,0,0,7060415857,3.618016971363229,NaN,0,-46.70208527192366,-38.05371140110107,0,0,0,0
2024-04-05T19:00:00+07:00,0.013375,0.01394,0.013222,0.013666,0,0,0,0,0,0,8779341700,2.5157741586195783,NaN,0,-47.82264702587474,-42.59018335852273,0,0,0,0
2024-04-05T23:00:00+07:00,0.013667,0.013939,0.013394,0.013861,0,0,0,0,0,0,5209359057,1.4922629753576153,NaN,0,-44.09701327682821,-44.30055838960536,0,0,0,0
2024-04-06T03:00:00+07:00,0.01386,0.014204,0.013757,0.013829,0,0,0,0,0,0,3515019108,0.13222137967866132,NaN,0,-40.51780920748659,-43.713915416209296,0,0,0,0
2024-04-06T07:00:00+07:00,0.01383,0.014216,0.013602,0.014,0,0,0,0,0,0,5961404051,NaN,-0.9262181504431801,0,-33.90131149906248,-40.4144142319611,0,0,0,0
2024-04-06T11:00:00+07:00,0.013999,0.014069,0.013495,0.013584,0,0,0,0,0,0,4211121111,NaN,-1.7650688685889548,0,-31.00934529861616,-36.54813824608811,0,0,0,0
2024-04-06T15:00:00+07:00,0.013584,0.013877,0.013429,0.013498,0,0,0,0,0,0,5196263143,NaN,-2.4518812036187683,0,-30.540469564266935,-33.57175301365255,0,0,0,0
2024-04-06T19:00:00+07:00,0.013498,0.013957,0.013295,0.013936,0,0,0,0,0,0,4981137542,NaN,-2.8973632982211583,0,-24.254927619090306,-29.652332296931952,0,0,0,0
2024-04-06T23:00:00+07:00,0.013936,0.014507,0.013905,0.014459,0,0,0,0,0,0,6536692619,NaN,-4.316847913602853,0,-14.348888845811404,-23.753704366300926,0,0,0,0
2024-04-07T03:00:00+07:00,0.014459,0.014727,0.014116,0.014558,0,0,0,0,0,0,3930754658,NaN,-5.591545617019943,0,-4.9607869944679,-16.47030384266707,0,0,0,0
2024-04-07T07:00:00+07:00,0.014558,0.01492,0.014214,0.014378,0,0,0,0,0,0,5989220344,NaN,-6.464731626929641,0,-0.26073459227475276,-9.549587485275142,0,0,0,0
2024-04-07T11:00:00+07:00,0.014378,0.014474,0.01415,0.014243,0,0,1,0,0,0,3795703821,NaN,-7.3959295190054455,0,0.37428623041593057,-4.467104900742411,0,0,0,0
2024-04-07T15:00:00+07:00,0.014243,0.014533,0.014216,0.014389,0,0,0,0,0,0,3625483619,NaN,-8.15686006278721,0,2.866731237182706,-0.614791033599614,0,0,0,0
2024-04-07T19:00:00+07:00,0.014389,0.014434,0.013645,0.013842,0,0,0,1,0,0,7189585655,NaN,-8.801610402652276,0,-1.7147826657897387,-0.09775905786583211,0,0,0,0
2024-04-07T23:00:00+07:00,0.013841,0.014235,0.01379,0.014066,0,0,0,0,0,0,4152672698,NaN,-9.400307146812695,0,-4.390136590294131,-1.314785468968292,0,0,0,0
2024-04-08T03:00:00+07:00,0.014065,0.014206,0.013738,0.01415,0,0,0,0,0,0,2701025146,NaN,-9.86159422436006,0,-5.081558191800186,-2.800329107517688,0,0,0,0
2024-04-08T07:00:00+07:00,0.014151,0.014455,0.013892,0.014296,0,0,0,0,0,0,4509014986,NaN,-10.827910776548046,0,-2.465385133281469,-3.0924268199258167,0,0,0,0
2024-04-08T11:00:00+07:00,0.014295,0.014522,0.014117,0.014395,0,0,1,0,0,0,4397996229,NaN,-11.812911795437989,0,2.1838404595839345,-1.6454712437989842,0,0,0,0
2024-04-08T15:00:00+07:00,0.014395,0.01493,0.014359,0.014708,0,0,0,0,0,0,7008977002,NaN,-11.916939265523121,0,10.436803397014144,2.5979980299778367,0,0,0,0
2024-04-08T19:00:00+07:00,0.014709,0.014843,0.014146,0.014197,0,0,0,0,0,0,5442173254,NaN,-12.493925173764882,0,10.047917348984353,5.901732883557801,0,0,0,0
2024-04-08T23:00:00+07:00,0.014199,0.0143,0.013934,0.014152,0,0,0,0,0,0,4315206021,NaN,-13.29014563066349,0,8.788382828515655,7.823085967696301,0,0,0,0
2024-04-09T03:00:00+07:00,0.014153,0.01444,0.014091,0.014341,0,0,0,0,0,0,2518054035,NaN,-13.924463315306875,0,9.416411365243421,9.029119162723,0,0,0,0
2024-04-09T07:00:00+07:00,0.014343,0.01452,0.01382,0.013924,0,0,0,0,0,0,4962785202,NaN,-14.33514892315809,0,3.868546381185825,7.593744263162175,0,0,0,0
2024-04-09T11:00:00+07:00,0.013925,0.014085,0.01338,0.013445,0,0,0,1,0,0,6138452719,NaN,-13.892936735955011,0,-5.901807265009588,2.789271086762753,0,0,0,0
2024-04-09T15:00:00+07:00,0.013442,0.013461,0.0131,0.013317,0,0,0,0,0,0,6809057598,NaN,-13.024828674585123,0,-15.669895529137662,-4.181990800211112,0,0,0,0
2024-04-09T19:00:00+07:00,0.013317,0.013385,0.012767,0.013075,0,0,0,0,0,0,6831938978,NaN,-11.726497660944341,0,-25.193539679221505,-12.613279878671456,0,0,0,0
2024-04-09T23:00:00+07:00,0.013075,0.013079,0.0128,0.013001,0,0,0,0,0,0,3486483211,NaN,-10.520904576849327,0,-32.3543902893239,-21.166057659983455,0,0,0,0
2024-04-10T03:00:00+07:00,0.013001,0.013102,0.012668,0.012801,0,0,0,0,0,0,3146000183,NaN,-9.203621147636035,0,-39.295014633726005,-29.247656779125002,0,0,0,0
2024-04-10T07:00:00+07:00,0.012803,0.012961,0.012211,0.012582,0,0,0,0,0,0,7246666862,NaN,-7.363380943500395,0,-45.82190427698263,-36.62731504502464,0,0,0,0
2024-04-10T11:00:00+07:00,0.012581,0.013089,0.012422,0.012898,0,0,0,0,0,0,4373727252,NaN,-6.0326809941299935,0,-44.413441671461534,-40.876145974952365,0,0,0,0
2024-04-10T15:00:00+07:00,0.012897,0.012916,0.012528,0.012828,0,0,0,0,0,0,4147874301,NaN,-4.7970310411431925,0,-42.26605655257366,-42.49294545576255,0,0,0,0
2024-04-10T19:00:00+07:00,0.012828,0.013293,0.012221,0.013031,0,0,0,0,0,0,9960185080,NaN,-4.752057726500787,0,-34.375476926187595,-40.341383936220566,0,0,0,0
2024-04-10T23:00:00+07:00,0.01303,0.01332,0.012853,0.013141,0,0,0,0,0,0,4189842207,NaN,-4.785039787041281,0,-24.704619054515963,-34.83146401699712,0,0,0,0
2024-04-11T03:00:00+07:00,0.013141,0.013427,0.013023,0.01309,0,0,0,0,0,0,2675607067,NaN,-5.12062137354145,0,-17.853065863764318,-28.0103860728038,0,0,0,0
2024-04-11T07:00:00+07:00,0.01309,0.013096,0.012762,0.012811,0,0,0,0,0,0,3227731677,NaN,-4.915611699968391,0,-16.46034858813726,-22.589658264282686,0,0,0,0
2024-04-11T11:00:00+07:00,0.012811,0.013154,0.012629,0.013022,0,0,0,0,0,0,3789534782,NaN,-4.4776402410601435,0,-12.470206985598546,-17.702422793803617,0,0,0,0
2024-04-11T15:00:00+07:00,0.013022,0.013194,0.01247,0.012527,0,0,0,0,0,0,4160917087,NaN,-3.783107146012483,0,-14.837180857842798,-15.590568585204304,0,0,0,0
2024-04-11T19:00:00+07:00,0.012526,0.012791,0.012351,0.012787,0,0,0,0,0,0,5100501978,NaN,-2.9280998266878626,0,-12.699795757158494,-14.068805747599876,0,0,0,0
2024-04-11T23:00:00+07:00,0.012788,0.012856,0.012611,0.01269,0,0,0,0,0,0,3003796106,NaN,-2.3644118855987237,0,-12.835866452845478,-13.39272136171494,0,0,0,0
2024-04-12T03:00:00+07:00,0.01269,0.012777,0.012479,0.012665,0,0,0,0,0,0,1940597941,NaN,-1.589507779251072,0,-13.035037200960561,-13.117507185929622,0,0,0,0
2024-04-12T07:00:00+07:00,0.012664,0.012912,0.012593,0.012794,0,0,0,0,0,0,2890620131,NaN,-1.3701606853037767,0,-9.890152093496685,-12.022352066801458,0,0,0,0
2024-04-12T11:00:00+07:00,0.012793,0.012817,0.012302,0.012398,0,0,0,0,0,0,3015739569,NaN,-0.5963805663082447,0,-11.30479612385409,-11.570748617265886,0,0,0,0
2024-04-12T15:00:00+07:00,0.012398,0.012487,0.012269,0.0123,0,1,0,0,0,0,2404948236,0.18338258419189302,NaN,0,-14.948333123555829,-12.569149816563478,0,1,0,0
2024-04-12T19:00:00+07:00,0.0123,0.012303,0.010888,0.011094,0,0,0,0,0,0,15998037155,2.6212336816308692,NaN,0,-22.804396015949465,-16.036336155565788,0,0,0,0
2024-04-12T23:00:00+07:00,0.011094,0.011144,0.008536,0.009647,0,0,0,0,0,0,24774860889,6.061649103928119,NaN,0,-32.272685087955125,-21.995050214363058,0,0,0,0
2024-04-13T03:00:00+07:00,0.009647,0.010109,0.009589,0.009902,0,0,0,0,0,0,6235503385,9.256320567489851,NaN,0,-36.47773887463778,-28.07293900958824,0,0,0,0
2024-04-13T07:00:00+07:00,0.009903,0.010159,0.009382,0.010001,0,0,0,0,0,0,7435996736,12.291440794102854,NaN,0,-36.418427454675324,-32.35855154608319,0,0,0,0
2024-04-13T11:00:00+07:00,0.010002,0.010217,0.009946,0.010008,0,0,0,0,0,0,4729157399,14.960365643120085,NaN,0,-35.5743572094258,-34.68856524544022,0,0,0,0
2024-04-13T15:00:00+07:00,0.010008,0.010449,0.009936,0.010207,0,0,0,0,0,0,5508199652,16.83354170688819,NaN,0,-30.94010082291539,-34.09875854356912,0,0,0,0
2024-04-13T19:00:00+07:00,0.010208,0.010494,0.010029,0.01004,0,0,0,0,0,0,5210883994,18.453857440969628,NaN,0,-29.209816117862736,-32.389809952882736,0,0,0,0
2024-04-13T23:00:00+07:00,0.010039,0.010061,0.007745,0.008249,0,0,0,0,0,0,20024145182,20.855901948501554,NaN,0,-31.75806123902269,-31.73446766725583,0,0,0,0
2024-04-14T03:00:00+07:00,0.008252,0.008483,0.007112,0.00823,0,0,0,0,0,0,26090984647,23.24284368932166,NaN,0,-34.00251206243796,-32.141920831808356,0,0,0,0
2024-04-14T07:00:00+07:00,0.00823,0.008382,0.007796,0.008163,0,0,0,0,0,0,10968790669,25.459289591511755,NaN,0,-35.80386201721336,-33.310885007435175,0,0,0,0
2024-04-14T11:00:00+07:00,0.008164,0.008792,0.008082,0.008736,0,0,0,0,0,0,10360972046,26.65955483103224,NaN,0,-29.181825592453542,-32.25720338762288,0,0,0,0
2024-04-14T15:00:00+07:00,0.008737,0.009056,0.008551,0.008636,0,0,0,0,0,0,9264786453,27.24370721119731,NaN,0,-24.814004105528998,-29.864799620866524,0,0,0,0
2024-04-14T19:00:00+07:00,0.008637,0.00924,0.008572,0.008961,0,0,0,0,0,0,10593965230,27.41798035465478,NaN,0,-17.5026873889769,-25.328344416081716,0,0,0,0
2024-04-14T23:00:00+07:00,0.00896,0.009279,0.008494,0.008928,0,0,0,0,0,0,10039511020,27.626764677079166,NaN,0,-10.941124221812718,-19.55505974557858,0,0,0,0
2024-04-15T03:00:00+07:00,0.008928,0.009575,0.008706,0.00944,0,0,0,0,0,0,6707064583,27.199597430746493,NaN,0,-1.4935152252867856,-12.169997932275134,0,0,0,0
2024-04-15T07:00:00+07:00,0.00944,0.00944,0.00892,0.008988,1,0,1,0,1,0,5267358493,26.80294213058044,NaN,0,2.039645778039527,-5.894572237324697,1,0,1,0
2024-04-15T11:00:00+07:00,0.008988,0.009574,0.008816,0.009373,0,0,0,0,0,0,7446491010,26.1355939589943,NaN,0,6.9158128081665495,-0.07518895703145555,0,0,0,0
2024-04-15T15:00:00+07:00,0.009373,0.009517,0.00888,0.009046,0,0,0,0,0,0,6036558217,25.515913513950018,NaN,0,6.642120534786069,3.537642437888589,0,0,0,0
2024-04-15T19:00:00+07:00,0.009047,0.009265,0.00844,0.008713,0,0,0,0,0,0,9518198800,25.343494994074447,NaN,0,3.069100719395156,4.349813366094131,0,0,0,0
2024-04-15T23:00:00+07:00,0.008713,0.008857,0.008027,0.008397,0,1,0,1,0,1,10388862425,25.517681992852978,NaN,0,-2.875956566153729,2.2462835363695204,0,1,0,1
2024-04-16T03:00:00+07:00,0.008397,0.008509,0.008206,0.008407,0,0,0,0,0,0,4025328259,25.67942706314733,NaN,0,-7.5441955249897585,-1.3211631902426366,0,0,0,0
2024-04-16T07:00:00+07:00,0.008407,0.008559,0.008118,0.008212,0,0,0,0,0,0,7488964946,25.903139651741483,NaN,0,-14.664617159184289,-6.623161041384352,0,0,0,0
2024-04-16T11:00:00+07:00,0.008213,0.008528,0.007904,0.008437,0,0,0,0,0,0,7621743704,26.289046056754337,NaN,0,-15.323318471271467,-10.706030665398403,0,0,0,0
2024-04-16T15:00:00+07:00,0.008436,0.008493,0.007996,0.008448,0,0,0,0,0,0,6968639941,26.647387718551997,NaN,0,-13.45718948887611,-12.702494694876835,0,0,0,0
2024-04-16T19:00:00+07:00,0.008447,0.008449,0.007926,0.007983,0,0,0,0,0,0,8472286695,27.042791652728226,NaN,0,-16.21713850733341,-14.517189049956281,0,0,0,0
2024-04-16T23:00:00+07:00,0.007983,0.008414,0.007862,0.008251,0,0,0,0,0,0,7147522109,27.469236117755457,NaN,0,-14.592042173901357,-14.900772497813064,0,0,0,0
2024-04-17T03:00:00+07:00,0.008251,0.008621,0.008214,0.008515,0,0,0,0,0,0,3390921278,27.151362311325776,NaN,0,-11.462635552944224,-13.77136396209003,0,0,0,0
2024-04-17T07:00:00+07:00,0.008515,0.008687,0.00837,0.008544,0,0,0,0,0,0,4325589659,26.63146227327907,NaN,0,-8.108396576390321,-11.737341207931701,0,0,0,0
2024-04-17T11:00:00+07:00,0.008545,0.008882,0.008497,0.008568,0,0,0,0,0,0,5320968850,25.493176138254825,NaN,0,-6.003875419816349,-9.482806194574122,0,0,0,0
2024-04-17T15:00:00+07:00,0.008568,0.008632,0.00815,0.00816,0,0,0,0,0,0,4177592675,24.933431764252525,NaN,0,-9.52662726087455,-8.899409399506593,0,0,0,0
2024-04-17T19:00:00+07:00,0.008159,0.009178,0.008103,0.009043,0,0,0,0,0,0,22667712730,22.83418911161023,NaN,0,-3.6313455369018035,-6.796952779545409,0,0,0,0
2024-04-17T23:00:00+07:00,0.009044,0.009773,0.008814,0.009463,0,0,1,0,0,0,26209427254,19.5596608029485,NaN,0,5.619658700381649,-2.341541189623043,0,0,0,0
2024-04-18T03:00:00+07:00,0.009463,0.009586,0.009102,0.009166,0,0,0,0,0,0,8394227764,16.519027373476902,NaN,0,8.733574887405652,2.0130228457522663,0,0,0,0
2024-04-18T07:00:00+07:00,0.009167,0.009576,0.008917,0.009109,0,0,0,0,0,0,12211223063,14.063692829375725,NaN,0,9.293527307936087,5.431439590384656,0,0,0,0
2024-04-18T11:00:00+07:00,0.009108,0.009192,0.008572,0.008699,0,0,0,0,0,0,9372047302,12.417249068107608,NaN,0,4.825990994629095,6.3408507153978855,0,0,0,0
2024-04-18T15:00:00+07:00,0.008698,0.009249,0.008605,0.009085,0,0,0,0,0,0,9731192209,10.749932229807833,NaN,0,5.2319619261245425,6.428744267209352,0,0,0,0
2024-04-18T19:00:00+07:00,0.009085,0.00945,0.008864,0.009362,0,0,0,0,0,0,10764071109,8.715480122760077,NaN,0,8.709306791348999,7.084865609893885,0,0,0,0
2024-04-18T23:00:00+07:00,0.009363,0.009527,0.00905,0.00936,0,0,0,0,0,0,6462819056,6.6422530614633715,NaN,0,11.114722425682833,8.336815624625205,0,0,0,0
2024-04-19T03:00:00+07:00,0.00936,0.009445,0.009251,0.009306,0,0,0,0,0,0,2936397080,4.717113647402144,NaN,0,12.735219077131067,9.970188020620787,0,0,0,0
2024-04-19T07:00:00+07:00,0.009305,0.009305,0.008307,0.008717,0,0,0,0,0,0,12455495751,4.662991999954684,NaN,0,9.499111121295325,10.295411646724796,0,0,0,0
2024-04-19T11:00:00+07:00,0.008717,0.009554,0.008678,0.009246,0,0,0,0,0,0,10368802447,3.9914028853767753,NaN,0,11.008220778545043,10.812130483467627,0,0,0,0
2024-04-19T15:00:00+07:00,0.009246,0.010278,0.009189,0.010073,0,0,0,0,0,0,10418823245,1.9713459405785727,NaN,0,16.175516654545934,12.66619735538272,0,0,0,0
2024-04-19T19:00:00+07:00,0.010073,0.010333,0.009722,0.010104,0,0,0,0,0,0,11760037121,0.19533365492851473,NaN,0,20.789740394209996,15.560591482972706,0,0,0,0
2024-04-19T23:00:00+07:00,0.010103,0.01053,0.009907,0.010316,0,0,0,0,0,0,8968778569,NaN,-1.093968300358842,0,26.037032875112384,19.55908190629501,0,0,0,0
2024-04-20T03:00:00+07:00,0.010317,0.010563,0.010045,0.010348,0,0,0,0,0,0,6033611220,NaN,-2.2301677897049537,0,30.981969023384597,24.319096792509292,0,0,0,0
2024-04-20T07:00:00+07:00,0.010348,0.010751,0.009971,0.010259,0,0,0,0,0,0,9945259182,NaN,-2.9341596276382944,0,32.95009939443688,28.302964608935056,0,0,0,0
2024-04-20T11:00:00+07:00,0.010259,0.010336,0.01,0.010058,0,0,0,0,0,0,4773613776,NaN,-3.5878663342906805,0,30.741596476627056,30.087872878364756,0,0,0,0
2024-04-20T15:00:00+07:00,0.010059,0.010087,0.009836,0.01001,0,0,0,0,0,0,5125233725,NaN,-4.608423698643723,0,27.36227849790679,29.775269833415624,0,0,0,0
2024-04-20T19:00:00+07:00,0.01001,0.010456,0.009862,0.01044,0,0,0,0,0,0,5551023228,NaN,-4.822950075439717,0,27.457058365289374,29.056090870680904,0,0,0,0
2024-04-20T23:00:00+07:00,0.010441,0.011102,0.010303,0.010807,0,0,0,0,0,0,8450643450,NaN,-4.004686006009102,0,29.986729062379293,29.085467107631022,0,0,0,0
2024-04-21T03:00:00+07:00,0.010808,0.011151,0.010695,0.011006,0,0,0,0,0,0,3685093099,NaN,-3.177042716612675,0,33.69015511483013,30.415668026131772,0,0,0,0
2024-04-21T07:00:00+07:00,0.011005,0.01149,0.010773,0.011102,0,0,0,0,0,0,6747787916,NaN,-1.956922189038199,0,37.64416526753204,33.01453528084027,0,0,0,0
2024-04-21T11:00:00+07:00,0.011102,0.011326,0.011001,0.011262,0,0,0,0,0,0,4879881724,NaN,-0.8239531277190402,0,42.98499567982107,36.93350808691812,0,0,0,0
2024-04-21T15:00:00+07:00,0.011262,0.01154,0.010945,0.011073,0,0,0,0,0,0,6766505071,0.5084573833377455,NaN,0,41.940433655989686,39.46277907292456,0,0,0,0
2024-04-21T19:00:00+07:00,0.011072,0.011139,0.010518,0.010609,0,0,0,0,0,0,7823565217,0.5081109608965697,NaN,0,32.79723629391869,37.978759252193974,0,0,0,0
2024-04-21T23:00:00+07:00,0.010608,0.01064,0.010301,0.010497,0,0,0,0,0,0,4424384590,NaN,-0.050311908713918996,0,22.660995687901327,32.92862541402164,0,0,0,0
2024-04-22T03:00:00+07:00,0.010496,0.010808,0.010463,0.010683,0,0,0,0,0,0,2915404304,NaN,-0.27873551726725054,0,16.27484436275704,26.485051762596466,0,0,0,0
2024-04-22T07:00:00+07:00,0.010683,0.010905,0.010436,0.010819,0,0,0,0,0,0,5431340563,NaN,-0.3244594295803971,0,13.815755720158474,20.646403290623436,0,0,0,0
2024-04-22T11:00:00+07:00,0.010818,0.011194,0.010688,0.010802,0,0,0,0,0,0,5702124577,0.10588338908590345,NaN,0,11.1825296515757,15.874628793100324,0,0,0,0
2024-04-22T15:00:00+07:00,0.010803,0.011097,0.010716,0.010866,0,0,0,0,0,0,4297220474,0.5054874349903251,NaN,0,10.15861631728389,12.812076784440873,0,0,0,0
2024-04-22T19:00:00+07:00,0.010866,0.011036,0.010534,0.010638,0,0,0,0,0,0,5401366139,0.31764427331615863,NaN,0,5.251775736140451,9.623152580509261,0,0,0,0
2024-04-22T23:00:00+07:00,0.010638,0.010765,0.010449,0.010687,0,0,0,0,0,0,3913782261,NaN,-0.11333317296894663,0,3.181383338214151,6.904712240719607,0,0,0,0
2024-04-23T03:00:00+07:00,0.010687,0.010867,0.010607,0.010727,0,0,0,0,0,0,2519791622,NaN,-0.3036656291804114,0,2.4109893434870844,4.80237130432379,0,0,0,0
2024-04-23T07:00:00+07:00,0.010727,0.011044,0.010469,0.010493,0,0,0,1,0,0,4246822468,NaN,-0.12656413409288092,0,-3.801960892711627,1.3893647143064964,0,0,0,0
2024-04-23T11:00:00+07:00,0.010494,0.010558,0.010148,0.010194,0,0,0,0,0,0,5689211017,NaN,-0.9670794338339448,0,-14.123012973173985,-4.465026532912429,0,0,0,0
2024-04-23T15:00:00+07:00,0.010194,0.010319,0.010091,0.010196,0,0,0,0,0,0,3876910436,NaN,-1.914935136681791,0,-22.709172690481523,-11.562695733203343,0,0,0,0
2024-04-23T19:00:00+07:00,0.010196,0.011367,0.01016,0.011249,0,0,0,0,0,0,11837230870,NaN,-0.9409507786583546,0,-18.603628983613127,-15.427787136096658,0,0,0,0
2024-04-23T23:00:00+07:00,0.011249,0.011655,0.011098,0.011148,0,0,0,0,0,0,8656334473,0.32173131745786776,NaN,0,-16.749605270568843,-17.222536479853392,0,0,0,0
2024-04-24T03:00:00+07:00,0.011148,0.011261,0.010825,0.011172,0,0,0,0,0,0,4497181999,0.7363554835305379,NaN,0,-14.049243400440105,-16.839792225963485,0,0,0,0
2024-04-24T07:00:00+07:00,0.011172,0.012446,0.01103,0.011904,0,0,0,0,0,0,12440674206,2.3966057772848757,NaN,0,-5.9286377306476465,-13.067027248294199,0,0,0,0
2024-04-24T11:00:00+07:00,0.011904,0.012104,0.011607,0.011834,1,0,1,0,1,0,6594351837,3.9382667643424725,NaN,0,0.6835604231982509,-7.636487902178031,1,0,1,0
2024-04-24T15:00:00+07:00,0.011834,0.011852,0.011416,0.011769,0,0,0,0,0,0,5697812100,4.8779940685323915,NaN,0,5.987110150946052,-1.9976141877245819,0,0,0,0
2024-04-24T19:00:00+07:00,0.011768,0.011926,0.01077,0.010867,0,0,0,0,0,0,12402166814,4.288198188807442,NaN,0,1.0501397428097405,0.3562201150461509,0,0,0,0
2024-04-24T23:00:00+07:00,0.010867,0.011097,0.010681,0.010909,0,0,0,1,0,0,5762585599,3.5587058835318715,NaN,0,-4.775921527770834,-0.4186156732685464,0,0,0,0
2024-04-25T03:00:00+07:00,0.010908,0.010968,0.010574,0.010689,0,0,0,0,0,0,3247037444,2.656915057266069,NaN,0,-11.861222554442449,-4.173439928651733,0,0,0,0
2024-04-25T07:00:00+07:00,0.010689,0.010869,0.010248,0.010334,0,0,0,0,0,0,5630389820,1.1597837978371288,NaN,0,-21.337014620042787,-10.691355884315382,0,0,0,0
2024-04-25T11:00:00+07:00,0.010335,0.010656,0.010136,0.01052,0,0,0,0,0,0,5419279874,NaN,-0.4486290030779436,0,-25.869761873906494,-17.25214925505086,0,0,0,0
2024-04-25T15:00:00+07:00,0.01052,0.010765,0.010292,0.010455,0,0,0,0,0,0,5323084346,NaN,-1.741624602489182,0,-29.631900363219245,-22.943197320567087,0,0,0,0
2024-04-25T19:00:00+07:00,0.010455,0.011189,0.010211,0.011149,0,0,0,0,0,0,9701105864,NaN,-2.215404126124419,0,-22.458352439073106,-24.197593404299333,0,0,0,0
2024-04-25T23:00:00+07:00,0.01115,0.011579,0.01109,0.011448,0,0,0,0,0,0,7346366854,NaN,-2.0760747117341154,0,-11.405766159239857,-20.58896533400035,0,0,0,0
2024-04-26T03:00:00+07:00,0.011448,0.011543,0.01104,0.011091,0,0,0,0,0,0,3873196429,NaN,-2.0647651505903575,0,-6.101566461689655,-15.24263445753147,0,0,0,0
2024-04-26T07:00:00+07:00,0.011092,0.011162,0.010492,0.010636,0,0,0,0,0,0,6286792387,NaN,-3.243370492016389,0,-5.333193565669051,-10.655875826279262,0,0,0,0
2024-04-26T11:00:00+07:00,0.010635,0.010847,0.0105,0.010574,0,0,0,0,0,0,3947216664,NaN,-4.337789737626281,0,-6.246258133619854,-7.74257660489315,0,0,0,0
2024-04-26T15:00:00+07:00,0.010574,0.010762,0.010561,0.01063,0,0,0,0,0,0,3138368569,NaN,-5.354036179978319,0,-8.046907488965008,-6.9885366505953845,0,0,0,0
2024-04-26T19:00:00+07:00,0.010629,0.010771,0.010264,0.010395,0,0,0,0,0,0,6335741866,NaN,-6.5792791350101005,0,-12.964363726853504,-8.834411772267657,0,0,0,0
2024-04-26T23:00:00+07:00,0.010396,0.010584,0.010334,0.010539,0,0,0,0,0,0,2492911794,NaN,-7.71700473611104,0,-16.77006056692536,-11.84494600278964,0,0,0,0
2024-04-27T03:00:00+07:00,0.01054,0.010625,0.010289,0.010304,0,0,0,0,0,0,2106428795,NaN,-8.672301945692404,0,-21.135734615412986,-15.599471975791783,0,0,0,0
2024-04-27T07:00:00+07:00,0.010304,0.010422,0.009243,0.00966,0,0,0,0,0,0,9288763101,NaN,-7.729224350200678,0,-27.77410764058291,-20.513286220534308,0,0,0,0
2024-04-27T11:00:00+07:00,0.00966,0.009701,0.009404,0.009514,0,0,0,0,0,0,3403780608,NaN,-6.85350944010122,0,-33.83195242654724,-26.0111920934674,0,0,0,0
2024-04-27T15:00:00+07:00,0.009515,0.009595,0.009302,0.009418,0,0,0,0,0,0,3430453302,NaN,-5.893000668126007,0,-39.49785075623318,-31.67872774712366,0,0,0,0
2024-04-27T19:00:00+07:00,0.009418,0.009978,0.009383,0.009786,0,0,0,0,0,0,5798889061,NaN,-5.995972941646773,0,-37.03617639947845,-34.7568061465697,0,0,0,0
2024-04-27T23:00:00+07:00,0.009786,0.010335,0.009755,0.010097,0,0,0,0,0,0,4206510435,NaN,-6.898795068748331,0,-30.755928057820395,-34.390394043292844,0,0,0,0
2024-04-28T03:00:00+07:00,0.010098,0.010283,0.009974,0.010156,0,0,0,0,0,0,2141923997,NaN,-7.737129901056921,0,-23.876709429272584,-31.089562834339564,0,0,0,0
2024-04-28T07:00:00+07:00,0.010157,0.010378,0.01011,0.010123,0,0,0,0,0,0,3383178465,NaN,-8.73429484516097,0,-19.178552701789613,-26.482505930312644,0,0,0,0
2024-04-28T11:00:00+07:00,0.010123,0.010332,0.010012,0.010212,0,0,0,0,0,0,3490060877,NaN,-9.446188912672202,0,-13.39267852401683,-20.923717615345307,0,0,0,0
2024-04-28T15:00:00+07:00,0.010211,0.010247,0.009832,0.009854,0,0,0,0,0,0,3272597650,NaN,-9.720664692678968,0,-13.988608226536867,-17.303917350032403,0,0,0,0
2024-04-28T19:00:00+07:00,0.009854,0.01017,0.009853,0.00999,0,0,0,0,0,0,3389288668,NaN,-9.975535059828111,0,-13.598670146777666,-15.09064226966254,0,0,0,0
2024-04-28T23:00:00+07:00,0.00999,0.010144,0.009966,0.009999,0,0,0,0,0,0,2132066706,NaN,-10.212200400752316,0,-14.794571097792653,-14.419818033700519,0,0,0,0
2024-04-29T03:00:00+07:00,0.009998,0.010047,0.009628,0.009729,0,0,0,0,0,0,2830057638,NaN,-9.679618249930169,0,-19.889206795321577,-16.052681585680137,0,0,0,0
2024-04-29T07:00:00+07:00,0.009729,0.009973,0.009454,0.009488,0,0,0,0,0,0,4351957962,NaN,-8.840531319830454,0,-27.83561730120551,-20.28697170005227,0,0,0,0
2024-04-29T11:00:00+07:00,0.009489,0.009657,0.00931,0.009397,0,0,0,0,0,0,3240023234,NaN,-7.78844339346265,0,-35.81082098925967,-26.216800458629873,0,0,0,0
2024-04-29T15:00:00+07:00,0.009397,0.009625,0.009308,0.009516,0,0,0,0,0,0,2687478525,NaN,-6.807639146268876,0,-38.53069817156489,-31.59844076046103,0,0,0,0
2024-04-29T19:00:00+07:00,0.009515,0.009758,0.009388,0.009686,0,0,0,0,0,0,4031386080,NaN,-6.393535302829534,0,-33.90004620578334,-33.77439520537919,0,0,0,0
2024-04-29T23:00:00+07:00,0.009687,0.009717,0.00946,0.009639,0,0,0,0,0,0,2470130609,NaN,-6.009010305350145,0,-29.660166312182533,-33.2633580118977,0,0,0,0
2024-04-30T03:00:00+07:00,0.009638,0.009928,0.009389,0.009786,0,0,0,0,0,0,2775480841,NaN,-6.440204076533611,0,-22.210318754587657,-29.61764099809386,0,0,0,0
2024-04-30T07:00:00+07:00,0.009788,0.009968,0.009587,0.009844,0,0,0,0,0,0,3848740644,NaN,-6.98458546181444,0,-12.889690673294536,-23.240067860300165,0,0,0,0
2024-04-30T11:00:00+07:00,0.009844,0.009861,0.00953,0.009575,0,0,0,0,0,0,2883625064,NaN,-7.320501654571949,0,-10.135868094494699,-17.4726292173042,0,0,0,0
2024-04-30T15:00:00+07:00,0.009576,0.009623,0.009069,0.009107,0,0,0,0,0,0,6823369702,NaN,-6.465670551761075,0,-14.7996304251045,-15.152766689649516,0,0,0,0
2024-04-30T19:00:00+07:00,0.009107,0.009145,0.008723,0.008797,0,0,0,0,0,0,6801693342,NaN,-5.0077007091929815,0,-23.50431352983249,-17.00782624894942,0,0,0,0
2024-04-30T23:00:00+07:00,0.008798,0.008835,0.008592,0.008698,0,0,0,0,0,0,4315525654,NaN,-3.430866662961165,0,-32.92147505178925,-22.412329834391578,0,0,0,0
2024-05-01T03:00:00+07:00,0.008699,0.009074,0.008697,0.008898,0,0,0,0,0,0,3174542994,NaN,-2.8931278944108527,0,-36.9587268098317,-28.44850691936778,0,0,0,0
2024-05-01T07:00:00+07:00,0.008899,0.009074,0.008676,0.009018,0,0,0,0,0,0,4369807787,NaN,-2.3504215424615147,0,-35.14999380550294,-32.27717059379858,0,0,0,0
2024-05-01T11:00:00+07:00,0.009018,0.00905,0.008159,0.00844,0,0,0,0,0,0,6171407905,NaN,-0.9172776022703566,0,-36.35863610681389,-34.841106654599145,0,0,0,0
2024-05-01T15:00:00+07:00,0.00844,0.008834,0.008322,0.008779,0,0,0,0,0,0,4880883747,0.4134989136214351,NaN,0,-30.579280906287515,-34.04132393644364,0,0,0,0
2024-05-01T19:00:00+07:00,0.008779,0.00888,0.008516,0.008623,0,0,0,0,0,0,3529064241,1.4582033454255736,NaN,0,-26.346375327634103,-31.358908200306654,0,0,0,0
2024-05-01T23:00:00+07:00,0.008622,0.009398,0.008545,0.008943,0,0,0,0,0,0,6604936725,0.5761111539337875,NaN,0,-19.23457755952541,-26.74423318974378,0,0,0,0
2024-05-02T03:00:00+07:00,0.008946,0.009263,0.008822,0.009165,0,0,0,0,0,0,2542186277,NaN,-0.24297445245143479,0,-11.32770578281821,-20.675544203632263,0,0,0,0
2024-05-02T07:00:00+07:00,0.009163,0.009226,0.00876,0.008879,0,0,0,0,0,0,2684991727,NaN,-0.849813031211653,0,-8.522263910791958,-15.259860461690971,0,0,0,0
2024-05-02T11:00:00+07:00,0.008879,0.009081,0.008757,0.008994,0,0,0,0,0,0,2918058226,NaN,-1.4055056281187284,0,-5.254343314822449,-10.610628000827974,0,0,0,0
2024-05-02T15:00:00+07:00,0.008993,0.009623,0.008954,0.009545,0,0,1,0,0,0,4798369650,NaN,-2.5779039565974564,0,1.930226427442366,-5.254868131974378,0,0,0,0
2024-05-02T19:00:00+07:00,0.009544,0.009582,0.009235,0.009462,0,0,0,0,0,0,5494904401,NaN,-3.6665595473277044,0,7.178464855242966,-0.034802237525678945,0,0,0,0
2024-05-02T23:00:00+07:00,0.009462,0.00954,0.009356,0.009464,0,0,0,0,0,0,2466734116,NaN,-4.677454024434365,0,11.742265200902816,4.945660944491745,0,0,0,0
2024-05-03T03:00:00+07:00,0.009464,0.009627,0.009331,0.00939,0,0,0,0,0,0,1824062161,NaN,-5.357627620836368,0,12.912939411897284,8.778350797925924,0,0,0,0
2024-05-03T07:00:00+07:00,0.009389,0.009964,0.009288,0.009647,0,0,0,0,0,0,4784458797,NaN,-5.097852826581235,0,16.147482899117566,12.260208258920914,0,0,0,0
2024-05-03T11:00:00+07:00,0.009646,0.009732,0.009384,0.009432,0,0,0,0,0,0,2674139284,NaN,-4.856633374772898,0,14.770687679303924,13.856345565715355,0,0,0,0
2024-05-03T15:00:00+07:00,0.009432,0.009564,0.00932,0.009452,0,0,0,0,0,0,2499960563,NaN,-4.895864781042501,0,12.974024082405764,13.997564256752975,0,0,0,0
2024-05-03T19:00:00+07:00,0.009453,0.010093,0.009421,0.010001,0,0,0,0,0,0,7553981865,NaN,-3.725269427559354,0,17.399902756259603,15.227705223931018,0,0,0,0
2024-05-03T23:00:00+07:00,0.010002,0.010362,0.009963,0.010193,0,0,0,0,0,0,3573594293,NaN,-2.1700950403424812,0,23.207516878146233,18.01654172804749,0,0,0,0
2024-05-04T03:00:00+07:00,0.010192,0.010362,0.010084,0.010121,0,0,0,0,0,0,2349261027,NaN,-0.7260045379268156,0,26.271852023871556,21.140518116322465,0,0,0,0
2024-05-04T07:00:00+07:00,0.010122,0.010692,0.010103,0.010661,0,0,0,0,0,0,4685702206,1.135821020591056,NaN,0,32.81855755802296,25.771771740997647,0,0,0,0
2024-05-04T11:00:00+07:00,0.01066,0.010991,0.010497,0.010678,0,0,0,0,0,0,5970772144,3.258616965754772,NaN,0,38.26694655664941,31.01596370663371,0,0,0,0
2024-05-04T15:00:00+07:00,0.010678,0.011177,0.010672,0.01099,0,0,0,0,0,0,4846065482,5.448148153854326,NaN,0,44.80332050130132,36.75275215553749,0,0,0,0
2024-05-04T19:00:00+07:00,0.010989,0.011582,0.010936,0.011387,0,0,0,0,0,0,7563022821,7.891288575030728,NaN,0,51.70553430896965,42.96338402399462,0,0,0,0
2024-05-04T23:00:00+07:00,0.01139,0.011635,0.01124,0.011551,0,0,0,0,0,0,4948165566,10.208669070098743,NaN,0,57.590632842788196,49.23584757500303,0,0,0,0
2024-05-05T03:00:00+07:00,0.01155,0.011599,0.011307,0.01136,0,0,0,0,0,0,3434531174,12.360522386947622,NaN,0,56.92586978600605,53.198804719156264,0,0,0,0
2024-05-05T07:00:00+07:00,0.011359,0.011496,0.010809,0.011112,0,0,0,0,0,0,6559127197,12.305776508494468,NaN,0,51.184761812124,53.64090505681663,0,0,0,0
2024-05-05T11:00:00+07:00,0.011112,0.011504,0.010977,0.011427,0,0,0,0,0,0,5229574597,12.268520246393038,NaN,0,48.62860584116192,52.369765720457984,0,0,0,0
2024-05-05T15:00:00+07:00,0.011427,0.011664,0.010994,0.011061,0,0,0,0,0,0,5282367901,12.507834602288128,NaN,0,40.570960489131075,48.157725577431684,0,0,0,0
2024-05-05T19:00:00+07:00,0.011061,0.011515,0.01087,0.010993,0,0,0,0,0,0,6576027990,12.24603625530024,NaN,0,31.135840399992468,41.542950326015095,0,0,0,0
2024-05-05T23:00:00+07:00,0.010994,0.011063,0.010723,0.010866,0,0,0,0,0,0,3298285308,11.44886786099243,NaN,0,21.402717966674867,33.447453759679014,0,0,0,0
2024-05-06T03:00:00+07:00,0.010867,0.010893,0.010744,0.010818,0,0,0,0,0,0,1467607220,10.708640066278022,NaN,0,13.465251143092233,25.07434504010414,0,0,0,0
2024-05-06T07:00:00+07:00,0.010819,0.011215,0.010812,0.01105,0,0,0,0,0,0,3819171606,10.698856656105498,NaN,0,10.922461404567406,18.368273785623106,0,0,0,0
2024-05-06T11:00:00+07:00,0.011051,0.011507,0.010971,0.011402,0,0,0,0,0,0,4147778610,11.202318964068077,NaN,0,13.189750966738254,14.931708680971985,0,0,0,0
2024-05-06T15:00:00+07:00,0.011403,0.012785,0.011313,0.012052,1,0,0,0,1,0,14134861838,13.077583334480877,NaN,0,18.329431694272046,15.033784453658319,1,0,1,0
2024-05-06T19:00:00+07:00,0.012052,0.012178,0.01145,0.011576,0,0,0,0,0,0,10632862630,14.818900249864193,NaN,0,17.16633074117023,15.60192048902541,0,0,0,0
2024-05-06T23:00:00+07:00,0.011575,0.011999,0.011348,0.011822,0,0,0,0,0,0,6523727628,16.07750503665187,NaN,0,18.521376474331827,16.904164250480008,0,0,0,0
2024-05-07T03:00:00+07:00,0.011821,0.011912,0.011637,0.011685,0,0,0,0,0,0,2535909795,17.246209481526137,NaN,0,17.857614664894363,17.648079053372808,0,0,0,0
2024-05-07T07:00:00+07:00,0.011684,0.012324,0.0115,0.011787,0,0,0,0,0,0,8598672114,18.715627347750114,NaN,0,17.573867747139133,17.83506799965874,0,0,0,0
2024-05-07T11:00:00+07:00,0.011787,0.011913,0.011409,0.011452,0,0,0,0,0,0,6467180769,19.740688813129246,NaN,0,11.514126394777081,15.709868709797261,0,0,0,0
2024-05-07T15:00:00+07:00,0.011452,0.01194,0.011311,0.011423,0,0,0,0,0,0,7367566307,20.322907650235145,NaN,0,4.319813347160066,11.640918757363107,0,0,0,0
2024-05-07T19:00:00+07:00,0.011423,0.011582,0.011154,0.011305,0,0,0,1,0,0,5820293802,20.27969020672211,NaN,0,-3.4386082274672125,5.842262772987204,0,0,0,0
2024-05-07T23:00:00+07:00,0.011305,0.011435,0.011071,0.011127,0,0,0,0,0,0,2723346471,19.934222121105876,NaN,0,-11.102537420762568,-1.047037295700546,0,0,0,0
2024-05-08T03:00:00+07:00,0.011126,0.011187,0.010598,0.010635,0,0,0,0,0,0,4098774220,18.073954289110794,NaN,0,-20.339681597567676,-9.084708617612872,0,0,0,0
2024-05-08T07:00:00+07:00,0.010636,0.010743,0.010419,0.010637,0,0,0,0,0,0,3996331275,15.84670130527526,NaN,0,-27.3281834052061,-16.924310585757553,0,0,0,0
2024-05-08T11:00:00+07:00,0.010637,0.010659,0.010326,0.010516,0,0,0,0,0,0,4046370091,13.523710954220753,NaN,0,-33.39589334814688,-24.19699521488361,0,0,0,0
2024-05-08T15:00:00+07:00,0.010516,0.010641,0.010372,0.010448,0,0,0,0,0,0,3834303730,11.366648485384431,NaN,0,-38.332319507644215,-30.600774784154986,0,0,0,0
2024-05-08T19:00:00+07:00,0.01045,0.010843,0.010358,0.010448,0,0,0,0,0,0,5561272232,9.850497844286544,NaN,0,-42.81589110743023,-36.17283080134324,0,0,0,0
2024-05-08T23:00:00+07:00,0.010447,0.010795,0.010324,0.01054,0,0,0,0,0,0,3663999336,8.333283848572485,NaN,0,-44.036090208137125,-40.03739627298926,0,0,0,0
2024-05-09T03:00:00+07:00,0.010539,0.010603,0.01017,0.010528,0,0,0,0,0,0,3632970240,6.430156910706636,NaN,0,-43.46001049301094,-42.130174598888615,0,0,0,0
2024-05-09T07:00:00+07:00,0.010528,0.010789,0.010411,0.010684,0,0,0,0,0,0,2957196091,5.152248294714301,NaN,0,-37.99567981772099,-41.326054227170985,0,0,0,0
2024-05-09T11:00:00+07:00,0.010683,0.010982,0.010524,0.010567,0,0,0,0,0,0,3723617955,4.433822183969788,NaN,0,-35.78094642087005,-39.477036958531436,0,0,0,0
2024-05-09T15:00:00+07:00,0.010568,0.010635,0.010185,0.010304,0,0,0,0,0,0,3720985065,2.6908297449389167,NaN,0,-36.83864818839777,-38.15067848485273,0,0,0,0
2024-05-09T19:00:00+07:00,0.010305,0.010885,0.010287,0.01084,0,0,0,0,0,0,5159667814,1.686815853902317,NaN,0,-29.172574581385387,-34.667445003438736,0,0,0,0
2024-05-09T23:00:00+07:00,0.01084,0.012015,0.010816,0.01128,0,0,0,0,0,0,9097568159,2.642273718019677,NaN,0,-18.605129444455432,-28.652630851498206,0,0,0,0
2024-05-10T03:00:00+07:00,0.011279,0.011434,0.011072,0.011275,0,0,0,0,0,0,3077076853,3.529484591842941,NaN,0,-10.51064632827573,-21.59664773073481,0,0,0,0
2024-05-10T07:00:00+07:00,0.011275,0.011611,0.011112,0.011543,0,0,0,0,0,0,3177669420,4.578782762609151,NaN,0,-0.14246991494193395,-12.916941371489827,0,0,0,0
2024-05-10T11:00:00+07:00,0.011542,0.011899,0.01148,0.011673,1,0,1,0,0,0,5052832120,5.895775069625948,NaN,0,10.036754761017258,-3.2200585539869926,1,0,0,0
2024-05-10T15:00:00+07:00,0.011674,0.011789,0.011475,0.011669,0,0,0,0,0,0,3800960344,7.1020227764108625,NaN,0,18.219900504992175,6.079512648213148,0,0,0,0
2024-05-10T19:00:00+07:00,0.011668,0.011788,0.010571,0.010752,0,0,0,0,0,0,9632595894,5.74222021389042,NaN,0,14.67574222694516,11.038199418639113,0,0,0,0
2024-05-10T23:00:00+07:00,0.010754,0.010967,0.010521,0.010672,0,0,0,0,0,0,5067825903,4.368094962352004,NaN,0,7.260832990912649,11.306524998960866,0,0,0,0
2024-05-11T03:00:00+07:00,0.010672,0.010775,0.01056,0.010704,0,0,0,0,0,0,2096867809,3.092121514494906,NaN,0,0.7313378468285278,8.213586909975355,0,0,0,0
2024-05-11T07:00:00+07:00,0.010703,0.011017,0.010639,0.010723,0,0,0,1,0,0,3180286086,2.3617447277222254,NaN,0,-5.4618927047767825,2.9979847863367084,0,0,0,0
2024-05-11T11:00:00+07:00,0.010722,0.011054,0.010692,0.01095,0,0,0,0,0,0,2321825443,1.7521732213200814,NaN,0,-6.694990589109098,-1.5954068010264386,0,0,0,0
2024-05-11T15:00:00+07:00,0.010952,0.011174,0.010834,0.010975,0,0,0,0,0,0,3494415128,1.4137617508032392,NaN,0,-6.611972506254034,-4.500132954497814,0,0,0,0
2024-05-11T19:00:00+07:00,0.010974,0.011484,0.01096,0.011336,1,0,1,0,0,0,4723196762,1.6480063810683774,NaN,0,0.35245975545539004,-3.664200705186101,1,0,0,0
2024-05-11T23:00:00+07:00,0.011338,0.011427,0.011128,0.011237,0,0,0,0,0,0,2771014519,1.8655192520288644,NaN,0,5.213677571614791,-0.7473043014574378,0,0,0,0
2024-05-12T03:00:00+07:00,0.011237,0.011237,0.011001,0.01107,0,0,0,0,0,0,1429002284,1.6534754573079127,NaN,0,7.326285699565569,2.5749721632690674,0,0,0,0
2024-05-12T07:00:00+07:00,0.011071,0.011154,0.010917,0.010984,0,0,0,0,0,0,1953795792,1.1835447174723441,NaN,0,5.819535862365121,4.5424534553059335,0,0,0,0
2024-05-12T11:00:00+07:00,0.010984,0.010987,0.010736,0.010798,0,0,0,0,0,0,2322312116,0.17417398675093665,NaN,0,0.48887296759930826,3.8987453523225803,0,0,0,0
2024-05-12T15:00:00+07:00,0.010797,0.01098,0.010742,0.010769,0,0,0,1,0,0,2276520036,NaN,-0.7630988346332295,0,-6.394629982023787,0.48714656787463895,0,0,0,0
2024-05-12T19:00:00+07:00,0.010769,0.01109,0.01076,0.01109,0,0,0,0,0,0,2498132739,NaN,-1.3509141393098574,0,-4.979701178345197,-2.0030032995151594,0,0,0,0
2024-05-12T23:00:00+07:00,0.01109,0.011446,0.011049,0.011073,0,0,0,0,0,0,4762112348,NaN,-1.0838078024929914,0,-5.817647174123586,-4.092909915500423,0,0,0,0
2024-05-13T03:00:00+07:00,0.011073,0.011078,0.010853,0.010889,0,0,0,0,0,0,2105892125,NaN,-1.5124487067618197,0,-9.27840847643839,-6.46014144067801,0,0,0,0
2024-05-13T07:00:00+07:00,0.010889,0.011096,0.00991,0.010057,0,0,0,0,0,0,7278704083,NaN,-2.1271386353401454,0,-17.339226823973295,-10.507782792446998,0,0,0,0
2024-05-13T11:00:00+07:00,0.010056,0.010494,0.009849,0.010481,0,0,0,0,0,0,5830546458,NaN,-2.582356694879852,0,-16.661761819957274,-13.141062490105806,0,0,0,0
2024-05-13T15:00:00+07:00,0.010481,0.010836,0.01022,0.010326,0,0,0,0,0,0,7663320801,NaN,-3.8617582696479005,0,-18.304916803956797,-15.637585059902223,0,0,0,0
2024-05-13T19:00:00+07:00,0.010326,0.01122,0.010257,0.010787,0,0,0,0,0,0,10638022924,NaN,-4.86711074527631,0,-15.082369985928898,-16.171577648648565,0,0,0,0
2024-05-13T23:00:00+07:00,0.010786,0.0115,0.01077,0.011127,0,0,0,0,0,0,10112887192,NaN,-5.2697248127130045,0,-9.034760187989479,-14.07205211729475,0,0,0,0
2024-05-14T03:00:00+07:00,0.011127,0.01121,0.010826,0.011131,0,0,0,0,0,0,2984721085,NaN,-5.643580732475648,0,-2.631644671777714,-9.854397966433602,0,0,0,0
2024-05-14T07:00:00+07:00,0.011132,0.01139,0.010644,0.010754,0,0,0,0,0,0,5996313157,NaN,-6.455779536996221,0,-2.244081377171566,-6.488061527516781,0,0,0,0
2024-05-14T11:00:00+07:00,0.010753,0.011259,0.010678,0.011138,0,0,1,0,0,0,8012410962,NaN,-7.209964141193904,0,2.770799150962184,-2.411276942074423,0,0,0,0
2024-05-14T15:00:00+07:00,0.011138,0.011578,0.010947,0.011459,0,0,0,0,0,0,9514316540,NaN,-7.229282029443045,0,9.695447814032601,2.568676134063476,0,0,0,0
2024-05-14T19:00:00+07:00,0.011459,0.011726,0.010728,0.010798,0,0,0,0,0,0,12614166052,NaN,-7.8445046168981705,0,9.136468383440496,5.710448213339905,0,0,0,0
2024-05-14T23:00:00+07:00,0.010799,0.010826,0.010169,0.010206,0,0,0,0,0,0,6654596235,NaN,-8.448470819507097,0,3.86539452687333,5.883780435665283,0,0,0,0
2024-05-15T03:00:00+07:00,0.010205,0.010353,0.010091,0.010152,0,0,0,1,0,0,3285067594,NaN,-8.852826398662277,0,-1.8378624205231406,3.7228910622817666,0,0,0,0
2024-05-15T07:00:00+07:00,0.010152,0.010332,0.01005,0.01029,0,0,0,0,0,0,4330100906,NaN,-9.14300916889983,0,-4.168990105189086,0.7578778635663729,0,0,0,0
2024-05-15T11:00:00+07:00,0.010291,0.010707,0.010224,0.010686,0,0,0,0,0,0,4977251949,NaN,-10.205343499616987,0,-1.8907196430523083,-0.9850592306933433,0,0,0,0
2024-05-15T15:00:00+07:00,0.010685,0.010946,0.010457,0.010551,0,0,0,0,0,0,5991729133,NaN,-10.66773089963387,0,-1.9769094529958475,-1.9843150977952453,0,0,0,0
2024-05-15T19:00:00+07:00,0.010551,0.011342,0.010336,0.010954,0,0,1,0,0,0,10122961080,NaN,-10.332370687580402,0,1.5151951910682118,-1.078644227780038,0,0,0,0
2024-05-15T23:00:00+07:00,0.010956,0.011276,0.010813,0.011156,0,0,0,0,0,0,4983563140,NaN,-10.020964776387897,0,7.1361297944347175,1.857351465744346,0,0,0,0
2024-05-16T03:00:00+07:00,0.011156,0.011642,0.011066,0.011473,0,0,0,0,0,0,3876664185,NaN,-9.088363010948392,0,13.618983142892924,6.356032127757609,0,0,0,0
2024-05-16T07:00:00+07:00,0.011473,0.013315,0.011239,0.013137,0,0,0,0,0,0,13898163639,NaN,-6.403443118417165,0,22.590647004595954,12.659402527133079,0,0,0,0
2024-05-16T11:00:00+07:00,0.013134,0.01318,0.012513,0.012639,0,0,0,0,0,0,11556893117,NaN,-3.9103032182096022,0,25.240668280203675,18.214022241867905,0,0,0,0
2024-05-16T15:00:00+07:00,0.012639,0.012735,0.012213,0.01235,0,0,0,0,0,0,6549245965,NaN,-2.346805271961564,0,23.69029791314554,21.43734665203672,0,0,0,0
2024-05-16T19:00:00+07:00,0.012349,0.012356,0.011148,0.011287,0,0,0,0,0,0,11943663765,NaN,-3.015589661364409,0,16.32166601769486,20.72612024891682,0,0,0,0
2024-05-16T23:00:00+07:00,0.011288,0.011384,0.01097,0.011259,0,0,0,0,0,0,5363236543,NaN,-3.9281452198546276,0,9.026624293242836,16.970844189428906,0,0,0,0
2024-05-17T03:00:00+07:00,0.011258,0.011331,0.011157,0.011251,0,0,0,0,0,0,2215846122,NaN,-4.775518238452687,0,2.644713371878255,11.394421746129463,0,0,0,0
2024-05-17T07:00:00+07:00,0.011252,0.011812,0.0111,0.011664,0,0,0,0,0,0,5534607394,NaN,-4.904423361218306,0,0.5012068086054248,6.433226023920261,0,0,0,0
2024-05-17T11:00:00+07:00,0.011665,0.011882,0.01144,0.011745,0,0,0,0,0,0,6457377771,NaN,-4.9329169965787365,0,0.6810153256075233,3.181263905484974,0,0,0,0
2024-05-17T15:00:00+07:00,0.011745,0.011746,0.011469,0.011644,0,0,0,0,0,0,3303347866,NaN,-4.959375372270568,0,1.3597785188243994,1.6895083572911807,0,0,0,0
2024-05-17T19:00:00+07:00,0.011643,0.012228,0.01159,0.012079,0,0,0,0,0,0,6521531657,NaN,-4.346660869037873,0,6.362040128053947,2.8626325120986005,0,0,0,0
2024-05-17T23:00:00+07:00,0.01208,0.01254,0.012014,0.012232,0,0,0,0,0,0,5243545241,NaN,-3.4112075083333195,0,12.099693729696467,6.125946811799453,0,0,0,0
2024-05-18T03:00:00+07:00,0.012231,0.01234,0.012074,0.012237,0,0,0,0,0,0,1687025532,NaN,-2.542572244821944,0,16.75033553319579,10.309143022145532,0,0,0,0
2024-05-18T07:00:00+07:00,0.012236,0.012524,0.011876,0.012079,0,0,0,0,0,0,5358147622,NaN,-2.216022236068106,0,16.860803598951254,13.445886672770742,0,0,0,0
2024-05-18T11:00:00+07:00,0.012078,0.012128,0.011798,0.011927,0,0,0,0,0,0,3012567736,NaN,-2.1021803992407797,0,13.745642074460694,14.465590597009516,0,0,0,0
2024-05-18T15:00:00+07:00,0.011926,0.012282,0.011893,0.012075,0,0,0,0,0,0,2971009256,NaN,-1.7669396857810575,0,12.287540064309367,14.173536280822095,0,0,0,0
2024-05-18T19:00:00+07:00,0.012074,0.012154,0.011251,0.011429,0,0,0,0,0,0,6690247159,NaN,-2.9157404380362415,0,4.471194627103097,10.881000156482223,0,0,0,0
2024-05-18T23:00:00+07:00,0.011429,0.011608,0.011392,0.011578,0,0,0,1,0,0,2066471365,NaN,-3.98248399370177,0,-1.3302958348570313,6.163200484995198,0,0,0,0
2024-05-19T03:00:00+07:00,0.011577,0.011735,0.011535,0.011623,0,0,0,0,0,0,1496178042,NaN,-4.737903336243189,0,-5.514828220867154,1.2559321093749882,0,0,0,0
2024-05-19T07:00:00+07:00,0.011623,0.011859,0.011534,0.011733,0,0,0,0,0,0,2439794563,NaN,-5.209465849383847,0,-6.579547774637247,-2.5145339961806927,0,0,0,0
2024-05-19T11:00:00+07:00,0.011732,0.011815,0.01147,0.01156,0,0,0,0,0,0,2279959262,NaN,-5.8063432057834135,0,-9.55947881846643,-5.923297793072904,0,0,0,0
2024-05-19T15:00:00+07:00,0.011561,0.011586,0.011279,0.011453,0,0,0,0,0,0,3529209843,NaN,-6.831921307941595,0,-13.484848606108736,-9.184050260327497,0,0,0,0
2024-05-19T19:00:00+07:00,0.011452,0.011485,0.011035,0.011248,0,0,0,0,0,0,4253518987,NaN,-7.9109497956518595,0,-19.31082013806054,-13.189723689351903,0,0,0,0
2024-05-19T23:00:00+07:00,0.011249,0.011278,0.010931,0.011024,0,0,0,0,0,0,3107206898,NaN,-8.681485585783829,0,-26.511115668847975,-18.396794008425225,0,0,0,0
2024-05-20T03:00:00+07:00,0.011024,0.011133,0.010908,0.01109,0,0,0,0,0,0,1454843358,NaN,-9.34412978549575,0,-31.505467827739032,-23.868895883930175,0,0,0,0
2024-05-20T07:00:00+07:00,0.01109,0.011346,0.010666,0.01115,0,0,0,0,0,0,3778114892,NaN,-9.414085399978173,0,-31.839086467982018,-27.790475969309334,0,0,0,0
2024-05-20T11:00:00+07:00,0.011149,0.011565,0.011128,0.011332,0,0,0,0,0,0,4108335914,NaN,-10.08611270131374,0,-26.292608888894687,-28.377923018358338,0,0,0,0
2024-05-20T15:00:00+07:00,0.011332,0.011586,0.01126,0.011473,0,0,0,0,0,0,2661185576,NaN,-10.767740993001823,0,-17.06971241414757,-25.037220556972578,0,0,0,0
2024-05-20T19:00:00+07:00,0.011474,0.011729,0.011344,0.011706,0,0,0,0,0,0,3897297054,NaN,-11.770884643450438,0,-3.118792606870786,-17.19561867475542,0,0,0,0
2024-05-20T23:00:00+07:00,0.011707,0.012167,0.01158,0.012158,0,0,1,0,0,0,4417527050,NaN,-11.645560474613065,0,13.313403931229093,-5.4361061506367845,0,0,0,0
2024-05-21T03:00:00+07:00,0.012155,0.012866,0.011903,0.012571,0,0,0,0,0,0,5247732840,NaN,-10.296235550568603,0,29.08229471968301,8.591778519035282,0,0,0,0
2024-05-21T07:00:00+07:00,0.01257,0.012699,0.012027,0.012036,0,0,0,0,0,0,4814538364,NaN,-9.0432909782416,0,32.77369632505002,19.78870497798535,0,0,0,0
2024-05-21T11:00:00+07:00,0.012036,0.012155,0.011886,0.012016,0,0,0,0,0,0,2970944571,NaN,-8.308174788729264,0,32.949359020774224,27.10643198791384,0,0,0,0
2024-05-21T15:00:00+07:00,0.012015,0.01231,0.011965,0.012102,0,0,0,0,0,0,3200062241,NaN,-7.357180027920478,0,32.35579465253346,30.891699446100624,0,0,0,0
2024-05-21T19:00:00+07:00,0.012102,0.012665,0.01195,0.012026,0,0,0,0,0,0,8081230913,NaN,-5.91599588508284,0,26.817887571351783,30.46602539326656,0,0,0,0
2024-05-21T23:00:00+07:00,0.012028,0.01243,0.011896,0.012162,0,0,0,0,0,0,3489417371,NaN,-4.75454180192137,0,22.46741752479517,27.689895748905453,0,0,0,0
2024-05-22T03:00:00+07:00,0.012163,0.013094,0.012149,0.013064,0,0,0,0,0,0,4150808432,NaN,-2.788781079956223,0,23.560291711635692,25.719049313150375,0,0,0,0
2024-05-22T07:00:00+07:00,0.013063,0.013072,0.0125,0.012832,0,0,0,0,0,0,5139315561,NaN,-0.9634318381314486,0,22.6036222048672,24.043540016033422,0,0,0,0
2024-05-22T11:00:00+07:00,0.012833,0.013683,0.012433,0.013436,1,0,0,0,1,0,8530969510,1.36634717174341,NaN,0,26.748767124465058,24.439461479842883,1,0,1,0
2024-05-22T15:00:00+07:00,0.013435,0.01347,0.012843,0.012898,0,0,0,0,0,0,7263968762,3.5297133951986375,NaN,0,23.77996319785327,24.21958346998632,0,0,0,0
2024-05-22T19:00:00+07:00,0.0129,0.014229,0.012456,0.014106,1,0,0,0,1,0,14544734614,6.1480950259769,NaN,0,25.577733925255252,24.801490660830307,1,0,1,0
2024-05-22T23:00:00+07:00,0.014103,0.014111,0.013326,0.01354,0,0,0,0,0,0,6971437083,8.57944939741386,NaN,0,23.416716593318707,24.455704314331445,0,0,0,0
2024-05-23T03:00:00+07:00,0.013541,0.013696,0.013269,0.01351,0,0,0,0,0,0,3077693056,10.638231416652914,NaN,0,20.625144841649867,23.188965725164103,0,0,0,0
2024-05-23T07:00:00+07:00,0.013509,0.013695,0.013088,0.013293,0,0,0,0,0,0,3850778401,11.917680286224119,NaN,0,15.878162322670502,20.47179812055146,0,0,0,0
2024-05-23T11:00:00+07:00,0.013294,0.013518,0.013061,0.013286,0,0,0,0,0,0,4687097663,13.010537066845671,NaN,0,11.670478547781377,17.076776244428743,0,0,0,0
2024-05-23T15:00:00+07:00,0.013286,0.013485,0.013151,0.013324,0,0,0,0,0,0,4017694359,14.025332648851396,NaN,0,8.697533501471444,13.498071662874178,0,0,0,0
2024-05-23T19:00:00+07:00,0.013324,0.013456,0.012016,0.012712,0,0,0,0,0,0,9397212333,11.734651102438733,NaN,0,2.7450633399085187,9.060557055717558,0,0,0,0
2024-05-23T23:00:00+07:00,0.012712,0.012935,0.012437,0.012524,0,0,0,1,0,0,3729292404,9.60758966648411,NaN,0,-4.180106281534546,3.6927627916405954,0,0,0,0
2024-05-24T03:00:00+07:00,0.012524,0.013092,0.01182,0.012922,0,0,0,0,0,0,8192262537,7.844869532137473,NaN,0,-4.077843986718106,0.012739367381407145,0,0,0,0
2024-05-24T07:00:00+07:00,0.012922,0.013107,0.012708,0.012881,0,0,0,0,0,0,2591636954,6.175736582884944,NaN,0,-3.372948021369465,-2.101918314468994,0,0,0,0
2024-05-24T11:00:00+07:00,0.012882,0.012892,0.012112,0.012321,0,0,0,0,0,0,3994005729,5.594144405349482,NaN,0,-6.1089069786097445,-4.125667210789431,0,0,0,0
2024-05-24T15:00:00+07:00,0.01232,0.012344,0.01196,0.012276,0,0,0,0,0,0,2859186958,5.271283288828521,NaN,0,-8.231339107439156,-5.869797451380928,0,0,0,0
2024-05-24T19:00:00+07:00,0.012276,0.0128,0.012201,0.012636,0,0,0,0,0,0,3686046302,3.9521917303163505,NaN,0,-5.797164797885533,-6.070776092298037,0,0,0,0
2024-05-24T23:00:00+07:00,0.012636,0.012958,0.012412,0.012881,0,0,0,0,0,0,3031330973,2.40369666581212,NaN,0,-0.5766169952067918,-4.423768231232168,0,0,0,0
2024-05-25T03:00:00+07:00,0.01288,0.013034,0.012746,0.012868,0,0,1,0,0,0,1686089251,0.8082671852047518,NaN,0,3.7495703213210994,-1.5681130640910887,0,0,0,0
2024-05-25T07:00:00+07:00,0.012868,0.013086,0.012661,0.012734,0,0,0,0,0,0,2159000451,NaN,-0.5093392855736134,0,4.304156406882005,0.9975695753909215,0,0,0,0
2024-05-25T11:00:00+07:00,0.012734,0.013607,0.012641,0.013396,0,0,0,0,0,0,5484388011,NaN,-1.7295295502467027,0,10.440714380550633,4.914567313729691,0,0,0,0
2024-05-25T15:00:00+07:00,0.013397,0.013653,0.013088,0.013107,0,0,0,0,0,0,5898974552,NaN,-2.7771687753022007,0,10.735429103420264,7.684999727159019,0,0,0,0
2024-05-25T19:00:00+07:00,0.01311,0.013155,0.012683,0.012883,0,0,0,0,0,0,3904963559,NaN,-4.132943293320789,0,7.697585183619543,8.340644573901052,0,0,0,0
2024-05-25T23:00:00+07:00,0.012882,0.01312,0.012765,0.013025,0,0,0,0,0,0,1994952854,NaN,-5.391876774338051,0,6.597152458558409,8.077865033700952,0,0,0,0
2024-05-26T03:00:00+07:00,0.013026,0.013083,0.012895,0.013038,0,0,0,0,0,0,996684950,NaN,-6.560886435282651,0,6.032069676686765,7.43688575706115,0,0,0,0
2024-05-26T07:00:00+07:00,0.013038,0.013331,0.01281,0.012907,0,0,0,0,0,0,3453413065,NaN,-7.5417399875509155,0,1.8563949136811806,5.2888206747658355,0,0,0,0
2024-05-26T11:00:00+07:00,0.012906,0.012965,0.012706,0.01295,0,0,0,1,0,0,2006812032,NaN,-8.703856841347175,0,-0.22440918491696443,3.0194421907291034,0,0,0,0
2024-05-26T15:00:00+07:00,0.012949,0.013112,0.012712,0.013059,0,0,1,0,0,0,2490174226,NaN,-9.439511394408138,0,1.426892090342912,2.031153351001479,0,0,0,0
2024-05-26T19:00:00+07:00,0.01306,0.013161,0.012643,0.01269,0,0,0,1,0,0,3873761944,NaN,-10.304387369428916,0,-3.359419590404417,-0.13452650942348018,0,0,0,0
2024-05-26T23:00:00+07:00,0.012691,0.013066,0.01256,0.01303,0,0,0,0,0,0,2595006822,NaN,-11.330369477031027,0,-2.598361096468029,-1.3827487352721215,0,0,0,0
2024-05-27T03:00:00+07:00,0.01303,0.013262,0.012788,0.012805,0,0,0,0,0,0,2439349036,NaN,-11.775890714840157,0,-5.126846110344657,-2.8984372475359863,0,0,0,0
2024-05-27T07:00:00+07:00,0.012806,0.01322,0.012646,0.012935,0,0,0,0,0,0,3026001238,NaN,-12.59366402450027,0,-5.40025791431559,-4.039713626188439,0,0,0,0
2024-05-27T11:00:00+07:00,0.012935,0.013474,0.012779,0.013401,0,0,1,0,0,0,4235569081,NaN,-12.706895982812396,0,0.9429341490299511,-2.7215360684324703,0,0,0,0
2024-05-27T15:00:00+07:00,0.013402,0.013567,0.013105,0.013372,0,0,0,0,0,0,4566632070,NaN,-12.588835094744983,0,6.631575880667186,0.5251192626234416,0,0,0,0
2024-05-27T19:00:00+07:00,0.013372,0.014321,0.013311,0.013914,0,0,0,0,0,0,9378067828,NaN,-11.039211681586606,0,15.194525463109601,5.960024756422052,0,0,0,0
2024-05-27T23:00:00+07:00,0.013913,0.014292,0.013783,0.013935,0,0,0,0,0,0,4907595949,NaN,-9.600275655082397,0,22.882497754277917,12.771395243304926,0,0,0,0
2024-05-28T03:00:00+07:00,0.013935,0.014476,0.013925,0.014367,0,0,0,0,0,0,2918232971,NaN,-7.971455229618748,0,31.54972409810773,20.604551587156227,0,0,0,0
2024-05-28T07:00:00+07:00,0.014367,0.014861,0.013735,0.013957,0,0,0,0,0,0,7838140498,NaN,-5.916515833526979,0,30.883159623467446,25.752187638632556,0,0,0,0
2024-05-28T11:00:00+07:00,0.013958,0.013959,0.013299,0.013521,0,0,0,0,0,0,5213221853,NaN,-5.36577431564406,0,23.977682778701197,26.601983043557627,0,0,0,0
2024-05-28T15:00:00+07:00,0.013522,0.01486,0.01346,0.014731,0,0,0,0,0,0,7923601540,NaN,-3.6786153616268997,0,22.711078554595485,25.873169913911862,0,0,0,0
2024-05-28T19:00:00+07:00,0.01473,0.015522,0.014459,0.01511,0,0,0,0,0,0,11408978070,NaN,-1.4997512615083153,0,24.034013450587196,25.08423154349761,0,0,0,0
2024-05-28T23:00:00+07:00,0.01511,0.015179,0.014573,0.014824,0,0,0,0,0,0,4401734839,0.5234796886017961,NaN,0,22.376416675384235,23.665993201595082,0,0,0,0
2024-05-29T03:00:00+07:00,0.014824,0.015005,0.014647,0.014903,0,0,0,0,0,0,2132153900,2.4021941422754765,NaN,0,21.94129747191616,22.714268953384767,0,0,0,0
2024-05-29T07:00:00+07:00,0.014903,0.016006,0.01458,0.015754,1,0,0,0,1,0,6187863683,4.910430647562187,NaN,0,25.431920125712757,23.522209733210065,1,0,1,0
2024-05-29T11:00:00+07:00,0.015755,0.015969,0.014968,0.015027,0,0,0,0,0,0,5503301171,7.2395074024712684,NaN,0,24.084937563314238,23.78420716910176,0,0,0,0
2024-05-29T15:00:00+07:00,0.015027,0.015051,0.014208,0.014338,0,0,0,0,0,0,6612223253,7.504470093451538,NaN,0,17.847896232904876,21.875600227609077,0,0,0,0
2024-05-29T19:00:00+07:00,0.014336,0.014555,0.014023,0.014094,0,0,0,0,0,0,3893589628,7.351451017594357,NaN,0,9.586341613059698,17.62554956068016,0,0,0,0
2024-05-29T23:00:00+07:00,0.014094,0.01424,0.013819,0.013877,0,0,0,0,0,0,3381311385,6.776091060173712,NaN,0,0.5952049539980584,11.23112501155233,0,0,0,0
2024-05-30T03:00:00+07:00,0.013878,0.01413,0.013863,0.013989,0,0,0,1,0,0,1447716189,6.241828242568825,NaN,0,-6.230672131577644,3.9844809350938064,0,0,0,0
2024-05-30T07:00:00+07:00,0.013989,0.014392,0.013985,0.014263,0,0,0,0,0,0,2215045896,6.096206332978564,NaN,0,-9.23120290285643,-2.1515005813049517,0,0,0,0
2024-05-30T11:00:00+07:00,0.014263,0.014377,0.012783,0.012935,0,0,0,0,0,0,6327639337,4.027612045192303,NaN,0,-15.927423815519745,-8.298479704180103,0,0,0,0
2024-05-30T15:00:00+07:00,0.012936,0.01325,0.012861,0.013064,0,0,0,0,0,0,3956079402,2.106774492247908,NaN,0,-19.994483280341136,-13.549457312100746,0,0,0,0
2024-05-30T19:00:00+07:00,0.013064,0.013579,0.012984,0.013294,0,0,0,0,0,0,3832765404,0.5395785847171162,NaN,0,-20.53850488040581,-17.00972046048289,0,0,0,0
2024-05-30T23:00:00+07:00,0.013295,0.013601,0.013264,0.0133,0,0,0,0,0,0,2116345886,NaN,-0.8809790483422617,0,-20.861331108523647,-19.16867836261072,0,0,0,0
2024-05-31T03:00:00+07:00,0.013299,0.0133,0.013006,0.013096,0,0,0,0,0,0,1537004584,NaN,-2.5489549759465397,0,-21.886694656648697,-20.694046848983835,0,0,0,0
2024-05-31T07:00:00+07:00,0.013095,0.013372,0.012926,0.013234,0,0,0,0,0,0,1999993793,NaN,-3.956842138417901,0,-20.764654244023877,-21.00170241422919,0,0,0,0
2024-05-31T11:00:00+07:00,0.013234,0.01339,0.012826,0.01322,0,0,0,0,0,0,3174321652,NaN,-5.08304993931614,0,-19.003536149859258,-20.399836586186066,0,0,0,0
2024-05-31T15:00:00+07:00,0.013217,0.013438,0.013084,0.013335,0,0,0,0,0,0,2148008799,NaN,-6.22880694301702,0,-14.744510981868236,-18.44435884417806,0,0,0,0
2024-05-31T19:00:00+07:00,0.013335,0.013765,0.013037,0.013064,0,0,0,0,0,0,5151889874,NaN,-7.186983134690834,0,-16.906996765629493,-17.59597595665964,0,0,0,0
2024-05-31T23:00:00+07:00,0.013064,0.013372,0.012871,0.013312,0,0,0,0,0,0,2674725585,NaN,-8.425458421714598,0,-15.560308175127895,-16.562319161833635,0,0,0,0
2024-06-01T03:00:00+07:00,0.013312,0.01341,0.013175,0.013178,0,0,0,0,0,0,1176162454,NaN,-9.495173766335565,0,-15.525369106248137,-15.938775109482432,0,0,0,0
2024-06-01T07:00:00+07:00,0.013177,0.013389,0.013082,0.013313,0,0,0,0,0,0,1479251068,NaN,-10.507045525060027,0,-12.600499395349138,-14.689560162683275,0,0,0,0
2024-06-01T11:00:00+07:00,0.013313,0.013334,0.013127,0.013169,0,0,0,0,0,0,1380950943,NaN,-11.446640729589882,0,-13.230867964802039,-14.077337189335765,0,0,0,0
2024-06-01T15:00:00+07:00,0.013171,0.013463,0.01315,0.013202,0,0,0,0,0,0,2160403666,NaN,-12.188676962384934,0,-14.72124486079414,-14.062816049123365,0,0,0,0
2024-06-01T19:00:00+07:00,0.013202,0.0136,0.013162,0.013494,0,0,0,0,0,0,2286894458,NaN,-12.543159680036906,0,-10.646187243980105,-12.835659163628641,0,0,0,0
2024-06-01T23:00:00+07:00,0.013494,0.013687,0.013312,0.013595,0,0,0,0,0,0,2112089717,NaN,-12.661565434930733,0,-3.8912361255324877,-9.684459967394567,0,0,0,0
2024-06-02T03:00:00+07:00,0.013596,0.01383,0.013381,0.013409,0,0,0,0,0,0,1571103310,NaN,-12.42976445977894,0,-3.088402633646499,-7.041258472579538,0,0,0,0
2024-06-02T07:00:00+07:00,0.013409,0.01383,0.013358,0.013613,0,0,1,0,0,0,2672525565,NaN,-12.290517476716364,0,0.9928640498214598,-3.6717745340553667,0,0,0,0
2024-06-02T11:00:00+07:00,0.013613,0.013748,0.013365,0.013456,0,0,0,0,0,0,2292541105,NaN,-12.161216706729686,0,0.12053964797275185,-1.541314197122332,0,0,0,0
2024-06-02T15:00:00+07:00,0.013456,0.013749,0.01312,0.013429,0,0,0,1,0,0,3892255925,NaN,-12.876390792259748,0,-1.2080537088927623,-0.8431706130622607,0,0,0,0
2024-06-02T19:00:00+07:00,0.013429,0.013924,0.013356,0.013635,0,0,1,0,0,0,3158861016,NaN,-13.035008227611607,0,1.8184492219466932,0.23459837893847285,0,0,0,0
2024-06-02T23:00:00+07:00,0.013634,0.01364,0.012831,0.012969,0,0,0,1,0,0,3712754814,NaN,-13.101804332839253,0,-3.377802899980679,-0.8003623595351962,0,0,0,0
2024-06-03T03:00:00+07:00,0.01297,0.013144,0.012834,0.013017,0,0,0,0,0,0,1349890228,NaN,-13.163829287693494,0,-7.498939985984898,-3.189742108921327,0,0,0,0
2024-06-03T07:00:00+07:00,0.013017,0.013305,0.012696,0.012979,0,0,0,0,0,0,3318918297,NaN,-13.724576482949058,0,-11.556722575213644,-6.365595785663282,0,0,0,0
2024-06-03T11:00:00+07:00,0.01298,0.013601,0.012731,0.013571,0,0,0,0,0,0,3940788592,NaN,-13.985771804376498,0,-6.021513666123935,-6.917895677829574,0,0,0,0
2024-06-03T15:00:00+07:00,0.013571,0.013789,0.013262,0.013353,0,0,0,0,0,0,3661565682,NaN,-13.76034881074377,0,-4.580975738446538,-6.66911893028799,0,0,0,0
2024-06-03T19:00:00+07:00,0.013354,0.013637,0.013079,0.013384,0,0,0,0,0,0,3463270798,NaN,-14.11533273212425,0,-2.9801061266745856,-5.460090648129538,0,0,0,0
2024-06-03T23:00:00+07:00,0.013383,0.013674,0.013235,0.013414,0,0,0,0,0,0,2755519273,NaN,-14.345584693147307,0,-1.332542316767007,-3.728387547555634,0,0,0,0
2024-06-04T03:00:00+07:00,0.013415,0.013428,0.013039,0.01311,0,0,0,0,0,0,1153139556,NaN,-15.05349563054801,0,-3.387336990259453,-3.0927091827604043,0,0,0,0
2024-06-04T07:00:00+07:00,0.01311,0.013326,0.013008,0.013141,0,0,0,0,0,0,1764424158,NaN,-15.617805249006096,0,-5.757308396454979,-3.7916469923606297,0,0,0,0
2024-06-04T11:00:00+07:00,0.01314,0.013141,0.012867,0.012977,0,0,0,0,0,0,1961450168,NaN,-15.71923350303606,0,-11.12273895544386,-6.296675339601745,0,0,0,0
2024-06-04T15:00:00+07:00,0.012978,0.013015,0.012771,0.012911,0,0,0,0,0,0,1686957280,NaN,-15.53463449512443,0,-17.232965894589007,-10.402328452091421,0,0,0,0
2024-06-04T19:00:00+07:00,0.01291,0.013227,0.012856,0.0131,0,0,0,0,0,0,2225168330,NaN,-16.09522779172441,0,-16.191758454903834,-13.21072176682508,0,0,0,0
2024-06-04T23:00:00+07:00,0.013101,0.01331,0.013022,0.013112,0,0,0,0,0,0,2202955342,NaN,-16.57685496594544,0,-14.879213042394465,-14.590985534846492,0,0,0,0
2024-06-05T03:00:00+07:00,0.013112,0.013299,0.012943,0.013275,0,0,0,0,0,0,1134021221,NaN,-17.06498003632213,0,-8.989552574725954,-13.241904076836068,0,0,0,0
2024-06-05T07:00:00+07:00,0.013275,0.013701,0.013078,0.013591,0,0,1,0,0,0,3814043011,NaN,-16.52972157339208,0,2.486126805121484,-7.8521132136584315,0,0,0,0
2024-06-05T11:00:00+07:00,0.013593,0.013797,0.013325,0.013665,0,0,0,0,0,0,2766177548,NaN,-15.783197388854955,0,14.364642018117564,0.5899250031468753,0,0,0,0
2024-06-05T15:00:00+07:00,0.013665,0.01372,0.013288,0.01341,0,0,0,0,0,0,2399592042,NaN,-15.233161905720259,0,18.248247757818937,8.219991272338868,0,0,0,0
2024-06-05T19:00:00+07:00,0.01341,0.013536,0.013111,0.013427,0,0,0,0,0,0,2700121562,NaN,-15.389608030712735,0,21.469333430766394,14.627752351665162,0,0,0,0
2024-06-05T23:00:00+07:00,0.013428,0.013468,0.013244,0.013441,0,0,0,0,0,0,1520314913,NaN,-15.534879432491461,0,24.02736688292106,19.464954816832286,0,0,0,0
2024-06-06T03:00:00+07:00,0.013442,0.01347,0.013256,0.013343,0,0,0,0,0,0,909677276,NaN,-15.662869895698972,0,24.031163299598152,22.102294790381976,0,0,0,0
2024-06-06T07:00:00+07:00,0.013343,0.014157,0.013203,0.013931,0,0,0,0,0,0,4752326775,NaN,-13.942037326631095,0,28.575285128427957,24.81800627390982,0,0,0,0
2024-06-06T11:00:00+07:00,0.013931,0.014095,0.0134,0.013642,0,0,0,0,0,0,4140378034,NaN,-12.344121369639497,0,25.363813312214692,25.51585094467922,0,0,0,0
2024-06-06T15:00:00+07:00,0.013642,0.014005,0.013543,0.013737,0,0,0,0,0,0,3092538718,NaN,-10.860342266718725,0,24.001595500949993,25.285251974733992,0,0,0,0
2024-06-06T19:00:00+07:00,0.013736,0.013874,0.01357,0.013624,0,0,0,0,0,0,2058957523,NaN,-9.48254738543515,0,19.27339755085463,23.309769550078084,0,0,0,0
2024-06-06T23:00:00+07:00,0.013621,0.01364,0.01327,0.013303,0,0,0,0,0,0,1988482516,NaN,-9.54491382666858,0,9.741930554480707,18.474062748768628,0,0,0,0
2024-06-07T03:00:00+07:00,0.013302,0.01343,0.013127,0.013384,0,0,0,0,0,0,1326673757,NaN,-10.154737372787295,0,3.413674028040743,12.481552621653673,0,0,0,0
2024-06-07T07:00:00+07:00,0.013383,0.013678,0.01335,0.013447,0,0,0,1,0,0,1897000845,NaN,-9.977650259413624,0,-0.9585322651071247,6.709081136848582,0,0,0,0
2024-06-07T11:00:00+07:00,0.013446,0.0136,0.013411,0.013519,0,0,0,0,0,0,1381303169,NaN,-9.81321222556664,0,-2.413488757990275,2.206447192903893,0,0,0,0
2024-06-07T15:00:00+07:00,0.013518,0.013572,0.013254,0.013435,0,0,0,0,0,0,1821745809,NaN,-10.296246722077754,0,-3.8999516775529055,-1.0306687736323206,0,0,0,0
2024-06-07T19:00:00+07:00,0.013436,0.013452,0.012829,0.013062,0,0,0,0,0,0,4316325372,NaN,-10.545714568387869,0,-10.354217020259458,-4.8743165725102156,0,0,0,0
2024-06-07T23:00:00+07:00,0.013062,0.013118,0.0101,0.011147,0,0,0,0,0,0,18783116432,NaN,-7.25109684699396,0,-19.092561707373868,-10.291002762110237,0,0,0,0
2024-06-08T03:00:00+07:00,0.011147,0.011505,0.011071,0.011421,0,0,0,0,0,0,3170217725,NaN,-4.191808962842465,0,-22.122315925407054,-15.21719130869368,0,0,0,0
2024-06-08T07:00:00+07:00,0.011419,0.011833,0.011362,0.011613,0,0,0,0,0,0,2755981720,NaN,-2.1760650434177755,0,-21.723827580779126,-18.599631496381154,0,0,0,0
2024-06-08T11:00:00+07:00,0.011614,0.011639,0.011412,0.01154,0,0,0,0,0,0,2109194323,NaN,-0.3043028325234225,0,-22.004852069540913,-20.78839059213663,0,0,0,0
2024-06-08T15:00:00+07:00,0.011541,0.011548,0.010994,0.011092,0,0,0,0,0,0,3147935937,1.783625748091378,NaN,0,-25.84074546101085,-23.048787458916216,0,0,0,0
2024-06-08T19:00:00+07:00,0.011092,0.011344,0.010695,0.011277,0,0,0,0,0,0,5574309048,3.9492394079425175,NaN,0,-23.094413020470256,-23.361304949465517,0,0,0,0
2024-06-08T23:00:00+07:00,0.011278,0.011332,0.011068,0.0112,0,0,0,0,0,0,2297835192,5.960166377804292,NaN,0,-20.31783230457459,-22.4815054471765,0,0,0,0
2024-06-09T03:00:00+07:00,0.011201,0.011237,0.011019,0.011124,0,0,0,0,0,0,1207656266,7.867075697723045,NaN,0,-18.529181004752836,-21.125787753002395,0,0,0,0
2024-06-09T07:00:00+07:00,0.011125,0.011192,0.010823,0.010961,0,0,0,0,0,0,2205408203,9.797352819235897,NaN,0,-19.796613828809193,-20.40552410524883,0,0,0,0
2024-06-09T11:00:00+07:00,0.01096,0.011057,0.010726,0.010954,0,0,0,0,0,0,1697290449,11.668110900561516,NaN,0,-20.991675363195647,-20.230830185006198,0,0,0,0
2024-06-09T15:00:00+07:00,0.010954,0.011134,0.010887,0.011071,0,0,0,0,0,0,1277188938,13.14251926095097,NaN,0,-19.946941887205742,-20.031163112621275,0,0,0,0
2024-06-09T19:00:00+07:00,0.011071,0.011406,0.010989,0.011171,0,0,0,0,0,0,2871659328,13.613089136828826,NaN,0,-16.494334430225383,-18.890458296793874,0,0,0,0
2024-06-09T23:00:00+07:00,0.01117,0.011266,0.011141,0.011204,0,0,0,0,0,0,1262889439,14.05004687871542,NaN,0,-13.646362920695719,-17.055329502746524,0,0,0,0
2024-06-10T03:00:00+07:00,0.011204,0.011213,0.011094,0.01113,0,0,0,0,0,0,794755055,14.518059656807644,NaN,0,-12.611363777884625,-15.20072220003262,0,0,0,0
2024-06-10T07:00:00+07:00,0.011129,0.011266,0.010972,0.011033,0,0,0,0,0,0,1499322994,15.116723571111294,NaN,0,-14.797562816654684,-14.553864580303706,0,0,0,0
2024-06-10T11:00:00+07:00,0.011034,0.011088,0.010462,0.010483,0,0,0,0,0,0,3324295957,16.26709326103432,NaN,0,-22.98925461069992,-17.050511728359268,0,0,0,0
2024-06-10T15:00:00+07:00,0.010483,0.010887,0.010482,0.010708,0,0,0,0,0,0,2407368799,17.335293687391406,NaN,0,-26.507650683141044,-20.51713671899559,0,0,0,0
2024-06-10T19:00:00+07:00,0.010707,0.011108,0.010551,0.011028,0,0,0,0,0,0,2449619056,17.497950241748242,NaN,0,-23.729589508422396,-22.390186901197993,0,0,0,0
2024-06-10T23:00:00+07:00,0.011029,0.01106,0.010657,0.010689,0,0,0,0,0,0,1905219397,17.648988470793867,NaN,0,-24.74131040961007,-23.92826227794784,0,0,0,0
2024-06-11T03:00:00+07:00,0.01069,0.010692,0.010436,0.010525,0,0,0,0,0,0,1663631381,18.10315703916106,NaN,0,-27.191386622328093,-25.474366616821996,0,0,0,0
2024-06-11T07:00:00+07:00,0.010526,0.010677,0.009827,0.010025,0,0,0,0,0,0,5560015020,19.219092134271015,NaN,0,-32.90549792279445,-28.098919802140042,0,0,0,0
2024-06-11T11:00:00+07:00,0.010025,0.0101,0.009802,0.009908,0,0,0,0,0,0,2738921883,20.279950666076232,NaN,0,-38.90824830355857,-32.06330689357317,0,0,0,0
2024-06-11T15:00:00+07:00,0.009908,0.01039,0.009876,0.010294,0,0,0,0,0,0,3104782443,20.19114185577395,NaN,0,-35.28241289133628,-33.99237567290435,0,0,0,0
2024-06-11T19:00:00+07:00,0.010294,0.010344,0.009263,0.009711,0,0,0,0,0,0,5605904969,20.81644269395028,NaN,0,-35.891892896403384,-35.354416228396985,0,0,0,0
2024-06-11T23:00:00+07:00,0.009711,0.009977,0.009546,0.009888,0,0,0,0,0,0,3166791465,21.397079186542584,NaN,0,-32.459920412560386,-34.829093790155724,0,0,0,0
2024-06-12T03:00:00+07:00,0.009886,0.009989,0.009733,0.009772,0,0,0,0,0,0,1358369599,21.892216542710308,NaN,0,-29.957611491601416,-33.118432792246,0,0,0,0
2024-06-12T07:00:00+07:00,0.009773,0.009894,0.009218,0.009857,0,0,0,0,0,0,3840837895,22.872530950173115,NaN,0,-23.469400436024387,-29.44156053789012,0,0,0,0
2024-06-12T11:00:00+07:00,0.009856,0.010219,0.009786,0.010201,0,0,0,0,0,0,2897960591,22.682147596763045,NaN,0,-12.777770395930132,-23.230068128005108,0,0,0,0
2024-06-12T15:00:00+07:00,0.010201,0.010239,0.010009,0.010054,0,0,0,0,0,0,2493742238,22.43983375041693,NaN,0,-6.7590465910625905,-16.51264394952466,0,0,0,0
2024-06-12T19:00:00+07:00,0.010055,0.01086,0.010053,0.010369,0,0,0,0,0,0,6209856107,20.417236061406193,NaN,0,-0.210925428569333,-9.554702470569174,0,0,0,0
2024-06-12T23:00:00+07:00,0.010369,0.010442,0.009801,0.009893,0,0,0,0,0,0,3797323703,18.948247933103467,NaN,0,-0.31494994374748586,-4.781368828939145,0,0,0,0
2024-06-13T03:00:00+07:00,0.009893,0.010141,0.009834,0.010103,1,0,1,0,1,0,1250085571,17.584187528250936,NaN,0,0.5142879147708993,-1.7078000043265835,1,0,1,0
2024-06-13T07:00:00+07:00,0.010102,0.010102,0.009332,0.009565,0,0,0,1,0,0,3506949351,17.072353578988924,NaN,0,-3.056881950397309,-1.4235336914897774,0,0,0,0
2024-06-13T11:00:00+07:00,0.009565,0.009819,0.009543,0.009817,0,0,0,0,0,0,2172721067,16.597079197531343,NaN,0,-3.7808440288711784,-2.0286473011797823,0,0,0,0
2024-06-13T15:00:00+07:00,0.009818,0.009931,0.009629,0.009652,0,0,0,0,0,0,3149945546,15.816168360199462,NaN,0,-7.539645643908078,-4.085241620028182,0,0,0,0
2024-06-13T19:00:00+07:00,0.009653,0.00996,0.00939,0.00967,0,0,0,0,0,0,4863226844,15.460775142001353,NaN,0,-9.972910828098469,-6.46434298591746,0,0,0,0
2024-06-13T23:00:00+07:00,0.009669,0.010699,0.009484,0.010265,0,0,0,0,0,0,10439080332,13.198904731106467,NaN,0,-6.91105648777546,-7.178962179409004,0,0,0,0
2024-06-14T03:00:00+07:00,0.010266,0.010383,0.010143,0.010307,0,0,0,0,0,0,2550996510,11.098596492418352,NaN,0,-2.746720988302731,-6.010446579573215,0,0,0,0
2024-06-14T07:00:00+07:00,0.010307,0.010904,0.010188,0.010603,0,0,1,0,0,0,7113761403,8.979902419017279,NaN,0,4.017406397170853,-2.6078992487192028,0,0,0,0
2024-06-14T11:00:00+07:00,0.010604,0.010815,0.0105,0.0107,0,0,0,0,0,0,4561454650,7.012543636573426,NaN,0,11.338196533613836,2.7150280992130007,0,0,0,0
2024-06-14T15:00:00+07:00,0.010701,0.011114,0.010638,0.010881,0,0,0,0,0,0,7631776787,5.755377478862851,NaN,0,19.192025820905428,9.397375731074275,0,0,0,0
2024-06-14T19:00:00+07:00,0.010879,0.01135,0.01052,0.010598,0,0,0,0,0,0,10866013637,5.001032109197993,NaN,0,19.06287969539659,14.09234554449901,0,0,0,0
2024-06-14T23:00:00+07:00,0.010597,0.010631,0.010093,0.010383,0,0,0,0,0,0,8123373266,3.301858786095462,NaN,0,14.75602632167865,15.620101821139627,0,0,0,0
2024-06-15T03:00:00+07:00,0.010384,0.01061,0.010161,0.010248,0,0,0,0,0,0,3182153547,1.7240549860716818,NaN,0,8.147632766063879,13.77821042524323,0,0,0,0
2024-06-15T07:00:00+07:00,0.010249,0.01067,0.010136,0.010595,0,0,0,0,0,0,2872788172,0.3835852462972227,NaN,0,5.955697838123454,10.930325628773824,0,0,0,0
2024-06-15T11:00:00+07:00,0.010597,0.010703,0.010343,0.010372,0,0,0,0,0,0,2448835356,NaN,-0.7894781699321562,0,1.6298256490540872,6.999316682313985,0,0,0,0
2024-06-15T15:00:00+07:00,0.010371,0.010595,0.010356,0.010528,0,0,0,0,0,0,2071910554,NaN,-1.8787513421451507,0,0.2542964350029178,3.780611342627181,0,0,0,0
2024-06-15T19:00:00+07:00,0.010527,0.010597,0.010355,0.010458,0,0,0,1,0,0,2392711150,NaN,-2.885241219269176,0,-1.2757946217691238,1.3057812013759402,0,0,0,0
2024-06-15T23:00:00+07:00,0.010459,0.010589,0.01017,0.010273,0,0,0,0,0,0,2061748082,NaN,-4.371648835831859,0,-3.7924561903127443,-0.9391480664933222,0,0,0,0
2024-06-16T03:00:00+07:00,0.010273,0.010371,0.010102,0.010368,0,0,0,0,0,0,1466170351,NaN,-5.740904770644132,0,-4.382843817683223,-2.584867279727636,0,0,0,0
2024-06-16T07:00:00+07:00,0.010369,0.010427,0.010153,0.010205,0,0,0,0,0,0,1585488242,NaN,-7.049545360140247,0,-6.242890552346351,-4.16136596079588,0,0,0,0
2024-06-16T11:00:00+07:00,0.010205,0.01039,0.009862,0.010315,0,0,0,0,0,0,2848668687,NaN,-7.556848046196372,0,-4.8811582214142515,-4.75910611812673,0,0,0,0
2024-06-16T15:00:00+07:00,0.010317,0.010435,0.010196,0.010218,0,0,0,0,0,0,1492627100,NaN,-8.178945295270175,0,-4.474328911193608,-4.878872861622885,0,0,0,0
2024-06-16T19:00:00+07:00,0.010219,0.010486,0.010214,0.010465,0,0,1,0,0,0,1670412063,NaN,-8.933311570620386,0,0.6251921363866829,-3.0855636366306465,0,0,0,0
2024-06-16T23:00:00+07:00,0.010464,0.010482,0.010353,0.010395,0,0,0,0,0,0,1110007998,NaN,-9.63379454058844,0,4.492487996002238,-0.29766568021318374,0,0,0,0
2024-06-17T03:00:00+07:00,0.010396,0.010528,0.010326,0.010438,0,0,0,0,0,0,1131484675,NaN,-10.460682099835067,0,8.361986482132215,3.1883763173352406,0,0,0,0
2024-06-17T07:00:00+07:00,0.010439,0.010554,0.009923,0.009979,0,0,0,0,0,0,2834273216,NaN,-9.992389650220376,0,3.8141423769888987,4.184811810870655,0,0,0,0
2024-06-17T11:00:00+07:00,0.009978,0.01006,0.009743,0.009854,0,0,0,1,0,0,2834807393,NaN,-9.108744690990541,0,-3.375343327106563,2.205065363147372,0,0,0,0
2024-06-17T15:00:00+07:00,0.009852,0.009924,0.009408,0.009545,0,0,0,0,0,0,3832525637,NaN,-7.574271796444936,0,-13.89947861952959,-3.355991887656056,0,0,0,0
2024-06-17T19:00:00+07:00,0.009545,0.00969,0.009307,0.009349,0,0,0,0,0,0,3072099615,NaN,-5.958053053442246,0,-25.37134577213072,-11.772693472265443,0,0,0,0
2024-06-17T23:00:00+07:00,0.00935,0.009579,0.008801,0.009435,0,0,0,0,0,0,4399095526,NaN,-3.654355083363768,0,-30.508994367035008,-19.911022337300725,0,0,0,0
2024-06-18T03:00:00+07:00,0.009435,0.009444,0.009078,0.009141,0,0,0,0,0,0,1812335479,NaN,-1.5152069682909008,0,-36.18382602538796,-27.349563031842514,0,0,0,0
2024-06-18T07:00:00+07:00,0.009141,0.009186,0.007625,0.008519,0,0,0,0,0,0,11749166578,1.8085425262201653,NaN,0,-41.97757626526363,-34.05282257951774,0,0,0,0
2024-06-18T11:00:00+07:00,0.008519,0.008596,0.008387,0.008447,0,0,0,0,0,0,2663239701,4.894881342551866,NaN,0,-46.05506837876029,-39.54176396914804,0,0,0,0
2024-06-18T15:00:00+07:00,0.008448,0.008532,0.008221,0.008333,0,0,0,0,0,0,2540693265,7.864563849970047,NaN,0,-50.00276434878582,-44.20289803150481,0,0,0,0
2024-06-18T19:00:00+07:00,0.008331,0.008407,0.008,0.008312,0,0,0,0,0,0,5402757123,10.754529774014095,NaN,0,-51.67747100052615,-47.78017307266467,0,0,0,0
2024-06-18T23:00:00+07:00,0.008313,0.008363,0.008001,0.008219,0,0,0,0,0,0,2737054868,13.438069560626417,NaN,0,-53.59945623350526,-50.58687808258484,0,0,0,0
2024-06-19T03:00:00+07:00,0.008218,0.008424,0.008145,0.008395,0,0,0,0,0,0,1855775281,15.677678429106969,NaN,0,-48.81202109212226,-50.63672936483617,0,0,0,0
2024-06-19T07:00:00+07:00,0.008394,0.00889,0.008288,0.00864,0,0,0,0,0,0,4832566335,16.016200778684805,NaN,0,-37.94871678687944,-46.60984955688267,0,0,0,0
2024-06-19T11:00:00+07:00,0.00864,0.008788,0.008605,0.008667,0,0,0,0,0,0,2060635278,16.330542960435643,NaN,0,-28.01811206364967,-39.81319161397797,0,0,0,0
2024-06-19T15:00:00+07:00,0.008666,0.008697,0.00843,0.0085,0,0,0,0,0,0,2212947381,16.851861033775364,NaN,0,-23.17422179279339,-32.86754706646358,0,0,0,0
2024-06-19T19:00:00+07:00,0.008499,0.008605,0.008287,0.008387,0,0,0,0,0,0,2611939843,17.516603157056892,NaN,0,-22.160500129192837,-27.48421191159786,0,0,0,0
2024-06-19T23:00:00+07:00,0.008386,0.008647,0.008347,0.00852,0,0,0,0,0,0,1745914141,17.968299996235928,NaN,0,-19.472444883428945,-23.300788748431668,0,0,0,0
2024-06-20T03:00:00+07:00,0.008521,0.008639,0.0084,0.008457,0,0,0,0,0,0,1495156568,18.3877327754736,NaN,0,-19.411126145854773,-21.052897753320313,0,0,0,0
2024-06-20T07:00:00+07:00,0.008457,0.008739,0.00838,0.008559,0,0,0,0,0,0,2438474156,18.345325748585523,NaN,0,-18.333632363028556,-19.68168154000185,0,0,0,0
2024-06-20T11:00:00+07:00,0.008557,0.008988,0.008452,0.008987,0,0,0,0,0,0,2571450388,17.304030310752047,NaN,0,-11.463640384881947,-16.666099980675934,0,0,0,0
2024-06-20T15:00:00+07:00,0.008988,0.009109,0.00872,0.008948,0,0,0,0,0,0,3237667138,15.8874088284049,NaN,0,-5.193549079027408,-12.341193413259266,0,0,0,0
2024-06-20T19:00:00+07:00,0.008948,0.009078,0.008558,0.00896,0,0,1,0,0,0,4881225058,14.93665585600479,NaN,0,2.4750223471492467,-6.5912264404614085,0,0,0,0
2024-06-20T23:00:00+07:00,0.008957,0.009211,0.008744,0.008976,0,0,0,0,0,0,3662261892,13.552434007456704,NaN,0,9.547339081529742,0.05301496175806809,0,0,0,0
2024-06-21T03:00:00+07:00,0.008973,0.009043,0.008895,0.008919,0,0,0,0,0,0,1159061030,12.267085148090622,NaN,0,13.428125032424337,6.060287332450108,0,0,0,0
2024-06-21T07:00:00+07:00,0.008919,0.009259,0.008725,0.008923,0,0,0,0,0,0,3902081245,10.264941856259675,NaN,0,15.342964539348035,10.588389045753187,0,0,0,0
2024-06-21T11:00:00+07:00,0.008924,0.00901,0.008531,0.008606,0,0,0,0,0,0,2849397193,8.945603118180415,NaN,0,8.159461023956215,10.934882592310332,0,0,0,0
2024-06-21T15:00:00+07:00,0.008606,0.009064,0.0084,0.008854,0,0,0,0,0,0,4926311172,8.059813311504058,NaN,0,8.451000148440354,10.488355173496611,0,0,0,0
2024-06-21T19:00:00+07:00,0.008854,0.009083,0.008601,0.008956,0,0,0,0,0,0,4352041974,7.160559738384258,NaN,0,12.526550287093002,11.001945947481033,0,0,0,0
2024-06-21T23:00:00+07:00,0.008956,0.009064,0.008731,0.008847,0,0,0,0,0,0,2443735465,6.325538563344445,NaN,0,13.051855465353608,11.49202436718144,0,0,0,0
2024-06-22T03:00:00+07:00,0.008846,0.008961,0.008746,0.008892,0,0,0,0,0,0,1122220709,5.5501617579503275,NaN,0,14.182837974132202,12.384181594279426,0,0,0,0
2024-06-22T07:00:00+07:00,0.008891,0.008953,0.00866,0.008856,0,0,0,0,0,0,1963517278,5.100507487986576,NaN,0,15.331209425647756,13.736471076230318,0,0,0,0
2024-06-22T11:00:00+07:00,0.008855,0.008866,0.008685,0.008746,0,0,0,0,0,0,1315131611,4.682971380163092,NaN,0,12.588142150575319,13.696288239710963,0,0,0,0
2024-06-22T15:00:00+07:00,0.008746,0.008795,0.008608,0.008737,0,0,0,0,0,0,1583744497,4.550028066370139,NaN,0,10.428362194731973,12.660369284434827,0,0,0,0
2024-06-22T19:00:00+07:00,0.008736,0.009016,0.008727,0.008985,0,0,0,0,0,0,2058234960,3.266548692035588,NaN,0,13.71316501641904,12.859263809211784,0,0,0,0
2024-06-22T23:00:00+07:00,0.008986,0.009086,0.008876,0.008907,0,0,0,0,0,0,1286912081,1.743675175050548,NaN,0,13.216005840279617,12.84835130520457,0,0,0,0
2024-06-23T03:00:00+07:00,0.008908,0.008951,0.008832,0.008865,0,0,0,0,0,0,952553633,0.5113639611986684,NaN,0,11.823130594010122,12.43760252803103,0,0,0,0
2024-06-23T07:00:00+07:00,0.008865,0.009037,0.008821,0.008994,0,0,0,0,0,0,1655706980,NaN,-1.0586485369253644,0,15.219740050011023,13.392928824966967,0,0,0,0
2024-06-23T11:00:00+07:00,0.008993,0.009157,0.008947,0.009045,0,0,0,0,0,0,1584523643,NaN,-2.461807313380195,0,19.889865208645688,15.729523648152078,0,0,0,0
2024-06-23T15:00:00+07:00,0.009044,0.009187,0.008888,0.008936,0,0,0,0,0,0,2056682573,NaN,-4.0515202580597105,0,17.76393896444034,16.726709522341157,0,0,0,0
2024-06-23T19:00:00+07:00,0.008937,0.009007,0.008646,0.008711,0,0,0,0,0,0,2358757803,NaN,-4.5270065211138935,0,9.684063704510224,14.760552046685449,0,0,0,0
2024-06-23T23:00:00+07:00,0.008711,0.008764,0.008527,0.008585,0,0,0,1,0,0,1900321036,NaN,-4.531044751156795,0,-0.9851596722030506,9.473449587843271,0,0,0,0
2024-06-24T03:00:00+07:00,0.008586,0.008592,0.008365,0.008376,0,0,0,0,0,0,1698450954,NaN,-3.9957240598131385,0,-13.105869563057777,0.9999965164637302,0,0,0,0
2024-06-24T07:00:00+07:00,0.008377,0.008535,0.008208,0.008323,0,0,0,0,0,0,2596697074,NaN,-3.0352392508783588,0,-24.650770740385404,-9.433382973153766,0,0,0,0
2024-06-24T11:00:00+07:00,0.008323,0.008371,0.008053,0.008099,0,0,0,0,0,0,3221066019,NaN,-1.7342182564167388,0,-37.14903060423774,-21.06347335411997,0,0,0,0
2024-06-24T15:00:00+07:00,0.008098,0.008284,0.007571,0.008169,0,0,0,0,0,0,5127992996,0.4412227793748009,NaN,0,-41.516910881764595,-30.48865918968325,0,0,0,0
2024-06-24T19:00:00+07:00,0.008168,0.008464,0.008153,0.008244,0,0,0,0,0,0,2815762042,1.5449855619035233,NaN,0,-40.7628387818723,-36.24908935286411,0,0,0,0
2024-06-24T23:00:00+07:00,0.008243,0.008619,0.008204,0.008456,0,0,0,0,0,0,3924626083,1.8470365742785866,NaN,0,-32.80407267354334,-36.70475220595737,0,0,0,0
2024-06-25T03:00:00+07:00,0.008455,0.008933,0.008271,0.008878,0,0,0,0,0,0,2637833093,0.8620484448892789,NaN,0,-20.205481776652256,-31.647671219387895,0,0,0,0
2024-06-25T07:00:00+07:00,0.008878,0.009289,0.008821,0.009135,0,0,0,0,0,0,2582538602,NaN,-0.7717154057691538,0,-6.050895921930787,-22.168747545493474,0,0,0,0
2024-06-25T11:00:00+07:00,0.009134,0.009157,0.008971,0.009012,0,0,1,0,0,0,1875185589,NaN,-2.288781838523416,0,2.433672696608012,-11.93484331090659,0,0,0,0
2024-06-25T15:00:00+07:00,0.009013,0.009221,0.008919,0.009109,0,0,0,0,0,0,2175466690,NaN,-3.4983232600019107,0,10.479672969559036,-1.948977890560865,0,0,0,0
2024-06-25T19:00:00+07:00,0.00911,0.00959,0.009071,0.00949,0,0,0,0,0,0,3579614282,NaN,-3.6022708375485735,0,19.73392047365766,7.705469247722309,0,0,0,0
2024-06-25T23:00:00+07:00,0.009492,0.009565,0.009304,0.009445,0,0,0,0,0,0,2379537655,NaN,-3.698793588127618,0,25.95732406792455,15.931851374281049,0,0,0,0
2024-06-26T03:00:00+07:00,0.009444,0.00957,0.009403,0.00955,0,0,0,0,0,0,1233531256,NaN,-3.774862994521836,0,31.428925315430345,22.904580193703264,0,0,0,0
2024-06-26T07:00:00+07:00,0.00955,0.009722,0.009379,0.009431,0,0,0,0,0,0,2528173449,NaN,-3.434594795678141,0,30.494543196345035,27.067193557606302,0,0,0,0
2024-06-26T11:00:00+07:00,0.009432,0.009438,0.009159,0.009307,0,0,0,0,0,0,2451171636,NaN,-4.028049918654116,0,26.660959352937965,28.081220940391184,0,0,0,0
2024-06-26T15:00:00+07:00,0.009308,0.009334,0.009106,0.009164,0,0,0,0,0,0,1617066290,NaN,-4.785793740226065,0,20.101368967533368,25.829965769149272,0,0,0,0
2024-06-26T19:00:00+07:00,0.009163,0.009299,0.009024,0.009072,0,0,0,0,0,0,1939527802,NaN,-5.811278037784589,0,11.620314946840612,20.72719602475139,0,0,0,0
2024-06-26T23:00:00+07:00,0.009073,0.009158,0.008925,0.009153,0,0,0,0,0,0,1639064855,NaN,-7.144677209887014,0,6.69846864374888,14.93961145406186,0,0,0,0
2024-06-27T03:00:00+07:00,0.009153,0.009213,0.009046,0.009136,0,0,0,0,0,0,1099839232,NaN,-8.174802317526321,0,3.21601034622928,9.639904562311232,0,0,0,0
2024-06-27T07:00:00+07:00,0.009135,0.009385,0.009051,0.009274,0,0,0,0,0,0,1688378867,NaN,-8.512284042946856,0,3.684134983322395,6.3148080729326885,0,0,0,0
2024-06-27T11:00:00+07:00,0.009274,0.009285,0.009013,0.009094,0,0,0,0,0,0,1514299718,NaN,-8.993069259374554,0,1.2090680482487746,3.696477563170644,0,0,0,0
2024-06-27T15:00:00+07:00,0.009096,0.009503,0.009055,0.009422,0,0,0,0,0,0,2214494039,NaN,-8.702142067697586,0,4.549358329673577,3.4510638751691736,0,0,0,0
2024-06-27T19:00:00+07:00,0.009422,0.010809,0.009287,0.010423,0,0,0,0,0,0,15092541650,NaN,-6.0079398374225725,0,12.365024543977276,6.282269366413406,0,0,0,0
2024-06-27T23:00:00+07:00,0.010424,0.010587,0.010288,0.01049,0,0,0,0,0,0,5237236042,NaN,-3.5061806235957746,0,20.45653273137952,11.432873860109826,0,0,0,0
2024-06-28T03:00:00+07:00,0.010489,0.010837,0.010432,0.010797,0,0,0,0,0,0,5500069122,NaN,-0.9001566226548405,0,30.135621781086087,18.660473211365083,0,0,0,0
2024-06-28T07:00:00+07:00,0.010797,0.010911,0.01036,0.010545,0,0,0,0,0,0,6910304637,1.5999484900448877,NaN,0,32.55038843066182,24.929562325961342,0,0,0,0
2024-06-28T11:00:00+07:00,0.010546,0.010582,0.010242,0.010332,0,0,0,0,0,0,4233833914,3.4227539737276587,NaN,0,29.11960626210546,27.965636025544608,0,0,0,0
2024-06-28T15:00:00+07:00,0.010333,0.010357,0.010022,0.010166,0,0,0,0,0,0,5059744447,4.235487419806784,NaN,0,22.595894439092735,27.189122588628173,0,0,0,0
2024-06-28T19:00:00+07:00,0.010166,0.010216,0.0097,0.009977,0,0,0,0,0,0,7640311198,3.859868789111413,NaN,0,13.566891460887854,22.720883499302424,0,0,0,0
2024-06-28T23:00:00+07:00,0.009976,0.010016,0.009711,0.009813,0,0,0,0,0,0,3686360536,3.511080060608574,NaN,0,3.3109902739311656,15.29332009902388,0,0,0,0
2024-06-29T03:00:00+07:00,0.009813,0.009851,0.009591,0.009704,0,0,0,1,0,0,2035920213,2.7741808611289507,NaN,0,-6.227288672865503,6.47463915029011,0,0,0,0
2024-06-29T07:00:00+07:00,0.009704,0.010031,0.009686,0.009894,0,0,0,0,0,0,3185241154,2.499316053908295,NaN,0,-10.356554761569802,-1.135285354443272,0,0,0,0
2024-06-29T11:00:00+07:00,0.009894,0.010161,0.009753,0.010115,0,0,0,0,0,0,3037690963,2.524893598782459,NaN,0,-8.81096331425256,-5.598268641825888,0,0,0,0
2024-06-29T15:00:00+07:00,0.010116,0.010304,0.010047,0.010243,0,0,0,0,0,0,2808376461,2.8459064998043395,NaN,0,-3.9129571500319615,-6.334792690911953,0,0,0,0
2024-06-29T19:00:00+07:00,0.010244,0.010298,0.009768,0.009932,0,0,0,0,0,0,3966328855,2.124573352093904,NaN,0,-2.729502325381592,-5.511508557719906,0,0,0,0
2024-06-29T23:00:00+07:00,0.009932,0.009949,0.00967,0.009703,0,0,0,0,0,0,1822610624,1.1243441062128667,NaN,0,-4.233404433489526,-4.786825620609653,0,0,0,0
2024-06-30T03:00:00+07:00,0.009703,0.009722,0.00931,0.009443,0,0,0,0,0,0,2372836366,NaN,-0.5920407069450704,0,-7.6495641715908445,-5.333788212158239,0,0,0,0
2024-06-30T07:00:00+07:00,0.009443,0.009524,0.009311,0.009486,0,0,0,0,0,0,2210460967,NaN,-2.185826604877441,0,-10.120203487893988,-6.884763281806469,0,0,0,0
2024-06-30T11:00:00+07:00,0.009485,0.009637,0.009307,0.009527,0,0,0,0,0,0,2570286263,NaN,-3.624622840436942,0,-11.576780353405601,-8.833981295049144,0,0,0,0
2024-06-30T15:00:00+07:00,0.009528,0.009899,0.009524,0.009716,0,0,0,0,0,0,3138867458,NaN,-4.234897801433807,0,-10.159726312560485,-9.799926414451868,0,0,0,0
2024-06-30T19:00:00+07:00,0.009717,0.009789,0.009467,0.00974,0,0,0,0,0,0,2615614550,NaN,-4.9939968511048605,0,-7.248723216284355,-9.30018890261729,0,0,0,0
2024-06-30T23:00:00+07:00,0.00974,0.009919,0.009568,0.009801,0,0,0,0,0,0,2133662585,NaN,-5.343332168214587,0,-2.6184942360181367,-7.05602047850765,0,0,0,0
2024-07-01T03:00:00+07:00,0.009801,0.00998,0.009618,0.00989,0,0,1,0,0,0,2099129654,NaN,-5.502623246656196,0,3.7257852746388473,-3.0324968798838636,0,0,0,0
2024-07-01T07:00:00+07:00,0.009891,0.010239,0.009809,0.010089,0,0,0,0,0,0,3613885164,NaN,-4.997510730287782,0,12.600117544419557,3.026071557831305,0,0,0,0
2024-07-01T11:00:00+07:00,0.010089,0.010224,0.009916,0.010008,0,0,0,0,0,0,2243069617,NaN,-4.528477679374255,0,16.810654460961292,8.876359107872041,0,0,0,0
2024-07-01T15:00:00+07:00,0.010009,0.010014,0.009612,0.009664,0,0,0,0,0,0,2572382841,NaN,-5.277056885938329,0,12.89795891060741,11.624389422893364,0,0,0,0
2024-07-01T19:00:00+07:00,0.009664,0.00991,0.009645,0.009825,0,0,0,0,0,0,2826093547,NaN,-5.972166149176395,0,12.213603503706521,12.801189127154938,0,0,0,0
2024-07-01T23:00:00+07:00,0.009825,0.010079,0.009739,0.010021,0,0,0,0,0,0,2363061347,NaN,-6.116986975367752,0,15.127645643661536,13.960529695419874,0,0,0,0
2024-07-02T03:00:00+07:00,0.010021,0.01008,0.00977,0.0098,0,0,0,0,0,0,1647452558,NaN,-6.248523110370314,0,12.498130637346122,13.483241236978163,0,0,0,0
2024-07-02T07:00:00+07:00,0.0098,0.0103,0.009721,0.010219,0,0,0,0,0,0,3198148598,NaN,-5.747588105272598,0,15.210062677316486,13.916729252331466,0,0,0,0
2024-07-02T11:00:00+07:00,0.010219,0.010295,0.009768,0.009794,0,0,0,0,0,0,3686573488,NaN,-5.282434171967569,0,11.10236426351627,13.08769058199435,0,0,0,0
2024-07-02T15:00:00+07:00,0.009795,0.009834,0.009631,0.00977,0,0,0,0,0,0,2889267024,NaN,-5.484546213373623,0,7.609168888941148,11.213959763271605,0,0,0,0
2024-07-02T19:00:00+07:00,0.00977,0.010025,0.009422,0.009486,0,0,0,0,0,0,6017525229,NaN,-6.539765980425997,0,0.06898957491573096,7.133798147524743,0,0,0,0
2024-07-02T23:00:00+07:00,0.009486,0.009668,0.009371,0.009527,0,0,0,1,0,0,2311962540,NaN,-7.718475414144592,0,-6.624138711001815,1.8265041743884212,0,0,0,0
2024-07-03T03:00:00+07:00,0.009528,0.009738,0.009474,0.009678,0,0,0,0,0,0,1377104479,NaN,-8.548252561696973,0,-9.437963945481444,-3.1439135870179147,0,0,0,0
2024-07-03T07:00:00+07:00,0.009679,0.009881,0.009217,0.009464,0,0,0,0,0,0,4044249132,NaN,-9.14656681031647,0,-14.05547491192425,-8.010299895718656,0,0,0,0
2024-07-03T11:00:00+07:00,0.009465,0.00948,0.009161,0.009218,0,0,0,0,0,0,2390315724,NaN,-9.507721823860166,0,-20.62328237479397,-13.388766080346606,0,0,0,0
2024-07-03T15:00:00+07:00,0.009217,0.009327,0.008932,0.009071,0,0,0,0,0,0,4106969315,NaN,-9.108070406375093,0,-27.099892301037148,-19.043938822806602,0,0,0,0
2024-07-03T19:00:00+07:00,0.009072,0.009128,0.008848,0.008966,0,0,0,0,0,0,4069228816,NaN,-8.491304115663883,0,-33.54847759014511,-25.037381203239068,0,0,0,0
2024-07-03T23:00:00+07:00,0.008966,0.00906,0.008681,0.008726,0,0,0,0,0,0,2831648160,NaN,-7.458482586235515,0,-40.349446594368025,-31.502857326469613,0,0,0,0
2024-07-04T03:00:00+07:00,0.008727,0.008777,0.008625,0.00868,0,0,0,0,0,0,1846166991,NaN,-6.352002588073049,0,-46.60993292309606,-37.994396716017064,0,0,0,0
2024-07-04T07:00:00+07:00,0.008681,0.008851,0.008247,0.008577,0,0,0,0,0,0,6922607582,NaN,-4.4705132216347465,0,-52.198417976016074,-44.178467255793066,0,0,0,0
2024-07-04T11:00:00+07:00,0.008576,0.008624,0.008328,0.008416,0,0,0,0,0,0,2126101878,NaN,-2.7234159527991864,0,-56.95321622938148,-49.84246150660941,0,0,0,0
2024-07-04T15:00:00+07:00,0.008414,0.00856,0.008146,0.0084,0,0,0,0,0,0,3437245727,NaN,-0.7448734655677569,0,-60.13751466903444,-54.57766697542044,0,0,0,0
2024-07-04T19:00:00+07:00,0.008399,0.008407,0.008008,0.008221,0,0,0,0,0,0,4991421122,1.338631879464046,NaN,0,-63.46809677289319,-58.650464006925084,0,0,0,0
2024-07-04T23:00:00+07:00,0.008221,0.008221,0.007971,0.008051,0,0,0,0,0,0,2428747018,3.3382347854834613,NaN,0,-66.75825946712311,-62.27873859127138,0,0,0,0
2024-07-05T03:00:00+07:00,0.008052,0.008136,0.00729,0.007386,0,0,0,0,0,0,6434420256,6.104788172030233,NaN,0,-70.83791611321003,-65.9236769547115,0,0,0,0
2024-07-05T07:00:00+07:00,0.007386,0.007412,0.006273,0.006708,0,0,0,0,0,0,18349911223,9.40209408098724,NaN,0,-74.91108901861367,-69.68370641080656,0,0,0,0
2024-07-05T11:00:00+07:00,0.006707,0.007161,0.006576,0.006931,0,0,0,0,0,0,8545401548,12.463878139304455,NaN,0,-72.94874231413937,-71.5924287794614,0,0,0,0
2024-07-05T15:00:00+07:00,0.006932,0.007093,0.00673,0.007063,0,0,0,0,0,0,5845391489,15.30696333631331,NaN,0,-65.29457804185188,-70.09568121434674,0,0,0,0
2024-07-05T19:00:00+07:00,0.007063,0.007461,0.006925,0.007423,0,0,0,0,0,0,6996433867,16.39250823283404,NaN,0,-51.84499936370154,-63.99397533858472,0,0,0,0
2024-07-05T23:00:00+07:00,0.007422,0.0075,0.007213,0.007344,0,0,0,0,0,0,4018224072,17.24703338859591,NaN,0,-40.583916720043824,-55.13279258849822,0,0,0,0
2024-07-06T03:00:00+07:00,0.007345,0.00738,0.007218,0.007252,0,0,0,0,0,0,1662426947,18.04052103323194,NaN,0,-32.12140679314787,-45.46770648899083,0,0,0,0
2024-07-06T07:00:00+07:00,0.007251,0.00765,0.007159,0.007254,0,0,0,0,0,0,4690667600,17.683406707655905,NaN,0,-26.403855815104528,-36.749415545166705,0,0,0,0
2024-07-06T11:00:00+07:00,0.007253,0.007469,0.007122,0.007431,0,0,0,0,0,0,2860687159,17.41607828483584,NaN,0,-19.921490772768433,-28.97332868716621,0,0,0,0
2024-07-06T15:00:00+07:00,0.00743,0.007451,0.007219,0.007324,0,0,0,0,0,0,3083969444,17.16784474936007,NaN,0,-17.42232073865281,-23.38905763573273,0,0,0,0
2024-07-06T19:00:00+07:00,0.007326,0.007457,0.007185,0.007376,0,0,0,0,0,0,3395357027,17.003820873715178,NaN,0,-14.670030829600043,-19.182201856284912,0,0,0,0
2024-07-06T23:00:00+07:00,0.007377,0.007722,0.007315,0.00767,0,0,0,0,0,0,3864921523,15.718262819514713,NaN,0,-8.267371288804439,-14.568718622601478,0,0,0,0
2024-07-07T03:00:00+07:00,0.007671,0.00789,0.007665,0.007772,0,0,0,0,0,0,2606945866,13.8878906273643,NaN,0,-1.1736618868032178,-9.180934621873867,0,0,0,0
2024-07-07T07:00:00+07:00,0.007772,0.007787,0.007454,0.007644,1,0,1,0,0,0,3355427674,12.725612740993228,NaN,0,2.586452877134404,-4.221791961720471,1,0,0,0
2024-07-07T11:00:00+07:00,0.007644,0.007661,0.007294,0.007392,0,0,0,0,0,0,3439546307,12.019305642003033,NaN,0,1.1730379127260864,-1.2343171996967015,0,0,0,0
2024-07-07T15:00:00+07:00,0.007393,0.007804,0.00738,0.007749,0,0,0,0,0,0,3032587594,10.806606099537113,NaN,0,4.2317597083151375,1.5330409174314916,0,0,0,0
2024-07-07T19:00:00+07:00,0.00775,0.008077,0.007368,0.007488,0,0,0,0,0,0,8176068072,8.725271035951081,NaN,0,0.8011374062043204,1.8967388979950668,0,0,0,0
2024-07-07T23:00:00+07:00,0.007489,0.007754,0.007418,0.007633,0,1,0,1,0,0,3539567570,6.792602762621197,NaN,0,-1.0028281080904133,1.0545477941264803,0,1,0,0
2024-07-08T03:00:00+07:00,0.007634,0.007646,0.007128,0.007219,0,0,0,0,0,0,3533428413,5.802558773101396,NaN,0,-6.666724487254766,-1.6869976880444106,0,0,0,0
2024-07-08T07:00:00+07:00,0.007219,0.007389,0.006832,0.007272,0,0,0,0,0,0,7343061649,5.569808534724778,NaN,0,-9.203515209678025,-4.657261586730444,0,0,0,0
2024-07-08T11:00:00+07:00,0.007272,0.007572,0.007244,0.007433,0,0,0,0,0,0,3981759408,4.694648720564693,NaN,0,-8.078619911579695,-6.560790177890092,0,0,0,0
2024-07-08T15:00:00+07:00,0.007434,0.007836,0.007401,0.007646,0,0,0,0,0,0,5616756868,3.02815518946964,NaN,0,-2.846562144300763,-5.899607538630442,0,0,0,0
2024-07-08T19:00:00+07:00,0.007645,0.007931,0.007384,0.00769,0,0,1,0,0,0,7523213494,1.1944449770033998,NaN,0,2.7386270641615877,-3.133515193183001,0,0,0,0
2024-07-08T23:00:00+07:00,0.007691,0.0078,0.007553,0.007698,0,0,0,0,0,0,2619111974,NaN,-0.5082859345723989,0,8.501516819871899,1.3041100593510757,0,0,0,0
2024-07-09T03:00:00+07:00,0.007698,0.007761,0.007583,0.007621,0,0,0,0,0,0,1612729821,NaN,-2.0893932096070635,0,10.221427174899256,5.303822676419161,0,0,0,0
2024-07-09T07:00:00+07:00,0.007621,0.008078,0.007554,0.008076,0,0,0,0,0,0,4774627502,NaN,-2.9019288296770718,0,17.43499614262041,10.413062123755813,0,0,0,0
2024-07-09T11:00:00+07:00,0.008075,0.008171,0.007843,0.007891,0,0,0,0,0,0,4024456391,NaN,-3.3966215118647014,0,18.660929701513886,14.23003835377695,0,0,0,0
2024-07-09T15:00:00+07:00,0.00789,0.007964,0.007493,0.007578,0,0,0,0,0,0,4421398275,NaN,-4.84840640401238,0,13.343100095307282,14.840571925341575,0,0,0,0
2024-07-09T19:00:00+07:00,0.007579,0.007771,0.00748,0.007654,0,0,0,0,0,0,5026960235,NaN,-6.15643267688311,0,9.749398247045805,13.546240012075991,0,0,0,0
2024-07-09T23:00:00+07:00,0.007655,0.007721,0.007565,0.007636,0,0,0,0,0,0,1912775681,NaN,-7.371028501691647,0,6.308075069735641,11.02160827789543,0,0,0,0
2024-07-10T03:00:00+07:00,0.007635,0.007709,0.007531,0.00763,0,0,0,0,0,0,1589085646,NaN,-8.380094280612905,0,3.5029049715105383,7.822809984650742,0,0,0,0
2024-07-10T07:00:00+07:00,0.00763,0.007764,0.007503,0.007729,0,0,0,0,0,0,2108254249,NaN,-9.529001570476717,0,4.338706797352064,5.831418378093885,0,0,0,0
2024-07-10T11:00:00+07:00,0.007729,0.007985,0.007702,0.007817,0,0,0,0,0,0,3886700820,NaN,-9.87985703319955,0,6.963085241867236,5.669634446652876,0,0,0,0
2024-07-10T15:00:00+07:00,0.007816,0.007826,0.007632,0.007734,0,0,0,0,0,0,2209464663,NaN,-10.492127240408067,0,7.797037918974193,6.211169064476854,0,0,0,0
2024-07-10T19:00:00+07:00,0.007735,0.007859,0.007604,0.007805,0,0,0,0,0,0,3540666518,NaN,-10.939950419606035,0,12.135823523233844,8.329122905592158,0,0,0,0
2024-07-10T23:00:00+07:00,0.007808,0.007925,0.007738,0.007826,0,0,0,0,0,0,1712881033,NaN,-11.110060964267538,0,16.04657354166109,11.362143522616662,0,0,0,0
2024-07-11T03:00:00+07:00,0.007825,0.007892,0.007761,0.007879,0,0,0,0,0,0,996061641,NaN,-11.268020755738933,0,20.368268099846293,14.999484421026198,0,0,0,0
2024-07-11T07:00:00+07:00,0.00788,0.008048,0.007766,0.007868,0,0,0,0,0,0,3084492887,NaN,-10.826775214000559,0,21.908083409343615,18.081459669101893,0,0,0,0
2024-07-11T11:00:00+07:00,0.007867,0.007949,0.00776,0.007903,0,0,0,0,0,0,1396629132,NaN,-10.449981258072288,0,23.90221851187568,20.831813406856515,0,0,0,0
2024-07-11T15:00:00+07:00,0.007904,0.007931,0.007813,0.007882,0,0,0,0,0,0,1300430262,NaN,-10.100101156138894,0,24.7134322631755,22.778893022184313,0,0,0,0
2024-07-11T19:00:00+07:00,0.007882,0.00803,0.007568,0.007629,0,0,0,0,0,0,3968060198,NaN,-11.089537653617132,0,14.66169867766618,20.53688752634623,0,0,0,0
2024-07-11T23:00:00+07:00,0.007629,0.007691,0.007517,0.007551,0,0,0,0,0,0,1551827587,NaN,-11.917052497153483,0,2.8115764719194707,14.437166286192236,0,0,0,0
2024-07-12T03:00:00+07:00,0.007551,0.007557,0.007006,0.007309,0,0,0,1,0,0,4473547936,NaN,-10.837955059224042,0,-10.909794900728498,4.934100697017375,0,0,0,0
2024-07-12T07:00:00+07:00,0.007308,0.007442,0.007242,0.007371,0,0,0,0,0,0,2358759343,NaN,-9.83593600971813,0,-18.431105723976355,-4.888209945901966,0,0,0,0
2024-07-12T11:00:00+07:00,0.00737,0.007429,0.007264,0.007353,0,0,0,0,0,0,1713254122,NaN,-8.905489749462642,0,-24.09456837916482,-13.776119858160659,0,0,0,0
2024-07-12T15:00:00+07:00,0.007352,0.007377,0.007203,0.007254,0,0,0,0,0,0,1467770431,NaN,-7.846684464623678,0,-30.49824405976734,-21.54472162113084,0,0,0,0
2024-07-12T19:00:00+07:00,0.007255,0.007492,0.007238,0.007468,0,0,0,0,0,0,2232940503,NaN,-7.532990601988061,0,-25.82279668207379,-24.7441780757076,0,0,0,0
2024-07-12T23:00:00+07:00,0.007466,0.007556,0.007358,0.007366,0,0,0,0,0,0,1570192342,NaN,-7.598892961127408,0,-23.663739456384665,-25.314990578121765,0,0,0,0
2024-07-13T03:00:00+07:00,0.007367,0.007468,0.007274,0.007456,0,0,0,0,0,0,848662343,NaN,-7.332481472376834,0,-19.62996366489193,-23.69094817966128,0,0,0,0
2024-07-13T07:00:00+07:00,0.007456,0.007572,0.007437,0.007492,0,0,0,0,0,0,1280350898,NaN,-7.6758156889791636,0,-14.494433446952533,-20.275138512493285,0,0,0,0
2024-07-13T11:00:00+07:00,0.007491,0.00761,0.007425,0.007545,0,0,0,0,0,0,1321558051,NaN,-8.205532061739369,0,-7.954952386456353,-15.31951082064072,0,0,0,0
2024-07-13T15:00:00+07:00,0.007545,0.007614,0.007502,0.007583,0,0,1,0,0,0,1375222314,NaN,-8.720625584419238,0,0.12211716626545258,-9.174412722768286,0,0,0,0
2024-07-13T19:00:00+07:00,0.007582,0.007612,0.007457,0.007541,0,0,0,0,0,0,1537867609,NaN,-8.97555876689227,0,4.570082089027311,-3.276320573864512,0,0,0,0
2024-07-13T23:00:00+07:00,0.007542,0.00761,0.00747,0.00749,0,0,0,0,0,0,1183020739,NaN,-9.212282436331515,0,3.1792701954399063,0.2759128408159931,0,0,0,0
2024-07-14T03:00:00+07:00,0.007491,0.007709,0.007401,0.007565,0,0,0,0,0,0,1789464024,NaN,-10.084927730371568,0,4.7480744907001355,2.8304654298944523,0,0,0,0
2024-07-14T07:00:00+07:00,0.007565,0.00784,0.007561,0.007677,0,0,0,0,0,0,1994706915,NaN,-10.639030197127116,0,9.038574082524084,5.532350687070717,0,0,0,0
2024-07-14T11:00:00+07:00,0.007676,0.007906,0.00767,0.007842,0,0,0,0,0,0,1784933086,NaN,-10.800676891204933,0,16.250498180494024,9.505308878971599,0,0,0,0
2024-07-14T15:00:00+07:00,0.007841,0.007962,0.007761,0.00777,0,0,0,0,0,0,2009431222,NaN,-10.659647951434273,0,16.69427536119767,12.550967396825124,0,0,0,0
2024-07-14T19:00:00+07:00,0.00777,0.007797,0.007602,0.007775,0,0,0,0,0,0,1854466913,NaN,-11.559095240848977,0,17.870371960752212,15.18037856305214,0,0,0,0
2024-07-14T23:00:00+07:00,0.007775,0.007807,0.00773,0.00776,0,0,0,0,0,0,696205243,NaN,-12.33576470333694,0,18.934326170793245,17.185034348272016,0,0,0,0
2024-07-15T03:00:00+07:00,0.007759,0.00806,0.007754,0.007956,0,0,0,0,0,0,1920168267,NaN,-11.768325075065192,0,24.164020317728784,19.987171403797525,0,0,0,0
2024-07-15T07:00:00+07:00,0.007955,0.008266,0.007868,0.008181,0,0,0,0,0,0,3416642425,NaN,-10.449298693395143,0,31.87570102824729,24.35150561381556,0,0,0,0
2024-07-15T11:00:00+07:00,0.008181,0.008214,0.008037,0.008153,0,0,0,0,0,0,1913367063,NaN,-9.224488481844384,0,37.92983873819007,29.69220553729764,0,0,0,0
2024-07-15T15:00:00+07:00,0.008154,0.008195,0.007923,0.008003,0,0,0,0,0,0,2284293962,NaN,-8.861117826094038,0,34.75178088706873,32.557848618606435,0,0,0,0
2024-07-15T19:00:00+07:00,0.008002,0.008481,0.007982,0.008437,0,0,0,0,0,0,4628935354,NaN,-7.495709346547436,0,37.43685906435901,35.19309049725757,0,0,0,0
2024-07-15T23:00:00+07:00,0.008437,0.008715,0.008372,0.008591,0,0,0,0,0,0,4227659747,NaN,-5.589119042648711,0,41.54183706280664,37.96315618248686,0,0,0,0
2024-07-16T03:00:00+07:00,0.008592,0.009083,0.008562,0.008998,0,0,0,0,0,0,3471856836,NaN,-3.0631149049699893,0,47.02828853047016,41.40351790726546,0,0,0,0
2024-07-16T07:00:00+07:00,0.008997,0.009506,0.008886,0.009158,0,0,0,0,0,0,6458886501,NaN,-0.10357979329852895,0,52.014917833343134,45.4959168995202,0,0,0,0
2024-07-16T11:00:00+07:00,0.00916,0.009308,0.008671,0.00872,0,0,0,0,0,0,6239318188,1.5449598103887254,NaN,0,47.91639435102934,47.28313612466013,0,0,0,0
2024-07-16T15:00:00+07:00,0.008721,0.008976,0.008521,0.008916,0,0,0,0,0,0,4766179581,2.3768993996916343,NaN,0,46.65307366038855,47.77160755532243,0,0,0,0
2024-07-16T19:00:00+07:00,0.008915,0.009192,0.008735,0.009168,1,0,0,0,1,0,4651448227,3.559987595536345,NaN,0,48.36397372367473,48.21596470067815,1,0,1,0
2024-07-16T23:00:00+07:00,0.009168,0.009294,0.008945,0.009137,0,0,0,0,0,0,4654705319,4.8393955100064545,NaN,0,49.05802979365348,48.436864758635586,0,0,0,0
2024-07-17T03:00:00+07:00,0.009135,0.009243,0.009011,0.009175,0,0,0,0,0,0,1620014323,6.027417144871549,NaN,0,49.791475891256745,48.76693076491521,0,0,0,0
2024-07-17T07:00:00+07:00,0.009176,0.009494,0.009016,0.009158,0,0,0,0,0,0,3367708968,7.567083981827402,NaN,0,48.821225490208704,48.921809433651255,0,0,0,0
2024-07-17T11:00:00+07:00,0.009159,0.009207,0.009044,0.009113,0,0,0,0,0,0,1750040625,8.996774616143547,NaN,0,46.76031803722088,48.32939687544607,0,0,0,0
2024-07-17T15:00:00+07:00,0.009114,0.009146,0.008778,0.008869,0,0,0,0,0,0,3415424520,8.983242451155384,NaN,0,39.74492078479637,45.39136894131057,0,0,0,0
2024-07-17T19:00:00+07:00,0.008869,0.008999,0.008784,0.008842,0,0,0,0,0,0,2339886884,8.970676869380654,NaN,0,31.832476648826226,40.39046315777689,0,0,0,0
2024-07-17T23:00:00+07:00,0.008842,0.00888,0.008556,0.008762,0,0,0,0,0,0,2946973543,7.917312578695324,NaN,0,23.578049630436436,33.78645191110177,0,0,0,0
2024-07-18T03:00:00+07:00,0.008763,0.008813,0.008681,0.008715,0,0,0,0,0,0,1238656225,6.939188594487522,NaN,0,16.298258395680666,26.503405336896094,0,0,0,0
2024-07-18T07:00:00+07:00,0.008715,0.008986,0.008715,0.00889,0,0,0,0,0,0,1994646932,6.535883709069079,NaN,0,13.471491702673827,20.44630100465666,0,0,0,0
2024-07-18T11:00:00+07:00,0.008891,0.008892,0.008654,0.008662,0,0,0,0,0,0,1860736766,5.871240847858893,NaN,0,7.357701357340204,14.570521646275829,0,0,0,0
2024-07-18T15:00:00+07:00,0.008662,0.008975,0.008611,0.008932,0,0,0,0,0,0,2452745889,5.504093353516108,NaN,0,7.599329819107466,10.934433070314492,0,0,0,0
2024-07-18T19:00:00+07:00,0.008931,0.009077,0.008552,0.008577,0,0,0,0,0,0,3557492217,5.461402582287562,NaN,0,2.7734372309178954,7.305256753604552,0,0,0,0
2024-07-18T23:00:00+07:00,0.008576,0.00867,0.00835,0.00842,0,0,0,1,0,0,2876722102,4.4283348908040026,NaN,0,-3.8369809590970685,2.859581866857525,0,0,0,0
2024-07-19T03:00:00+07:00,0.008424,0.008706,0.008398,0.008618,0,0,0,0,0,0,1102134859,3.5898654665953096,NaN,0,-7.7116949476941254,-1.5353150591033389,0,0,0,0
2024-07-19T07:00:00+07:00,0.008618,0.008702,0.008343,0.008678,0,0,0,0,0,0,1767196462,2.5417379718464588,NaN,0,-8.708232478933173,-4.850178718786021,0,0,0,0
2024-07-19T11:00:00+07:00,0.008678,0.009324,0.008578,0.008994,0,0,0,0,0,0,5532801238,3.2953361574798734,NaN,0,-4.7289668017205,-5.76755823031292,0,0,0,0
2024-07-19T15:00:00+07:00,0.008993,0.009228,0.008806,0.008977,0,0,0,0,0,0,4979935885,3.9951059012823293,NaN,0,-1.2854362714572898,-4.715207790363552,0,0,0,0
2024-07-19T19:00:00+07:00,0.008977,0.009285,0.008879,0.009263,1,0,1,0,1,0,5258884211,4.773054777792083,NaN,0,7.53142846040174,-0.4533108729694954,1,0,1,0
2024-07-19T23:00:00+07:00,0.009264,0.009644,0.009178,0.009525,0,0,0,0,0,0,5140800682,6.200858768220353,NaN,0,18.875223130524553,6.831956973165578,0,0,0,0
2024-07-20T03:00:00+07:00,0.009525,0.00954,0.00932,0.009374,0,0,0,0,0,0,1923868561,7.526676759332311,NaN,0,24.834347546612552,14.33113841944874,0,0,0,0
2024-07-20T07:00:00+07:00,0.009373,0.009485,0.009142,0.009389,0,0,0,0,0,0,2647134967,7.83443607006614,NaN,0,29.496835280153526,21.148310441875847,0,0,0,0
2024-07-20T11:00:00+07:00,0.009389,0.009583,0.009354,0.009403,0,0,0,0,0,0,1993531081,8.339875136101064,NaN,0,32.283758705318554,26.61273680056636,0,0,0,0
2024-07-20T15:00:00+07:00,0.009403,0.009432,0.009114,0.009188,0,0,0,0,0,0,2593949739,7.672010120629615,NaN,0,28.20900643850852,28.480966071868473,0,0,0,0
2024-07-20T19:00:00+07:00,0.009188,0.00934,0.00902,0.009321,0,0,0,0,0,0,2870335528,6.646234963272175,NaN,0,27.064144710665765,28.589069568682547,0,0,0,0
2024-07-20T23:00:00+07:00,0.00932,0.009594,0.00931,0.009342,0,0,0,0,0,0,3980684678,6.379922287760664,NaN,0,24.821568843970674,27.403719671255505,0,0,0,0
2024-07-21T03:00:00+07:00,0.009342,0.009392,0.00921,0.009279,0,0,0,0,0,0,1224557031,5.698687928192399,NaN,0,20.65782654773045,24.83130758859119,0,0,0,0
2024-07-21T07:00:00+07:00,0.00928,0.00949,0.009159,0.0092,0,0,0,0,0,0,2211005531,5.332579770505852,NaN,0,14.463063205664467,20.78324164073308,0,0,0,0
2024-07-21T11:00:00+07:00,0.009201,0.009259,0.009019,0.00905,0,0,0,0,0,0,1925251038,4.379027301289501,NaN,0,5.777695974199452,15.02809964903024,0,0,0,0
2024-07-21T15:00:00+07:00,0.00905,0.009209,0.009029,0.009098,0,0,0,1,0,0,1449379504,3.4935857227314564,NaN,0,-0.7544061136383975,8.591010992335388,0,0,0,0
2024-07-21T19:00:00+07:00,0.009098,0.00922,0.008949,0.009123,0,0,0,0,0,0,2518753194,2.3089947910680095,NaN,0,-4.18192337825677,2.8659866357213533,0,0,0,0
2024-07-21T23:00:00+07:00,0.009123,0.009242,0.008747,0.009107,0,0,0,0,0,0,3927898790,0.36576651101728075,NaN,0,-5.632260262158563,-1.4089172007114477,0,0,0,0
2024-07-22T03:00:00+07:00,0.009106,0.009766,0.009098,0.009581,0,0,1,0,0,0,4015681729,0.18552094151425536,NaN,0,0.5511278887941903,-1.8700191995007303,0,0,0,0
2024-07-22T07:00:00+07:00,0.009581,0.009611,0.009302,0.009385,0,0,0,0,0,0,2697809370,0.018150055547160093,NaN,0,1.9677165320551222,-0.9314626294116836,0,0,0,0
2024-07-22T11:00:00+07:00,0.009385,0.009418,0.009008,0.00905,0,0,0,1,0,0,2364448363,NaN,-1.269231965204316,0,-1.1275715023074468,-0.7706701079672048,0,0,0,0
2024-07-22T15:00:00+07:00,0.00905,0.0093,0.008982,0.009256,0,0,1,0,0,0,2384756298,NaN,-2.557416987118504,0,0.19091875505026326,-0.14550314149221907,0,0,0,0
2024-07-22T19:00:00+07:00,0.009256,0.009476,0.00912,0.009271,0,0,0,0,0,0,4142931153,NaN,-3.2060365064813148,0,1.3281121962504554,0.567205496495695,0,0,0,0
2024-07-22T23:00:00+07:00,0.00927,0.009382,0.009157,0.00936,0,0,0,0,0,0,1999466400,NaN,-3.8083260601753537,0,4.714316440871888,1.9446240521301519,0,0,0,0
2024-07-23T03:00:00+07:00,0.009361,0.009369,0.00885,0.008944,0,0,0,0,0,0,2477317885,NaN,-5.132929811562246,0,1.4915341926048602,1.97023595487042,0,0,0,0
2024-07-23T07:00:00+07:00,0.008944,0.009091,0.008922,0.008968,0,0,0,1,0,0,1912032392,NaN,-6.362919009278649,0,-2.0892131831027436,0.8340108883381705,0,0,0,0
2024-07-23T11:00:00+07:00,0.008967,0.008969,0.008549,0.008633,0,0,0,0,0,0,3648468585,NaN,-6.350951244757553,0,-9.785649312799348,-2.8035834427065938,0,0,0,0
2024-07-23T15:00:00+07:00,0.008633,0.008916,0.008598,0.008681,0,0,0,0,0,0,2928572180,NaN,-6.3398383205593944,0,-16.234841656977803,-7.925804017287536,0,0,0,0
2024-07-23T19:00:00+07:00,0.008682,0.008784,0.008456,0.008593,0,0,0,0,0,0,3949521851,NaN,-5.933548227031739,0,-24.008886853867807,-14.468509400616595,0,0,0,0
2024-07-23T23:00:00+07:00,0.008593,0.008613,0.008242,0.008396,0,0,0,0,0,0,3226792592,NaN,-5.017237113485709,0,-32.68255931028101,-21.987558716434076,0,0,0,0
2024-07-24T03:00:00+07:00,0.008395,0.008557,0.008364,0.008475,0,0,0,0,0,0,1559206454,NaN,-4.1663767937643925,0,-37.00836384436911,-28.670269976755197,0,0,0,0
2024-07-24T07:00:00+07:00,0.008474,0.008593,0.008407,0.008535,0,0,0,0,0,0,1407174365,NaN,-3.5561453309422753,0,-36.497991457958584,-32.85491373085505,0,0,0,0
2024-07-24T11:00:00+07:00,0.008534,0.008675,0.008373,0.008669,0,0,0,0,0,0,1522288312,NaN,-3.4028987246709015,0,-30.848019431701122,-33.375410666525134,0,0,0,0
2024-07-24T15:00:00+07:00,0.008669,0.008798,0.008631,0.008704,0,0,0,0,0,0,1996385181,NaN,-3.85552876674625,0,-23.764595595938665,-30.560554471959517,0,0,0,0
2024-07-24T19:00:00+07:00,0.008706,0.008928,0.008637,0.008668,0,0,0,0,0,0,2987239476,NaN,-4.862358157198951,0,-20.66811084296038,-26.729822776929748,0,0,0,0
2024-07-24T23:00:00+07:00,0.008669,0.008912,0.008572,0.008684,0,0,0,0,0,0,2829777098,NaN,-5.551985862652842,0,-18.65231527495134,-23.02812245705167,0,0,0,0
2024-07-25T03:00:00+07:00,0.008684,0.00875,0.008441,0.008534,0,0,0,0,0,0,1982398070,NaN,-5.717710518614798,0,-20.43018951482745,-21.14278345509348,0,0,0,0
2024-07-25T07:00:00+07:00,0.008534,0.008686,0.00787,0.007961,0,0,0,0,0,0,8089381424,NaN,-4.34197198448852,0,-27.86091871555243,-22.805540982919027,0,0,0,0
2024-07-25T11:00:00+07:00,0.007962,0.008089,0.007868,0.007896,0,0,0,0,0,0,2282984853,NaN,-3.0602257839410356,0,-36.40613266809795,-27.515843209336325,0,0,0,0
2024-07-25T15:00:00+07:00,0.007897,0.008058,0.007876,0.007943,0,0,0,0,0,0,2082100468,NaN,-1.8700328834326605,0,-43.322748579846966,-33.68891493485934,0,0,0,0
2024-07-25T19:00:00+07:00,0.007943,0.008114,0.007713,0.008031,0,0,0,0,0,0,3902013711,NaN,-0.3952209335903305,0,-42.51056099518793,-38.08094828303691,0,0,0,0
2024-07-25T23:00:00+07:00,0.008032,0.008079,0.007602,0.007751,0,0,0,0,0,0,2962826311,1.208025404590007,NaN,0,-43.94367509100721,-41.360136615138465,0,0,0,0
2024-07-26T03:00:00+07:00,0.007752,0.008,0.007578,0.007991,0,0,0,0,0,0,2557633835,2.747334539650087,NaN,0,-38.129670773231005,-41.133757802902636,0,0,0,0
2024-07-26T07:00:00+07:00,0.007992,0.008399,0.007951,0.00818,0,0,0,0,0,0,5025577797,2.137812447180732,NaN,0,-27.853724705670544,-36.79748016430141,0,0,0,0
2024-07-26T11:00:00+07:00,0.008181,0.008359,0.008158,0.008307,0,0,0,0,0,0,1798671451,1.5718276470306165,NaN,0,-16.032590815349913,-29.090985093088474,0,0,0,0
2024-07-26T15:00:00+07:00,0.008306,0.008423,0.008253,0.008349,0,0,0,0,0,0,2142524267,0.7508705885618525,NaN,0,-5.306573083042584,-19.628494628739567,0,0,0,0
2024-07-26T19:00:00+07:00,0.008349,0.008532,0.008286,0.00846,0,0,1,0,0,0,2570906619,NaN,-0.5031673978801088,0,5.448584371267081,-9.06121754043045,0,0,0,0
2024-07-26T23:00:00+07:00,0.008459,0.008669,0.008426,0.008617,0,0,0,0,0,0,1757766922,NaN,-2.2465180999861722,0,15.758038756480124,1.6497270454647217,0,0,0,0
2024-07-27T03:00:00+07:00,0.008618,0.008679,0.008503,0.008635,0,0,0,0,0,0,850146558,NaN,-3.836340011231936,0,24.081976826413523,11.54280368602362,0,0,0,0
2024-07-27T07:00:00+07:00,0.008635,0.008855,0.008535,0.008711,0,0,0,0,0,0,2189709951,NaN,-4.602785416662304,0,30.894837643427017,20.244453830114743,0,0,0,0
2024-07-27T11:00:00+07:00,0.00871,0.008981,0.008695,0.008843,0,0,0,0,0,0,2565515819,NaN,-4.857101680577671,0,37.317242929228925,27.958410505554706,0,0,0,0
2024-07-27T15:00:00+07:00,0.008842,0.008943,0.008662,0.008703,0,0,0,0,0,0,1836894397,NaN,-5.258209785616678,0,36.518325756667394,32.56447372265606,0,0,0,0
2024-07-27T19:00:00+07:00,0.008704,0.008888,0.008456,0.008555,0,0,0,0,0,0,3426372426,NaN,-6.590190564396238,0,29.55920421860447,32.77951366804309,0,0,0,0
2024-07-27T23:00:00+07:00,0.008555,0.008586,0.008337,0.00847,0,0,0,0,0,0,2371704510,NaN,-7.492247684566351,0,20.61301971027532,29.09241441317877,0,0,0,0
2024-07-28T03:00:00+07:00,0.00847,0.008719,0.008292,0.008556,0,0,0,0,0,0,2877877199,NaN,-8.584052342238348,0,15.323387651896933,23.87336827993087,0,0,0,0
2024-07-28T07:00:00+07:00,0.008556,0.008633,0.008427,0.008492,0,0,0,0,0,0,1420749475,NaN,-9.597870952933777,0,9.454473293309421,17.736114026589142,0,0,0,0
2024-07-28T11:00:00+07:00,0.008491,0.008539,0.00831,0.008526,0,0,0,0,0,0,1396102291,NaN,-10.333532386070829,0,6.584755200939298,12.499805051518672,0,0,0,0
2024-07-28T15:00:00+07:00,0.008525,0.008912,0.008474,0.008763,0,0,0,0,0,0,3519215908,NaN,-10.263288581763486,0,9.801967486027456,10.331471541859461,0,0,0,0
2024-07-28T19:00:00+07:00,0.008763,0.009485,0.00875,0.009225,0,0,0,0,0,0,12696179433,NaN,-8.714551544239988,0,17.75728481557339,12.132059590887362,0,0,0,0
2024-07-28T23:00:00+07:00,0.009226,0.009235,0.00893,0.008961,0,0,0,0,0,0,6078813049,NaN,-7.276438580825314,0,17.57954278526932,14.063782622794037,0,0,0,0
2024-07-29T03:00:00+07:00,0.008962,0.008966,0.008631,0.008816,0,0,0,0,0,0,3691562625,NaN,-7.204741008846042,0,14.593821580282746,14.849854910813693,0,0,0,0
2024-07-29T07:00:00+07:00,0.008817,0.009399,0.008743,0.009345,0,0,0,0,0,0,8180159385,NaN,-6.161565152101797,0,17.072638685761966,16.11957634819487,0,0,0,0
2024-07-29T11:00:00+07:00,0.009345,0.010446,0.009317,0.010342,0,0,0,0,0,0,17531332314,NaN,-3.721999258033108,0,22.866668194750932,18.62144872291752,0,0,0,0
2024-07-29T15:00:00+07:00,0.010343,0.010667,0.010213,0.010555,0,0,0,0,0,0,17435177423,NaN,-1.2392394775804476,0,29.3800857085156,22.423480221646834,0,0,0,0
2024-07-29T19:00:00+07:00,0.010554,0.010801,0.010241,0.010412,0,0,0,0,0,0,21614877291,1.1935859583259116,NaN,0,30.948083413777333,25.973324229267238,0,0,0,0
2024-07-29T23:00:00+07:00,0.010412,0.010456,0.01,0.010135,0,0,0,0,0,0,13206117840,2.63133318233492,NaN,0,27.393700142367262,27.447137771183755,0,0,0,0
2024-07-30T03:00:00+07:00,0.010134,0.010241,0.009875,0.010187,0,0,0,0,0,0,6842786742,3.5576835984928152,NaN,0,25.910152512002693,27.573110198839778,0,0,0,0
2024-07-30T07:00:00+07:00,0.010186,0.010578,0.010086,0.010549,1,0,0,0,1,0,13925597821,4.850460684415232,NaN,0,28.088496483231673,27.83602969515608,1,0,1,0
2024-07-30T11:00:00+07:00,0.010549,0.010929,0.010268,0.010788,0,0,0,0,0,0,14602704095,6.441928719298822,NaN,0,31.239433522753064,28.801139652080796,0,0,0,0
2024-07-30T15:00:00+07:00,0.010789,0.011416,0.010713,0.011192,0,0,0,0,0,0,20441808867,8.374324716043695,NaN,0,35.74644497642015,31.144630239278708,0,0,0,0
2024-07-30T19:00:00+07:00,0.011192,0.011289,0.010853,0.011238,0,0,0,0,0,0,15773899766,10.168692427306794,NaN,0,40.615451061394005,34.791232083958384,0,0,0,0
2024-07-30T23:00:00+07:00,0.011239,0.01134,0.010636,0.010703,0,0,0,0,0,0,11208714309,11.107048889616905,NaN,0,39.41932853308966,37.15767635793485,0,0,0,0
2024-07-31T03:00:00+07:00,0.010703,0.010864,0.010512,0.010804,0,0,0,0,0,0,7466607680,11.575223339470945,NaN,0,38.87186914971799,38.441022436048264,0,0,0,0
2024-07-31T07:00:00+07:00,0.010802,0.011133,0.01056,0.010681,0,0,0,0,0,0,9172435638,12.344371110533523,NaN,0,35.24469085472581,37.79641757139854,0,0,0,0
2024-07-31T11:00:00+07:00,0.010681,0.01149,0.010604,0.011098,0,0,0,0,0,0,13500489478,13.451637815731047,NaN,0,33.677447793776835,36.36238119763431,0,0,0,0
2024-07-31T15:00:00+07:00,0.011098,0.011098,0.010229,0.010249,0,0,0,0,0,0,14710351652,13.325619152909226,NaN,0,25.747374587110134,32.422920233824065,0,0,0,0
2024-07-31T19:00:00+07:00,0.01025,0.010537,0.010218,0.010315,0,0,0,0,0,0,8113549058,13.17610422144331,NaN,0,18.844739155985962,27.17378589125803,0,0,0,0
2024-07-31T23:00:00+07:00,0.010316,0.010384,0.010036,0.010096,0,0,0,0,0,0,9848493115,12.492459745404439,NaN,0,10.602743739044488,20.548959034851745,0,0,0,0
2024-08-01T03:00:00+07:00,0.010094,0.010138,0.00985,0.00997,0,0,0,0,0,0,6408185849,11.324460135934174,NaN,0,3.2251786461267207,13.349552174851105,0,0,0,0
2024-08-01T07:00:00+07:00,0.00997,0.010172,0.009756,0.009767,0,0,0,1,0,0,6849614810,9.974915197130713,NaN,0,-4.779287222728525,5.616624172471986,0,0,0,0
2024-08-01T11:00:00+07:00,0.009768,0.009948,0.009518,0.009907,0,0,0,0,0,0,9359956510,8.075365865492522,NaN,0,-8.566839809044529,-0.8150390242454433,0,0,0,0
2024-08-01T15:00:00+07:00,0.009906,0.009989,0.00966,0.009864,0,0,0,0,0,0,5643911875,6.403741015123249,NaN,0,-10.899015306514807,-5.736479760375986,0,0,0,0
2024-08-01T19:00:00+07:00,0.009863,0.010226,0.00952,0.009634,0,0,0,0,0,0,11921640393,5.371978081510502,NaN,0,-15.036770058736632,-10.054255116413753,0,0,0,0
2024-08-01T23:00:00+07:00,0.009634,0.009733,0.00905,0.009403,0,0,0,0,0,0,11737250788,3.2189269050035705,NaN,0,-20.05045030524015,-14.333956301433952,0,0,0,0
2024-08-02T03:00:00+07:00,0.009403,0.009678,0.009306,0.009567,0,0,0,0,0,0,5356110047,1.219665098247141,NaN,0,-21.09346564725822,-17.40962067036905,0,0,0,0
2024-08-02T07:00:00+07:00,0.009566,0.009583,0.009144,0.009386,0,0,0,0,0,0,5299389150,NaN,-0.2413628004989583,0,-22.81653626747601,-19.97203001774143,0,0,0,0
2024-08-02T11:00:00+07:00,0.009386,0.009416,0.008888,0.009013,0,0,0,0,0,0,5864148036,NaN,-1.0172684260884601,0,-26.435037826366738,-22.790626787515286,0,0,0,0
2024-08-02T15:00:00+07:00,0.009013,0.009387,0.008977,0.009213,0,0,0,0,0,0,4998200348,NaN,-1.7377522212787113,0,-26.704577006439994,-24.6633351159901,0,0,0,0
2024-08-02T19:00:00+07:00,0.009213,0.009557,0.008541,0.008814,0,0,0,0,0,0,14332618151,NaN,-1.5112347192353148,0,-30.202745590832166,-26.924245842748753,0,0,0,0
2024-08-02T23:00:00+07:00,0.008815,0.008831,0.008424,0.008461,0,0,0,0,0,0,6379414164,NaN,-1.0887075726379258,0,-35.10925388153429,-30.143839647368637,0,0,0,0
2024-08-03T03:00:00+07:00,0.00846,0.008584,0.00825,0.008419,0,0,0,0,0,0,5481961121,NaN,-0.3900553565942211,0,-39.52584600943423,-33.90124494567011,0,0,0,0
2024-08-03T07:00:00+07:00,0.00842,0.008456,0.008025,0.008332,0,0,0,0,0,0,5877857757,0.6280881293407425,NaN,0,-43.47051757856131,-37.85958678421671,0,0,0,0
2024-08-03T11:00:00+07:00,0.008332,0.008443,0.008261,0.008285,0,0,0,0,0,0,2587164173,1.573507080566067,NaN,0,-46.6895742459862,-41.755248861758645,0,0,0,0
2024-08-03T15:00:00+07:00,0.008285,0.00836,0.008147,0.008236,0,0,0,0,0,0,4232156625,2.6427581993595446,NaN,0,-49.68437885978106,-45.31684599459579,0,0,0,0
2024-08-03T19:00:00+07:00,0.008236,0.008442,0.007933,0.007965,0,0,0,0,0,0,5514211187,3.97543515512508,NaN,0,-54.267827595908194,-49.10748382154539,0,0,0,0
2024-08-03T23:00:00+07:00,0.007965,0.008007,0.007361,0.007384,0,0,0,0,0,0,12152372880,5.940908024059567,NaN,0,-60.192454439464356,-53.595759015388765,0,0,0,0
2024-08-04T03:00:00+07:00,0.007384,0.007594,0.007323,0.007511,0,0,0,0,0,0,4868377920,7.807622690304292,NaN,0,-61.983990875651834,-57.30343912595931,0,0,0,0
2024-08-04T07:00:00+07:00,0.00751,0.007758,0.007452,0.007627,0,0,0,0,0,0,3618479893,8.883364931541315,NaN,0,-60.3807547190568,-59.24247563119213,0,0,0,0
2024-08-04T11:00:00+07:00,0.007627,0.007645,0.007412,0.007441,0,0,0,0,0,0,2950284717,9.938729391548456,NaN,0,-60.324129819128885,-60.24989180491093,0,0,0,0
2024-08-04T15:00:00+07:00,0.00744,0.007613,0.007343,0.007532,0,0,0,0,0,0,3414720325,11.019177511622473,NaN,0,-57.003999536967285,-59.441281153952694,0,0,0,0
2024-08-04T19:00:00+07:00,0.007532,0.00763,0.007093,0.007116,0,0,0,0,0,0,7335320095,12.366902269596345,NaN,0,-57.111002568590784,-58.48592671746501,0,0,0,0
2024-08-04T23:00:00+07:00,0.007117,0.007284,0.006705,0.007182,0,0,0,0,0,0,13005325163,14.066190674930553,NaN,0,-53.85343947397926,-56.65014804083172,0,0,0,0
2024-08-05T03:00:00+07:00,0.007182,0.007266,0.006972,0.006983,0,0,0,0,0,0,3640825771,15.644101337026619,NaN,0,-52.551326506021965,-54.92236846832417,0,0,0,0
2024-08-05T07:00:00+07:00,0.006984,0.00713,0.00591,0.00622,0,0,0,0,0,0,23272803462,17.958631500123488,NaN,0,-54.72206714713832,-54.44013099039107,0,0,0,0
2024-08-05T11:00:00+07:00,0.006219,0.00634,0.005365,0.005971,0,0,0,0,0,0,24680178676,20.386409171173355,NaN,0,-57.936456014949634,-55.40282731319444,0,0,0,0
2024-08-05T15:00:00+07:00,0.005971,0.00598,0.0052,0.005426,0,0,0,0,0,0,13434052809,22.71495755435216,NaN,0,-62.29170732973656,-57.7551103090613,0,0,0,0
2024-08-05T19:00:00+07:00,0.005425,0.00625,0.00525,0.006159,0,0,0,0,0,0,24094194791,23.942076695821804,NaN,0,-56.704460152789046,-57.89959726186926,0,0,0,0
2024-08-05T23:00:00+07:00,0.006158,0.006375,0.005978,0.006051,0,0,0,0,0,0,9227060687,24.664895658340185,NaN,0,-52.05713488985334,-56.30490774844468,0,0,0,0
2024-08-06T03:00:00+07:00,0.006052,0.006191,0.005981,0.005989,0,0,0,0,0,0,4410059855,25.33608469496439,NaN,0,-49.24453850776562,-53.805632215402085,0,0,0,0
2024-08-06T07:00:00+07:00,0.005989,0.00673,0.005964,0.006542,0,0,0,0,0,0,9310935184,24.25153722798705,NaN,0,-40.66699605447712,-48.812344440554845,0,0,0,0
2024-08-06T11:00:00+07:00,0.006541,0.006878,0.006457,0.006722,0,0,0,0,0,0,8243121142,22.833624856186283,NaN,0,-30.546181841910364,-41.59674925888352,0,0,0,0
2024-08-06T15:00:00+07:00,0.006721,0.006731,0.006415,0.006462,0,0,0,0,0,0,6606100292,21.581736207311828,NaN,0,-25.201898289397374,-34.71609459222962,0,0,0,0
2024-08-06T19:00:00+07:00,0.006462,0.00677,0.00632,0.006733,0,0,0,0,0,0,8630434957,20.570232427410943,NaN,0,-17.418179897598623,-27.341037919202236,0,0,0,0
2024-08-06T23:00:00+07:00,0.006732,0.007074,0.006654,0.006784,0,0,0,0,0,0,6597113494,18.736010328777688,NaN,0,-11.974996032022279,-20.46085029046639,0,0,0,0
2024-08-07T03:00:00+07:00,0.006785,0.006888,0.006658,0.006697,0,0,0,0,0,0,3169245513,17.032804094332533,NaN,0,-8.642625641072938,-14.95450869646365,0,0,0,0
2024-08-07T07:00:00+07:00,0.006696,0.007136,0.006583,0.006917,0,0,0,0,0,0,6692396806,14.747615243425166,NaN,0,-4.055789616085025,-10.054179788358557,0,0,0,0
2024-08-07T11:00:00+07:00,0.006916,0.00745,0.006894,0.007142,0,0,1,0,0,0,11856685582,11.983224827413515,NaN,0,1.6975969500081536,-5.002081506610755,0,0,0,0
2024-08-07T15:00:00+07:00,0.007143,0.007368,0.006912,0.006949,0,0,0,0,0,0,7879002567,9.41629086968841,NaN,0,2.5759842141399183,-1.4504871527794017,0,0,0,0
2024-08-07T19:00:00+07:00,0.006951,0.007279,0.006686,0.006809,0,0,0,1,0,0,12903070921,7.443155297815615,NaN,0,-0.3201737759084331,-0.1972230697467346,0,0,0,0
2024-08-07T23:00:00+07:00,0.00681,0.006978,0.006675,0.006751,0,0,0,0,0,0,7363916872,5.637919568522381,NaN,0,-5.0407997161039315,-1.2944891171868236,0,0,0,0
2024-08-08T03:00:00+07:00,0.006752,0.006955,0.00667,0.006786,0,0,0,0,0,0,4605694508,3.974747774823527,NaN,0,-9.172300855135301,-4.00904393930197,0,0,0,0
2024-08-08T07:00:00+07:00,0.006786,0.0073,0.006609,0.007158,0,0,0,0,0,0,8373719350,2.362699754959401,NaN,0,-7.363160447533093,-5.779451209613027,0,0,0,0
2024-08-08T11:00:00+07:00,0.007158,0.007421,0.007138,0.007181,0,0,0,0,0,0,5372469519,1.174492184071923,NaN,0,-5.8059062880176855,-6.426723266916199,0,0,0,0
2024-08-08T15:00:00+07:00,0.007182,0.00736,0.007167,0.007251,0,0,0,0,0,0,3503511541,0.0711565825335505,NaN,0,-3.7999021440741076,-5.8465345760943395,0,0,0,0
2024-08-08T19:00:00+07:00,0.00725,0.007677,0.007214,0.007571,0,0,1,0,0,0,9273854262,NaN,-0.1688171208493543,0,4.273859965953588,-2.3431099573855354,0,0,0,0
2024-08-08T23:00:00+07:00,0.007572,0.00769,0.007384,0.007407,0,0,0,0,0,0,3499051641,NaN,-0.3614281574220861,0,8.004833716150006,1.7829952659182395,0,0,0,0
2024-08-09T03:00:00+07:00,0.007407,0.007875,0.007399,0.007713,0,0,0,0,0,0,4806831637,NaN,-0.11485922057069686,0,14.260674210912986,6.849238349390656,0,0,0,0
2024-08-09T07:00:00+07:00,0.007713,0.00791,0.007516,0.007614,0,0,0,0,0,0,4619211507,0.19291588965721473,NaN,0,16.143218736431077,11.101407297472694,0,0,0,0
2024-08-09T11:00:00+07:00,0.007612,0.007613,0.007424,0.007504,0,0,0,0,0,0,3568881933,0.09453950732201832,NaN,0,14.118132312462105,13.215272435935159,0,0,0,0
2024-08-09T15:00:00+07:00,0.007504,0.007642,0.007425,0.00752,0,0,0,0,0,0,3025415471,0.07902061995305587,NaN,0,12.106356521862917,13.464010013762147,0,0,0,0
2024-08-09T19:00:00+07:00,0.00752,0.007611,0.007315,0.007316,0,0,0,0,0,0,5384463682,NaN,-0.415784564874226,0,3.5789348380402615,10.348107259920962,0,0,0,0
2024-08-09T23:00:00+07:00,0.007317,0.007419,0.007284,0.007386,0,0,0,1,0,0,2379850085,NaN,-1.010973873918548,0,-3.0233034482848318,5.326518335845394,0,0,0,0
2024-08-10T03:00:00+07:00,0.007386,0.007586,0.007338,0.007567,0,0,0,0,0,0,2294698965,NaN,-1.0531412282727963,0,-5.377401697710824,0.6724951725743515,0,0,0,0
2024-08-10T07:00:00+07:00,0.007567,0.00768,0.007309,0.007394,0,0,0,0,0,0,2867610554,NaN,-0.823171733325399,0,-10.296890137862334,-4.186649441804402,0,0,0,0
2024-08-10T11:00:00+07:00,0.007394,0.007436,0.00731,0.007408,0,0,0,0,0,0,2004923135,NaN,-0.6096286308742407,0,-13.342271026677098,-8.433252855766447,0,0,0,0
2024-08-10T15:00:00+07:00,0.007408,0.00746,0.007336,0.007458,0,0,0,0,0,0,1570763711,NaN,-0.3366555172563004,0,-13.143255021574834,-10.916942431458404,0,0,0,0
2024-08-10T19:00:00+07:00,0.007459,0.007463,0.007333,0.00736,0,0,0,0,0,0,1881895573,NaN,-0.08318048318249893,0,-14.487082441174197,-12.733761823042475,0,0,0,0
2024-08-10T23:00:00+07:00,0.007361,0.007459,0.007328,0.007413,0,0,0,0,0,0,1775608223,0.12053408943190647,NaN,0,-13.350732954680863,-13.407546119602808,0,0,0,0
2024-08-11T03:00:00+07:00,0.007412,0.007475,0.007363,0.007394,0,0,0,0,0,0,1064016179,0.37043160133855935,NaN,0,-13.209412183451382,-13.502668075288648,0,0,0,0
2024-08-11T07:00:00+07:00,0.007395,0.007622,0.007362,0.007527,0,0,0,0,0,0,2310039572,1.1343716338367003,NaN,0,-7.8709533409139345,-11.624135613756067,0,0,0,0
2024-08-11T11:00:00+07:00,0.007527,0.007545,0.007392,0.00745,0,0,0,0,0,0,1911051404,1.8437445211564025,NaN,0,-6.452598784599066,-9.637572812502743,0,0,0,0
2024-08-11T15:00:00+07:00,0.007449,0.007563,0.007108,0.00715,0,1,0,0,0,0,5046356013,0.6611018655815037,NaN,0,-13.361910975330868,-10.400157823958402,0,1,0,0
2024-08-11T19:00:00+07:00,0.00715,0.007158,0.006871,0.006911,0,0,0,0,0,0,6362401848,NaN,-0.7604548285126178,0,-24.129277288415057,-14.82687637083168,0,0,0,0
2024-08-11T23:00:00+07:00,0.006911,0.007132,0.006773,0.0068,0,0,0,0,0,0,3455681168,NaN,-1.6708774839397478,0,-35.15029185882135,-22.20869681892477,0,0,0,0
2024-08-12T03:00:00+07:00,0.0068,0.006823,0.00665,0.006682,0,0,0,0,0,0,3712960480,NaN,-2.0358420065070426,0,-46.08968896061072,-31.774257655922998,0,0,0,0
2024-08-12T07:00:00+07:00,0.006681,0.00693,0.006675,0.006838,0,0,0,0,0,0,3406095185,NaN,-2.9359644082491876,0,-48.66296646615371,-39.64966195345576,0,0,0,0
2024-08-12T11:00:00+07:00,0.006837,0.007054,0.006718,0.006993,0,0,0,0,0,0,3153698002,NaN,-4.375581939300403,0,-44.47789736514635,-43.31601870521577,0,0,0,0
2024-08-12T15:00:00+07:00,0.006993,0.00718,0.006915,0.007166,0,0,0,0,0,0,4441971031,NaN,-5.422206840277898,0,-33.492647462551055,-41.246226396789645,0,0,0,0
2024-08-12T19:00:00+07:00,0.007165,0.007233,0.006802,0.007092,0,0,0,0,0,0,7830358246,NaN,-6.721100937431203,0,-23.842182919703415,-35.335387895805226,0,0,0,0
2024-08-12T23:00:00+07:00,0.007091,0.007135,0.006961,0.007026,0,0,0,0,0,0,3002073553,NaN,-7.927216884787843,0,-16.985620323109337,-27.892902458563995,0,0,0,0
2024-08-13T03:00:00+07:00,0.007027,0.007256,0.00694,0.007201,0,0,0,0,0,0,2125497062,NaN,-8.670802640674076,0,-8.264962418689406,-19.483802295682874,0,0,0,0
2024-08-13T07:00:00+07:00,0.007201,0.007234,0.00692,0.006926,0,0,0,0,0,0,2468675476,NaN,-9.46752220009492,0,-6.332237662993963,-13.12366081740089,0,0,0,0
2024-08-13T11:00:00+07:00,0.006926,0.007057,0.006891,0.006998,0,0,0,0,0,0,1548091444,NaN,-10.367441846901764,0,-5.283287825635647,-8.956913373476292,0,0,0,0
2024-08-13T15:00:00+07:00,0.006997,0.00702,0.006849,0.006941,0,0,0,0,0,0,1534077323,NaN,-11.385633671682424,0,-6.6293511958280975,-7.1194776954102075,0,0,0,0
2024-08-13T19:00:00+07:00,0.006941,0.007122,0.006918,0.006986,0,0,0,0,0,0,2956876053,NaN,-11.828631161093977,0,-7.627201180594357,-6.762180793857897,0,0,0,0
2024-08-13T23:00:00+07:00,0.006987,0.007228,0.006979,0.0071,0,0,0,0,0,0,3282211983,NaN,-11.711470774569928,0,-4.987240871739339,-6.148791732188245,0,0,0,0
2024-08-14T03:00:00+07:00,0.007101,0.007242,0.007079,0.007186,0,0,0,0,0,0,1506199729,NaN,-11.53429046864539,0,-0.30352083582307443,-4.192677428343177,0,0,0,0
2024-08-14T07:00:00+07:00,0.007187,0.007222,0.00707,0.007157,0,0,1,0,0,0,1734935268,NaN,-11.433611109170396,0,2.881502365633368,-1.576803179157352,0,0,0,0
2024-08-14T11:00:00+07:00,0.007158,0.007318,0.007127,0.007161,0,0,0,0,0,0,2537135700,NaN,-10.844786099958379,0,5.011591540630677,1.2047814489429731,0,0,0,0
2024-08-14T15:00:00+07:00,0.007162,0.007227,0.007096,0.007109,0,0,0,0,0,0,2058940482,NaN,-10.537721173393294,0,2.443560257243985,2.3542928001504833,0,0,0,0
2024-08-14T19:00:00+07:00,0.00711,0.007297,0.006832,0.007084,0,0,0,1,0,0,6573861556,NaN,-11.182299155955741,0,-0.8798640224336042,1.724611962276241,0,0,0,0
2024-08-14T23:00:00+07:00,0.007083,0.007158,0.006918,0.006947,0,0,0,0,0,0,3027576523,NaN,-11.78083585404944,0,-8.642801833388013,-1.7665399358698537,0,0,0,0
2024-08-15T03:00:00+07:00,0.006946,0.006977,0.00685,0.006949,0,0,0,0,0,0,1275472010,NaN,-11.952770987942069,0,-15.04983990219803,-6.837419123781625,0,0,0,0
2024-08-15T07:00:00+07:00,0.006949,0.007322,0.006855,0.00728,0,0,0,0,0,0,5556702626,NaN,-11.781631939155742,0,-10.008192010013612,-9.032326196443163,0,0,0,0
2024-08-15T11:00:00+07:00,0.00728,0.007326,0.006841,0.006923,0,0,0,0,0,0,6712899923,NaN,-11.707223427632323,0,-12.23177178334487,-10.967107623505502,0,0,0,0
2024-08-15T15:00:00+07:00,0.006922,0.007211,0.00688,0.007076,0,0,0,0,0,0,5795246497,NaN,-11.638129809789149,0,-9.38212104019274,-10.97365000014454,0,0,0,0
2024-08-15T19:00:00+07:00,0.007074,0.00758,0.007068,0.007283,0,0,0,0,0,0,11847286884,NaN,-10.113079330038763,0,-2.891309336170246,-8.24977134092547,0,0,0,0
2024-08-15T23:00:00+07:00,0.007282,0.00738,0.006761,0.006864,0,0,0,0,0,0,8851251215,NaN,-10.391372384530797,0,-3.2304069956351333,-6.022358068009214,0,0,0,0
2024-08-16T03:00:00+07:00,0.006864,0.006983,0.006796,0.00691,0,0,0,0,0,0,3337347166,NaN,-10.649787363701972,0,-3.158090667339129,-4.558801546098484,0,0,0,0
2024-08-16T07:00:00+07:00,0.00691,0.00692,0.006688,0.0068,0,0,0,0,0,0,7961560937,NaN,-11.42114312293257,0,-6.81608668071655,-4.77125045149186,0,0,0,0
2024-08-16T11:00:00+07:00,0.006801,0.006962,0.006766,0.006917,0,0,0,0,0,0,2409957923,NaN,-11.949289788864034,0,-7.985625560851881,-5.734591323772234,0,0,0,0
2024-08-16T15:00:00+07:00,0.006917,0.006934,0.00672,0.006727,0,0,0,0,0,0,2524961184,NaN,-12.676363302508602,0,-12.016606199744825,-8.134692107639646,0,0,0,0
2024-08-16T19:00:00+07:00,0.006727,0.006747,0.006335,0.006395,0,0,0,0,0,0,10171960097,NaN,-12.148858968370305,0,-19.93133628779613,-12.564683129952522,0,0,0,0
2024-08-16T23:00:00+07:00,0.006395,0.006524,0.0062,0.00646,0,0,0,0,0,0,7896296951,NaN,-11.2200482755311,0,-23.455721683125383,-17.056073997897748,0,0,0,0
2024-08-17T03:00:00+07:00,0.00646,0.006556,0.006442,0.006457,0,0,0,0,0,0,2530629990,NaN,-10.529866028995528,0,-25.738430450793732,-20.955192387346674,0,0,0,0
2024-08-17T07:00:00+07:00,0.006457,0.0066,0.006404,0.006533,0,0,0,0,0,0,3051190236,NaN,-10.132302232630996,0,-24.89107876648802,-23.310370630688553,0,0,0,0
2024-08-17T11:00:00+07:00,0.006533,0.006596,0.006504,0.006583,0,0,0,0,0,0,1805658119,NaN,-9.763135850292501,0,-22.44293164457701,-23.72246961968435,0,0,0,0
2024-08-17T15:00:00+07:00,0.006583,0.006756,0.006555,0.006578,0,0,0,0,0,0,3973298652,NaN,-10.31415616100916,0,-21.350946078671534,-23.075485057056177,0,0,0,0
2024-08-17T19:00:00+07:00,0.006577,0.006711,0.006554,0.006648,0,0,0,0,0,0,3446905809,NaN,-10.821186256135734,0,-17.681278556962948,-21.11063733446678,0,0,0,0
2024-08-17T23:00:00+07:00,0.006648,0.006774,0.006646,0.006724,0,0,0,0,0,0,3094849113,NaN,-11.640979713942759,0,-11.572805528519696,-17.49459481080713,0,0,0,0
2024-08-18T03:00:00+07:00,0.006724,0.006909,0.00672,0.006836,0,0,0,0,0,0,1979358342,NaN,-12.092329824741736,0,-4.573845139857224,-12.48994048574492,0,0,0,0
2024-08-18T07:00:00+07:00,0.006837,0.006878,0.006723,0.006744,0,0,0,0,0,0,2202224916,NaN,-12.51144064191221,0,-2.4868491529994468,-8.14410307350551,0,0,0,0
2024-08-18T11:00:00+07:00,0.006745,0.006853,0.006675,0.006694,0,0,0,0,0,0,2415754232,NaN,-13.188417458169628,0,-3.5482651758687074,-5.482476501661022,0,0,0,0
2024-08-18T15:00:00+07:00,0.006694,0.006897,0.006679,0.006885,0,0,1,0,0,0,3185423646,NaN,-13.568827542990878,0,0.6549254808085152,-2.6066317711109823,0,0,0,0
2024-08-18T19:00:00+07:00,0.006886,0.007039,0.00687,0.006924,0,0,0,0,0,0,4187039182,NaN,-13.182412290749728,0,4.857573282374303,0.44768195744288897,0,0,0,0
2024-08-18T23:00:00+07:00,0.006924,0.007049,0.006881,0.007001,0,0,0,0,0,0,3178428002,NaN,-12.77413011526054,0,10.472843067562954,4.278393693666711,0,0,0,0
2024-08-19T03:00:00+07:00,0.007001,0.007046,0.006783,0.006825,0,0,0,0,0,0,2454113098,NaN,-13.073279296266753,0,9.312886890437548,6.719340823687386,0,0,0,0
2024-08-19T07:00:00+07:00,0.006825,0.006876,0.006695,0.006788,0,0,0,0,0,0,3173368120,NaN,-13.910285165435706,0,6.624619991594591,7.477549917864608,0,0,0,0
2024-08-19T11:00:00+07:00,0.006787,0.006797,0.006641,0.006668,0,0,0,0,0,0,2179095252,NaN,-14.390198584403628,0,1.008280387141853,5.685453466060033,0,0,0,0
2024-08-19T15:00:00+07:00,0.006668,0.006784,0.006544,0.00669,0,0,0,1,0,0,3168457772,NaN,-14.281011650588447,0,-2.5607807330285177,2.68011298044311,0,0,0,0
2024-08-19T19:00:00+07:00,0.00669,0.006796,0.00662,0.006683,0,0,0,0,0,0,3183971433,NaN,-14.265374347120776,0,-6.666601094660175,-1.199277358024177,0,0,0,0
2024-08-19T23:00:00+07:00,0.006684,0.006878,0.006645,0.006728,0,0,0,0,0,0,3284161103,NaN,-14.829544120506908,0,-8.393051710339538,-4.5115216242363765,0,0,0,0
2024-08-20T03:00:00+07:00,0.006726,0.006864,0.006712,0.006847,0,0,0,0,0,0,1468233569,NaN,-15.353416052936888,0,-4.369426811324552,-5.302161684058442,0,0,0,0
2024-08-20T07:00:00+07:00,0.006846,0.007007,0.006787,0.006973,0,0,1,0,0,0,3063306235,NaN,-15.299735728824134,0,5.284050510383791,-2.1420395164497825,0,0,0,0
2024-08-20T11:00:00+07:00,0.006973,0.007242,0.006954,0.007204,0,0,0,0,0,0,4236939014,NaN,-14.062619423249133,0,17.987244271004162,4.9674292298162035,0,0,0,0
2024-08-20T15:00:00+07:00,0.007205,0.007289,0.007089,0.007209,0,0,0,0,0,0,3287848118,NaN,-12.713588883392958,0,29.376192018046197,14.50334555816069,0,0,0,0
2024-08-20T19:00:00+07:00,0.007208,0.007273,0.006913,0.00705,0,0,0,0,0,0,5365086573,NaN,-12.704937491559805,0,31.07530233837601,22.202779119101358,0,0,0,0
2024-08-20T23:00:00+07:00,0.007051,0.007181,0.007025,0.007123,0,0,0,0,0,0,1993146709,NaN,-12.696904056286163,0,33.07839282877582,27.938685906927585,0,0,0,0
2024-08-21T03:00:00+07:00,0.007123,0.007172,0.007046,0.007073,0,0,0,0,0,0,1352730478,NaN,-12.689444437817784,0,30.910944801882795,30.455588709782788,0,0,0,0
2024-08-21T07:00:00+07:00,0.007073,0.00715,0.00697,0.007087,0,0,0,0,0,0,1910897645,NaN,-13.22425104176018,0,28.45833277401945,30.446494550583605,0,0,0,0
2024-08-21T11:00:00+07:00,0.007086,0.007228,0.007065,0.007207,0,0,0,0,0,0,1631363527,NaN,-13.249065123154333,0,28.583022080450256,29.78089092666034,0,0,0,0
2024-08-21T15:00:00+07:00,0.007206,0.007224,0.007007,0.007035,0,0,0,0,0,0,2346251111,NaN,-13.691136856870186,0,21.86333885608393,26.928270890454698,0,0,0,0
2024-08-21T19:00:00+07:00,0.007035,0.007111,0.006854,0.006963,0,0,0,0,0,0,5312383528,NaN,-13.915186851378007,0,13.319747248642276,21.841917883921305,0,0,0,0
2024-08-21T23:00:00+07:00,0.006963,0.007263,0.006939,0.007241,0,0,0,0,0,0,2699795442,NaN,-14.346584690288099,0,12.152186394611883,17.68362096472002,0,0,0,0
2024-08-22T03:00:00+07:00,0.007242,0.007289,0.007137,0.007167,0,0,0,0,0,0,1684967555,NaN,-14.597865934899724,0,9.609382558752433,13.928306660716975,0,0,0,0
2024-08-22T07:00:00+07:00,0.007167,0.007205,0.006984,0.007105,0,0,0,0,0,0,2002029157,NaN,-14.913700137687771,0,6.208566217326547,10.295983590589774,0,0,0,0
2024-08-22T11:00:00+07:00,0.007105,0.007158,0.00707,0.007131,0,0,0,0,0,0,1375695186,NaN,-15.206974754562385,0,4.808803360342387,7.6887032923427645,0,0,0,0
2024-08-22T15:00:00+07:00,0.00713,0.007265,0.007069,0.007216,0,0,0,0,0,0,2657867401,NaN,-15.649880315676386,0,7.391889938964671,7.079420886685953,0,0,0,0
2024-08-22T19:00:00+07:00,0.007216,0.007246,0.007018,0.007068,0,0,0,0,0,0,3190347666,NaN,-16.24647268865794,0,4.662447979763186,5.955514981940486,0,0,0,0
2024-08-22T23:00:00+07:00,0.007068,0.007157,0.007028,0.007102,0,0,0,0,0,0,1660059920,NaN,-16.80045132071224,0,3.1062225152201717,4.812183150003929,0,0,0,0
2024-08-23T03:00:00+07:00,0.007102,0.007185,0.007099,0.007147,0,0,0,0,0,0,969219275,NaN,-17.259454947063702,0,2.3964587912617654,3.8658074129833864,0,0,0,0
2024-08-23T07:00:00+07:00,0.007147,0.007277,0.007145,0.0072,0,0,0,0,0,0,1864757880,NaN,-17.064736593018708,0,3.8170324422577955,3.6470967213658394,0,0,0,0
2024-08-23T11:00:00+07:00,0.007201,0.007368,0.00716,0.00721,0,0,0,0,0,0,3470025583,NaN,-16.33297179812201,0,3.9208408891745705,3.5291069065928573,0,0,0,0
2024-08-23T15:00:00+07:00,0.007209,0.007275,0.007079,0.007083,0,0,0,1,0,0,2058509108,NaN,-16.297411192658803,0,-2.0337266198553787,1.657664525462565,0,0,0,0
2024-08-23T19:00:00+07:00,0.007084,0.007421,0.007082,0.007277,0,0,0,0,0,0,5239590722,NaN,-15.42756537846446,0,-0.923688015233646,0.6026466525140883,0,0,0,0
2024-08-23T23:00:00+07:00,0.007275,0.0077,0.00726,0.007656,0,0,1,0,0,0,5097404429,NaN,-13.43445438609839,0,6.790807052436386,2.3877878374858765,0,0,0,0
2024-08-24T03:00:00+07:00,0.007656,0.007926,0.007652,0.007797,0,0,0,0,0,0,3206648405,NaN,-10.892929171756565,0,15.727762697650068,6.858957686783916,0,0,0,0
2024-08-24T07:00:00+07:00,0.007798,0.007927,0.007701,0.007816,0,0,0,0,0,0,2636517221,NaN,-8.530160996292473,0,23.53019671911195,13.136890192876432,0,0,0,0
2024-08-24T11:00:00+07:00,0.007815,0.008,0.007781,0.007929,0,0,0,0,0,0,2701451588,NaN,-6.129689649960859,0,32.02297277005664,20.938457660621353,0,0,0,0
2024-08-24T15:00:00+07:00,0.007928,0.008202,0.00784,0.007938,0,0,0,0,0,0,5192159846,NaN,-3.4006307528432025,0,38.04937810670443,28.478380281254736,0,0,0,0
2024-08-24T19:00:00+07:00,0.007938,0.008137,0.00788,0.00804,0,0,0,0,0,0,3579259376,NaN,-0.8665046340910934,0,44.30603468941308,35.505650687995136,0,0,0,0
2024-08-24T23:00:00+07:00,0.00804,0.008498,0.008031,0.008219,0,0,0,0,0,0,6048985343,2.177035426160046,NaN,0,49.70375333384026,41.83114546707948,0,0,0,0
2024-08-25T03:00:00+07:00,0.00822,0.00827,0.007873,0.00803,0,0,0,0,0,0,3177397924,3.8603072724372893,NaN,0,47.17922836748119,45.05006588163145,0,0,0,0
2024-08-25T07:00:00+07:00,0.008031,0.008055,0.00764,0.007755,0,0,0,0,0,0,4390394060,3.9994762623768487,NaN,0,38.131024268397674,43.6763161532643,0,0,0,0
2024-08-25T11:00:00+07:00,0.007755,0.007823,0.007389,0.007446,0,0,0,0,0,0,3856659560,2.8859444131839886,NaN,0,25.303655283351198,37.61957332999226,0,0,0,0
2024-08-25T15:00:00+07:00,0.007446,0.007703,0.007396,0.007642,0,0,0,0,0,0,2815794835,1.8519505532191936,NaN,0,17.52740362239147,29.82046147462385,0,0,0,0
2024-08-25T19:00:00+07:00,0.007642,0.007775,0.007583,0.00766,0,0,0,0,0,0,2711710583,1.1538984829194838,NaN,0,11.861212038306258,21.91786116236182,0,0,0,0
2024-08-25T23:00:00+07:00,0.007661,0.007733,0.007578,0.007651,0,0,0,0,0,0,1848132664,0.47928911116661865,NaN,0,7.15402021869527,14.96903299659839,0,0,0,0
2024-08-26T03:00:00+07:00,0.007652,0.007816,0.0076,0.007638,0,0,0,0,0,0,1955380828,0.1708852074240319,NaN,0,2.79454414885396,9.23539335080692,0,0,0,0
2024-08-26T07:00:00+07:00,0.007639,0.007739,0.007458,0.007621,0,0,0,0,0,0,2712182948,NaN,-0.8914189847529954,0,0.34073213549383347,5.039581708531654,0,0,0,0
2024-08-26T11:00:00+07:00,0.007621,0.007664,0.007486,0.007528,0,0,0,1,0,0,1846690175,NaN,-1.8778443060602328,0,-3.3398750625201634,1.2810958767755463,0,0,0,0
2024-08-26T15:00:00+07:00,0.007529,0.007651,0.007442,0.00755,0,0,0,0,0,0,2184418635,NaN,-3.0397277516738193,0,-5.643277025046619,-1.8540386968286038,0,0,0,0
2024-08-26T19:00:00+07:00,0.00755,0.00757,0.007213,0.007279,0,0,0,0,0,0,4782725520,NaN,-3.9615301070421047,0,-13.87953927039501,-6.567628081325361,0,0,0,0
2024-08-26T23:00:00+07:00,0.007278,0.007389,0.007046,0.00709,0,0,0,0,0,0,3327037921,NaN,-4.137375908194972,0,-23.60668737082488,-13.12136286669272,0,0,0,0
2024-08-27T03:00:00+07:00,0.00709,0.007117,0.006989,0.007061,0,0,0,0,0,0,1865187072,NaN,-4.085137439650236,0,-32.02381617144182,-20.7207251509538,0,0,0,0
2024-08-27T07:00:00+07:00,0.007061,0.007204,0.007055,0.007149,0,0,0,0,0,0,2034310049,NaN,-4.535294234045015,0,-34.274245554100055,-26.91259400897192,0,0,0,0
2024-08-27T11:00:00+07:00,0.007149,0.007219,0.007052,0.007092,0,0,0,0,0,0,2022890568,NaN,-5.039650470822153,0,-37.271449965679324,-32.041239638077805,0,0,0,0
2024-08-27T15:00:00+07:00,0.007093,0.007118,0.006838,0.006921,0,0,0,0,0,0,3164321899,NaN,-4.645351829201452,0,-41.790544363415776,-36.56770520372033,0,0,0,0
2024-08-27T19:00:00+07:00,0.006921,0.007034,0.006855,0.006956,0,0,0,0,0,0,3266736520,NaN,-4.2792173762679475,0,-43.41563446693427,-39.77513379766762,0,0,0,0
2024-08-27T23:00:00+07:00,0.006955,0.00699,0.006844,0.006927,0,0,0,0,0,0,2320764923,NaN,-3.895347228078357,0,-44.3630623594031,-41.97777521603057,0,0,0,0
2024-08-28T03:00:00+07:00,0.006927,0.006927,0.006312,0.00651,0,0,0,0,0,0,5235576099,NaN,-1.9529544479239824,0,-48.255860836648196,-44.655399714277806,0,0,0,0
2024-08-28T07:00:00+07:00,0.00651,0.006511,0.006302,0.006414,0,0,0,0,0,0,3190499077,NaN,-0.1269806685270467,0,-52.869674407714584,-47.93885438404395,0,0,0,0
2024-08-28T11:00:00+07:00,0.006413,0.006434,0.006177,0.00619,0,0,0,0,0,0,3249648915,1.8447803019337954,NaN,0,-58.982001233922446,-52.21986969974371,0,0,0,0
2024-08-28T15:00:00+07:00,0.006191,0.00657,0.006124,0.006458,0,0,0,0,0,0,4600371854,2.793238722870772,NaN,0,-54.90156691901791,-53.994643119108176,0,0,0,0
2024-08-28T19:00:00+07:00,0.006459,0.006498,0.006082,0.006149,0,0,0,0,0,0,5164061107,3.78617664875539,NaN,0,-54.12381792092988,-54.74443804230438,0,0,0,0
2024-08-28T23:00:00+07:00,0.00615,0.006208,0.005822,0.006082,0,0,0,0,0,0,8912111712,5.328263401425172,NaN,0,-54.01601923154231,-54.807583031602945,0,0,0,0
2024-08-29T03:00:00+07:00,0.006083,0.006223,0.005952,0.00609,0,0,0,0,0,0,2953206613,6.661751781929283,NaN,0,-52.760464012506155,-54.06819905489653,0,0,0,0
2024-08-29T07:00:00+07:00,0.00609,0.006244,0.006082,0.006171,0,0,0,0,0,0,2820018190,7.7549248530845105,NaN,0,-47.80427060249987,-51.6840313012019,0,0,0,0
2024-08-29T11:00:00+07:00,0.00617,0.006258,0.006099,0.006219,0,0,0,0,0,0,2207082037,8.668279303923136,NaN,0,-41.278860522387,-47.869908896231166,0,0,0,0
2024-08-29T15:00:00+07:00,0.006218,0.006344,0.00616,0.006242,0,0,0,0,0,0,2915247978,8.89005686340463,NaN,0,-35.472771885782855,-43.02860403883444,0,0,0,0
2024-08-29T19:00:00+07:00,0.006242,0.006442,0.006223,0.006399,0,0,0,0,0,0,4163185122,8.423396442591994,NaN,0,-25.36550844970996,-36.06161443842321,0,0,0,0
2024-08-29T23:00:00+07:00,0.006398,0.006441,0.006002,0.00609,0,0,0,0,0,0,4389860232,8.733353034552408,NaN,0,-21.91106731786152,-29.853178512851326,0,0,0,0
2024-08-30T03:00:00+07:00,0.00609,0.00615,0.006019,0.0061,0,0,0,0,0,0,2364555059,9.02116986994423,NaN,0,-19.55654095125598,-24.916526911387237,0,0,0,0
2024-08-30T07:00:00+07:00,0.0061,0.006274,0.006065,0.006199,0,0,0,0,0,0,3257307312,8.44938385854266,NaN,0,-15.050605482895714,-20.36107879721932,0,0,0,0
2024-08-30T11:00:00+07:00,0.006197,0.0063,0.006154,0.006221,0,0,0,0,0,0,2802206530,7.748406665195731,NaN,0,-11.368340494863563,-16.32675935634011,0,0,0,0
2024-08-30T15:00:00+07:00,0.006221,0.006276,0.0061,0.006121,0,0,0,0,0,0,2145998458,7.318620307371134,NaN,0,-12.214444741860452,-14.181436757187809,0,0,0,0
2024-08-30T19:00:00+07:00,0.00612,0.006252,0.005819,0.005851,0,1,0,0,0,0,5718249854,7.888362870800307,NaN,0,-18.64197614530832,-15.055362206374769,0,1,0,0
2024-08-30T23:00:00+07:00,0.005852,0.006239,0.005828,0.006096,0,0,0,0,0,0,3465083437,8.417409536841689,NaN,0,-19.87868999043951,-16.559465015442335,0,0,0,0
2024-08-31T03:00:00+07:00,0.006096,0.006211,0.006079,0.006185,0,0,0,0,0,0,1079965855,8.908667155308677,NaN,0,-18.939281766943164,-17.72895514739889,0,0,0,0
2024-08-31T07:00:00+07:00,0.006185,0.006275,0.006179,0.006208,0,0,0,0,0,0,1185244677,8.863519335967254,NaN,0,-17.990177432161364,-18.322832082158342,0,0,0,0
2024-08-31T11:00:00+07:00,0.006208,0.006237,0.006147,0.006179,0,0,0,0,0,0,1143174895,8.946610169695056,NaN,0,-17.951424459925256,-18.462335563685905,0,0,0,0
2024-08-31T15:00:00+07:00,0.00618,0.006188,0.00607,0.00614,0,1,0,0,0,0,1510722910,9.31914485095416,NaN,0,-18.3877525205125,-18.36481641753823,0,1,0,0
2024-08-31T19:00:00+07:00,0.006139,0.006158,0.00605,0.006083,0,0,0,0,0,0,1372147215,9.741081458110045,NaN,0,-20.414739301166275,-18.959907773261534,0,0,0,0
2024-08-31T23:00:00+07:00,0.006083,0.006086,0.005945,0.006022,0,0,0,0,0,0,1762792296,10.5171203686617,NaN,0,-23.410573959281006,-20.517874060974634,0,0,0,0
2024-09-01T03:00:00+07:00,0.006022,0.006066,0.005993,0.006021,0,0,0,0,0,0,725134335,11.237727928459663,NaN,0,-26.728654305862598,-22.88378098472574,0,0,0,0
2024-09-01T07:00:00+07:00,0.00602,0.006052,0.00588,0.005995,0,0,0,0,0,0,1847985387,12.299213228441573,NaN,0,-29.75533246551337,-25.676015503447015,0,0,0,0
2024-09-01T11:00:00+07:00,0.005994,0.006077,0.005892,0.006073,0,0,0,0,0,0,1899402346,13.031306636762423,NaN,0,-24.699564574703004,-25.996066858192307,0,0,0,0
2024-09-01T15:00:00+07:00,0.006073,0.006074,0.005933,0.005996,0,0,0,0,0,0,1529146996,13.711107658774644,NaN,0,-22.833445534915207,-25.27329106272896,0,0,0,0
2024-09-01T19:00:00+07:00,0.005995,0.006035,0.005777,0.006013,0,0,0,0,0,0,3867929545,14.886798235168861,NaN,0,-16.31657865085384,-22.21697922366189,0,0,0,0
2024-09-01T23:00:00+07:00,0.006012,0.006055,0.005839,0.005992,0,0,0,0,0,0,2475312059,15.760503977008923,NaN,0,-10.009457320048808,-17.531226628221628,0,0,0,0
2024-09-02T03:00:00+07:00,0.005993,0.00604,0.005626,0.005698,0,0,0,0,0,0,3059840886,17.20133018261106,NaN,0,-12.794023294927735,-14.888275823461923,0,0,0,0
2024-09-02T07:00:00+07:00,0.005698,0.005805,0.005673,0.005783,0,0,0,0,0,0,2286424217,18.53924023067018,NaN,0,-10.669834028837855,-12.668015874711303,0,0,0,0
2024-09-02T11:00:00+07:00,0.005782,0.005827,0.005631,0.005649,0,1,0,0,0,0,2297839420,19.894305450198296,NaN,0,-14.966204187518839,-12.815194681912017,0,1,0,0
2024-09-02T15:00:00+07:00,0.005648,0.005964,0.005648,0.005912,0,0,0,0,0,0,3590029244,19.710160151497746,NaN,0,-11.262196775546268,-12.252187108281635,0,0,0,0
2024-09-02T19:00:00+07:00,0.005912,0.005994,0.005803,0.005925,0,0,0,0,0,0,2753445205,19.24976203593144,NaN,0,-6.458509168480248,-10.424909123983086,0,0,0,0
2024-09-02T23:00:00+07:00,0.005924,0.006002,0.00588,0.005927,0,0,0,0,0,0,1740813994,18.742158977932817,NaN,0,-2.3576223883330982,-7.4673987564067215,0,0,0,0
2024-09-03T03:00:00+07:00,0.005928,0.0061,0.005907,0.006029,0,0,1,0,0,0,2077770858,17.324087429072854,NaN,0,4.653931590762123,-2.8684637895715928,0,0,0,0
2024-09-03T07:00:00+07:00,0.006029,0.006249,0.006018,0.006197,0,0,0,0,0,0,2818489259,14.798301010757783,NaN,0,15.133346126987151,4.202024981365213,0,0,0,0
2024-09-03T11:00:00+07:00,0.006197,0.006269,0.006142,0.006219,0,0,0,0,0,0,2126707953,12.304961225632766,NaN,0,24.300213393526956,12.32149948684822,0,0,0,0
2024-09-03T15:00:00+07:00,0.006218,0.006221,0.006077,0.006152,0,0,0,0,0,0,1856958038,10.420971878724984,NaN,0,28.254464116946906,19.388230222199663,0,0,0,0
2024-09-03T19:00:00+07:00,0.006152,0.006204,0.0058,0.005818,0,0,0,0,0,0,4672329575,10.106918483918633,NaN,0,21.68461676210902,21.950813620243334,0,0,0,0
2024-09-03T23:00:00+07:00,0.005818,0.005972,0.005795,0.005909,0,0,0,0,0,0,1996195137,9.83681031111049,NaN,0,17.196669874600474,21.414598779088017,0,0,0,0
2024-09-04T03:00:00+07:00,0.005909,0.005941,0.005772,0.005787,0,0,0,0,0,0,1359199002,9.689854966728667,NaN,0,9.802137245551837,17.577357175993928,0,0,0,0
2024-09-04T07:00:00+07:00,0.005787,0.005874,0.005451,0.00578,0,0,0,0,0,0,5037566518,10.712501660817317,NaN,0,4.079840306488319,12.188097185307688,0,0,0,0
2024-09-04T11:00:00+07:00,0.00578,0.005906,0.005724,0.005852,0,0,0,0,0,0,2033226991,11.393230719624377,NaN,0,1.9320594497045493,7.430935114829434,0,0,0,0
2024-09-04T15:00:00+07:00,0.005854,0.005886,0.005702,0.005727,0,1,0,1,0,1,2027526103,12.097147080663802,NaN,0,-2.8400815283771683,2.837886362806764,0,1,0,1
2024-09-04T19:00:00+07:00,0.005728,0.005971,0.005666,0.005959,0,0,1,0,0,0,4914751357,12.009391878337013,NaN,0,1.1323483432414037,1.2039607873560312,0,0,0,0
2024-09-04T23:00:00+07:00,0.005959,0.006055,0.005861,0.005936,0,0,0,0,0,0,2933257582,11.246353809314577,NaN,0,4.926344138732681,1.9056552458263287,0,0,0,0
2024-09-05T03:00:00+07:00,0.005935,0.006027,0.0059,0.005971,0,0,0,0,0,0,1049110033,10.537818459508024,NaN,0,8.419203719961926,4.096689105160985,0,0,0,0
2024-09-05T07:00:00+07:00,0.005971,0.006017,0.005804,0.005824,0,0,0,0,0,0,2136324219,10.328015432454592,NaN,0,6.284882236803595,5.286991575877958,0,0,0,0
2024-09-05T11:00:00+07:00,0.005822,0.005911,0.00578,0.005893,0,0,0,0,0,0,1498453556,10.241098995752438,NaN,0,5.957870244655543,6.078101863405643,0,0,0,0
2024-09-05T15:00:00+07:00,0.005892,0.006012,0.005858,0.005928,0,0,0,0,0,0,2529947780,9.277080568431082,NaN,0,6.413204181955165,6.434460011831021,0,0,0,0
2024-09-05T19:00:00+07:00,0.005929,0.006025,0.005788,0.005829,0,0,0,0,0,0,3388291284,8.741849377731192,NaN,0,1.9536704631026016,4.952249864724627,0,0,0,0
2024-09-05T23:00:00+07:00,0.005829,0.005887,0.005726,0.005756,0,1,0,1,0,0,1784042424,8.547471737551675,NaN,0,-4.945592989697892,1.368463478393408,0,1,0,0
2024-09-06T03:00:00+07:00,0.005755,0.005835,0.005744,0.005809,0,0,0,0,0,0,976105927,8.36697821452784,NaN,0,-9.351520523567059,-2.792978971916879,0,0,0,0
2024-09-06T07:00:00+07:00,0.005808,0.00595,0.005762,0.005885,0,0,0,0,0,0,1544187920,7.1633811672555225,NaN,0,-9.694712690878065,-6.026391960639457,0,0,0,0
2024-09-06T11:00:00+07:00,0.005886,0.005903,0.005705,0.005768,0,0,0,0,0,0,2145893704,6.378451475422111,NaN,0,-12.805631186615082,-9.253272252238803,0,0,0,0
2024-09-06T15:00:00+07:00,0.005767,0.005875,0.005724,0.00583,0,0,0,0,0,0,1909637240,5.649588190148229,NaN,0,-12.497355452633466,-11.09613827460626,0,0,0,0
2024-09-06T19:00:00+07:00,0.005831,0.006038,0.005738,0.005865,0,0,0,0,0,0,5948348235,3.6213091276183285,NaN,0,-10.925637797848495,-11.45169668432965,0,0,0,0
2024-09-06T23:00:00+07:00,0.005865,0.005874,0.005564,0.005615,0,1,0,0,0,0,4269020990,2.800447971011387,NaN,0,-15.35616835658182,-12.885428959754114,0,1,0,0
2024-09-07T03:00:00+07:00,0.005614,0.005659,0.005331,0.005625,0,0,0,0,0,0,4944594232,3.10351160870389,NaN,0,-16.935301402118622,-14.44522906148986,0,0,0,0
2024-09-07T07:00:00+07:00,0.005624,0.005708,0.00559,0.00562,0,0,0,0,0,0,1604394145,3.015560372624197,NaN,0,-18.652227184337725,-16.094631843215936,0,0,0,0
2024-09-07T11:00:00+07:00,0.00562,0.005773,0.00562,0.005736,0,0,0,0,0,0,1697624993,2.4537504857679906,NaN,0,-15.188404535495218,-16.199654008813,0,0,0,0
2024-09-07T15:00:00+07:00,0.005736,0.005795,0.005722,0.005765,0,0,0,0,0,0,1143308714,1.7694724233209271,NaN,0,-10.213198659262462,-14.466870943475028,0,0,0,0
2024-09-07T19:00:00+07:00,0.005767,0.005945,0.005767,0.005906,0,0,0,0,0,0,2119716315,0.10583543245706295,NaN,0,-1.3616414077826977,-9.83106473688287,0,0,0,0
2024-09-07T23:00:00+07:00,0.005906,0.005947,0.005736,0.005826,0,0,1,0,0,0,2355253494,NaN,-1.256535654906422,0,3.0863497978445977,-4.64556325833489,0,0,0,0
2024-09-08T03:00:00+07:00,0.005826,0.00584,0.005681,0.005766,0,0,0,0,0,0,1434471714,NaN,-2.1985771216306524,0,4.768841568717852,-0.2340079361600393,0,0,0,0
2024-09-08T07:00:00+07:00,0.005766,0.00586,0.005738,0.00586,0,0,0,0,0,0,994224268,NaN,-3.2194029596496456,0,9.069710122145649,4.049765653620373,0,0,0,0
2024-09-08T11:00:00+07:00,0.005859,0.005982,0.005846,0.005966,0,0,0,0,0,0,1455018141,NaN,-4.543217935915607,0,15.453636106371258,8.844306927633262,0,0,0,0
2024-09-08T15:00:00+07:00,0.005967,0.006069,0.005933,0.005962,0,0,0,0,0,0,2574420110,NaN,-5.241594792519955,0,18.665522534411426,12.998354693283963,0,0,0,0
2024-09-08T19:00:00+07:00,0.005962,0.006023,0.005836,0.005846,0,0,0,0,0,0,2928947550,NaN,-6.557694457897139,0,13.567936558297928,14.11806287075055,0,0,0,0
2024-09-08T23:00:00+07:00,0.005847,0.005994,0.005804,0.005961,0,0,0,0,0,0,1673039746,NaN,-7.759388375885504,0,12.22583981578248,14.09163301668177,0,0,0,0
2024-09-09T03:00:00+07:00,0.005962,0.006218,0.005923,0.006165,0,0,0,0,0,0,3102978306,NaN,-7.799627028501792,0,15.993558934294986,14.823976318979515,0,0,0,0
2024-09-09T07:00:00+07:00,0.006165,0.006318,0.006091,0.006118,0,0,0,0,0,0,4320816555,NaN,-7.362860695923402,0,15.795561715138769,15.028730627415234,0,0,0,0
2024-09-09T11:00:00+07:00,0.006119,0.00621,0.00606,0.006207,0,0,0,0,0,0,1593746386,NaN,-7.185482657324364,0,17.49793937401318,15.778149114891255,0,0,0,0
2024-09-09T15:00:00+07:00,0.006206,0.006287,0.006187,0.00625,0,0,0,0,0,0,2230066189,NaN,-6.651004059808226,0,20.717896689622656,17.678725584930316,0,0,0,0
2024-09-09T19:00:00+07:00,0.00625,0.006277,0.00608,0.006181,0,0,0,0,0,0,2986206546,NaN,-6.945955082932418,0,21.002270570403663,19.197429339808068,0,0,0,0
2024-09-09T23:00:00+07:00,0.006181,0.006408,0.006181,0.0064,0,0,0,0,0,0,4162000691,NaN,-6.580178531630452,0,26.56490294754163,21.98524850342373,0,0,0,0
2024-09-10T03:00:00+07:00,0.006401,0.006535,0.006341,0.00637,0,0,0,0,0,0,2100367625,NaN,-5.701202237589577,0,28.91045983390435,24.85016369494385,0,0,0,0
2024-09-10T07:00:00+07:00,0.006369,0.006391,0.00625,0.006274,0,0,0,0,0,0,1498469845,NaN,-5.5432491202771565,0,26.418210851060053,26.010002684264837,0,0,0,0
2024-09-10T11:00:00+07:00,0.006275,0.00673,0.006275,0.006657,0,0,0,0,0,0,5185802290,NaN,-4.160580557836617,0,28.83746177616888,27.38157388348564,0,0,0,0
2024-09-10T15:00:00+07:00,0.006656,0.006686,0.006471,0.006515,0,0,0,0,0,0,4130639234,NaN,-2.8766740355703995,0,25.805705255573105,27.201255236738103,0,0,0,0
2024-09-10T19:00:00+07:00,0.006515,0.006586,0.006403,0.006484,0,0,0,0,0,0,4001454113,NaN,-2.1681960616141396,0,21.316594693872155,25.20433742374562,0,0,0,0
2024-09-10T23:00:00+07:00,0.006485,0.006614,0.006444,0.006586,0,0,0,0,0,0,2597808276,NaN,-1.4075361097886798,0,20.369562275886583,23.24162935500258,0,0,0,0
2024-09-11T03:00:00+07:00,0.006587,0.00661,0.00649,0.006527,0,0,0,0,0,0,1248306447,NaN,-0.7012090116650391,0,17.753125083369437,20.976168725955002,0,0,0,0
2024-09-11T07:00:00+07:00,0.006527,0.006536,0.006265,0.006299,0,0,0,0,0,0,3717758632,NaN,-1.6167632053581258,0,10.407282280604123,16.8397662138317,0,0,0,0
2024-09-11T11:00:00+07:00,0.006298,0.006357,0.006136,0.006299,0,0,0,0,0,0,4000976017,NaN,-3.2024152151114222,0,5.019094313484198,12.135979679039407,0,0,0,0
2024-09-11T15:00:00+07:00,0.006299,0.006307,0.006173,0.006263,0,0,0,0,0,0,2338630764,NaN,-4.6748063670251945,0,0.0930610386795421,7.175956115451489,0,0,0,0
2024-09-11T19:00:00+07:00,0.006262,0.006399,0.006047,0.006159,0,0,0,1,0,0,6076833242,NaN,-5.526605261320199,0,-6.549465206953451,1.4166593803320793,0,0,0,0
2024-09-11T23:00:00+07:00,0.006159,0.006266,0.006129,0.00616,0,0,0,0,0,0,2289779853,NaN,-6.317561377451277,0,-12.322764927901504,-4.472468762914011,0,0,0,0
2024-09-12T03:00:00+07:00,0.006161,0.006198,0.006114,0.006139,0,0,0,0,0,0,1110345197,NaN,-6.967559948846283,0,-17.533218357173872,-10.09335538183283,0,0,0,0
2024-09-12T07:00:00+07:00,0.006139,0.006343,0.006137,0.006241,0,0,0,0,0,0,2270685265,NaN,-8.012792998819837,0,-17.832992557133313,-13.951466691552927,0,0,0,0
2024-09-12T11:00:00+07:00,0.00624,0.006316,0.00618,0.006223,0,0,0,0,0,0,1894674886,NaN,-8.983366545223852,0,-18.055208661749358,-16.360177578103876,0,0,0,0
2024-09-12T15:00:00+07:00,0.006222,0.006354,0.006204,0.006252,0,0,0,0,0,0,2606012383,NaN,-9.644805270441084,0,-17.474802099224195,-17.365534963784505,0,0,0,0
2024-09-12T19:00:00+07:00,0.006252,0.006335,0.006143,0.006176,0,0,0,0,0,0,3266978223,NaN,-10.691182665874802,0,-20.91348451202561,-18.788764027580896,0,0,0,0
2024-09-12T23:00:00+07:00,0.006177,0.006224,0.00608,0.006196,0,0,0,0,0,0,3174136171,NaN,-11.337106823393286,0,-21.117049468256766,-19.707133437846057,0,0,0,0
2024-09-13T03:00:00+07:00,0.006195,0.006297,0.006156,0.006284,0,0,0,0,0,0,1668942412,NaN,-12.171110495643589,0,-16.782816338671992,-18.941836397510773,0,0,0,0
2024-09-13T07:00:00+07:00,0.006284,0.006296,0.006159,0.006161,0,0,0,0,0,0,1324634562,NaN,-12.945542477018869,0,-17.57112847165899,-18.509321816068574,0,0,0,0
2024-09-13T11:00:00+07:00,0.006162,0.006247,0.006149,0.006242,0,0,0,0,0,0,1303578381,NaN,-13.743534446387622,0,-14.605056668493589,-17.12038864624394,0,0,0,0
2024-09-13T15:00:00+07:00,0.006241,0.006317,0.006206,0.006218,0,0,0,0,0,0,2403340596,NaN,-13.95025734602878,0,-13.951064316202755,-15.70477438770439,0,0,0,0
2024-09-13T19:00:00+07:00,0.006218,0.006439,0.006163,0.00639,0,0,0,0,0,0,4574710351,NaN,-13.330128654075917,0,-6.014307363086465,-12.107735824514272,0,0,0,0
2024-09-13T23:00:00+07:00,0.00639,0.006551,0.006364,0.006469,0,0,1,0,0,0,3430064203,NaN,-12.127871617883185,0,3.916821265038093,-6.207170525627323,0,0,0,0
2024-09-14T03:00:00+07:00,0.006468,0.006571,0.006462,0.006481,0,0,0,0,0,0,1682096806,NaN,-10.906394058960005,0,11.549690329018663,0.8577086210058131,0,0,0,0
2024-09-14T07:00:00+07:00,0.006482,0.00663,0.006422,0.006573,0,0,0,0,0,0,2285516390,NaN,-9.465220790032339,0,20.162858500253257,8.852255904671969,0,0,0,0
2024-09-14T11:00:00+07:00,0.006572,0.006583,0.006393,0.006423,0,0,0,0,0,0,2034962799,NaN,-8.428719258169938,0,21.5545123317694,14.992826787593716,0,0,0,0
2024-09-14T15:00:00+07:00,0.006422,0.006457,0.006295,0.006333,0,0,0,0,0,0,1967940674,NaN,-8.420525239664375,0,17.827719459316878,17.52409493649981,0,0,0,0
2024-09-14T19:00:00+07:00,0.006334,0.006453,0.006311,0.006409,0,0,0,0,0,0,1389774191,NaN,-8.412916508194925,0,16.312375344032382,17.960779925484186,0,0,0,0
2024-09-14T23:00:00+07:00,0.006408,0.006439,0.006271,0.006311,0,0,0,0,0,0,1756128618,NaN,-8.792374242449696,0,10.250378465303852,15.550429016292764,0,0,0,0
2024-09-15T03:00:00+07:00,0.006311,0.006369,0.006309,0.006349,0,0,0,0,0,0,1229194352,NaN,-9.144727852829124,0,6.587366419594273,12.00569488277914,0,0,0,0
2024-09-15T07:00:00+07:00,0.006348,0.006446,0.006337,0.006394,0,0,0,0,0,0,1029792713,NaN,-8.877322252077061,0,5.592985579335762,9.034533274556606,0,0,0,0
2024-09-15T11:00:00+07:00,0.006394,0.006423,0.006341,0.006402,0,0,0,0,0,0,1010361991,NaN,-8.629017051378714,0,6.093904872642336,7.294446547598509,0,0,0,0
2024-09-15T15:00:00+07:00,0.006402,0.006402,0.006243,0.006284,0,0,0,0,0,0,1572972265,NaN,-9.437591320441557,0,2.748002616827982,5.221313374480597,0,0,0,0
2024-09-15T19:00:00+07:00,0.006283,0.006388,0.006267,0.006368,0,0,0,0,0,0,1553594884,NaN,-10.188410284571342,0,4.273475155365719,4.560962562688888,0,0,0,0
2024-09-15T23:00:00+07:00,0.006367,0.006384,0.006229,0.006268,0,0,0,0,0,0,1905296590,NaN,-11.217987404013233,0,0.9370221552173861,3.1869209715102795,0,0,0,0
2024-09-16T03:00:00+07:00,0.006267,0.006275,0.005966,0.006016,0,0,0,1,0,0,3189682087,NaN,-10.190533734617196,0,-7.246034207110124,-0.5381164561523745,0,0,0,0
2024-09-16T07:00:00+07:00,0.006016,0.006046,0.005884,0.006018,0,0,0,0,0,0,2786050432,NaN,-8.797264711254584,0,-13.575882165662266,-5.517168550902683,0,0,0,0
2024-09-16T11:00:00+07:00,0.006018,0.006106,0.005984,0.0061,0,0,0,0,0,0,1658983439,NaN,-8.109746633883226,0,-13.802383569753001,-9.260401977796262,0,0,0,0
2024-09-16T15:00:00+07:00,0.006099,0.006133,0.005934,0.006013,0,0,0,0,0,0,2060592670,NaN,-7.187020620453861,0,-16.25683842965775,-12.718427945552694,0,0,0,0
2024-09-16T19:00:00+07:00,0.006013,0.006018,0.005826,0.005912,0,0,0,0,0,0,3337872327,NaN,-5.773790500059093,0,-20.700184695773515,-16.288881763012817,0,0,0,0
2024-09-16T23:00:00+07:00,0.005913,0.005949,0.005816,0.005869,0,0,0,0,0,0,1750688608,NaN,-4.412719891205352,0,-25.706350276551905,-20.085576983999673,0,0,0,0
2024-09-17T03:00:00+07:00,0.00587,0.00593,0.005776,0.005907,0,0,0,0,0,0,1330139519,NaN,-2.950374521277727,0,-26.100717455584572,-22.78304019336797,0,0,0,0
2024-09-17T07:00:00+07:00,0.005906,0.00595,0.005842,0.00594,0,0,0,0,0,0,1064644632,NaN,-1.8309807455582003,0,-23.139450661712058,-23.65842545211727,0,0,0,0
2024-09-17T11:00:00+07:00,0.00594,0.006038,0.005924,0.005987,0,0,0,0,0,0,1166326050,NaN,-1.783633460762669,0,-18.583709591838435,-22.3927592147781,0,0,0,0
2024-09-17T15:00:00+07:00,0.005986,0.006033,0.005944,0.00598,0,0,0,0,0,0,1300547736,NaN,-1.7396681248811063,0,-15.352537637410332,-19.89491091515084,0,0,0,0
2024-09-17T19:00:00+07:00,0.00598,0.00613,0.005928,0.00609,0,0,0,0,0,0,3359546951,NaN,-2.70897073062228,0,-5.747716746971734,-14.551965455934932,0,0,0,0
2024-09-17T23:00:00+07:00,0.00609,0.006148,0.005949,0.006006,0,0,0,0,0,0,2612223826,NaN,-3.7838595946488347,0,-1.9906894278488936,-9.28725312565009,0,0,0,0
2024-09-18T03:00:00+07:00,0.006006,0.006105,0.005993,0.006057,0,0,1,0,0,0,1077616888,NaN,-4.781970682673492,0,2.138113565384127,-4.2536083328032825,0,0,0,0
2024-09-18T07:00:00+07:00,0.006057,0.006329,0.005963,0.006205,0,0,0,0,0,0,3027665139,NaN,-4.877499460373986,0,8.956500619406857,1.3676611962446867,0,0,0,0
2024-09-18T11:00:00+07:00,0.006205,0.006229,0.006086,0.00611,0,0,0,0,0,0,2065919937,NaN,-4.966204753953011,0,9.470600556922616,5.324283357048225,0,0,0,0
2024-09-18T15:00:00+07:00,0.00611,0.006111,0.00586,0.00594,0,0,0,0,0,0,2589659157,NaN,-5.862334187749283,0,4.652427831271143,6.019972063012407,0,0,0,0
2024-09-18T19:00:00+07:00,0.005941,0.006027,0.005822,0.005858,0,0,0,1,0,0,1923646865,NaN,-6.439299238090992,0,-2.430443261378325,3.6613607662105756,0,0,0,0
2024-09-18T23:00:00+07:00,0.005858,0.006192,0.005811,0.006021,0,0,0,0,0,0,5126053769,NaN,-7.341792627970651,0,-4.549429075035697,0.6257377870915818,0,0,0,0
2024-09-19T03:00:00+07:00,0.006021,0.006353,0.005959,0.006351,0,0,0,0,0,0,1890703044,NaN,-7.249411210976863,0,-1.3930882819699346,-0.9119354183108357,0,0,0,0
2024-09-19T07:00:00+07:00,0.00635,0.006495,0.006284,0.006434,0,0,1,0,0,0,3426030450,NaN,-6.490751985272915,0,4.078522932010888,0.06423437437214001,0,0,0,0
2024-09-19T11:00:00+07:00,0.006433,0.006687,0.006388,0.006675,0,0,0,0,0,0,3641778154,NaN,-5.0457119782548645,0,12.956426264841193,4.359177119659333,0,0,0,0
2024-09-19T15:00:00+07:00,0.006675,0.006805,0.006596,0.006685,0,0,0,0,0,0,4235720742,NaN,-3.321333831440672,0,21.66644074443961,11.003858129241328,0,0,0,0
2024-09-19T19:00:00+07:00,0.006684,0.006823,0.006673,0.006786,0,0,0,0,0,0,4098034539,NaN,-1.6635870717714312,0,31.491337967915523,19.317045946260766,0,0,0,0
2024-09-19T23:00:00+07:00,0.006784,0.007376,0.006779,0.007024,0,0,0,0,0,0,8447961978,1.1315744670052155,NaN,0,40.42974715692542,28.206985690086753,0,0,0,0
2024-09-20T03:00:00+07:00,0.007025,0.007066,0.006891,0.007019,0,0,0,0,0,0,2465557153,3.727081610154954,NaN,0,46.586906591478815,36.36112288283751,0,0,0,0
2024-09-20T07:00:00+07:00,0.007018,0.007138,0.006771,0.007136,0,0,0,0,0,0,4862364119,5.274746743122499,NaN,0,52.64812612049129,43.70177434129458,0,0,0,0
2024-09-20T11:00:00+07:00,0.007135,0.007297,0.007049,0.007221,0,0,0,0,0,0,4912271533,7.051585013513382,NaN,0,57.992858766284144,50.17789002463925,0,0,0,0
2024-09-20T15:00:00+07:00,0.007222,0.007223,0.006879,0.00692,0,0,0,0,0,0,3601930088,7.599706522447178,NaN,0,54.609784181793614,53.104552978364104,0,0,0,0
2024-09-20T19:00:00+07:00,0.006918,0.006951,0.00671,0.006851,0,0,0,0,0,0,4183029203,7.14856956041222,NaN,0,48.89935620964279,52.58651019378015,0,0,0,0
2024-09-20T23:00:00+07:00,0.006852,0.00689,0.006685,0.006761,0,0,0,0,0,0,2227132655,6.593504374826072,NaN,0,41.17100449876857,48.92770956872362,0,0,0,0
2024-09-21T03:00:00+07:00,0.006762,0.006927,0.006747,0.006893,0,0,0,0,0,0,1685203290,6.204983162937829,NaN,0,36.42900978956668,44.04930418011383,0,0,0,0
2024-09-21T07:00:00+07:00,0.006894,0.006963,0.006761,0.006772,0,0,0,0,0,0,1741758052,5.970934752532418,NaN,0,29.412498204997785,37.91333601870937,0,0,0,0
2024-09-21T11:00:00+07:00,0.006773,0.006863,0.00666,0.006789,0,0,0,0,0,0,1994903998,5.135215130932597,NaN,0,24.068104813397444,31.901260764190553,0,0,0,0
2024-09-21T15:00:00+07:00,0.00679,0.006875,0.006756,0.006825,0,0,0,0,0,0,1145251371,4.408692092301159,NaN,0,20.905887898323833,26.87122516254028,0,0,0,0
2024-09-21T19:00:00+07:00,0.006824,0.006962,0.006799,0.006838,0,0,0,0,0,0,2099675260,4.0931745848216465,NaN,0,19.064478060668982,23.09361750242632,0,0,0,0
2024-09-21T23:00:00+07:00,0.006838,0.006875,0.006769,0.006788,0,0,0,0,0,0,1210421257,3.5966795389564545,NaN,0,16.39743262150304,19.900763125130354,0,0,0,0
2024-09-22T03:00:00+07:00,0.006788,0.006915,0.006727,0.006878,0,0,0,0,0,0,978883894,2.8457682241796967,NaN,0,15.849994404187276,17.86086781993337,0,0,0,0
2024-09-22T07:00:00+07:00,0.006879,0.006918,0.006611,0.00669,0,0,0,0,0,0,2461151480,1.3899025415175572,NaN,0,9.691158874371695,14.672194258185234,0,0,0,0
2024-09-22T11:00:00+07:00,0.006691,0.006778,0.006645,0.006714,0,0,0,0,0,0,1419584294,0.03802726475986162,NaN,0,5.26904660021623,10.96794633432032,0,0,0,0
2024-09-22T15:00:00+07:00,0.006714,0.006753,0.006472,0.006532,0,0,0,1,0,0,2520087417,NaN,-1.2501820134221475,0,-3.370658570500994,5.426252773423507,0,0,0,0
2024-09-22T19:00:00+07:00,0.006532,0.006565,0.00642,0.00649,0,0,0,0,0,0,2257872898,NaN,-2.1690012858383554,0,-12.119546565977018,-1.5360610105539805,0,0,0,0
2024-09-22T23:00:00+07:00,0.006489,0.006573,0.006403,0.006512,0,0,0,0,0,0,1765718670,NaN,-2.9299684725068538,0,-17.117967987032152,-8.263383322384511,0,0,0,0
2024-09-23T03:00:00+07:00,0.006511,0.006572,0.006235,0.006497,0,0,0,0,0,0,2907486943,NaN,-2.798542999888376,0,-19.042362155610096,-13.434306197659726,0,0,0,0
2024-09-23T07:00:00+07:00,0.006498,0.00675,0.006353,0.006682,0,0,0,0,0,0,3607145395,NaN,-3.8471990673168257,0,-12.471504712425102,-14.49937518987449,0,0,0,0
2024-09-23T11:00:00+07:00,0.006682,0.006776,0.006575,0.006595,0,0,0,0,0,0,2787988530,NaN,-4.97748991269847,0,-9.791600055017737,-13.48843920877738,0,0,0,0
2024-09-23T15:00:00+07:00,0.006595,0.006678,0.006505,0.006527,0,0,0,0,0,0,2338889222,NaN,-5.649714040222275,0,-10.928552140120505,-12.42842449041341,0,0,0,0
2024-09-23T19:00:00+07:00,0.006527,0.006696,0.006464,0.006623,0,0,0,0,0,0,3067176753,NaN,-6.056834631325433,0,-6.619889066595115,-10.011588375931407,0,0,0,0
2024-09-23T23:00:00+07:00,0.006621,0.006678,0.006512,0.006579,0,0,0,0,0,0,2089266609,NaN,-6.434875180206941,0,-5.124742946589428,-7.796242149476646,0,0,0,0
2024-09-24T03:00:00+07:00,0.00658,0.006724,0.006555,0.006723,0,0,1,0,0,0,1457363412,NaN,-7.129840383733125,0,0.41967079521015194,-4.66059928969007,0,0,0,0
2024-09-24T07:00:00+07:00,0.006723,0.006803,0.006515,0.006724,0,0,0,0,0,0,3996612278,NaN,-8.34004715554093,0,6.02739480439316,-0.5151267940181742,0,0,0,0
2024-09-24T11:00:00+07:00,0.006725,0.006825,0.0066,0.006799,0,0,0,0,0,0,2323092314,NaN,-9.44252774368621,0,13.55508061461333,5.084974647766384,0,0,0,0
2024-09-24T15:00:00+07:00,0.006798,0.006947,0.006763,0.006871,0,0,0,0,0,0,4286013045,NaN,-9.669169752818545,0,22.937574657967257,12.18033192035333,0,0,0,0
2024-09-24T19:00:00+07:00,0.006871,0.007114,0.006696,0.006786,0,0,0,0,0,0,7082811169,NaN,-8.986148312414137,0,24.73920101372528,17.90573372988879,0,0,0,0
2024-09-24T23:00:00+07:00,0.006789,0.007173,0.006789,0.006991,0,0,0,0,0,0,4581168019,NaN,-8.075519729039275,0,28.379865808800087,22.853760873761544,0,0,0,0
2024-09-25T03:00:00+07:00,0.00699,0.007135,0.006901,0.007049,0,0,0,0,0,0,2902935703,NaN,-7.229936044476901,0,32.43107218095684,27.28817714078055,0,0,0,0
2024-09-25T07:00:00+07:00,0.007049,0.007337,0.006986,0.007255,0,0,0,0,0,0,5448650606,NaN,-5.58059301807393,0,37.87598626362483,31.777319610251304,0,0,0,0
2024-09-25T11:00:00+07:00,0.007256,0.007258,0.006913,0.00695,0,0,0,0,0,0,3449883219,NaN,-4.672846825692037,0,35.20490676822217,33.75470853798708,0,0,0,0
2024-09-25T15:00:00+07:00,0.006949,0.007,0.006869,0.00697,0,0,0,0,0,0,2424630132,NaN,-4.195046393777993,0,32.83649568179828,34.12480496289789,0,0,0,0
2024-09-25T19:00:00+07:00,0.00697,0.007085,0.006828,0.006895,0,0,0,0,0,0,4649391234,NaN,-3.3630597357173784,0,27.046778973337663,32.02517617378363,0,0,0,0
2024-09-25T23:00:00+07:00,0.006895,0.006993,0.006819,0.006913,0,0,0,0,0,0,2696545538,NaN,-2.6701816603981676,0,22.576632414262658,28.524370987341864,0,0,0,0
2024-09-26T03:00:00+07:00,0.006914,0.006978,0.006777,0.006816,0,0,0,0,0,0,1952972918,NaN,-2.4077458315016464,0,15.544611310936288,23.336521417570918,0,0,0,0
2024-09-26T07:00:00+07:00,0.006816,0.006951,0.006711,0.00695,0,0,0,0,0,0,2757888407,NaN,-2.742791158764252,0,13.914236706644987,19.09397197654878,0,0,0,0
2024-09-26T11:00:00+07:00,0.00695,0.007388,0.006881,0.007329,0,0,0,0,0,0,6052756636,NaN,-1.2103995601024238,0,17.743410796142122,17.54719190279749,0,0,0,0
2024-09-26T15:00:00+07:00,0.007328,0.007437,0.0072,0.007281,0,0,0,0,0,0,6203531164,0.35958175582252494,NaN,0,20.23292851403309,17.83645672738694,0,0,0,0
2024-09-26T19:00:00+07:00,0.007282,0.007609,0.007217,0.007486,0,0,0,0,0,0,8557188065,2.2879126187954775,NaN,0,25.725743747676454,20.410916660477817,0,0,0,0
2024-09-26T23:00:00+07:00,0.007487,0.007683,0.007447,0.007491,0,0,0,0,0,0,4445043034,4.259816221761042,NaN,0,30.380873077561073,24.327145614635977,0,0,0,0
2024-09-27T03:00:00+07:00,0.007492,0.007552,0.007341,0.007445,0,0,0,0,0,0,2801887768,5.250617290122932,NaN,0,32.02808201310932,27.803360096201907,0,0,0,0
2024-09-27T07:00:00+07:00,0.007445,0.007689,0.007381,0.00767,0,0,0,0,0,0,4889965510,6.558983585900407,NaN,0,36.49791821930085,31.56193029273405,0,0,0,0
2024-09-27T11:00:00+07:00,0.007669,0.008026,0.007569,0.007898,0,0,0,0,0,0,7958079585,8.516270985530191,NaN,0,41.82744037476135,35.846707379542444,0,0,0,0
2024-09-27T15:00:00+07:00,0.007899,0.008148,0.00774,0.007774,0,0,0,0,0,0,5668640008,10.547826966799441,NaN,0,40.96489430005514,38.404334984066885,0,0,0,0
2024-09-27T19:00:00+07:00,0.007772,0.00838,0.007742,0.008154,0,0,0,0,0,0,8719764963,12.787791451383363,NaN,0,42.73175078995439,40.534971381732504,0,0,0,0
2024-09-27T23:00:00+07:00,0.008156,0.008375,0.008005,0.008052,0,0,0,0,0,0,4537432569,14.867758472782718,NaN,0,41.052181569124016,41.28235952496178,0,0,0,0
2024-09-28T03:00:00+07:00,0.00805,0.008137,0.007973,0.008026,0,0,0,0,0,0,1832312656,16.55609730665291,NaN,0,38.925753694175114,40.71933173947376,0,0,0,0
2024-09-28T07:00:00+07:00,0.008026,0.008299,0.007961,0.008155,0,0,0,0,0,0,4385952170,18.384607337733804,NaN,0,38.54701048100456,39.868200517937275,0,0,0,0
2024-09-28T11:00:00+07:00,0.008154,0.008155,0.007719,0.007746,0,0,0,0,0,0,5062681836,18.427450236764635,NaN,0,30.86976661634492,36.676683334431374,0,0,0,0
2024-09-28T15:00:00+07:00,0.007746,0.007921,0.0075,0.00784,0,0,0,0,0,0,5458981714,17.243206615776735,NaN,0,26.366161644100856,32.656973005758125,0,0,0,0
2024-09-28T19:00:00+07:00,0.00784,0.007881,0.007682,0.00778,0,0,0,0,0,0,3159494620,16.1435518248594,NaN,0,22.117866038830925,28.31220341838514,0,0,0,0
2024-09-28T23:00:00+07:00,0.007779,0.00792,0.007721,0.007835,0,0,0,0,0,0,2084809992,15.247799760435612,NaN,0,19.542274284505737,24.371190948256626,0,0,0,0
2024-09-29T03:00:00+07:00,0.007835,0.007836,0.007637,0.007811,0,0,0,0,0,0,1706286486,13.931801226923973,NaN,0,18.182078932374644,21.26901198806237,0,0,0,0
2024-09-29T07:00:00+07:00,0.007811,0.008057,0.007692,0.007953,0,0,0,0,0,0,4359201128,13.435434933917719,NaN,0,20.202093801110983,20.197833420688895,0,0,0,0
2024-09-29T11:00:00+07:00,0.007953,0.007961,0.007554,0.007584,0,0,0,0,0,0,3277202657,12.216911315242655,NaN,0,16.262738952962142,18.524714758281398,0,0,0,0
2024-09-29T15:00:00+07:00,0.007584,0.007669,0.007433,0.007504,0,0,0,0,0,0,3361373120,10.473935940859853,NaN,0,11.049290219027531,15.787341363971613,0,0,0,0
2024-09-29T19:00:00+07:00,0.007504,0.007577,0.007323,0.007529,0,0,0,0,0,0,4613861193,8.334963749275751,NaN,0,7.773352138698109,12.695893664205581,0,0,0,0
2024-09-29T23:00:00+07:00,0.007529,0.007843,0.007472,0.007842,0,0,0,0,0,0,2889212132,7.320410626857949,NaN,0,9.88335020731051,11.092373463697523,0,0,0,0
2024-09-30T03:00:00+07:00,0.007842,0.008012,0.00768,0.007763,0,0,0,0,0,0,4355560160,6.8963673858913985,NaN,0,9.150018503047603,9.79765794343944,0,0,0,0
2024-09-30T07:00:00+07:00,0.007763,0.007947,0.007441,0.007713,0,0,0,0,0,0,6366154110,5.417765376708626,NaN,0,7.635334284056422,8.73485270338852,0,0,0,0
2024-09-30T11:00:00+07:00,0.007713,0.007892,0.007561,0.007704,0,0,0,0,0,0,3364414095,4.044777796753195,NaN,0,6.193675017322105,7.766654685686543,0,0,0,0
2024-09-30T15:00:00+07:00,0.007702,0.007729,0.007353,0.00751,0,0,0,0,0,0,3804633164,2.0296154774202755,NaN,0,1.5403819948502364,5.571066673940972,0,0,0,0
2024-09-30T19:00:00+07:00,0.007509,0.007662,0.00727,0.007288,0,1,0,1,0,1,4850085012,0.4730434899321061,NaN,0,-7.609870133914557,0.7409259621969951,0,1,0,1
2024-09-30T23:00:00+07:00,0.007288,0.007434,0.007271,0.007353,0,0,0,0,0,0,3291178158,NaN,-0.9723447841640507,0,-14.198409670429905,-5.119179905637094,0,0,0,0
2024-10-01T03:00:00+07:00,0.007352,0.007525,0.007028,0.007095,0,0,0,0,0,0,3929287594,NaN,-1.427372867141223,0,-23.59670297802529,-12.555488331104478,0,0,0,0
2024-10-01T07:00:00+07:00,0.007097,0.007449,0.007041,0.007438,0,0,0,0,0,0,3286099935,NaN,-1.8498989441914553,0,-23.865460384746306,-17.999246741340084,0,0,0,0
2024-10-01T11:00:00+07:00,0.007438,0.007545,0.007353,0.007491,0,0,0,0,0,0,3198723246,NaN,-2.718316398043406,0,-20.879120405123558,-20.44361613156355,0,0,0,0
2024-10-01T15:00:00+07:00,0.007492,0.007561,0.007407,0.007411,0,0,0,0,0,0,2155420010,NaN,-3.604501011196966,0,-19.73426109801841,-21.01173225942038,0,0,0,0
2024-10-01T19:00:00+07:00,0.007411,0.007493,0.00663,0.006904,0,0,0,0,0,0,9488123380,NaN,-2.2073569061840743,0,-22.256949558052607,-21.612451809681684,0,0,0,0
2024-10-01T23:00:00+07:00,0.006903,0.00698,0.006159,0.006407,0,0,0,0,0,0,10792252369,NaN,-0.1350172469401265,0,-27.3385156458175,-23.36979073002311,0,0,0,0
2024-10-02T03:00:00+07:00,0.006405,0.006501,0.006253,0.006395,0,0,0,0,0,0,4103123251,1.789298150929259,NaN,0,-32.29289711925478,-26.529135963657474,0,0,0,0
2024-10-02T07:00:00+07:00,0.006395,0.006579,0.006336,0.006528,0,0,0,0,0,0,3091518447,3.2065176155659074,NaN,0,-32.58974532589666,-29.225601483871902,0,0,0,0
2024-10-02T11:00:00+07:00,0.006528,0.006689,0.00643,0.006604,0,0,0,0,0,0,3141387249,4.006943973728305,NaN,0,-30.77193671419149,-30.53542247213307,0,0,0,0
2024-10-02T15:00:00+07:00,0.006602,0.006656,0.006254,0.006369,0,0,0,0,0,0,4427912688,5.08856451840321,NaN,0,-32.038010421164586,-31.53142298830706,0,0,0,0
2024-10-02T19:00:00+07:00,0.006368,0.006466,0.006186,0.00642,0,0,0,0,0,0,4883287087,6.218618802331903,NaN,0,-30.17208285492972,-31.253376924861968,0,0,0,0
2024-10-02T23:00:00+07:00,0.006421,0.006539,0.005939,0.006084,0,0,0,0,0,0,5292659314,7.691892461372838,NaN,0,-31.284424753245354,-31.15720701358127,0,0,0,0
2024-10-03T03:00:00+07:00,0.006085,0.006195,0.006028,0.006112,0,0,0,0,0,0,2173409381,9.059932287625124,NaN,0,-32.21498831674216,-31.438456447866802,0,0,0,0
2024-10-03T07:00:00+07:00,0.006111,0.006237,0.006058,0.006223,0,0,0,0,0,0,2588091967,10.10053287114011,NaN,0,-29.287841348731888,-30.768974026759214,0,0,0,0
2024-10-03T11:00:00+07:00,0.006224,0.006254,0.006012,0.006037,0,0,0,0,0,0,2187785131,11.156239223486772,NaN,0,-29.976695686782506,-30.428049409365794,0,0,0,0
2024-10-03T15:00:00+07:00,0.006036,0.006058,0.005746,0.005939,0,1,0,0,0,0,5494269590,12.608304259457661,NaN,0,-32.00812537663529,-30.901689004215452,0,1,0,0
2024-10-03T19:00:00+07:00,0.005939,0.006047,0.005673,0.005849,0,0,0,0,0,0,5861416377,14.073167424225339,NaN,0,-34.83830751471015,-32.196319810309696,0,0,0,0
2024-10-03T23:00:00+07:00,0.005849,0.005936,0.00568,0.005928,0,0,0,0,0,0,3244373692,15.43339750579532,NaN,0,-33.50200620643168,-32.808591329546786,0,0,0,0
2024-10-04T03:00:00+07:00,0.005927,0.005961,0.005816,0.005907,0,0,0,0,0,0,1640664669,16.53077807948806,NaN,0,-31.77784663896728,-32.760341800316446,0,0,0,0
2024-10-04T07:00:00+07:00,0.005905,0.00608,0.005864,0.005999,0,0,0,0,0,0,2677449207,16.771416746298087,NaN,0,-27.13304349931885,-30.997824205187598,0,0,0,0
2024-10-04T11:00:00+07:00,0.005998,0.00613,0.005982,0.006115,0,0,0,0,0,0,1841131121,16.67735193684551,NaN,0,-19.27653917269161,-26.80604864701392,0,0,0,0
2024-10-04T15:00:00+07:00,0.006115,0.006247,0.006099,0.006224,0,0,0,0,0,0,2742995988,15.870071543390303,NaN,0,-8.501606367484689,-19.87140123403418,0,0,0,0
2024-10-04T19:00:00+07:00,0.006223,0.006313,0.006106,0.006287,1,0,1,0,0,0,4312891200,14.731440988943753,NaN,0,3.759616699421127,-10.605459541900863,1,0,0,0
2024-10-04T23:00:00+07:00,0.006288,0.006447,0.006277,0.006409,0,0,0,0,0,0,2607887862,12.927314896651467,NaN,0,16.0313306816971,0.2669452839342578,0,0,0,0
2024-10-05T03:00:00+07:00,0.006409,0.006415,0.006306,0.006356,0,0,0,0,0,0,1201692451,11.252054953808624,NaN,0,24.154684194813722,10.659856126097292,0,0,0,0
2024-10-05T07:00:00+07:00,0.006356,0.00648,0.006239,0.006243,0,0,0,0,0,0,2128651730,9.979213342302792,NaN,0,24.185741750768784,17.643937640636512,0,0,0,0
2024-10-05T11:00:00+07:00,0.006244,0.006414,0.006229,0.006336,0,0,0,0,0,0,1605511938,8.84031416202398,NaN,0,24.471388519132443,21.82574934973292,0,0,0,0
2024-10-05T15:00:00+07:00,0.006336,0.0064,0.006286,0.00631,0,0,0,0,0,0,1442743606,7.78276492319366,NaN,0,21.910251072656628,22.95564891756292,0,0,0,0
2024-10-05T19:00:00+07:00,0.00631,0.006373,0.006224,0.006277,0,0,0,0,0,0,1530915405,7.0923600049917255,NaN,0,17.289234750047086,21.335167419640705,0,0,0,0
2024-10-05T23:00:00+07:00,0.006276,0.006294,0.006135,0.006157,0,0,0,0,0,0,1629842848,6.848379521784331,NaN,0,8.72831022127114,16.777184140903174,0,0,0,0
2024-10-06T03:00:00+07:00,0.006156,0.006272,0.00611,0.006252,0,0,0,0,0,0,1107887210,6.73088224177064,NaN,0,5.437836574825838,12.150801244920046,0,0,0,0
2024-10-06T07:00:00+07:00,0.006253,0.006402,0.006219,0.006253,0,0,0,0,0,0,1483050513,5.626238967728188,NaN,0,2.927986855603719,7.937662120925745,0,0,0,0
2024-10-06T11:00:00+07:00,0.006254,0.006302,0.00622,0.00626,0,0,0,0,0,0,969363557,4.600498784688767,NaN,0,1.3693001563852272,4.641187541427194,0,0,0,0
2024-10-06T15:00:00+07:00,0.006261,0.00634,0.006239,0.006322,0,0,0,0,0,0,1037435481,3.3572107642202376,NaN,0,4.120467186297109,3.6311653663173615,0,0,0,0
2024-10-06T19:00:00+07:00,0.006322,0.006642,0.006298,0.006525,0,0,0,0,0,0,4109516365,2.308644144623944,NaN,0,12.67571186015157,6.3508092534090155,0,0,0,0
2024-10-06T23:00:00+07:00,0.006526,0.006611,0.006451,0.006466,0,0,0,0,0,0,2508407754,1.3349751407131016,NaN,0,15.477704676480235,9.741290636684864,0,0,0,0
2024-10-07T03:00:00+07:00,0.006464,0.006567,0.006383,0.006556,0,0,0,0,0,0,1799756946,NaN,-0.030332073492051137,0,21.35300575876163,14.420881173944217,0,0,0,0
2024-10-07T07:00:00+07:00,0.006554,0.006932,0.006516,0.006814,0,0,0,0,0,0,4267568151,0.3399024376213049,NaN,0,29.47999048915323,20.581132027790243,0,0,0,0
2024-10-07T11:00:00+07:00,0.006815,0.006878,0.006718,0.006766,0,0,0,0,0,0,2057485953,0.6836916265122674,NaN,0,33.534669694456426,26.2188965945528,0,0,0,0
2024-10-07T15:00:00+07:00,0.006765,0.00684,0.006512,0.006656,0,0,0,0,0,0,3164664663,NaN,-0.2916877907930804,0,31.33711341098515,29.163195566280976,0,0,0,0
2024-10-07T19:00:00+07:00,0.006657,0.006946,0.006575,0.006749,0,0,0,0,0,0,4116678924,NaN,-0.747235928095197,0,30.912859340468668,30.72198307778142,0,0,0,0
2024-10-07T23:00:00+07:00,0.006751,0.006933,0.006657,0.00676,0,0,0,0,0,0,2866047512,NaN,-1.1702449127328762,0,30.035012821707404,30.95914477209555,0,0,0,0
2024-10-08T03:00:00+07:00,0.00676,0.006793,0.006537,0.006546,0,0,0,0,0,0,1873638008,NaN,-2.28969179938408,0,22.68589217327531,28.167799112735924,0,0,0,0
2024-10-08T07:00:00+07:00,0.006546,0.006691,0.006532,0.006638,0,0,0,0,0,0,1845054312,NaN,-3.358866654314621,0,18.670843882912603,24.491043910980597,0,0,0,0
2024-10-08T11:00:00+07:00,0.006639,0.006694,0.006365,0.006426,0,0,0,0,0,0,2660585268,NaN,-4.523068435192762,0,9.451314447323607,18.732033951465194,0,0,0,0
2024-10-08T15:00:00+07:00,0.006424,0.006538,0.006374,0.006512,0,0,0,0,0,0,1652888618,NaN,-5.604112946008179,0,4.88047956889488,12.908465630050976,0,0,0,0
2024-10-08T19:00:00+07:00,0.006513,0.00659,0.006272,0.006356,0,0,0,1,0,0,3434455280,NaN,-6.072385618751461,0,-2.979041314443802,6.200548998962123,0,0,0,0
2024-10-08T23:00:00+07:00,0.006357,0.006437,0.006277,0.006381,0,0,0,0,0,0,1636080287,NaN,-6.507210243441651,0,-8.727756821853843,-0.2226691921866646,0,0,0,0
2024-10-09T03:00:00+07:00,0.00638,0.00646,0.006285,0.006388,0,0,0,0,0,0,1095251140,NaN,-7.07454601694743,0,-12.221614123707964,-5.71626321761155,0,0,0,0
2024-10-09T07:00:00+07:00,0.006389,0.00655,0.006344,0.006441,0,0,0,0,0,0,1971686126,NaN,-8.22345902920527,0,-12.122523973176417,-9.117329992417881,0,0,0,0
2024-10-09T11:00:00+07:00,0.00644,0.006583,0.006395,0.006485,0,0,0,0,0,0,2002164483,NaN,-9.333790151955329,0,-9.753608152728248,-10.290502265708152,0,0,0,0
2024-10-09T15:00:00+07:00,0.006484,0.006533,0.006438,0.00651,0,0,0,0,0,0,1341613267,NaN,-10.364811908794675,0,-5.510047917339514,-9.073548612427306,0,0,0,0
2024-10-09T19:00:00+07:00,0.006509,0.006521,0.006185,0.006423,0,0,0,0,0,0,4340921194,NaN,-9.968715353457085,0,-4.11792026667293,-7.223818635397882,0,0,0,0
2024-10-09T23:00:00+07:00,0.006423,0.006426,0.006155,0.006178,0,0,0,0,0,0,2195936939,NaN,-9.450963611224036,0,-8.460037172605464,-7.128783397358033,0,0,0,0
2024-10-10T03:00:00+07:00,0.006179,0.006191,0.006015,0.006118,0,0,0,0,0,0,1977784435,NaN,-8.322092832302037,0,-14.359196988099626,-9.25090656122307,0,0,0,0
2024-10-10T07:00:00+07:00,0.006118,0.00622,0.006064,0.006166,0,0,0,0,0,0,1421452599,NaN,-7.511999244932593,0,-17.09259289705694,-12.13505016041233,0,0,0,0
2024-10-10T11:00:00+07:00,0.006165,0.006321,0.006123,0.006194,0,0,0,0,0,0,2023932914,NaN,-7.5546248930458155,0,-18.81315140326142,-15.103447612047837,0,0,0,0
2024-10-10T15:00:00+07:00,0.006195,0.006248,0.006021,0.00624,0,0,0,0,0,0,2394781938,NaN,-7.081471325282212,0,-15.412903392960356,-16.051555494521534,0,0,0,0
2024-10-10T19:00:00+07:00,0.00624,0.006256,0.005992,0.00612,0,0,0,0,0,0,3343966637,NaN,-6.502378416434027,0,-16.238911310377414,-16.522000474381752,0,0,0,0
2024-10-10T23:00:00+07:00,0.00612,0.006168,0.005952,0.006109,0,0,0,0,0,0,3013828127,NaN,-5.769885401853006,0,-15.838756315647036,-16.340468846813714,0,0,0,0
2024-10-11T03:00:00+07:00,0.00611,0.006303,0.006083,0.006275,0,0,0,0,0,0,1719022566,NaN,-6.1762392896457925,0,-9.235131755144607,-13.85909174390837,0,0,0,0
2024-10-11T07:00:00+07:00,0.006274,0.006401,0.006229,0.006343,0,0,0,0,0,0,2015686356,NaN,-7.239290445745294,0,-0.7711032149570555,-9.080202537067999,0,0,0,0
2024-10-11T11:00:00+07:00,0.006344,0.006405,0.006281,0.006353,0,0,1,0,0,0,1638677142,NaN,-8.253900322460243,0,6.621048629003705,-3.0400659281276665,0,0,0,0
2024-10-11T15:00:00+07:00,0.006353,0.006421,0.006329,0.006343,0,0,0,0,0,0,1271569413,NaN,-9.312169743914003,0,10.94500967840099,2.9724608958141574,0,0,0,0
2024-10-11T19:00:00+07:00,0.006343,0.006661,0.006338,0.00656,0,0,0,0,0,0,3390908935,NaN,-9.09765574842181,0,19.575949812617747,10.049706365243006,0,0,0,0
2024-10-11T23:00:00+07:00,0.00656,0.006703,0.006526,0.006696,0,0,0,0,0,0,2402032315,NaN,-8.685161504879833,0,30.28854665508364,18.33683704027617,0,0,0,0
2024-10-12T03:00:00+07:00,0.006693,0.006754,0.006641,0.006674,0,0,0,0,0,0,1448694691,NaN,-8.045754466874076,0,37.20263588308861,26.2937522306291,0,0,0,0
2024-10-12T07:00:00+07:00,0.006673,0.006896,0.006673,0.006704,0,0,0,0,0,0,2310758049,NaN,-6.8071211391099595,0,41.859372723291145,33.27133042784651,0,0,0,0
2024-10-12T11:00:00+07:00,0.006704,0.006871,0.006689,0.006825,0,0,0,0,0,0,2016072950,NaN,-5.656961620471851,0,47.46462887871555,39.76810573725288,0,0,0,0
2024-10-12T15:00:00+07:00,0.006825,0.007098,0.006788,0.006895,0,0,0,0,0,0,3398296117,NaN,-3.730128760759584,0,52.654876432372404,45.5603222845239,0,0,0,0
2024-10-12T19:00:00+07:00,0.006896,0.007417,0.006863,0.007169,0,0,0,0,0,0,8694912421,NaN,-1.1093347685499282,0,58.352057369948156,51.046337369669864,0,0,0,0
2024-10-12T23:00:00+07:00,0.007171,0.007226,0.007,0.007101,0,0,0,0,0,0,2430781048,1.3242596527876138,NaN,0,58.62411554153299,54.752137797686466,0,0,0,0
2024-10-13T03:00:00+07:00,0.007101,0.007221,0.007091,0.00716,0,0,0,0,0,0,1507184970,3.5840259011724704,NaN,0,59.22263197157885,57.22934505848874,0,0,0,0
2024-10-13T07:00:00+07:00,0.00716,0.007193,0.006925,0.006938,0,0,0,0,0,0,2332233524,4.288455643501958,NaN,0,50.832344565780325,55.752239234138976,0,0,0,0
2024-10-13T11:00:00+07:00,0.006937,0.007192,0.006933,0.007148,0,0,0,0,0,0,2538102899,4.942568975665058,NaN,0,46.884219624615696,52.734577383596694,0,0,0,0
2024-10-13T15:00:00+07:00,0.007148,0.008289,0.007129,0.007658,0,0,0,0,0,0,28533655726,7.688309978638735,NaN,0,45.58755126625275,49.66940320078388,0,0,0,0
2024-10-13T19:00:00+07:00,0.00766,0.007996,0.00745,0.007533,0,0,0,0,0,0,19947706484,10.237926624257163,NaN,0,39.231421168863456,45.336486059087655,0,0,0,0
2024-10-13T23:00:00+07:00,0.007532,0.007791,0.007505,0.00766,0,0,0,0,0,0,8074276571,12.605427795188554,NaN,0,36.052732002165286,41.236852153336685,0,0,0,0
2024-10-14T03:00:00+07:00,0.00766,0.007887,0.007591,0.007843,0,0,0,0,0,0,5790145191,14.917812418937373,NaN,0,37.04849100873917,39.01379791440457,0,0,0,0
2024-10-14T07:00:00+07:00,0.007844,0.008878,0.007711,0.008873,1,0,0,0,1,0,24506415317,17.83579522154458,NaN,0,41.76864206108255,39.28305093005633,1,0,1,0
2024-10-14T11:00:00+07:00,0.008873,0.009099,0.008673,0.009007,0,0,0,0,0,0,22778006738,20.654502080918668,NaN,0,47.89150833880524,41.93429787585119,0,0,0,0
2024-10-14T15:00:00+07:00,0.009007,0.009389,0.008926,0.009354,0,0,0,0,0,0,17191744311,23.39952862357378,NaN,0,54.388763680979004,46.59769946420048,0,0,0,0
2024-10-14T19:00:00+07:00,0.009353,0.010433,0.009113,0.010079,0,0,0,0,0,0,33505518225,26.268264355621596,NaN,0,60.863663243888986,52.40891140604539,0,0,0,0
2024-10-14T23:00:00+07:00,0.01008,0.010192,0.009852,0.010077,0,0,0,0,0,0,15104699216,28.932090392523136,NaN,0,66.49914888265938,58.4445564780322,0,0,0,0
2024-10-15T03:00:00+07:00,0.010077,0.010556,0.009924,0.0103,0,0,0,0,0,0,11488590814,31.489085123650362,NaN,0,70.90018720230184,63.98383713163845,0,0,0,0
2024-10-15T07:00:00+07:00,0.0103,0.011355,0.01028,0.010732,0,0,0,0,0,0,30278406646,34.0060988124393,NaN,0,74.37067328672063,68.73784347063638,0,0,0,0
2024-10-15T11:00:00+07:00,0.010734,0.01093,0.010324,0.010366,0,0,0,0,0,0,14715238935,36.34332580917189,NaN,0,70.00233292005399,70.27045869088438,0,0,0,0
2024-10-15T15:00:00+07:00,0.010367,0.010593,0.008957,0.009171,0,0,0,0,0,0,23804274909,34.70044652346292,NaN,0,58.70339172978478,66.99585556510432,0,0,0,0
2024-10-15T19:00:00+07:00,0.009169,0.010455,0.009066,0.009715,0,0,0,0,0,0,36498884049,33.17491575816174,NaN,0,50.62954120173199,61.17398703091361,0,0,0,0
2024-10-15T23:00:00+07:00,0.009715,0.009846,0.0094,0.009428,0,0,0,0,0,0,8217842139,31.758351476096344,NaN,0,41.45800713884881,53.352914321156995,0,0,0,0
2024-10-16T03:00:00+07:00,0.009428,0.009448,0.008962,0.009356,0,0,0,0,0,0,8104902970,29.452281259089375,NaN,0,33.97154597491715,44.9991665609867,0,0,0,0
2024-10-16T07:00:00+07:00,0.009356,0.009598,0.009071,0.009274,0,0,0,0,0,0,9038659624,27.50328988833929,NaN,0,27.564946423875334,37.20316077125603,0,0,0,0
2024-10-16T11:00:00+07:00,0.009273,0.009347,0.008673,0.008756,0,0,0,0,0,0,11863395727,24.853616205282307,NaN,0,19.082949452924876,29.408981757620452,0,0,0,0
2024-10-16T15:00:00+07:00,0.008756,0.009379,0.008731,0.009125,0,0,0,0,0,0,14044197510,22.441197218474137,NaN,0,15.91405534111403,23.199867525171918,0,0,0,0
2024-10-16T19:00:00+07:00,0.009126,0.009255,0.008755,0.008801,0,0,0,0,0,0,10526013094,20.20109387358083,NaN,0,11.22804035544448,17.743114021541395,0,0,0,0
2024-10-16T23:00:00+07:00,0.008801,0.00884,0.008615,0.008764,0,0,0,0,0,0,6575335271,17.79978995946226,NaN,0,7.180463732682903,12.952499429217308,0,0,0,0
2024-10-17T03:00:00+07:00,0.008764,0.008988,0.008762,0.008851,0,0,0,0,0,0,3521622528,15.836780257303474,NaN,0,4.7645546591776435,9.142653961873748,0,0,0,0
2024-10-17T07:00:00+07:00,0.008851,0.00925,0.008786,0.009033,0,0,0,0,0,0,8211315766,14.464786540529367,NaN,0,4.7043794915813395,6.832776222977931,0,0,0,0
2024-10-17T11:00:00+07:00,0.009033,0.009168,0.008701,0.008798,0,0,0,0,0,0,7145305098,12.970313410232123,NaN,0,2.0761165501977503,4.605382167710488,0,0,0,0
2024-10-17T15:00:00+07:00,0.008799,0.008895,0.008438,0.008455,0,0,0,1,0,0,8939685498,10.922396614466983,NaN,0,-3.3806140681313046,1.4816071590611124,0,0,0,0
2024-10-17T19:00:00+07:00,0.008456,0.008898,0.008433,0.008825,0,0,0,0,0,0,9272178746,9.008316691709616,NaN,0,-3.1069329881020344,-0.5770305280067878,0,0,0,0
2024-10-17T23:00:00+07:00,0.008825,0.008844,0.008335,0.008549,0,0,0,0,0,0,7552159617,6.977268873434163,NaN,0,-4.682898151388586,-2.475163488117876,0,0,0,0
2024-10-18T03:00:00+07:00,0.008548,0.008643,0.008503,0.008525,0,0,0,0,0,0,2410096453,5.091295899321235,NaN,0,-6.169014787362145,-4.238838472849069,0,0,0,0
2024-10-18T07:00:00+07:00,0.008525,0.009078,0.008414,0.008874,0,0,0,0,0,0,9006473246,4.307925294481731,NaN,0,-3.493528299731103,-4.385791676440348,0,0,0,0
2024-10-18T11:00:00+07:00,0.008874,0.009438,0.008874,0.009153,1,0,1,0,0,0,9808899093,4.2355689286928495,NaN,0,1.9151736969793665,-2.3585345577995485,1,0,0,0
2024-10-18T15:00:00+07:00,0.009152,0.010219,0.009132,0.009865,0,0,0,0,0,0,19279489539,5.241084569054262,NaN,0,11.809373410628444,2.613736614383567,0,0,0,0
2024-10-18T19:00:00+07:00,0.009865,0.009931,0.009411,0.009567,0,0,0,0,0,0,15376548194,6.174777663675574,NaN,0,15.16641315070451,7.710600606676673,0,0,0,0
2024-10-18T23:00:00+07:00,0.009566,0.009762,0.009395,0.009562,0,0,0,0,0,0,6589527977,6.991091294861228,NaN,0,16.465543284747206,11.917220556844468,0,0,0,0
2024-10-19T03:00:00+07:00,0.009561,0.009639,0.009433,0.009593,0,0,0,0,0,0,2973265865,7.749096809533626,NaN,0,17.694080134221945,15.024382252029888,0,0,0,0
2024-10-19T07:00:00+07:00,0.009595,0.009839,0.009468,0.009603,0,0,0,0,0,0,7678622235,8.727541692295404,NaN,0,17.766823469405075,16.743284496679482,0,0,0,0
2024-10-19T11:00:00+07:00,0.009603,0.009774,0.009503,0.00964,0,0,0,0,0,0,5326590014,9.636097654859917,NaN,0,17.416000476630042,17.28846909224235,0,0,0,0
2024-10-19T15:00:00+07:00,0.00964,0.009864,0.00918,0.009282,0,0,0,0,0,0,9764519358,9.313795836602445,NaN,0,9.36845170837714,14.777362293987478,0,0,0,0
2024-10-19T19:00:00+07:00,0.009283,0.009523,0.009267,0.009409,0,0,0,0,0,0,3809276558,9.01451557679195,NaN,0,4.062154298690321,10.884020455325492,0,0,0,0
2024-10-19T23:00:00+07:00,0.009409,0.009526,0.009278,0.009436,0,0,0,0,0,0,3054161030,8.74259794975277,NaN,0,0.9075526822439676,6.766037343585181,0,0,0,0
2024-10-20T03:00:00+07:00,0.009437,0.009644,0.009429,0.009572,0,0,0,0,0,0,2547176932,8.731095553346684,NaN,0,0.40508205207835196,3.5996658519215274,0,0,0,0
2024-10-20T07:00:00+07:00,0.009571,0.009649,0.009233,0.009337,0,0,0,1,0,0,4312937518,7.9609947006700565,NaN,0,-3.9281737243366517,0.1463251959413223,0,0,0,0
2024-10-20T11:00:00+07:00,0.009336,0.009488,0.009123,0.009209,0,0,0,0,0,0,4679819580,6.842831768917119,NaN,0,-10.48447700030191,-4.069504938629523,0,0,0,0
2024-10-20T15:00:00+07:00,0.00921,0.009279,0.00911,0.009235,0,0,0,0,0,0,2660010189,5.755876620621141,NaN,0,-15.149988782719346,-8.51697708676091,0,0,0,0
2024-10-20T19:00:00+07:00,0.009235,0.00926,0.008829,0.009047,0,0,0,0,0,0,7776373791,3.7545149660778883,NaN,0,-21.394157523830465,-13.765029276502027,0,0,0,0
2024-10-20T23:00:00+07:00,0.009049,0.009174,0.00899,0.009092,0,0,0,0,0,0,2616243729,1.896107715430574,NaN,0,-25.79089257514494,-18.99187913627634,0,0,0,0
2024-10-21T03:00:00+07:00,0.009092,0.009373,0.009054,0.009274,0,0,0,0,0,0,4627385508,0.7894229591003707,NaN,0,-22.90380737202759,-21.509968953196644,0,0,0,0
2024-10-21T07:00:00+07:00,0.009273,0.009481,0.008962,0.009059,0,0,0,0,0,0,6255869469,0.07501357222818683,NaN,0,-24.89500726187403,-23.426749823553042,0,0,0,0
2024-10-21T11:00:00+07:00,0.009059,0.009676,0.008961,0.009329,0,0,0,0,0,0,9240783993,NaN,-0.0602836772661135,0,-20.140666016776105,-22.798048261438648,0,0,0,0
2024-10-21T15:00:00+07:00,0.009328,0.009511,0.009008,0.009062,0,0,0,0,0,0,6456685444,NaN,-0.18591683751082044,0,-20.39884550694976,-21.922694713778363,0,0,0,0
2024-10-21T19:00:00+07:00,0.009063,0.00916,0.008531,0.008665,0,0,0,0,0,0,11021962248,NaN,-1.8596852657362142,0,-25.473438990755596,-22.805226461845397,0,0,0,0
2024-10-21T23:00:00+07:00,0.008665,0.008742,0.008496,0.008697,0,0,0,0,0,0,3762579961,NaN,-3.3046291568378727,0,-28.648655819232793,-24.767327391697457,0,0,0,0
2024-10-22T03:00:00+07:00,0.008699,0.008759,0.008588,0.008608,0,0,0,0,0,0,1719294014,NaN,-4.705526906609631,0,-32.56432426357417,-27.651661239849627,0,0,0,0
2024-10-22T07:00:00+07:00,0.008608,0.008898,0.008539,0.008812,0,0,0,0,0,0,4893997943,NaN,-5.821331992179143,0,-29.951390507100736,-29.153729369063978,0,0,0,0
2024-10-22T11:00:00+07:00,0.008812,0.008969,0.008742,0.008832,0,0,0,0,0,0,3142624357,NaN,-6.618257809389547,0,-26.527709668767706,-28.860522252812345,0,0,0,0
2024-10-22T15:00:00+07:00,0.008832,0.008894,0.008583,0.008806,0,0,0,0,0,0,5250492140,NaN,-7.90162167909542,0,-23.15482101500979,-27.034427974520206,0,0,0,0
2024-10-22T19:00:00+07:00,0.008806,0.009024,0.008598,0.008892,0,0,0,0,0,0,8673412987,NaN,-8.691063457654792,0,-14.933749329960749,-22.622550999594782,0,0,0,0
2024-10-22T23:00:00+07:00,0.008892,0.00904,0.008678,0.008927,0,0,0,0,0,0,4205156589,NaN,-9.367368394181549,0,-5.807730507813496,-16.082994849905067,0,0,0,0
2024-10-23T03:00:00+07:00,0.008926,0.009029,0.008857,0.008914,0,0,1,0,0,0,2068182466,NaN,-9.995365835242106,0,0.8741319677233561,-9.099924125420449,0,0,0,0
2024-10-23T07:00:00+07:00,0.008914,0.00903,0.008699,0.008786,0,0,0,0,0,0,4150266668,NaN,-10.881937455644128,0,0.8234023721421693,-4.1887980977845,0,0,0,0
2024-10-23T11:00:00+07:00,0.008786,0.00896,0.0087,0.008857,0,0,0,0,0,0,4212735754,NaN,-11.70518253173172,0,2.1587886051339367,-0.6559507952119541,0,0,0,0
2024-10-23T15:00:00+07:00,0.008857,0.0096,0.008756,0.008874,0,0,0,0,0,0,21751670217,NaN,-10.691585915264815,0,0.4330894763301915,0.614089489749762,0,0,0,0
2024-10-23T19:00:00+07:00,0.008873,0.00937,0.008864,0.009106,0,0,0,0,0,0,15039708534,NaN,-9.750389057116973,0,3.687870682101938,1.944600922882664,0,0,0,0
2024-10-23T23:00:00+07:00,0.009107,0.009219,0.008588,0.009213,0,0,0,0,0,0,9464949529,NaN,-10.040911223163413,0,10.43960978877026,4.892651978910645,0,0,0,0
2024-10-24T03:00:00+07:00,0.009212,0.009617,0.009155,0.00952,0,0,0,0,0,0,7697022543,NaN,-9.259536029010956,0,19.958565790154857,10.375989847330365,0,0,0,0
2024-10-24T07:00:00+07:00,0.009519,0.010278,0.009508,0.009923,0,0,0,0,0,0,14906006550,NaN,-7.324003541030027,0,30.84467246905908,18.212352380850643,0,0,0,0
2024-10-24T11:00:00+07:00,0.009923,0.010049,0.009727,0.009736,0,0,0,0,0,0,8972503368,NaN,-5.526723373619166,0,33.46666095966878,25.010318820312484,0,0,0,0
2024-10-24T15:00:00+07:00,0.009736,0.009862,0.009506,0.009669,0,0,0,0,0,0,8480207212,NaN,-4.688561273483121,0,32.13438614813141,29.161955557039292,0,0,0,0
2024-10-24T19:00:00+07:00,0.009671,0.009865,0.009516,0.009655,0,0,0,0,0,0,7158746938,NaN,-3.9044259168852378,0,29.347051321919515,30.48804632062684,0,0,0,0
2024-10-24T23:00:00+07:00,0.009655,0.01047,0.009654,0.010208,0,0,0,0,0,0,12979432897,NaN,-2.1691125650387875,0,30.361668186367694,30.89184660348716,0,0,0,0
2024-10-25T03:00:00+07:00,0.010208,0.010212,0.009872,0.009878,0,0,0,0,0,0,4499317563,NaN,-0.5577501668956515,0,26.310670711300226,29.251774234910805,0,0,0,0
2024-10-25T07:00:00+07:00,0.009878,0.01001,0.009447,0.009542,0,0,0,0,0,0,6744968880,NaN,-0.5490674914486533,0,18.100695102841268,25.17731011403205,0,0,0,0
2024-10-25T11:00:00+07:00,0.009542,0.009568,0.009155,0.009218,0,0,0,0,0,0,7433092814,NaN,-1.3936475686776504,0,7.641326032220066,18.640787360068067,0,0,0,0
2024-10-25T15:00:00+07:00,0.009218,0.009484,0.009099,0.00938,0,0,0,0,0,0,6421119431,NaN,-2.3340336454538857,0,2.3179602515663027,11.96268002028025,0,0,0,0
2024-10-25T19:00:00+07:00,0.009378,0.009494,0.009077,0.00914,0,0,0,1,0,0,6075104385,NaN,-3.271496061092062,0,-4.688426751954593,4.751049750675679,0,0,0,0
2024-10-25T23:00:00+07:00,0.00914,0.009229,0.008873,0.00899,0,0,0,0,0,0,9261580140,NaN,-4.730480621031436,0,-12.598772830854958,-2.760689549340857,0,0,0,0
2024-10-26T03:00:00+07:00,0.008989,0.009049,0.007892,0.008237,0,0,0,0,0,0,11691772055,NaN,-4.243009426866813,0,-22.020506822054585,-10.819043943613591,0,0,0,0
2024-10-26T07:00:00+07:00,0.008237,0.008442,0.008044,0.008417,0,0,0,0,0,0,8702691744,NaN,-3.7903576037139537,0,-25.662100530651873,-17.416516112425697,0,0,0,0
2024-10-26T11:00:00+07:00,0.008416,0.008474,0.00833,0.008339,0,0,0,0,0,0,3151656625,NaN,-3.46529908397196,0,-28.084486292522293,-22.601221764336483,0,0,0,0
2024-10-26T15:00:00+07:00,0.00834,0.008684,0.008332,0.008601,0,0,0,0,0,0,4959101395,NaN,-3.7836405601576324,0,-25.849612416242127,-25.014139687881304,0,0,0,0
2024-10-26T19:00:00+07:00,0.008602,0.008671,0.00822,0.008365,0,0,0,0,0,0,5433993572,NaN,-3.8533312524385863,0,-25.87513126793382,-26.024818184370854,0,0,0,0
2024-10-26T23:00:00+07:00,0.008365,0.008546,0.008285,0.008525,0,0,0,0,0,0,3232049256,NaN,-3.9180440381280413,0,-23.748434839752687,-25.44150730899477,0,0,0,0
2024-10-27T03:00:00+07:00,0.008523,0.008624,0.008446,0.008459,0,0,0,0,0,0,1840154802,NaN,-4.234813015389189,0,-22.284561189535587,-24.255043349033112,0,0,0,0
2024-10-27T07:00:00+07:00,0.008459,0.008603,0.008371,0.008542,0,0,0,0,0,0,3288511327,NaN,-4.350235548274931,0,-19.019541012621197,-22.205408619507747,0,0,0,0
2024-10-27T11:00:00+07:00,0.008543,0.008639,0.008461,0.008487,0,0,0,0,0,0,2958067711,NaN,-4.587455498372943,0,-18.245953172053657,-20.502240961786597,0,0,0,0
2024-10-27T15:00:00+07:00,0.008486,0.008555,0.008314,0.008349,0,0,0,0,0,0,3056260540,NaN,-4.435936165482328,0,-20.519795478316034,-20.063931355765483,0,0,0,0
2024-10-27T19:00:00+07:00,0.00835,0.008819,0.008344,0.008542,0,0,0,0,0,0,6914776365,NaN,-5.24534392192011,0,-19.269271319537697,-19.56580274945944,0,0,0,0
2024-10-27T23:00:00+07:00,0.008542,0.008623,0.008302,0.008375,0,0,0,0,0,0,4224678751,NaN,-5.878558161535615,0,-21.010123571931985,-19.946569128632486,0,0,0,0
2024-10-28T03:00:00+07:00,0.008375,0.008714,0.008358,0.008585,0,0,0,0,0,0,3355507428,NaN,-6.790204267215103,0,-19.15269224737923,-19.793154240794863,0,0,0,0
2024-10-28T07:00:00+07:00,0.008584,0.008621,0.00824,0.008257,0,0,0,0,0,0,4457107038,NaN,-7.275661233148771,0,-22.421669412339288,-20.720521658960045,0,0,0,0
2024-10-28T11:00:00+07:00,0.008258,0.008555,0.008153,0.008506,0,0,0,0,0,0,5340387422,NaN,-7.466374360191292,0,-19.828314387985756,-20.50505631965502,0,0,0,0
2024-10-28T15:00:00+07:00,0.008506,0.008608,0.008368,0.008384,0,0,0,0,0,0,3693556804,NaN,-7.859243770663912,0,-19.428327215386485,-20.20236066217225,0,0,0,0
2024-10-28T19:00:00+07:00,0.008385,0.008555,0.008147,0.008156,0,0,0,0,0,0,7059859189,NaN,-7.561348144705288,0,-23.44708856895809,-21.228648396156764,0,0,0,0
2024-10-28T23:00:00+07:00,0.008155,0.008427,0.007947,0.008323,0,0,0,0,0,0,7359815416,NaN,-6.760836986329451,0,-22.638985422479756,-21.823104081513424,0,0,0,0
2024-10-29T03:00:00+07:00,0.00836,0.008814,0.008325,0.008521,0,0,0,0,0,0,4486629020,NaN,-7.512028977420346,0,-19.338628312041596,-21.085021185050664,0,0,0,0
2024-10-29T07:00:00+07:00,0.008521,0.009186,0.008477,0.008843,0,0,0,0,0,0,7048724220,NaN,-8.203979199853858,0,-12.691353944945567,-18.336716239575747,0,0,0,0
2024-10-29T11:00:00+07:00,0.008843,0.008994,0.008819,0.008868,0,0,0,0,0,0,3191621717,NaN,-8.846504406399266,0,-6.700520602516152,-14.067264209493693,0,0,0,0
2024-10-29T15:00:00+07:00,0.008867,0.00905,0.008827,0.008878,0,0,0,0,0,0,2939570461,NaN,-9.281514458544313,0,-2.8894420092014186,-9.375973089164756,0,0,0,0
2024-10-29T19:00:00+07:00,0.008877,0.009008,0.008725,0.008993,0,0,1,0,0,0,4693510197,NaN,-10.04652079502113,0,4.57078223991493,-3.5684503231141464,0,0,0,0
2024-10-29T23:00:00+07:00,0.008992,0.009461,0.008988,0.009005,0,0,0,0,0,0,7725129496,NaN,-9.534873866568278,0,8.797548709765541,1.83401008872702,0,0,0,0
2024-10-30T03:00:00+07:00,0.009006,0.009161,0.008864,0.009136,0,0,0,0,0,0,2945467360,NaN,-9.499523327369092,0,13.654861565353112,6.979829650976902,0,0,0,0
2024-10-30T07:00:00+07:00,0.009137,0.009151,0.008904,0.008995,0,0,0,0,0,0,2970409714,NaN,-9.46669782668413,0,13.56888834863828,10.340577106968594,0,0,0,0
2024-10-30T11:00:00+07:00,0.008995,0.009186,0.008827,0.00886,0,0,0,0,0,0,3138540241,NaN,-9.726411780186028,0,8.859651108290128,10.780284886100608,0,0,0,0
2024-10-30T15:00:00+07:00,0.00886,0.008966,0.008582,0.008617,0,0,0,0,0,0,4279029690,NaN,-10.810501858329316,0,0.11391628355140325,7.52147484915361,0,0,0,0
2024-10-30T19:00:00+07:00,0.008617,0.008902,0.008538,0.008703,0,0,0,1,0,0,5725006826,NaN,-11.672231397310762,0,-5.5295886795804075,2.678620888253576,0,0,0,0
2024-10-30T23:00:00+07:00,0.008703,0.008843,0.008673,0.008769,0,0,0,0,0,0,2168633066,NaN,-12.472408826364962,0,-8.51243524541648,-2.203372768635419,0,0,0,0
2024-10-31T03:00:00+07:00,0.008769,0.008876,0.008705,0.008773,0,0,0,0,0,0,1851643183,NaN,-13.342056575889142,0,-10.39568702028289,-6.235297229761911,0,0,0,0
2024-10-31T07:00:00+07:00,0.008772,0.008845,0.008616,0.008643,0,0,0,0,0,0,2371650704,NaN,-13.807957910255928,0,-14.763015891387255,-10.125359623328446,0,0,0,0
2024-10-31T11:00:00+07:00,0.008644,0.008755,0.008551,0.008632,0,0,0,0,0,0,1760715970,NaN,-13.994085859428402,0,-18.230591200070567,-13.596435986477593,0,0,0,0
2024-10-31T15:00:00+07:00,0.008633,0.008688,0.008512,0.008581,0,0,0,0,0,0,2127503349,NaN,-14.016964137130678,0,-22.09973087604512,-17.13425840937679,0,0,0,0
2024-10-31T19:00:00+07:00,0.008582,0.00861,0.008273,0.008342,0,0,0,0,0,0,5088637025,NaN,-13.198554279465787,0,-29.72981911133823,-22.110767430942715,0,0,0,0
2024-10-31T23:00:00+07:00,0.008341,0.008367,0.008078,0.008135,0,0,0,0,0,0,4023799041,NaN,-11.864343506197436,0,-38.817328701689966,-28.7019540582311,0,0,0,0
2024-11-01T03:00:00+07:00,0.008134,0.008265,0.008111,0.008177,0,0,0,0,0,0,1956748782,NaN,-10.625433502448253,0,-45.726604822217745,-35.70145661360161,0,0,0,0
2024-11-01T07:00:00+07:00,0.008178,0.008274,0.007983,0.008121,0,0,0,0,0,0,3777962464,NaN,-9.1118220645552,0,-51.812914052845905,-42.66548965045946,0,0,0,0
2024-11-01T11:00:00+07:00,0.008121,0.008156,0.007701,0.007781,0,0,0,0,0,0,5235257757,NaN,-7.025741741755777,0,-58.50973605511143,-49.62297516455415,0,0,0,0
2024-11-01T15:00:00+07:00,0.00778,0.007977,0.007766,0.007937,0,0,0,0,0,0,2951572181,NaN,-5.08866715629917,0,-57.29515727651231,-53.748267407178034,0,0,0,0
2024-11-01T19:00:00+07:00,0.007937,0.008347,0.007791,0.007875,0,0,0,0,0,0,7633491968,NaN,-5.193612561064807,0,-57.258789464005254,-56.0237478346213,0,0,0,0
2024-11-01T23:00:00+07:00,0.007875,0.008082,0.007846,0.007939,0,0,0,0,0,0,3730062814,NaN,-5.291061865490036,0,-55.254470446761054,-56.40169120549546,0,0,0,0
2024-11-02T03:00:00+07:00,0.00794,0.008004,0.007719,0.007925,0,0,0,0,0,0,2034487003,NaN,-4.984605575332559,0,-52.92392029888122,-55.36759348544014,0,0,0,0
2024-11-02T07:00:00+07:00,0.007926,0.008091,0.007926,0.007977,0,0,0,0,0,0,1936043245,NaN,-5.123958697012437,0,-49.03039680855597,-52.96158751887405,0,0,0,0
2024-11-02T11:00:00+07:00,0.007977,0.007999,0.007857,0.007896,0,0,0,0,0,0,1601077760,NaN,-5.023504780268265,0,-47.583949251908884,-50.70538831652928,0,0,0,0
2024-11-02T15:00:00+07:00,0.007894,0.007931,0.007709,0.007777,0,0,0,0,0,0,2017742492,NaN,-4.462561951712566,0,-48.61361248420126,-49.439824059922216,0,0,0,0
2024-11-02T19:00:00+07:00,0.007777,0.007834,0.007311,0.007468,0,0,0,0,0,0,6801036863,NaN,-2.941000278901214,0,-52.975835812298904,-50.204679378001295,0,0,0,0
2024-11-02T23:00:00+07:00,0.007467,0.007569,0.007367,0.007521,0,0,0,0,0,0,2401245049,NaN,-1.528121582719244,0,-53.893137608161396,-51.42721093699868,0,0,0,0
2024-11-03T03:00:00+07:00,0.007521,0.007574,0.00747,0.007551,0,0,0,0,0,0,1075434179,NaN,-0.244736440112721,0,-53.224316538342734,-52.362187652104495,0,0,0,0
2024-11-03T07:00:00+07:00,0.00755,0.007587,0.007089,0.007312,0,0,0,0,0,0,5853135637,1.7331226405849343,NaN,0,-55.16972926377979,-53.66604062703688,0,0,0,0
2024-11-03T11:00:00+07:00,0.007311,0.007467,0.007307,0.007352,0,0,0,0,0,0,2289127250,3.569706072661326,NaN,0,-55.94051502183375,-54.721103520529184,0,0,0,0
2024-11-03T15:00:00+07:00,0.007352,0.007446,0.007263,0.007276,0,0,0,0,0,0,2668946042,5.358509492275417,NaN,0,-57.80559019996107,-55.909397970888435,0,0,0,0
2024-11-03T19:00:00+07:00,0.007276,0.007342,0.006825,0.00702,0,0,0,0,0,0,9032429862,7.709967865063412,NaN,0,-61.10671634426227,-57.876084176837274,0,0,0,0
2024-11-03T23:00:00+07:00,0.007019,0.007149,0.006856,0.007058,0,0,0,0,0,0,4081998212,9.893464925509406,NaN,0,-61.64307838225984,-59.54065247971191,0,0,0,0
2024-11-04T03:00:00+07:00,0.007058,0.007289,0.007043,0.007248,0,0,0,0,0,0,2818506517,11.08470266144996,NaN,0,-55.34520587812737,-58.54467915828126,0,0,0,0
2024-11-04T07:00:00+07:00,0.007248,0.007439,0.007105,0.007273,0,0,0,0,0,0,3732320032,11.363539629537847,NaN,0,-48.36155643743943,-55.20912424899812,0,0,0,0
2024-11-04T11:00:00+07:00,0.007273,0.007369,0.007152,0.007167,0,0,0,0,0,0,2229988351,11.622459671333743,NaN,0,-44.67801789308611,-51.150987063890156,0,0,0,0
2024-11-04T15:00:00+07:00,0.007167,0.007328,0.007081,0.007276,0,0,0,0,0,0,3450036755,12.035460935493361,NaN,0,-36.91538993508948,-45.38047871324164,0,0,0,0
2024-11-04T19:00:00+07:00,0.007276,0.007367,0.00709,0.007132,0,0,0,0,0,0,4221100513,12.182350028111848,NaN,0,-34.34330635606589,-40.36536426353012,0,0,0,0
2024-11-04T23:00:00+07:00,0.007132,0.007175,0.006993,0.007073,0,0,0,0,0,0,2870347042,12.573917416895632,NaN,0,-34.051557162190235,-37.072984884272984,0,0,0,0
2024-11-05T03:00:00+07:00,0.007073,0.007093,0.006728,0.006991,0,0,0,0,0,0,3883358931,13.540219440219886,NaN,0,-35.63133403373392,-35.726774376592886,0,0,0,0
2024-11-05T07:00:00+07:00,0.006991,0.00716,0.006986,0.007134,0,0,0,0,0,0,2697689408,14.021684702482283,NaN,0,-31.938069967616112,-33.99815734045388,0,0,0,0
2024-11-05T11:00:00+07:00,0.007133,0.007404,0.007114,0.007316,0,0,0,0,0,0,3386550242,13.106608405866268,NaN,0,-23.890138588637434,-30.43622637301998,0,0,0,0
2024-11-05T15:00:00+07:00,0.007316,0.007611,0.007285,0.00745,0,0,0,0,0,0,5418033407,11.291534579375728,NaN,0,-13.493958321528579,-24.277252072979934,0,0,0,0
2024-11-05T19:00:00+07:00,0.00745,0.007823,0.007375,0.007656,0,0,0,0,0,0,6736988191,8.755817891733415,NaN,0,-1.0268122077420634,-15.352518937313539,0,0,0,0
2024-11-05T23:00:00+07:00,0.007656,0.007822,0.007435,0.007482,0,0,1,0,0,0,4307400320,6.4012238246369755,NaN,0,4.594702959009315,-6.755597076359894,0,0,0,0
2024-11-06T03:00:00+07:00,0.007483,0.007624,0.007439,0.007546,0,0,0,0,0,0,2411790650,4.214815048047427,NaN,0,9.5662135111033,0.816759169108865,0,0,0,0
2024-11-06T07:00:00+07:00,0.007547,0.00829,0.007545,0.008117,0,0,0,0,0,0,9933389433,4.1810420833090625,NaN,0,17.453809886277345,8.251361974387677,0,0,0,0
2024-11-06T11:00:00+07:00,0.008118,0.008426,0.008012,0.008075,0,0,0,0,0,0,9445449574,4.457805564704614,NaN,0,20.71620109557052,14.017165284436564,0,0,0,0
2024-11-06T15:00:00+07:00,0.008076,0.008257,0.007764,0.00817,0,0,0,0,0,0,7221733191,3.70499271886926,NaN,0,24.757608001406346,18.849426935290786,0,0,0,0
2024-11-06T19:00:00+07:00,0.00817,0.008273,0.007968,0.008052,0,0,0,0,0,0,5933601474,3.0483932470312674,NaN,0,23.98080083089793,21.70379151536564,0,0,0,0
2024-11-06T23:00:00+07:00,0.008052,0.008241,0.008008,0.008219,0,0,0,0,0,0,3467003259,2.4386937374674176,NaN,0,25.682543121442702,23.832997000829508,0,0,0,0
2024-11-07T03:00:00+07:00,0.008219,0.008642,0.008161,0.008455,0,0,0,0,0,0,5709232383,2.882084206297293,NaN,0,30.073019442051304,26.35127261914029,0,0,0,0
2024-11-07T07:00:00+07:00,0.008456,0.00932,0.0084,0.008694,0,0,0,0,0,0,11895228019,4.44207419689916,NaN,0,34.83944400062692,29.61707578659134,0,0,0,0
2024-11-07T11:00:00+07:00,0.008694,0.008721,0.008302,0.008477,0,0,0,0,0,0,4633217637,5.501978458562629,NaN,0,34.125457063591234,31.703333781360076,0,0,0,0
2024-11-07T15:00:00+07:00,0.008476,0.008591,0.00834,0.008382,0,0,0,0,0,0,2790204330,6.486175272964417,NaN,0,31.071808594793815,32.147185682384006,0,0,0,0
2024-11-07T19:00:00+07:00,0.008382,0.008764,0.008381,0.008759,0,0,0,0,0,0,5673579218,7.67569119150172,NaN,0,32.51975619470162,32.60095293245082,0,0,0,0
2024-11-07T23:00:00+07:00,0.008758,0.00885,0.008607,0.00879,1,0,0,0,1,0,4343226176,8.912666216310917,NaN,0,34.745612757427914,33.34085816520913,1,0,1,0
2024-11-08T03:00:00+07:00,0.00879,0.00892,0.008608,0.008788,0,0,0,0,0,0,3029384159,10.169814138467054,NaN,0,36.24312529911772,34.268428024172266,0,0,0,0
2024-11-08T07:00:00+07:00,0.008789,0.009313,0.008529,0.008601,0,0,0,0,0,0,10049809430,11.874665420281609,NaN,0,30.63931783258936,33.23448330772656,0,0,0,0
2024-11-08T11:00:00+07:00,0.008601,0.008782,0.008507,0.008621,0,0,0,0,0,0,3513923109,13.352443373875012,NaN,0,25.409465629567638,30.68966380567375,0,0,0,0
2024-11-08T15:00:00+07:00,0.008621,0.008767,0.008471,0.008618,0,0,0,0,0,0,3369798955,14.543779985138599,NaN,0,21.173734897302392,27.110423590547597,0,0,0,0
2024-11-08T19:00:00+07:00,0.008617,0.00875,0.008381,0.008475,0,0,0,0,0,0,5368781866,15.190722657851971,NaN,0,13.782564584388897,21.823861357610227,0,0,0,0
2024-11-08T23:00:00+07:00,0.008474,0.008553,0.007942,0.008224,0,0,0,0,0,0,9445306508,13.892559675454102,NaN,0,2.9675572096192306,14.32983321128557,0,0,0,0
2024-11-09T03:00:00+07:00,0.008224,0.008295,0.008051,0.008246,0,0,0,1,0,0,3020648446,12.687122620370374,NaN,0,-4.850226717556969,6.44824829520208,0,0,0,0
2024-11-09T07:00:00+07:00,0.008247,0.008382,0.008032,0.008064,0,0,0,0,0,0,3508764480,11.787780068869495,NaN,0,-13.770148491448639,-2.04067424216888,0,0,0,0
2024-11-09T11:00:00+07:00,0.008064,0.008501,0.008064,0.008456,0,0,0,0,0,0,4674352906,11.246821051470683,NaN,0,-14.178927157482615,-8.053882060150078,0,0,0,0
2024-11-09T15:00:00+07:00,0.008456,0.008837,0.008449,0.008688,0,0,0,0,0,0,7731114471,11.468680149921056,NaN,0,-9.055958634753575,-10.002589566902596,0,0,0,0
2024-11-09T19:00:00+07:00,0.008687,0.008843,0.008375,0.008535,0,0,0,0,0,0,5129082345,11.347664159686538,NaN,0,-6.764038588590915,-9.664755510324731,0,0,0,0
2024-11-09T23:00:00+07:00,0.008535,0.008699,0.008313,0.00856,0,0,0,0,0,0,3623785084,10.958129900679978,NaN,0,-3.642330506418361,-7.637579039808671,0,0,0,0
2024-11-10T03:00:00+07:00,0.008561,0.008843,0.008527,0.008762,1,0,1,0,1,0,2630783187,10.928005838394881,NaN,0,2.141793694678889,-3.7628875830027675,1,0,1,0
2024-11-10T07:00:00+07:00,0.008763,0.009083,0.008646,0.00901,0,0,0,0,0,0,6958647361,11.395472962336953,NaN,0,11.199183958564516,2.0701378160231765,0,0,0,0
2024-11-10T11:00:00+07:00,0.00901,0.00948,0.008948,0.00906,0,0,0,0,0,0,9479583282,12.490481717297143,NaN,0,18.52232274312323,8.65233540216555,0,0,0,0
2024-11-10T15:00:00+07:00,0.00906,0.009349,0.00906,0.009251,0,0,0,0,0,0,5951000189,13.507275561188749,NaN,0,26.136244988816713,15.933954978347296,0,0,0,0
2024-11-10T19:00:00+07:00,0.00925,0.009921,0.009025,0.009576,0,0,0,0,0,0,14130135949,15.181890126690085,NaN,0,34.43526789020081,23.78856328316323,0,0,0,0
2024-11-10T23:00:00+07:00,0.009577,0.009902,0.009312,0.009403,0,0,0,0,0,0,8473193559,16.736889366084185,NaN,0,35.94239736587526,29.607041520096043,0,0,0,0
2024-11-11T03:00:00+07:00,0.009402,0.009457,0.008721,0.009342,0,0,0,0,0,0,7322647775,15.838869290437685,NaN,0,35.66532800374533,33.07978972490579,0,0,0,0
2024-11-11T07:00:00+07:00,0.009343,0.010418,0.009249,0.010047,0,0,0,0,0,0,10677080918,16.329264724243266,NaN,0,38.16265416686603,35.75390371441037,0,0,0,0
2024-11-11T11:00:00+07:00,0.010047,0.010054,0.00914,0.009345,0,0,0,0,0,0,9054037626,16.45778768796417,NaN,0,32.56659463440919,35.25330909817983,0,0,0,0
2024-11-11T15:00:00+07:00,0.009345,0.009614,0.00919,0.009592,0,0,0,0,0,0,5588812583,16.577130439990725,NaN,0,29.965129113004735,33.45686933177497,0,0,0,0
2024-11-11T19:00:00+07:00,0.009591,0.009645,0.008977,0.009214,0,0,0,0,0,0,9942420246,16.01725028229091,NaN,0,22.819550752826622,29.57657936379047,0,0,0,0
2024-11-11T23:00:00+07:00,0.009214,0.00951,0.009177,0.009365,0,0,0,0,0,0,6417192174,15.497361564426797,NaN,0,18.74477363149686,25.212886796232624,0,0,0,0
2024-11-12T03:00:00+07:00,0.009366,0.009718,0.00914,0.009664,0,0,0,0,0,0,5911584031,15.341939511033068,NaN,0,19.185856109992326,22.124258679656506,0,0,0,0
2024-11-12T07:00:00+07:00,0.009664,0.009674,0.009142,0.009462,0,0,0,0,0,0,7038915267,15.197619032881754,NaN,0,17.61026383883563,19.77555300981974,0,0,0,0
2024-11-12T11:00:00+07:00,0.009462,0.010227,0.009213,0.010085,0,0,0,0,0,0,14199660460,15.837969212345428,NaN,0,20.85473604681916,19.50542679568237,0,0,0,0
2024-11-12T15:00:00+07:00,0.010085,0.010695,0.008814,0.009295,0,0,0,0,0,0,22064237298,16.93396252838287,NaN,0,19.066959247917936,19.24673451965698,0,0,0,0
2024-11-12T19:00:00+07:00,0.009293,0.009422,0.008725,0.008954,0,0,0,0,0,0,11338511923,17.644885534221913,NaN,0,13.852435346861581,17.500040376940046,0,0,0,0
2024-11-12T23:00:00+07:00,0.008957,0.009335,0.008611,0.009247,0,0,0,0,0,0,7284285176,17.908518856527138,NaN,0,12.277450045698616,15.554507019477812,0,0,0,0
2024-11-13T03:00:00+07:00,0.009247,0.010004,0.009112,0.00986,0,0,0,0,0,0,7964284286,18.872562534780016,NaN,0,13.69610051240755,14.5424175552048,0,0,0,0
2024-11-13T07:00:00+07:00,0.009861,0.010324,0.008971,0.008987,0,0,0,0,0,0,12812449931,20.042196002320708,NaN,0,9.325202697438145,12.334306374370525,0,0,0,0
2024-11-13T11:00:00+07:00,0.008988,0.009277,0.008594,0.009001,0,0,0,0,0,0,9157193364,19.9770615808932,NaN,0,5.811535508485076,9.72360835384396,0,0,0,0
2024-11-13T15:00:00+07:00,0.009002,0.009142,0.008743,0.00904,0,0,0,0,0,0,6705776468,19.91657961813908,NaN,0,3.768557854647571,7.315612698000421,0,0,0,0
2024-11-13T19:00:00+07:00,0.009041,0.011118,0.008804,0.011103,0,0,0,0,0,0,30579311626,21.37454185195434,NaN,0,8.7056677958261,7.225578855363991,0,0,0,0
2024-11-13T23:00:00+07:00,0.0111,0.012028,0.010452,0.010677,0,0,0,0,0,0,29610509590,23.120578493479783,NaN,0,10.066545079795464,7.827289590708848,0,0,0,0
2024-11-14T03:00:00+07:00,0.010675,0.011472,0.010453,0.011328,0,0,0,0,0,0,11349505541,24.741898232039127,NaN,0,13.297201975514119,9.747856320134066,0,0,0,0
2024-11-14T07:00:00+07:00,0.011329,0.01228,0.010729,0.011953,0,0,0,0,0,0,17359360303,26.539671762589656,NaN,0,18.769672134100194,13.22777981721624,0,0,0,0
2024-11-14T11:00:00+07:00,0.011953,0.012561,0.011331,0.011419,0,0,0,0,0,0,16707209017,28.29844844410345,NaN,0,19.57554846272283,16.11245298213162,0,0,0,0
2024-11-14T15:00:00+07:00,0.011417,0.011869,0.010624,0.01086,0,0,0,0,0,0,11948783807,28.43306275866626,NaN,0,16.613538117210474,16.955989991337866,0,0,0,0
2024-11-14T19:00:00+07:00,0.010859,0.010979,0.0101,0.010236,0,0,0,0,0,0,12855556250,27.595877866126827,NaN,0,9.773798696060979,14.992422505401986,0,0,0,0
2024-11-14T23:00:00+07:00,0.010235,0.010624,0.010144,0.010526,0,0,0,0,0,0,5986131724,26.818491894483074,NaN,0,4.8857560022039905,11.419023880429409,0,0,0,0
2024-11-15T03:00:00+07:00,0.010526,0.010533,0.009624,0.009845,0,0,0,1,0,0,7036459280,25.177225038540982,NaN,0,-1.1969036003812386,6.3788351194824315,0,0,0,0
2024-11-15T07:00:00+07:00,0.009845,0.010073,0.009504,0.00973,0,0,0,0,0,0,5813131773,23.45003915547604,NaN,0,-7.149091566903599,0.6856887519934304,0,0,0,0
2024-11-15T11:00:00+07:00,0.00973,0.009822,0.009213,0.009664,0,0,0,0,0,0,6343631539,21.35567476258189,NaN,0,-11.573447780028165,-4.7006003512286645,0,0,0,0
2024-11-15T15:00:00+07:00,0.009666,0.01017,0.009544,0.01011,0,0,0,0,0,0,5418307503,19.789806891203263,NaN,0,-10.806601070670991,-7.952141491515793,0,0,0,0
2024-11-15T19:00:00+07:00,0.01011,0.010251,0.0095,0.009664,0,0,0,0,0,0,7017191088,18.42309743115961,NaN,0,-11.836706954791085,-10.175024608727487,0,0,0,0
2024-11-15T23:00:00+07:00,0.009663,0.010083,0.009605,0.009967,0,0,0,0,0,0,4544002169,17.1540100754048,NaN,0,-10.983846745854676,-10.998790125827375,0,0,0,0
2024-11-16T03:00:00+07:00,0.009966,0.011122,0.009959,0.010897,0,0,0,0,0,0,7602871552,17.005576998478105,NaN,0,-5.848056572137065,-9.458162708656497,0,0,0,0
2024-11-16T07:00:00+07:00,0.010897,0.011027,0.010552,0.010969,1,0,1,0,0,0,5208890950,16.86774628418904,NaN,0,0.09032080780682707,-6.024811831155421,1,0,0,0
2024-11-16T11:00:00+07:00,0.010968,0.011257,0.010467,0.01052,0,0,0,0,0,0,5313802842,16.942795333191896,NaN,0,1.3206147167981317,-2.958947556512911,0,0,0,0
2024-11-16T15:00:00+07:00,0.01052,0.010665,0.010341,0.01055,0,0,0,0,0,0,4050860528,16.73457768908154,NaN,0,1.9636936838672372,-0.4872046786786407,0,0,0,0
2024-11-16T19:00:00+07:00,0.010551,0.010679,0.009875,0.010018,0,0,0,1,0,0,6718422275,15.569819178632684,NaN,0,-2.0838367057276495,-0.2846653066198876,0,0,0,0
2024-11-16T23:00:00+07:00,0.010015,0.010264,0.009872,0.010216,0,0,0,0,0,0,3929000764,14.48218583258953,NaN,0,-4.582074863370825,-1.5082059897839948,0,0,0,0
2024-11-17T03:00:00+07:00,0.010216,0.010331,0.010026,0.010119,0,0,0,0,0,0,3016338900,13.55776995095713,NaN,0,-7.702402407532257,-3.856254634919662,0,0,0,0
2024-11-17T07:00:00+07:00,0.010118,0.010268,0.00938,0.009845,0,0,0,0,0,0,6965010412,11.409006166691931,NaN,0,-12.716507885227516,-7.356156891597809,0,0,0,0
2024-11-17T11:00:00+07:00,0.009843,0.011107,0.009831,0.010956,0,0,0,0,0,0,11054891905,10.50184501903967,NaN,0,-7.600111313143545,-8.21478545077959,0,0,0,0
2024-11-17T15:00:00+07:00,0.010958,0.011042,0.010552,0.010581,0,0,0,0,0,0,6876220953,9.659481096219722,NaN,0,-6.3420218248074764,-8.016463847381964,0,0,0,0
2024-11-17T19:00:00+07:00,0.010581,0.010987,0.010431,0.01078,0,0,0,0,0,0,6846105066,8.63795157926782,NaN,0,-2.3084599144833935,-6.1897425992709865,0,0,0,0
2024-11-17T23:00:00+07:00,0.010781,0.011111,0.010468,0.010664,0,0,0,0,0,0,5990333390,7.854499424446985,NaN,0,-0.5325040292312185,-3.92261038600178,0,0,0,0
2024-11-18T03:00:00+07:00,0.010664,0.010839,0.010349,0.010554,0,0,0,0,0,0,5103776160,6.87182890546838,NaN,0,-1.1900079042674676,-2.35263935629806,0,0,0,0
2024-11-18T07:00:00+07:00,0.010554,0.010638,0.010223,0.010544,0,0,0,0,0,0,4815328451,5.685929326715993,NaN,0,-1.52594094938852,-1.6630793403653594,0,0,0,0
2024-11-18T11:00:00+07:00,0.010543,0.010672,0.010364,0.010502,0,0,0,0,0,0,4037018112,4.640741682544103,NaN,0,-2.5562612499303783,-1.7219041155302803,0,0,0,0
2024-11-18T15:00:00+07:00,0.010502,0.010765,0.010142,0.010178,0,0,0,0,0,0,6317442847,3.163776155133263,NaN,0,-10.20233326332266,-4.581803600151102,0,0,0,0
2024-11-18T19:00:00+07:00,0.010178,0.011179,0.010073,0.010977,0,0,0,0,0,0,9383832646,2.502953234229061,NaN,0,-7.159809920446935,-5.901270413890731,0,0,0,0
2024-11-18T23:00:00+07:00,0.010978,0.011004,0.010143,0.010325,0,0,0,0,0,0,7059592498,1.8893319505322985,NaN,0,-9.579674482661634,-7.585538355620878,0,0,0,0
2024-11-19T03:00:00+07:00,0.010324,0.010709,0.010293,0.010531,0,0,0,0,0,0,3582735371,1.3195407585281664,NaN,0,-9.23566108179869,-8.595824058503768,0,0,0,0
2024-11-19T07:00:00+07:00,0.010532,0.010726,0.010337,0.010431,0,0,0,0,0,0,3176014179,0.8227313777690988,NaN,0,-9.974781715928001,-9.338501963935748,0,0,0,0
2024-11-19T11:00:00+07:00,0.010431,0.010538,0.01028,0.010351,0,0,0,0,0,0,3232219604,0.19320209811074562,NaN,0,-12.03977700463909,-10.274943601204916,0,0,0,0
2024-11-19T15:00:00+07:00,0.010351,0.01041,0.01015,0.010241,0,0,0,0,0,0,3200803201,NaN,-0.7776312134923842,0,-15.057904871108478,-12.094931611209452,0,0,0,0
2024-11-19T19:00:00+07:00,0.010241,0.010419,0.009931,0.010175,0,0,0,0,0,0,5845662495,NaN,-2.2957978532960546,0,-18.31972791762521,-14.475654306675464,0,0,0,0
2024-11-19T23:00:00+07:00,0.010175,0.010548,0.010084,0.010376,0,0,0,0,0,0,3880300959,NaN,-3.381312927130171,0,-17.951230312822105,-16.150874238209532,0,0,0,0
2024-11-20T03:00:00+07:00,0.010376,0.010452,0.009829,0.010123,0,0,0,0,0,0,4267474383,NaN,-4.766281657785115,0,-19.281470857480276,-17.688469735894767,0,0,0,0
2024-11-20T07:00:00+07:00,0.010123,0.010141,0.009632,0.009895,0,0,0,0,0,0,3867317736,NaN,-5.563003975571373,0,-22.522618570165857,-19.68600186170504,0,0,0,0
2024-11-20T11:00:00+07:00,0.009895,0.010067,0.00983,0.010001,0,0,0,0,0,0,2140402425,NaN,-6.302817556372901,0,-23.555608231340027,-21.32900777020492,0,0,0,0
2024-11-20T15:00:00+07:00,0.010001,0.010085,0.009798,0.009868,0,0,0,0,0,0,2221426108,NaN,-6.905180971816289,0,-26.387333614708332,-23.349408582478798,0,0,0,0
2024-11-20T19:00:00+07:00,0.009868,0.010082,0.009613,0.009758,0,0,0,0,0,0,4844120599,NaN,-6.983630071494424,0,-30.994224004756312,-26.36759914496313,0,0,0,0
2024-11-20T23:00:00+07:00,0.009756,0.009813,0.009173,0.009272,0,0,0,0,0,0,6061418469,NaN,-6.100814498016291,0,-38.847598731271155,-31.134048370156794,0,0,0,0
2024-11-21T03:00:00+07:00,0.009272,0.009535,0.009205,0.009331,0,0,0,0,0,0,2355611981,NaN,-5.281057179786597,0,-45.522206911485235,-36.82095846383576,0,0,0,0
2024-11-21T07:00:00+07:00,0.009331,0.009538,0.008909,0.009185,0,0,0,0,0,0,4429887574,NaN,-3.9642946839449564,0,-51.55969108011154,-42.98705739096887,0,0,0,0
2024-11-21T11:00:00+07:00,0.009184,0.009598,0.009102,0.009405,0,0,0,0,0,0,3794251786,NaN,-2.976502823562548,0,-49.91217075576086,-46.73704402006698,0,0,0,0
2024-11-21T15:00:00+07:00,0.009405,0.009438,0.009129,0.009325,0,0,0,0,0,0,2477665175,NaN,-2.0592675246360237,0,-48.44458110825503,-48.429511623926324,0,0,0,0
2024-11-21T19:00:00+07:00,0.009325,0.010149,0.009304,0.009786,0,0,0,0,0,0,9886471916,NaN,-3.5822675608249774,0,-38.21339246828626,-45.54822587422949,0,0,0,0
2024-11-21T23:00:00+07:00,0.009786,0.010139,0.00976,0.009821,0,0,0,0,0,0,3607234836,NaN,-4.996481880143293,0,-29.09041400425496,-39.66822772072121,0,0,0,0
2024-11-22T03:00:00+07:00,0.009823,0.010047,0.009777,0.009978,0,0,0,0,0,0,1461463829,NaN,-6.309680890938868,0,-19.616538433318834,-31.72572390404958,0,0,0,0
2024-11-22T07:00:00+07:00,0.009979,0.010015,0.009622,0.010003,0,0,0,0,0,0,3282905903,NaN,-7.087073635765062,0,-9.22003882431178,-22.44726372749511,0,0,0,0
2024-11-22T11:00:00+07:00,0.010003,0.01014,0.00949,0.009519,0,0,0,0,0,0,4500250174,NaN,-7.449780778397379,0,-9.15919081468716,-15.861329676495707,0,0,0,0
2024-11-22T15:00:00+07:00,0.00952,0.009581,0.009343,0.009499,0,0,0,0,0,0,3646878354,NaN,-7.404337180766092,0,-11.230864762218188,-12.584979627577836,0,0,0,0
2024-11-22T19:00:00+07:00,0.009497,0.009549,0.009085,0.009316,0,0,0,0,0,0,5473933927,NaN,-6.754522777708992,0,-16.79273076246241,-12.961420092479246,0,0,0,0
2024-11-22T23:00:00+07:00,0.009316,0.009363,0.009105,0.009196,0,0,0,0,0,0,2650629981,NaN,-6.151123689155963,0,-24.415590494538037,-16.698659350858698,0,0,0,0
2024-11-23T03:00:00+07:00,0.009195,0.009484,0.00917,0.009483,0,0,0,0,0,0,1876061776,NaN,-6.075220327699629,0,-24.20753579381471,-20.046610238249098,0,0,0,0
2024-11-23T07:00:00+07:00,0.009483,0.00967,0.009311,0.009556,0,0,0,0,0,0,4093651326,NaN,-6.701923524359099,0,-20.962530665764213,-21.313726284989134,0,0,0,0
2024-11-23T11:00:00+07:00,0.009556,0.009838,0.009521,0.009701,0,0,0,0,0,0,4698993945,NaN,-7.861112003926522,0,-13.416984523299764,-19.27877096083588,0,0,0,0
2024-11-23T15:00:00+07:00,0.009701,0.009849,0.009627,0.009662,0,0,0,0,0,0,3567886170,NaN,-8.975024383465964,0,-8.00030526160029,-15.292514565377372,0,0,0,0
2024-11-23T19:00:00+07:00,0.009661,0.010118,0.009615,0.00993,0,0,1,0,0,0,4748695475,NaN,-9.36419760423057,0,0.8960369129985152,-8.9269724784434,0,0,0,0
2024-11-23T23:00:00+07:00,0.009932,0.010081,0.009243,0.009513,0,0,0,0,0,0,8348513221,NaN,-10.044379450097226,0,2.0061903267763275,-3.878821080752595,0,0,0,0
2024-11-24T03:00:00+07:00,0.009512,0.009761,0.009218,0.009571,0,0,0,0,0,0,3334376938,NaN,-10.603511946311992,0,2.806439132500702,-0.3115018225263986,0,0,0,0
2024-11-24T07:00:00+07:00,0.00957,0.010091,0.009498,0.009974,0,0,0,0,0,0,3932317512,NaN,-11.122070531792447,0,6.712600793167484,2.9732733360377295,0,0,0,0
2024-11-24T11:00:00+07:00,0.009973,0.010023,0.0097,0.009851,0,0,0,0,0,0,3108291228,NaN,-11.603589218310015,0,7.682423228524276,5.23935028528964,0,0,0,0
2024-11-24T15:00:00+07:00,0.009849,0.009887,0.009166,0.009185,0,0,0,0,0,0,5351720383,NaN,-11.540251847354673,0,1.0619814858752759,4.253098087650245,0,0,0,0
2024-11-24T19:00:00+07:00,0.009184,0.00929,0.008729,0.008826,0,0,0,1,0,0,8262882676,NaN,-10.564247523523736,0,-8.63849173130861,0.022291846091103195,0,0,0,0
2024-11-24T23:00:00+07:00,0.008827,0.009224,0.008784,0.009124,0,0,0,0,0,0,3948348384,NaN,-9.657957794252154,0,-12.6845280080629,-4.8475476838471385,0,0,0,0
2024-11-25T03:00:00+07:00,0.009123,0.009458,0.009092,0.00939,0,0,0,0,0,0,2479702175,NaN,-9.589247202505598,0,-11.83779868346171,-8.402412962880742,0,0,0,0
2024-11-25T07:00:00+07:00,0.00939,0.00945,0.00899,0.009253,0,0,0,0,0,0,3699474188,NaN,-9.29576376811087,0,-12.263999732793,-10.862651959916166,0,0,0,0
2024-11-25T11:00:00+07:00,0.009254,0.009438,0.00919,0.009382,0,0,0,0,0,0,2309272966,NaN,-9.023243436172907,0,-10.29306171437447,-11.336150086724258,0,0,0,0
2024-11-25T15:00:00+07:00,0.00938,0.009601,0.009312,0.00937,0,0,0,0,0,0,3497375405,NaN,-9.33765931600687,0,-8.664601324276374,-10.509825203483006,0,0,0,0
2024-11-25T19:00:00+07:00,0.00937,0.009705,0.008811,0.009245,0,0,0,0,0,0,10585095863,NaN,-8.490556525037945,0,-8.653274784584534,-9.677984167479952,0,0,0,0
2024-11-25T23:00:00+07:00,0.009246,0.009389,0.008929,0.009078,0,0,0,0,0,0,3570284859,NaN,-7.7039610762810895,0,-10.796507764062438,-9.82930433953476,0,0,0,0
2024-11-26T03:00:00+07:00,0.009079,0.009191,0.008647,0.008887,0,0,0,0,0,0,3447729846,NaN,-6.42826613227226,0,-15.270254352207578,-11.541292768931232,0,0,0,0
2024-11-26T07:00:00+07:00,0.008887,0.009226,0.008788,0.00914,0,0,0,0,0,0,2417404304,NaN,-5.377716291064676,0,-15.56240933610552,-13.15024921833271,0,0,0,0
2024-11-26T11:00:00+07:00,0.009138,0.009171,0.008838,0.008901,0,0,0,0,0,0,1662734508,NaN,-4.402205724229059,0,-16.955221185628808,-14.872186442793216,0,0,0,0
2024-11-26T15:00:00+07:00,0.008899,0.008904,0.008154,0.00843,0,0,0,0,0,0,6860068500,NaN,-2.3557210150331045,0,-22.493203458986404,-17.88740976761609,0,0,0,0
2024-11-26T19:00:00+07:00,0.008429,0.0086,0.008269,0.008396,0,0,0,0,0,0,3643341642,NaN,-0.45541378506543495,0,-27.415781523135898,-21.62083053552868,0,0,0,0
2024-11-26T23:00:00+07:00,0.008398,0.008646,0.008211,0.008328,0,0,0,0,0,0,3328026130,1.3925214198983902,NaN,0,-32.17041004987901,-25.83117589508407,0,0,0,0
2024-11-27T03:00:00+07:00,0.008326,0.008524,0.008302,0.008493,0,0,0,0,0,0,2398761774,3.108461253079085,NaN,0,-31.88654455122121,-28.820222375242093,0,0,0,0
2024-11-27T07:00:00+07:00,0.008493,0.008646,0.008332,0.008538,0,0,0,0,0,0,2342926564,4.1311169578755305,NaN,0,-29.72681705070988,-30.001084007555292,0,0,0,0
2024-11-27T11:00:00+07:00,0.008537,0.008771,0.008498,0.008729,0,0,0,0,0,0,1730108729,4.51745960255473,NaN,0,-23.61249785315787,-28.29239951634576,0,0,0,0
2024-11-27T15:00:00+07:00,0.008729,0.008812,0.008613,0.008676,0,0,0,0,0,0,2157710448,4.691864681611186,NaN,0,-18.88164204170612,-24.932143461707543,0,0,0,0
2024-11-27T19:00:00+07:00,0.008676,0.008952,0.008504,0.008889,0,0,0,0,0,0,3404259608,4.2327456581498595,NaN,0,-9.341648788504259,-18.960832288097357,0,0,0,0
2024-11-27T23:00:00+07:00,0.00889,0.008975,0.008799,0.008928,0,0,1,0,0,0,1852230034,3.7049627815522967,NaN,0,0.07041881809635596,-11.374082663045282,0,0,0,0
2024-11-28T03:00:00+07:00,0.008929,0.009044,0.008908,0.008995,0,0,0,0,0,0,1671063282,2.902497957893317,NaN,0,9.369529539807099,-2.8180936887107975,0,0,0,0
2024-11-28T07:00:00+07:00,0.008994,0.009328,0.008883,0.009012,0,0,0,0,0,0,3894514900,1.0056409993106818,NaN,0,15.007252808880562,5.010713269280376,0,0,0,0
2024-11-28T11:00:00+07:00,0.009012,0.009091,0.008819,0.008859,0,0,0,0,0,0,1944187727,NaN,-0.5285605632096164,0,14.11560961221122,9.967655784245872,0,0,0,0
2024-11-28T15:00:00+07:00,0.00886,0.008963,0.008761,0.00889,0,0,0,0,0,0,2212766524,NaN,-1.7451631352274468,0,13.336973644155563,12.46523619959833,0,0,0,0
2024-11-28T19:00:00+07:00,0.008889,0.008963,0.008679,0.008702,0,0,0,0,0,0,3031155895,NaN,-2.5814433296576347,0,5.647091222302168,10.887614312155666,0,0,0,0
2024-11-28T23:00:00+07:00,0.008703,0.009122,0.008703,0.009029,0,0,0,0,0,0,2796853928,NaN,-4.03376028325437,0,4.5726562760931175,8.58006928236293,0,0,0,0
2024-11-29T03:00:00+07:00,0.009029,0.009162,0.00894,0.009054,0,0,0,0,0,0,2008438576,NaN,-5.516566423740535,0,4.643095862959472,6.615795665773245,0,0,0,0
2024-11-29T07:00:00+07:00,0.009054,0.009283,0.008973,0.009194,0,0,0,0,0,0,2618785600,NaN,-6.40742785998232,0,8.424948971916532,6.603083548563987,0,0,0,0
2024-11-29T11:00:00+07:00,0.009195,0.009313,0.00892,0.008924,0,0,0,0,0,0,2968623468,NaN,-7.472844029739186,0,4.713190620473049,5.732496023559879,0,0,0,0
2024-11-29T15:00:00+07:00,0.008923,0.009303,0.008923,0.009266,0,0,0,0,0,0,1956346318,NaN,-8.462159044513417,0,6.697553554717838,6.098281678216202,0,0,0,0
2024-11-29T19:00:00+07:00,0.009268,0.009423,0.009172,0.009295,0,0,0,0,0,0,4055204194,NaN,-8.860408097141516,0,9.536137863586546,7.340231280334384,0,0,0,0
2024-11-29T23:00:00+07:00,0.009296,0.009453,0.009252,0.009385,0,0,0,0,0,0,2617827179,NaN,-9.103284976332585,0,14.468331125882623,9.895346530718363,0,0,0,0
2024-11-30T03:00:00+07:00,0.009386,0.009534,0.009358,0.009483,0,0,0,0,0,0,2099509057,NaN,-8.98695581720413,0,20.187129579055863,13.701712247965212,0,0,0,0
2024-11-30T07:00:00+07:00,0.009483,0.009507,0.009253,0.0095,0,0,0,0,0,0,2719193535,NaN,-9.475979340861015,0,26.431334009272437,18.80533406814163,0,0,0,0
2024-11-30T11:00:00+07:00,0.009497,0.009568,0.009328,0.009522,0,0,0,0,0,0,2828556307,NaN,-9.65367285375153,0,32.87342757159197,24.608444183171265,0,0,0,0
2024-11-30T15:00:00+07:00,0.009523,0.009559,0.009179,0.009267,0,0,0,0,0,0,2938554017,NaN,-10.632295418363816,0,31.287180407170005,28.137746975601967,0,0,0,0
2024-11-30T19:00:00+07:00,0.009268,0.009448,0.009226,0.009394,0,0,0,0,0,0,2876530643,NaN,-11.54101637121808,0,31.61888586931357,30.3275487525083,0,0,0,0
2024-11-30T23:00:00+07:00,0.009395,0.009692,0.009369,0.009546,0,0,0,0,0,0,3046074172,NaN,-11.256282449846807,0,33.512436706169126,32.00516382547109,0,0,0,0
2024-12-01T03:00:00+07:00,0.009546,0.009706,0.009537,0.009543,0,0,0,0,0,0,1495758909,NaN,-10.93393032572337,0,33.482792542712346,32.784543702140724,0,0,0,0
2024-12-01T07:00:00+07:00,0.009544,0.00976,0.009214,0.009418,0,0,0,0,0,0,5651787303,NaN,-11.584814757717593,0,28.289394175569647,31.362693554200142,0,0,0,0
2024-12-01T11:00:00+07:00,0.009418,0.0097,0.009355,0.009515,0,0,0,0,0,0,3204280751,NaN,-12.189207444569373,0,25.5986201698453,29.349520964086263,0,0,0,0
2024-12-01T15:00:00+07:00,0.009515,0.009618,0.009292,0.009441,0,0,0,0,0,0,2432411704,NaN,-12.461823826663412,0,21.32458811359911,26.2909083710453,0,0,0,0
2024-12-01T19:00:00+07:00,0.009441,0.009827,0.009373,0.009801,0,0,0,0,0,0,3736395883,NaN,-12.973351951491814,0,23.85798047861776,24.76304641672485,0,0,0,0
2024-12-01T23:00:00+07:00,0.009802,0.010034,0.009594,0.00964,0,0,0,0,0,0,5093433023,NaN,-12.615017859845798,0,20.455827881610134,22.744764011905286,0,0,0,0
2024-12-02T03:00:00+07:00,0.00964,0.00979,0.009414,0.009701,0,0,0,0,0,0,3299239878,NaN,-13.147637341032363,0,19.257529541065782,21.195513137644415,0,0,0,0
2024-12-02T07:00:00+07:00,0.0097,0.009866,0.009101,0.009152,0,0,0,0,0,0,5449859596,NaN,-13.129359502439371,0,11.742315724588362,17.743315300191334,0,0,0,0
2024-12-02T11:00:00+07:00,0.009153,0.00925,0.008964,0.009072,0,0,0,0,0,0,5225342630,NaN,-12.666070866133579,0,3.275846731084681,12.39271476125415,0,0,0,0
2024-12-02T15:00:00+07:00,0.009072,0.009086,0.008422,0.008683,0,0,0,1,0,0,8258988704,NaN,-10.880152021573428,0,-7.224112978087275,4.745377078093942,0,0,0,0
2024-12-02T19:00:00+07:00,0.008681,0.009178,0.008634,0.009094,0,0,0,0,0,0,5513665087,NaN,-9.62168432126711,0,-9.99140897672157,-1.7522530408306929,0,0,0,0
2024-12-02T23:00:00+07:00,0.009094,0.009184,0.008636,0.008902,0,0,0,0,0,0,4266041300,NaN,-8.479970982202843,0,-13.860142845337563,-7.509645325405213,0,0,0,0
2024-12-03T03:00:00+07:00,0.008904,0.009267,0.008883,0.009262,0,0,0,0,0,0,2588120455,NaN,-7.802588382029242,0,-11.955373652352913,-10.424269719891292,0,0,0,0
2024-12-03T07:00:00+07:00,0.009262,0.009454,0.009175,0.009353,0,0,0,0,0,0,3562378975,NaN,-7.984211967476348,0,-7.745379865148116,-10.355716893513023,0,0,0,0
2024-12-03T11:00:00+07:00,0.009353,0.009703,0.009253,0.009452,0,0,0,0,0,0,4880345421,NaN,-9.089598450126928,0,-1.8084453364876987,-7.57343745116576,0,0,0,0
2024-12-03T15:00:00+07:00,0.009454,0.009544,0.009128,0.009341,0,0,1,0,0,0,3793259379,NaN,-9.706465427669706,0,1.5848141724091565,-4.021116015292849,0,0,0,0
2024-12-03T19:00:00+07:00,0.009341,0.009412,0.008555,0.009114,0,0,0,0,0,0,10815728622,NaN,-8.800335175459153,0,1.8393451946561465,-1.1556991152796585,0,0,0,0
2024-12-03T23:00:00+07:00,0.009114,0.009628,0.009104,0.009579,0,0,0,0,0,0,6576239524,NaN,-8.718708430788809,0,6.520198367663849,2.2233696397365192,0,0,0,0
2024-12-04T03:00:00+07:00,0.009579,0.010139,0.009572,0.009842,0,0,0,0,0,0,5502375048,NaN,-9.655729255297866,0,12.456119117188681,6.3493738432598565,0,0,0,0
2024-12-04T07:00:00+07:00,0.009844,0.010541,0.009776,0.009926,0,0,0,0,0,0,7727905086,NaN,-9.633836390792014,0,16.542306896165844,10.49067404095313,0,0,0,0
2024-12-04T11:00:00+07:00,0.009925,0.01013,0.009819,0.009862,0,0,0,0,0,0,2661642604,NaN,-9.613507302322297,0,17.698540252465246,13.794001875235969,0,0,0,0
2024-12-04T15:00:00+07:00,0.009863,0.010025,0.009752,0.009967,0,0,0,0,0,0,3173898266,NaN,-9.7955347033901,0,20.170451721396166,16.847051793825372,0,0,0,0
2024-12-04T19:00:00+07:00,0.009967,0.010108,0.009657,0.009911,0,0,0,0,0,0,6827124957,NaN,-10.253158770854585,0,21.323053652156265,19.062228587552138,0,0,0,0
2024-12-04T23:00:00+07:00,0.00991,0.010112,0.009378,0.010014,0,0,0,0,0,0,7135497197,NaN,-11.14435978569644,0,24.91368527524887,21.48742557001028,0,0,0,0
2024-12-05T03:00:00+07:00,0.010014,0.010116,0.0097,0.009996,0,0,0,0,0,0,3955748244,NaN,-11.983359214178249,0,27.75501393975413,24.029227696766164,0,0,0,0
2024-12-05T07:00:00+07:00,0.009997,0.010069,0.0093,0.0097,0,0,0,0,0,0,7212802131,NaN,-11.752190294862535,0,24.995835037835864,24.90378971997674,0,0,0,0
2024-12-05T11:00:00+07:00,0.009701,0.01,0.009637,0.009961,0,0,0,0,0,0,3598102417,NaN,-11.537533441212231,0,26.074059716393943,25.65127365034864,0,0,0,0
2024-12-05T15:00:00+07:00,0.009962,0.01025,0.009857,0.010011,0,0,0,0,0,0,4917802950,NaN,-12.1254052236282,0,27.634544214705937,26.525345213824675,0,0,0,0
2024-12-05T19:00:00+07:00,0.010011,0.010256,0.009912,0.010051,0,0,0,0,0,0,7298730338,NaN,-12.689658345224352,0,29.278433165325257,27.52661372333718,0,0,0,0
2024-12-05T23:00:00+07:00,0.010051,0.010351,0.0098,0.009836,0,0,0,0,0,0,4842319111,NaN,-12.895723053273603,0,23.843663706504508,26.425309220571013,0,0,0,0
2024-12-06T03:00:00+07:00,0.009835,0.010048,0.009149,0.009798,0,0,0,0,0,0,6754637632,NaN,-11.620397309583423,0,18.833846360300434,23.91482228462012,0,0,0,0
2024-12-06T07:00:00+07:00,0.009801,0.010208,0.009659,0.010076,0,0,0,0,0,0,3825218309,NaN,-10.961637209435576,0,18.806464206092933,21.80600720910242,0,0,0,0
2024-12-06T11:00:00+07:00,0.010076,0.010134,0.009865,0.010023,0,0,0,0,0,0,2125031147,NaN,-10.349931402155432,0,19.059828803695456,20.266153366805643,0,0,0,0
2024-12-06T15:00:00+07:00,0.010025,0.010125,0.009651,0.009711,0,0,0,0,0,0,4081983718,NaN,-9.33566481738723,0,12.789650516655318,17.20788778956284,0,0,0,0
2024-12-06T19:00:00+07:00,0.009711,0.009872,0.0094,0.009765,0,0,0,0,0,0,5032144901,NaN,-7.9236172528482065,0,9.392860322583076,14.116610990873957,0,0,0,0
2024-12-06T23:00:00+07:00,0.009765,0.010021,0.009718,0.009989,0,0,0,0,0,0,2719071434,NaN,-7.152682975253548,0,10.988169507202494,12.520490812652971,0,0,0,0
2024-12-07T03:00:00+07:00,0.009988,0.010067,0.009745,0.009807,0,0,0,0,0,0,1686275805,NaN,-6.6033121556937395,0,10.959483854458004,11.437853873723688,0,0,0,0
2024-12-07T07:00:00+07:00,0.009807,0.009958,0.00975,0.009849,0,0,0,0,0,0,1674827946,NaN,-6.093182108959631,0,10.987764258334774,10.887775759528989,0,0,0,0
2024-12-07T11:00:00+07:00,0.009848,0.010075,0.009795,0.010026,0,0,0,0,0,0,2332977691,NaN,-6.077068987215064,0,14.645683242712453,12.095141609817563,0,0,0,0
2024-12-07T15:00:00+07:00,0.010027,0.011263,0.009985,0.010781,0,0,0,0,0,0,12075168469,NaN,-5.7476400968720895,0,22.72634667561616,15.872326422670229,0,0,0,0
2024-12-07T19:00:00+07:00,0.010781,0.011068,0.010482,0.010896,0,0,0,0,0,0,7722856604,NaN,-5.441741841553608,0,32.04737852197992,21.86762276077528,0,0,0,0
2024-12-07T23:00:00+07:00,0.010896,0.011266,0.010755,0.011247,0,0,0,0,0,0,6050784210,NaN,-4.804064088580663,0,41.99389882045987,29.774478597388477,0,0,0,0
2024-12-08T03:00:00+07:00,0.011248,0.011312,0.010788,0.0108,0,0,0,0,0,0,3974411854,NaN,-4.130506252471044,0,41.66401706213339,35.5024128501594,0,0,0,0
2024-12-08T07:00:00+07:00,0.0108,0.010993,0.010613,0.010907,0,0,0,0,0,0,4071249573,NaN,-4.072688121130046,0,42.082237306140065,39.3246703306793,0,0,0,0
2024-12-08T11:00:00+07:00,0.010908,0.011042,0.010621,0.01077,0,0,0,0,0,0,4590306103,NaN,-3.917459419885798,0,38.36073652206081,40.07732394561094,0,0,0,0
2024-12-08T15:00:00+07:00,0.01077,0.010792,0.010122,0.01039,0,0,0,0,0,0,6148551968,NaN,-5.233038812651063,0,28.942118161040693,36.648145450439564,0,0,0,0
2024-12-08T19:00:00+07:00,0.01039,0.010503,0.010159,0.01035,0,0,0,0,0,0,4311700887,NaN,-6.454648248790239,0,19.47830802476206,30.2713809339046,0,0,0,0
2024-12-08T23:00:00+07:00,0.010351,0.010476,0.01021,0.010362,0,0,0,0,0,0,2842548706,NaN,-7.588999868062327,0,12.248090380852464,22.98558325577962,0,0,0,0
2024-12-09T03:00:00+07:00,0.010363,0.010424,0.010256,0.010389,0,0,0,0,0,0,1729833260,NaN,-8.642326371672123,0,7.489221971527889,16.074557886631844,0,0,0,0
2024-12-09T07:00:00+07:00,0.01039,0.010431,0.009914,0.010085,0,0,0,1,0,0,6191044383,NaN,-9.027740461394556,0,-0.7251142400706299,8.731621469258707,0,0,0,0
2024-12-09T11:00:00+07:00,0.010086,0.010404,0.009941,0.010336,0,0,0,0,0,0,6604408995,NaN,-9.385624973279674,0,-1.1293584331088564,3.8596603716815903,0,0,0,0
2024-12-09T15:00:00+07:00,0.010335,0.010354,0.0095,0.009533,0,0,0,0,0,0,8066339889,NaN,-8.664643356122475,0,-7.425491038784075,-1.1062464881772969,0,0,0,0
2024-12-09T19:00:00+07:00,0.009533,0.010085,0.009417,0.009708,0,0,0,0,0,0,7812317945,NaN,-7.822813451714179,0,-10.299324599671223,-5.23651126409549,0,0,0,0
2024-12-09T23:00:00+07:00,0.009709,0.010015,0.009625,0.009719,0,0,0,0,0,0,4260891917,NaN,-7.04111425476362,0,-12.824070340963042,-8.705196955076046,0,0,0,0
2024-12-10T03:00:00+07:00,0.009717,0.009755,0.007337,0.008479,0,0,0,0,0,0,22879649532,NaN,-3.6998626400879644,0,-18.26039389725244,-12.63177101065367,0,0,0,0
2024-12-10T07:00:00+07:00,0.008481,0.008624,0.007772,0.008197,0,0,0,0,0,0,8607593706,NaN,-0.5972718550319982,0,-24.33148356812684,-17.41302297937731,0,0,0,0
2024-12-10T11:00:00+07:00,0.008196,0.008398,0.007961,0.008339,0,0,0,0,0,0,4943625888,2.283705302519973,NaN,0,-25.961771660695767,-21.190895969956053,0,0,0,0
2024-12-10T15:00:00+07:00,0.008339,0.00843,0.008126,0.008178,0,0,0,0,0,0,4088010261,4.855115872520184,NaN,0,-28.97794559797597,-24.738408231500753,0,0,0,0
2024-12-10T19:00:00+07:00,0.008179,0.008214,0.007431,0.007459,0,0,0,0,0,0,10353695382,7.691355340060063,NaN,0,-35.05624412092148,-29.066778600806977,0,0,0,0
2024-12-10T23:00:00+07:00,0.00746,0.007728,0.007272,0.007641,0,0,0,0,0,0,9485924545,10.412905444450473,NaN,0,-36.49780418163551,-32.39352407168732,0,0,0,0
2024-12-11T03:00:00+07:00,0.00764,0.008013,0.007603,0.007941,0,0,0,0,0,0,3153810687,12.056894296489808,NaN,0,-33.817682402275814,-33.61106826382221,0,0,0,0
2024-12-11T07:00:00+07:00,0.007941,0.008041,0.007629,0.007975,0,0,0,0,0,0,3978534075,13.497437318955477,NaN,0,-29.235038160596478,-32.668651119787405,0,0,0,0
2024-12-11T11:00:00+07:00,0.007976,0.008052,0.00791,0.007924,0,0,0,0,0,0,2284187917,14.799084555261054,NaN,0,-25.546615084929307,-30.278541850536826,0,0,0,0
2024-12-11T15:00:00+07:00,0.007926,0.008349,0.007915,0.008207,0,0,0,0,0,0,4144293104,15.053310304135792,NaN,0,-18.890808159667568,-25.898585640402107,0,0,0,0
2024-12-11T19:00:00+07:00,0.008206,0.008615,0.008166,0.008571,0,0,0,0,0,0,4539626053,14.511275481318094,NaN,0,-8.965568798477051,-19.287912040620814,0,0,0,0
2024-12-11T23:00:00+07:00,0.008572,0.008763,0.008461,0.008677,0,0,1,0,0,0,3546124259,13.59591487721093,NaN,0,0.6466501094136855,-11.308647830419838,0,0,0,0
2024-12-12T03:00:00+07:00,0.008677,0.008721,0.008555,0.008639,0,0,0,0,0,0,1837319099,12.745937173397131,NaN,0,7.554690608333224,-3.3243256213583163,0,0,0,0
2024-12-12T07:00:00+07:00,0.00864,0.008942,0.008534,0.008843,0,0,0,0,0,0,2979403219,11.322031050556255,NaN,0,14.69352703445775,4.586960145149402,0,0,0,0
2024-12-12T11:00:00+07:00,0.008843,0.008982,0.008772,0.008853,0,0,0,0,0,0,2671379713,9.886355620510493,NaN,0,20.34407292897546,11.699085068537219,0,0,0,0
2024-12-12T15:00:00+07:00,0.008853,0.008968,0.008557,0.008637,0,0,0,0,0,0,3287904991,8.986508874583372,NaN,0,20.22488335710019,16.15582139539041,0,0,0,0
2024-12-12T19:00:00+07:00,0.008638,0.0089,0.008605,0.008704,0,0,0,0,0,0,4405728418,8.150936896222468,NaN,0,19.344778651045374,18.37315934318685,0,0,0,0
2024-12-12T23:00:00+07:00,0.008704,0.00883,0.00835,0.008388,0,0,0,0,0,0,3855323004,7.87781400465029,NaN,0,11.88953659632084,16.858874703299662,0,0,0,0
2024-12-13T03:00:00+07:00,0.008389,0.008576,0.008337,0.008477,0,0,0,0,0,0,2498929192,7.649178361685898,NaN,0,6.198953247721698,13.158739214680255,0,0,0,0
2024-12-13T07:00:00+07:00,0.008477,0.008607,0.008304,0.008526,0,0,0,0,0,0,2832657600,7.503913460161954,NaN,0,3.457556781206402,9.111109823004817,0,0,0,0
2024-12-13T11:00:00+07:00,0.008527,0.008552,0.008221,0.00834,0,1,0,1,0,0,2341307627,7.541935548466995,NaN,0,-1.9608145863999462,4.383124385311869,0,1,0,0
2024-12-13T15:00:00+07:00,0.00834,0.008518,0.008274,0.008397,0,0,0,0,0,0,2351726463,7.577241773321674,NaN,0,-4.705487751636505,0.21929442210674185,0,0,0,0
2024-12-13T19:00:00+07:00,0.008399,0.008505,0.008206,0.008221,0,0,0,0,0,0,3254089013,7.763500682412179,NaN,0,-11.732499940417679,-4.68352184384665,0,0,0,0
2024-12-13T23:00:00+07:00,0.00822,0.008398,0.008206,0.008348,0,0,0,0,0,0,2992405658,7.936455383710502,NaN,0,-13.164699989826667,-8.488935690487137,0,0,0,0
2024-12-14T03:00:00+07:00,0.008348,0.008466,0.008295,0.008457,0,0,0,0,0,0,1119110025,7.750617822539155,NaN,0,-11.317299922418021,-10.387639298821517,0,0,0,0
2024-12-14T07:00:00+07:00,0.008456,0.008568,0.008381,0.008399,0,0,0,0,0,0,1595752989,7.0680590500242175,NaN,0,-12.23942389434509,-11.608727117556628,0,0,0,0
2024-12-14T11:00:00+07:00,0.0084,0.008459,0.008336,0.008346,0,0,0,0,0,0,1142495082,6.5734209898204945,NaN,0,-14.498120289953622,-12.897473114298236,0,0,0,0
2024-12-14T15:00:00+07:00,0.008346,0.008415,0.008204,0.008258,0,0,0,0,0,0,1759737398,6.510797724814736,NaN,0,-19.00174107732597,-15.034583870942821,0,0,0,0
2024-12-14T19:00:00+07:00,0.008258,0.008273,0.007933,0.008079,0,0,0,0,0,0,3953648247,7.150209298939231,NaN,0,-26.43073793783253,-19.16341083862904,0,0,0,0
2024-12-14T23:00:00+07:00,0.008078,0.008085,0.007828,0.007944,0,0,0,0,0,0,3067986716,7.980110886933858,NaN,0,-34.67130371838935,-25.15469053663381,0,0,0,0
2024-12-15T03:00:00+07:00,0.007944,0.00812,0.007814,0.008077,0,0,0,0,0,0,1713570593,8.550020505792318,NaN,0,-35.90247641108991,-29.99942754580734,0,0,0,0
2024-12-15T07:00:00+07:00,0.008078,0.008133,0.007962,0.007975,0,0,0,0,0,0,1657759401,9.001116804944083,NaN,0,-38.626955749784436,-34.17478750009606,0,0,0,0
2024-12-15T11:00:00+07:00,0.007976,0.008123,0.007811,0.007894,0,0,0,0,0,0,1832338126,9.79992846170419,NaN,0,-41.6612757640936,-37.75299842849912,0,0,0,0
2024-12-15T15:00:00+07:00,0.007893,0.008094,0.007886,0.008062,0,0,0,0,0,0,1422765579,10.541682142981443,NaN,0,-38.25426908351312,-38.68490481759083,0,0,0,0
2024-12-15T19:00:00+07:00,0.008061,0.008309,0.008025,0.008259,0,0,0,0,0,0,2367588347,9.908767318864328,NaN,0,-28.70343306224275,-35.64496378988039,0,0,0,0
2024-12-15T23:00:00+07:00,0.008258,0.008318,0.008164,0.008214,0,0,0,0,0,0,1316453627,9.269369113291361,NaN,0,-21.053047909828,-30.4527524217748,0,0,0,0
2024-12-16T03:00:00+07:00,0.008215,0.008351,0.007912,0.008309,0,0,0,0,0,0,3090259332,9.452803477389047,NaN,0,-10.261499680374401,-22.65332021060214,0,0,0,0
2024-12-16T07:00:00+07:00,0.008307,0.008451,0.00813,0.008182,0,0,0,0,0,0,2919724767,9.045615458462116,NaN,0,-6.294757959831695,-15.422671163875913,0,0,0,0
2024-12-16T11:00:00+07:00,0.008181,0.008309,0.008156,0.008209,0,0,0,0,0,0,1400780980,8.667512298029969,NaN,0,-3.370861515508029,-9.575157822659259,0,0,0,0
2024-12-16T15:00:00+07:00,0.008209,0.008225,0.0078,0.007825,0,0,0,0,0,0,3378749290,9.314457531652756,NaN,0,-8.722324462779646,-7.83702596840015,0,0,0,0
2024-12-16T19:00:00+07:00,0.007826,0.008049,0.00782,0.00798,0,0,0,0,0,0,2899985423,9.915192391445345,NaN,0,-9.89721355252683,-7.8225977173543075,0,0,0,0
2024-12-16T23:00:00+07:00,0.00798,0.008284,0.00798,0.008175,0,0,0,0,0,0,3278604286,9.1422165747124,NaN,0,-6.954631532693412,-7.571031083517405,0,0,0,0
2024-12-17T03:00:00+07:00,0.008176,0.0083,0.008059,0.008085,0,0,0,0,0,0,1664108068,8.340417827308372,NaN,0,-6.653575600945141,-7.439570348943144,0,0,0,0
2024-12-17T07:00:00+07:00,0.008085,0.008111,0.007916,0.008061,0,0,0,0,0,0,2154305136,8.056303542149116,NaN,0,-6.5126989770692925,-7.237229563669373,0,0,0,0
2024-12-17T11:00:00+07:00,0.008062,0.008073,0.007891,0.007958,0,1,0,0,0,0,1702292889,7.870686811579105,NaN,0,-8.266960343871087,-7.41018673655878,0,1,0,0
2024-12-17T15:00:00+07:00,0.007957,0.008239,0.007956,0.008145,0,0,0,0,0,0,2478798262,6.768576973579922,NaN,0,-4.868389584391715,-6.4806445975489675,0,0,0,0
2024-12-17T19:00:00+07:00,0.008144,0.008249,0.007707,0.007798,0,1,0,0,0,0,5038810157,6.563726915808221,NaN,0,-7.5255789767233425,-6.772087187192038,0,1,0,0
2024-12-17T23:00:00+07:00,0.007798,0.008099,0.007701,0.007999,0,0,0,0,0,0,3220742098,6.391736020975614,NaN,0,-6.5428774590940275,-6.6978994413566735,0,0,0,0
2024-12-18T03:00:00+07:00,0.008,0.008059,0.007621,0.007714,0,1,0,0,0,1,2608071285,6.48003139617358,NaN,0,-9.800053159652574,-7.7168168051642345,0,1,0,1
2024-12-18T07:00:00+07:00,0.007715,0.007769,0.00753,0.00757,0,0,0,0,0,0,2973488592,6.834569493654524,NaN,0,-15.244409505404212,-10.331362672050123,0,0,0,0
2024-12-18T11:00:00+07:00,0.00757,0.007613,0.00737,0.007497,0,0,0,0,0,0,3593578520,7.603473092461577,NaN,0,-21.042880152416632,-14.413568810504609,0,0,0,0
2024-12-18T15:00:00+07:00,0.007498,0.007617,0.007447,0.00757,0,0,0,0,0,0,1669600037,8.290964053580048,NaN,0,-23.06529767080991,-18.091614750555195,0,0,0,0
2024-12-18T19:00:00+07:00,0.007569,0.007586,0.007342,0.007446,0,0,0,0,0,0,3369082760,9.21196527227871,NaN,0,-26.949730102718185,-22.02849025496943,0,0,0,0
2024-12-18T23:00:00+07:00,0.007446,0.007629,0.00724,0.007243,0,0,0,0,0,0,4163430286,10.3241787392394,NaN,0,-32.91375343047425,-26.592916692394077,0,0,0,0
2024-12-19T03:00:00+07:00,0.007243,0.007317,0.006564,0.006793,0,0,0,0,0,0,12646748825,12.515656915102674,NaN,0,-40.00789375784491,-31.981143220887507,0,0,0,0
2024-12-19T07:00:00+07:00,0.006793,0.006874,0.006133,0.006746,0,0,0,0,0,0,9628042060,14.991413507609614,NaN,0,-45.04875235564487,-37.39875699848486,0,0,0,0
2024-12-19T11:00:00+07:00,0.006746,0.006802,0.006612,0.006645,0,0,0,0,0,0,2494975402,17.290330343508913,NaN,0,-49.46967374290767,-42.689619758287954,0,0,0,0
2024-12-19T15:00:00+07:00,0.006644,0.006769,0.006538,0.006704,0,0,0,0,0,0,3054113925,19.494374203505714,NaN,0,-50.499849923475175,-46.563582840140356,0,0,0,0
2024-12-19T19:00:00+07:00,0.006705,0.006749,0.006316,0.006492,0,0,0,0,0,0,5436686636,21.735278724692613,NaN,0,-52.92450271618383,-49.67575553151184,0,0,0,0
2024-12-19T23:00:00+07:00,0.006493,0.006571,0.005768,0.005961,0,0,0,0,0,0,12884468793,24.181821086220936,NaN,0,-56.43304644052042,-52.623392845281536,0,0,0,0
2024-12-20T03:00:00+07:00,0.005964,0.006268,0.005755,0.006059,0,0,0,0,0,0,7000597567,26.460931428551646,NaN,0,-56.35979282950749,-54.45160210986858,0,0,0,0
2024-12-20T07:00:00+07:00,0.006059,0.006514,0.005962,0.006348,0,0,0,0,0,0,4580032835,27.296923305913587,NaN,0,-51.0012437355219,-53.73955897820291,0,0,0,0
2024-12-20T11:00:00+07:00,0.006347,0.006415,0.006066,0.006213,0,0,0,0,0,0,3193985143,28.073201477749677,NaN,0,-47.439124311148184,-51.738038038905046,0,0,0,0
2024-12-20T15:00:00+07:00,0.006212,0.006215,0.005456,0.005483,0,0,0,0,0,0,12474929431,29.377029817884946,NaN,0,-48.20988589977525,-50.197486003304675,0,0,0,0
2024-12-20T19:00:00+07:00,0.005484,0.006215,0.005465,0.006156,0,0,0,0,0,0,7538327548,30.587727562296266,NaN,0,-41.61018660883881,-46.7713419918194,0,0,0,0
2024-12-20T23:00:00+07:00,0.006157,0.006454,0.006115,0.006382,0,0,0,0,0,0,3205067224,30.592498996835936,NaN,0,-33.50161004552843,-41.63052978134275,0,0,0,0
2024-12-21T03:00:00+07:00,0.006383,0.006572,0.006297,0.006546,0,0,0,0,0,0,2552680198,30.08124573335389,NaN,0,-24.51181279611547,-35.01699733999374,0,0,0,0
2024-12-21T07:00:00+07:00,0.006546,0.006754,0.006515,0.006554,0,0,0,0,0,0,2559390359,28.848108218785576,NaN,0,-17.835499328493864,-27.943989138731293,0,0,0,0
2024-12-21T11:00:00+07:00,0.006554,0.006998,0.006543,0.006893,0,0,0,0,0,0,2889583551,26.78157032087457,NaN,0,-10.106951648099729,-20.26837337618108,0,0,0,0
2024-12-21T15:00:00+07:00,0.006893,0.006921,0.006536,0.006596,0,0,0,0,0,0,3326710139,24.87810783301539,NaN,0,-7.392773723039298,-14.228227255389092,0,0,0,0
2024-12-21T19:00:00+07:00,0.006596,0.006608,0.006131,0.006342,0,0,0,0,0,0,5318397045,23.925105300844187,NaN,0,-8.1558725485071,-10.723608268806338,0,0,0,0
2024-12-21T23:00:00+07:00,0.006342,0.006346,0.006017,0.006113,0,0,0,0,0,0,3546734856,23.24023397734392,NaN,0,-12.389219946160717,-10.319820914576212,0,0,0,0
2024-12-22T03:00:00+07:00,0.006112,0.006213,0.006038,0.006135,0,0,0,0,0,0,2154614703,22.604282034093664,NaN,0,-16.41674207211901,-12.06671379232917,0,0,0,0
2024-12-22T07:00:00+07:00,0.006135,0.006263,0.006048,0.00618,0,0,0,0,0,0,2416219724,21.795235063170452,NaN,0,-18.946365024829582,-14.751398138077308,0,0,0,0
2024-12-22T11:00:00+07:00,0.006179,0.006238,0.005969,0.006217,0,0,0,0,0,0,2607175552,21.207896430889,NaN,0,-18.875586913239136,-16.823195554846638,0,0,0,0
2024-12-22T15:00:00+07:00,0.006217,0.006405,0.006212,0.006361,0,0,0,0,0,0,2507109214,19.91249983405872,NaN,0,-15.139367346766804,-16.88406557011187,0,0,0,0
2024-12-22T19:00:00+07:00,0.006362,0.006508,0.006138,0.006277,0,0,0,0,0,0,3995925574,18.27127692459083,NaN,0,-12.90389918947034,-15.734213213060965,0,0,0,0
2024-12-22T23:00:00+07:00,0.006277,0.006389,0.00606,0.006083,0,0,0,0,0,0,2465393805,16.956993728139388,NaN,0,-13.92785152040564,-14.891366350101189,0,0,0,0
2024-12-23T03:00:00+07:00,0.006083,0.006299,0.006003,0.006183,0,0,0,0,0,0,2457003771,15.890852784162945,NaN,0,-12.989492733416558,-13.901659261592608,0,0,0,0
2024-12-23T07:00:00+07:00,0.006184,0.006407,0.006,0.006372,0,0,0,0,0,0,3434380874,14.398118104646848,NaN,0,-7.3586426376397185,-11.432126960585949,0,0,0,0
2024-12-23T11:00:00+07:00,0.006372,0.006411,0.006126,0.00622,0,0,0,0,0,0,2448184796,12.993107585644843,NaN,0,-5.524182618020047,-9.118904271412694,0,0,0,0
2024-12-23T15:00:00+07:00,0.006219,0.006344,0.006192,0.006214,0,0,0,0,0,0,2092013897,11.688454960857264,NaN,0,-5.5705333222012134,-7.462144132216278,0,0,0,0
2024-12-23T19:00:00+07:00,0.006213,0.006294,0.006106,0.006146,0,0,0,0,0,0,3187005310,10.7758242479605,NaN,0,-8.64791361311124,-7.3200684811411465,0,0,0,0
2024-12-23T23:00:00+07:00,0.006146,0.006376,0.006126,0.006314,0,0,0,0,0,0,2560923543,9.47877337734819,NaN,0,-5.844496299860224,-6.5955162528019695,0,0,0,0
2024-12-24T03:00:00+07:00,0.006313,0.006707,0.00631,0.006607,0,0,1,0,0,0,2598407914,7.277268650973944,NaN,0,1.2561074997431834,-3.9804291868320782,0,0,0,0
2024-12-24T07:00:00+07:00,0.006608,0.006623,0.006355,0.006524,0,0,0,0,0,0,2147767047,5.233014262197866,NaN,0,5.439621252867248,-0.5451542123130262,0,0,0,0
2024-12-24T11:00:00+07:00,0.006524,0.006619,0.006476,0.006506,0,0,0,0,0,0,1641540547,3.3347780440486545,NaN,0,7.718955435393279,2.9189785649888833,0,0,0,0
2024-12-24T15:00:00+07:00,0.006506,0.006562,0.006428,0.006555,0,0,0,0,0,0,1537711019,1.337255437107249,NaN,0,11.822499473516432,6.864993437825545,0,0,0,0
2024-12-24T19:00:00+07:00,0.006554,0.00678,0.006476,0.006722,0,0,0,0,0,0,2441553239,0.4382574234924448,NaN,0,19.126127008787474,11.880856616644042,0,0,0,0
2024-12-24T23:00:00+07:00,0.006723,0.006769,0.006569,0.006569,0,0,0,0,0,0,2020737564,NaN,-0.3965264462927287,0,19.04174953965113,15.203885751840577,0,0,0,0
2024-12-25T03:00:00+07:00,0.006569,0.006728,0.00648,0.006699,0,0,0,0,0,0,1506601307,NaN,-1.657505216913986,0,21.045558300361666,18.00914167128009,0,0,0,0
2024-12-25T07:00:00+07:00,0.006699,0.006844,0.006668,0.006725,0,0,0,0,0,0,2737224842,NaN,-2.3137886660782137,0,22.980565125831635,20.419004062709973,0,0,0,0
2024-12-25T11:00:00+07:00,0.006726,0.006868,0.006579,0.006662,0,0,0,0,0,0,3453724782,NaN,-3.413483216103959,0,20.287455353109177,20.913722550536477,0,0,0,0
2024-12-25T15:00:00+07:00,0.006661,0.006798,0.006552,0.006569,0,0,0,0,0,0,1848358171,NaN,-4.582276765110596,0,13.708301459172954,18.65105934841139,0,0,0,0
2024-12-25T19:00:00+07:00,0.00657,0.006697,0.00654,0.006577,0,0,0,0,0,0,1662836439,NaN,-5.736259670891787,0,6.811312709371445,14.450588266326768,0,0,0,0
2024-12-25T23:00:00+07:00,0.006577,0.006632,0.006473,0.006612,0,0,0,0,0,0,1682609886,NaN,-7.028820281737296,0,3.2072547270751373,9.864126978828688,0,0,0,0
2024-12-26T03:00:00+07:00,0.006613,0.006646,0.006469,0.006575,0,0,0,0,0,0,1013018706,NaN,-8.312191153099239,0,0.37638949170148756,5.523264184425161,0,0,0,0
2024-12-26T07:00:00+07:00,0.006576,0.006675,0.006305,0.006326,0,0,0,1,0,0,3552121251,NaN,-8.59371917131601,0,-9.654585045381056,-0.6543117467305379,0,0,0,0
2024-12-26T11:00:00+07:00,0.006327,0.006329,0.006214,0.006244,0,0,0,0,0,0,1953993416,NaN,-8.41391743691931,0,-20.047763625474317,-8.30014451135131,0,0,0,0
2024-12-26T15:00:00+07:00,0.006244,0.006266,0.006058,0.006159,0,0,0,0,0,0,2722253417,NaN,-7.577553909514222,0,-29.68803635648082,-16.90899718066443,0,0,0,0
2024-12-26T19:00:00+07:00,0.006158,0.006201,0.006101,0.006124,0,0,0,0,0,0,1635546847,NaN,-6.800930634066642,0,-38.01738702438276,-25.86101013488804,0,0,0,0
2024-12-26T23:00:00+07:00,0.006122,0.006241,0.006067,0.006139,0,0,0,0,0,0,2267983982,NaN,-6.384311395900923,0,-44.52899741455038,-34.23525043573701,0,0,0,0
2024-12-27T03:00:00+07:00,0.006138,0.006185,0.006042,0.00614,0,0,0,0,0,0,1307761606,NaN,-5.878734184258988,0,-48.4210500254739,-40.913149146477025,0,0,0,0
2024-12-27T07:00:00+07:00,0.00614,0.006265,0.006091,0.006202,0,0,0,0,0,0,1642570698,NaN,-6.038716867626853,0,-46.09888194240302,-44.23256083085388,0,0,0,0
2024-12-27T11:00:00+07:00,0.006201,0.006297,0.00612,0.006182,0,0,0,0,0,0,2089828831,NaN,-6.432017417107751,0,-43.9731058554525,-45.10663926511866,0,0,0,0
2024-12-27T15:00:00+07:00,0.006181,0.006742,0.006181,0.006697,0,0,0,0,0,0,5212345704,NaN,-6.246982259923701,0,-30.235624256983463,-40.4492191999623,0,0,0,0
2024-12-27T19:00:00+07:00,0.006698,0.006746,0.006275,0.006356,0,0,0,0,0,0,3698069334,NaN,-6.058581279527136,0,-24.727133604534675,-34.47441976848298,0,0,0,0
2024-12-27T23:00:00+07:00,0.006357,0.006531,0.006264,0.006459,0,0,0,0,0,0,1912202023,NaN,-5.958597553399855,0,-17.891049184668688,-27.541049784382704,0,0,0,0
2024-12-28T03:00:00+07:00,0.006459,0.006472,0.006249,0.006327,0,0,0,0,0,0,1369739984,NaN,-5.973516928761548,0,-15.570155465686772,-21.869381950008805,0,0,0,0
2024-12-28T07:00:00+07:00,0.006327,0.006348,0.006217,0.006271,0,0,0,0,0,0,1141887612,NaN,-6.2249977308255815,0,-15.996093579693087,-18.374941918751425,0,0,0,0
2024-12-28T11:00:00+07:00,0.006272,0.006332,0.00617,0.006181,0,0,0,0,0,0,1084021205,NaN,-6.808363501677075,0,-19.712505610878036,-17.984440049606327,0,0,0,0
2024-12-28T15:00:00+07:00,0.006181,0.006287,0.006176,0.006242,0,0,0,0,0,0,1077056066,NaN,-7.350060288896319,0,-21.3672781875969,-18.84707028244121,0,0,0,0
2024-12-28T19:00:00+07:00,0.006242,0.006403,0.00616,0.006305,0,0,0,0,0,0,2190966313,NaN,-7.161945067489555,0,-20.203273928539975,-19.545689456719636,0,0,0,0
2024-12-28T23:00:00+07:00,0.006304,0.006484,0.006294,0.0064,0,0,0,0,0,0,1320498976,NaN,-6.5586890716831405,0,-15.363845461283324,-18.477017492321092,0,0,0,0
2024-12-29T03:00:00+07:00,0.0064,0.006547,0.006376,0.006475,0,0,0,0,0,0,897332256,NaN,-5.686250091626903,0,-9.06830710114036,-15.323586741501792,0,0,0,0
2024-12-29T07:00:00+07:00,0.006476,0.006495,0.006403,0.006476,0,0,0,0,0,0,880264542,NaN,-4.876128181574678,0,-2.6011254531365924,-10.47628120658475,0,0,0,0
2024-12-29T11:00:00+07:00,0.006476,0.006492,0.006383,0.006459,0,0,1,0,0,0,908242659,NaN,-4.323295302223489,0,3.044742754713913,-4.887778279566967,0,0,0,0
2024-12-29T15:00:00+07:00,0.00646,0.006473,0.00639,0.006395,0,0,0,0,0,0,798801780,NaN,-3.809950485683096,0,2.844984641539654,-0.9933294530946598,0,0,0,0
2024-12-29T19:00:00+07:00,0.006396,0.006446,0.006293,0.006326,0,0,0,1,0,0,1743630082,NaN,-4.31324177647776,0,-2.1979517938741706,-0.31641000976560285,0,0,0,0
2024-12-29T23:00:00+07:00,0.006327,0.006345,0.0062,0.006257,0,0,0,0,0,0,1352056747,NaN,-5.593757719162625,0,-9.675748228325167,-3.0098156224141546,0,0,0,0
2024-12-30T03:00:00+07:00,0.006257,0.006264,0.006119,0.006202,0,0,0,0,0,0,1334174597,NaN,-6.549112855489767,0,-17.83763973830967,-8.38335566324522,0,0,0,0
2024-12-30T07:00:00+07:00,0.006203,0.006441,0.006157,0.00635,0,0,0,0,0,0,1756948835,NaN,-7.028644605024436,0,-17.976927427715374,-12.78755731486665,0,0,0,0
2024-12-30T11:00:00+07:00,0.006349,0.006458,0.006267,0.006412,0,0,0,0,0,0,1639069491,NaN,-7.366508442146898,0,-13.89587001002588,-14.429961815096295,0,0,0,0
2024-12-30T15:00:00+07:00,0.006412,0.006508,0.006276,0.006376,0,0,0,0,0,0,1522018092,NaN,-7.3629295643000106,0,-10.970507166066056,-13.981188390568295,0,0,0,0
2024-12-30T19:00:00+07:00,0.006375,0.006486,0.006159,0.006237,0,0,0,0,0,0,3041769070,NaN,-8.32028920705011,0,-13.396377785068037,-13.756201480894829,0,0,0,0
2024-12-30T23:00:00+07:00,0.006236,0.006451,0.006079,0.006439,0,0,0,0,0,0,2867129051,NaN,-9.23620382886273,0,-7.308792648291962,-11.253977555179818,0,0,0,0
2024-12-31T03:00:00+07:00,0.00644,0.006489,0.006161,0.00629,0,0,0,0,0,0,1951812419,NaN,-10.354371094625606,0,-6.049297613574689,-9.033845090560225,0,0,0,0
2024-12-31T07:00:00+07:00,0.006291,0.006291,0.006081,0.006106,0,0,0,0,0,0,1639380833,NaN,-10.838494632800394,0,-10.012596391772123,-8.929987539615826,0,0,0,0
2024-12-31T11:00:00+07:00,0.006105,0.006216,0.006004,0.006139,0,0,0,0,0,0,2644540795,NaN,-10.785944040847662,0,-12.40054223312691,-9.880996843673271,0,0,0,0
2024-12-31T15:00:00+07:00,0.006139,0.006414,0.006133,0.006393,0,0,0,0,0,0,2493824492,NaN,-11.433799941521205,0,-7.679788680631211,-9.16308595909476,0,0,0,0
2024-12-31T19:00:00+07:00,0.006393,0.006641,0.006303,0.006515,0,0,0,0,0,0,3255247907,NaN,-10.83479354313191,0,-0.06934533954236397,-6.289466567782422,0,0,0,0
2024-12-31T23:00:00+07:00,0.006516,0.006627,0.006367,0.006461,0,0,1,0,0,0,2369634951,NaN,-10.278573316056134,0,4.574408454284252,-2.3505590657778517,0,0,0,0
2025-01-01T03:00:00+07:00,0.00646,0.006507,0.006371,0.006397,0,0,0,0,0,0,1003789135,NaN,-9.762083105200055,0,5.645806009757633,1.2372338835272503,0,0,0,0
2025-01-01T07:00:00+07:00,0.006397,0.006535,0.00638,0.006412,0,0,0,0,0,0,1282440786,NaN,-9.134342870556738,0,6.237460909712392,3.978351639381954,0,0,0,0
2025-01-01T11:00:00+07:00,0.006412,0.006418,0.006279,0.006338,0,0,0,0,0,0,1112826054,NaN,-9.380366356892129,0,4.0478897327408845,4.747078793390202,0,0,0,0
2025-01-01T15:00:00+07:00,0.006338,0.006361,0.006173,0.006286,0,0,0,1,0,0,1677930652,NaN,-10.376815934708874,0,-0.0665944666117514,3.3624659867227655,0,0,0,0
2025-01-01T19:00:00+07:00,0.006286,0.006438,0.006269,0.006409,0,0,1,0,0,0,2052645485,NaN,-10.81317327496957,0,0.9424051955349658,2.314003009242193,0,0,0,0
2025-01-01T23:00:00+07:00,0.006411,0.006477,0.006294,0.006452,0,0,0,0,0,0,1692352830,NaN,-10.979320219505825,0,4.492554647969899,2.691056733156551,0,0,0,0
2025-01-02T03:00:00+07:00,0.006453,0.00654,0.006438,0.006483,0,0,0,0,0,0,1089284645,NaN,-10.756933074927142,0,8.960324113055695,4.634250369552023,0,0,0,0
2025-01-02T07:00:00+07:00,0.006483,0.006596,0.006434,0.006528,0,0,0,0,0,0,1662077492,NaN,-10.229797394805212,0,14.69235184160645,8.306595701908194,0,0,0,0
2025-01-02T11:00:00+07:00,0.006529,0.006662,0.006521,0.00661,0,0,0,0,0,0,1556315823,NaN,-9.380163572162209,0,21.950494757108796,13.688691198840775,0,0,0,0
2025-01-02T15:00:00+07:00,0.00661,0.006729,0.006575,0.006681,0,0,0,0,0,0,1747680004,NaN,-8.247023136398692,0,29.84710841772523,20.235185301064128,0,0,0,0
2025-01-02T19:00:00+07:00,0.006681,0.006761,0.006588,0.006642,0,0,0,0,0,0,2201135083,NaN,-7.034824564865104,0,32.172491620584836,25.629826922761335,0,0,0,0
2025-01-02T23:00:00+07:00,0.006642,0.006727,0.006595,0.006638,0,0,0,0,0,0,1328827508,NaN,-5.909211605583913,0,31.64017532592647,29.00170064806476,0,0,0,0
2025-01-03T03:00:00+07:00,0.006639,0.006769,0.006555,0.006709,0,0,0,0,0,0,1387572384,NaN,-4.639584099841592,0,32.701752281097264,31.215443277567065,0,0,0,0
2025-01-03T07:00:00+07:00,0.006709,0.006728,0.006582,0.006662,0,0,0,0,0,0,1122676247,NaN,-3.4606442730808666,0,30.913878958134294,31.63260143678232,0,0,0,0
2025-01-03T11:00:00+07:00,0.006662,0.006676,0.00652,0.00654,0,0,0,0,0,0,1186942496,NaN,-3.0997715006661295,0,23.123397431693068,28.85537347378214,0,0,0,0
2025-01-03T15:00:00+07:00,0.006539,0.006842,0.006535,0.006815,0,0,0,0,0,0,1812381471,NaN,-1.8316961098484725,0,22.220435946525214,26.22540574812815,0,0,0,0
2025-01-03T19:00:00+07:00,0.006815,0.00695,0.006751,0.006914,0,0,0,0,0,0,2310441792,NaN,-0.1763869256816406,0,25.100640659563048,25.218976638424078,0,0,0,0
2025-01-03T23:00:00+07:00,0.006916,0.0071,0.006897,0.007003,1,0,0,0,0,0,3064336154,1.9057655151417379,NaN,0,30.401362292987805,26.415423717619152,1,0,0,0
2025-01-04T03:00:00+07:00,0.007003,0.007046,0.006939,0.00703,0,0,0,0,0,0,1134165980,3.839192781620593,NaN,0,35.937874245933536,29.610734113670105,0,0,0,0
2025-01-04T07:00:00+07:00,0.00703,0.007085,0.006934,0.007009,0,0,0,0,0,0,1408237614,5.769707508846988,NaN,0,39.37274284481392,33.61606769016124,0,0,0,0
2025-01-04T11:00:00+07:00,0.00701,0.0071,0.006921,0.007039,0,0,0,0,0,0,1237582669,7.615122130435061,NaN,0,43.41132178295835,37.88430455182577,0,0,0,0
2025-01-04T15:00:00+07:00,0.007038,0.007045,0.006867,0.00693,0,0,0,0,0,0,1471369739,8.646716097529975,NaN,0,40.9616486183577,39.923257969527896,0,0,0,0
2025-01-04T19:00:00+07:00,0.00693,0.007029,0.006769,0.00681,0,0,0,0,0,0,2089892083,8.48623538798929,NaN,0,31.079679354515456,37.61082110202963,0,0,0,0
2025-01-04T23:00:00+07:00,0.006809,0.006933,0.006809,0.006916,0,0,0,0,0,0,930140965,8.337217586272935,NaN,0,24.708686096204236,33.129498677659114,0,0,0,0
2025-01-05T03:00:00+07:00,0.006917,0.006987,0.006913,0.00696,0,0,0,0,0,0,799922768,8.511005418496175,NaN,0,21.056765166460508,28.17948182002264,0,0,0,0
2025-01-05T07:00:00+07:00,0.00696,0.006988,0.006855,0.006929,0,0,0,0,0,0,1103768278,8.00679992503487,NaN,0,17.082655608002074,23.12582695479025,0,0,0,0
2025-01-05T11:00:00+07:00,0.006929,0.006953,0.00686,0.006877,0,0,0,0,0,0,694053989,7.538609109677935,NaN,0,11.426357394764759,17.941983763475836,0,0,0,0
2025-01-05T15:00:00+07:00,0.006878,0.006885,0.00676,0.006822,0,0,0,0,0,0,1695420708,6.013894670943159,NaN,0,4.4801481262798095,12.411756897572639,0,0,0,0
2025-01-05T19:00:00+07:00,0.006821,0.006936,0.006713,0.006871,0,0,0,0,0,0,2143979068,4.9923824844325075,NaN,0,3.4322192918322445,8.305522502069293,0,0,0,0
2025-01-05T23:00:00+07:00,0.006871,0.00694,0.006797,0.00694,0,0,0,0,0,0,1001842962,4.074906089356229,NaN,0,6.718553203131797,6.7131638639572655,0,0,0,0
2025-01-06T03:00:00+07:00,0.00694,0.007031,0.006913,0.006982,0,0,0,0,0,0,883405299,3.8943142603523064,NaN,0,11.07589697990772,7.5291339489924605,0,0,0,0
2025-01-06T07:00:00+07:00,0.006982,0.007061,0.006835,0.007016,0,0,0,0,0,0,1492661023,2.869815141913275,NaN,0,17.20545953825651,10.78874212868354,0,0,0,0
2025-01-06T11:00:00+07:00,0.007016,0.007044,0.006897,0.00696,0,0,0,0,0,0,1037133655,1.9184945319341722,NaN,0,20.354079077301613,14.712616678490205,0,0,0,0
2025-01-06T15:00:00+07:00,0.00696,0.006972,0.006787,0.006912,0,0,0,0,0,0,1641907630,0.05462402183643178,NaN,0,20.85658720128862,17.74573187289109,0,0,0,0
2025-01-06T19:00:00+07:00,0.006912,0.007093,0.006814,0.007083,0,0,0,0,0,0,2788197168,NaN,-0.8058590117337907,0,26.657682679172865,21.55092103262296,0,0,0,0
2025-01-06T23:00:00+07:00,0.007083,0.007204,0.00695,0.007021,0,0,0,0,0,0,2037319590,NaN,-0.8632285145919703,0,26.87145066857757,24.098090890420327,0,0,0,0
2025-01-07T03:00:00+07:00,0.007021,0.007063,0.006925,0.006986,0,0,0,0,0,0,825687223,NaN,-1.164476430984415,0,24.492177796453557,24.799132878265034,0,0,0,0
2025-01-07T07:00:00+07:00,0.006986,0.007045,0.006846,0.006909,0,0,0,0,0,0,1121542874,NaN,-2.1926813630274182,0,18.248036891163224,22.933013347133162,0,0,0,0
2025-01-07T11:00:00+07:00,0.00691,0.006918,0.006821,0.006855,0,0,0,0,0,0,836218519,NaN,-3.3735012514518736,0,10.055026610072144,18.47629320138015,0,0,0,0
2025-01-07T15:00:00+07:00,0.006855,0.006922,0.006704,0.006749,0,0,0,1,0,0,1607689732,NaN,-4.400879756663841,0,-0.5557046977077107,11.20276665911496,0,0,0,0
2025-01-07T19:00:00+07:00,0.006749,0.006783,0.006284,0.006372,0,0,0,0,0,0,5853589116,NaN,-3.1707559164874297,0,-13.4509793101716,1.445041071153839,0,0,0,0
2025-01-07T23:00:00+07:00,0.006372,0.006402,0.006118,0.006148,0,0,0,0,0,0,2975283913,NaN,-1.4819931891855695,0,-27.174729094804896,-10.199105779768434,0,0,0,0
2025-01-08T03:00:00+07:00,0.006148,0.006172,0.006027,0.006056,0,0,0,0,0,0,2051500580,0.34991773293155504,NaN,0,-39.187235472832675,-22.4029609639494,0,0,0,0
2025-01-08T07:00:00+07:00,0.006055,0.006132,0.005918,0.005975,0,0,0,0,0,0,2774718608,2.3427027837264376,NaN,0,-49.372434244691185,-34.17286424781682,0,0,0,0
2025-01-08T11:00:00+07:00,0.005975,0.005978,0.005752,0.005857,0,0,0,0,0,0,3374118596,4.581931552145008,NaN,0,-57.669733304425385,-44.74670316127807,0,0,0,0
2025-01-08T15:00:00+07:00,0.005857,0.005936,0.005786,0.005836,0,0,0,0,0,0,2040167883,6.661215408533671,NaN,0,-63.75614194334373,-53.54174304726427,0,0,0,0
2025-01-08T19:00:00+07:00,0.005835,0.005913,0.005781,0.00585,0,0,0,0,0,0,2358590000,8.603930479358866,NaN,0,-67.07480654978153,-60.08932695985159,0,0,0,0
2025-01-08T23:00:00+07:00,0.00585,0.005854,0.005451,0.005606,0,0,0,0,0,0,7824099171,11.064789467937217,NaN,0,-70.13967754842241,-64.99852937498741,0,0,0,0
2025-01-09T03:00:00+07:00,0.005606,0.005705,0.005548,0.005662,0,0,0,0,0,0,1760398992,13.349872814474253,NaN,0,-69.49877918233973,-67.63060286305638,0,0,0,0
2025-01-09T07:00:00+07:00,0.005661,0.005767,0.005639,0.005672,0,0,0,0,0,0,1552952997,14.914192076712993,NaN,0,-68.5172123892663,-68.59373109092431,0,0,0,0
2025-01-09T11:00:00+07:00,0.005673,0.0057,0.005475,0.005506,0,0,0,0,0,0,2200204186,16.698539059075998,NaN,0,-68.97445936703727,-68.98610970572648,0,0,0,0
2025-01-09T15:00:00+07:00,0.005507,0.005666,0.005484,0.005627,0,0,0,0,0,0,1778175360,18.35543268555594,NaN,0,-64.30831952982902,-67.47522054654632,0,0,0,0
2025-01-09T19:00:00+07:00,0.005627,0.005709,0.005352,0.005664,0,0,0,0,0,0,4018164493,20.140582917022847,NaN,0,-56.00210250844378,-63.380024848234605,0,0,0,0
2025-01-09T23:00:00+07:00,0.005664,0.0057,0.005449,0.005465,0,0,0,0,0,0,2963979526,21.7982224176707,NaN,0,-52.031693449954886,-58.90386446642516,0,0,0,0
2025-01-10T03:00:00+07:00,0.005465,0.005579,0.005378,0.005538,0,0,0,0,0,0,2083744707,23.468147804899743,NaN,0,-45.87601016770619,-53.540282039358466,0,0,0,0
2025-01-10T07:00:00+07:00,0.005537,0.005645,0.005534,0.00563,0,0,0,0,0,0,1242091815,24.35387008542625,NaN,0,-37.63476882717237,-46.93903264688452,0,0,0,0
2025-01-10T11:00:00+07:00,0.00563,0.005818,0.005619,0.005781,0,0,0,0,0,0,1734297045,23.639355235999574,NaN,0,-27.03652472974647,-38.89434792459293,0,0,0,0
2025-01-10T15:00:00+07:00,0.00578,0.005817,0.005713,0.005762,0,0,0,0,0,0,1845231452,22.975877161531947,NaN,0,-18.713291453182865,-30.560038430118976,0,0,0,0
2025-01-10T19:00:00+07:00,0.005763,0.005781,0.00554,0.005662,0,0,0,0,0,0,4380159025,22.941572474326215,NaN,0,-15.896708341333753,-23.772788635379367,0,0,0,0
2025-01-10T23:00:00+07:00,0.005662,0.00581,0.005585,0.005739,0,0,0,0,0,0,2004891497,22.660346709932355,NaN,0,-11.672983445327393,-17.986629549212395,0,0,0,0
2025-01-11T03:00:00+07:00,0.005738,0.005779,0.005671,0.005755,0,0,0,0,0,0,1004772586,22.39920850013806,NaN,0,-7.846003648824536,-13.205012312369714,0,0,0,0
2025-01-11T07:00:00+07:00,0.005755,0.005799,0.005705,0.005716,0,0,0,0,0,0,849814590,21.965605932700207,NaN,0,-6.7190170476161075,-10.033650553680749,0,0,0,0
2025-01-11T11:00:00+07:00,0.005718,0.005762,0.005683,0.00571,0,0,0,0,0,0,791189328,21.653229904656598,NaN,0,-7.055550413652215,-8.32896709581251,0,0,0,0
2025-01-11T15:00:00+07:00,0.005711,0.005775,0.005679,0.005768,0,0,0,0,0,0,959127424,21.22546588798471,NaN,0,-3.625114030290235,-6.257987579458987,0,0,0,0
2025-01-11T19:00:00+07:00,0.005768,0.005783,0.005693,0.005702,0,0,0,0,0,0,893305059,20.73903246776382,NaN,0,-4.476326657993204,-5.288851893076024,0,0,0,0
2025-01-11T23:00:00+07:00,0.005703,0.005725,0.005671,0.005705,0,0,0,0,0,0,700787254,20.398236903711712,NaN,0,-5.070468689892207,-4.997540669815007,0,0,0,0
2025-01-12T03:00:00+07:00,0.005706,0.005877,0.005692,0.005748,0,0,0,0,0,0,1500671857,18.46937162978987,NaN,0,-4.81489861575128,-4.8060750857691685,0,0,0,0
2025-01-12T07:00:00+07:00,0.005749,0.005785,0.005723,0.005748,0,0,0,0,0,0,707885378,16.67828244686244,NaN,0,-5.411442885050519,-4.940398820280732,0,0,0,0
2025-01-12T11:00:00+07:00,0.005748,0.005756,0.005664,0.00572,0,0,0,0,0,0,909562793,15.407072866543416,NaN,0,-7.474985107329486,-5.872177130792064,0,0,0,0
2025-01-12T15:00:00+07:00,0.00572,0.005727,0.00562,0.00569,0,0,0,0,0,0,1008358079,14.505236293472215,NaN,0,-10.904403121918998,-7.690436707697284,0,0,0,0
2025-01-12T19:00:00+07:00,0.00569,0.005771,0.005657,0.005753,0,0,0,0,0,0,944561620,13.190536135163086,NaN,0,-8.149679232497226,-8.161916557200193,0,0,0,0
2025-01-12T23:00:00+07:00,0.005753,0.005782,0.005694,0.005709,0,1,0,0,0,0,868266897,11.849654646958648,NaN,0,-8.771171642016999,-8.635279840369359,0,1,0,0
2025-01-13T03:00:00+07:00,0.005709,0.005726,0.005572,0.005646,0,0,0,0,0,0,1015091158,11.423234313226828,NaN,0,-12.553713727584782,-10.10573895031007,0,0,0,0
2025-01-13T07:00:00+07:00,0.005647,0.005785,0.005467,0.005508,0,0,0,0,0,0,2415434711,11.602337063624148,NaN,0,-21.721844573099535,-14.156090285920083,0,0,0,0
2025-01-13T11:00:00+07:00,0.005506,0.005589,0.005342,0.005428,0,0,0,0,0,0,2689223647,12.335401888304574,NaN,0,-32.04356734392697,-20.697225247421237,0,0,0,0
2025-01-13T15:00:00+07:00,0.005427,0.005437,0.004983,0.005,0,0,0,0,0,0,7487993896,14.104075148587718,NaN,0,-43.52344799738348,-29.655709478607363,0,0,0,0
2025-01-13T19:00:00+07:00,0.005001,0.00519,0.004808,0.005116,0,0,0,0,0,0,7988175342,16.100543215534415,NaN,0,-46.44897650715772,-37.23111862872582,0,0,0,0
2025-01-13T23:00:00+07:00,0.005117,0.00515,0.004821,0.004942,0,0,0,0,0,0,3891483690,17.95440642055634,NaN,0,-50.843368556646695,-43.75947147099789,0,0,0,0
2025-01-14T03:00:00+07:00,0.004942,0.005186,0.00489,0.005149,0,0,0,0,0,0,2620153758,19.31474701147429,NaN,0,-46.00926134196144,-46.123811586437405,0,0,0,0
2025-01-14T07:00:00+07:00,0.00515,0.005216,0.005119,0.005148,0,0,0,0,0,0,1574470325,20.27196907852639,NaN,0,-40.70148791720118,-45.09973277569937,0,0,0,0
2025-01-14T11:00:00+07:00,0.005148,0.005302,0.005142,0.00518,0,0,0,0,0,0,2637477003,20.31066022541971,NaN,0,-35.32987755929893,-41.70792247410898,0,0,0,0
2025-01-14T15:00:00+07:00,0.005181,0.005409,0.00518,0.005271,0,0,0,0,0,0,2982629572,19.39014464306274,NaN,0,-27.466699211616575,-36.24129075249678,0,0,0,0
2025-01-14T19:00:00+07:00,0.005271,0.00538,0.005215,0.005313,0,0,0,0,0,0,2740414701,18.53538017373127,NaN,0,-18.94943898220877,-29.201057440784716,0,0,0,0
2025-01-14T23:00:00+07:00,0.005313,0.005414,0.005253,0.005372,0,0,0,0,0,0,1543551955,17.432045145108916,NaN,0,-10.211827492381008,-21.374548937425924,0,0,0,0
2025-01-15T03:00:00+07:00,0.00537,0.005495,0.005323,0.005431,0,0,0,0,0,0,1082228390,15.6986759260394,NaN,0,-1.5629571312958705,-13.051579237010786,0,0,0,0
2025-01-15T07:00:00+07:00,0.005431,0.005474,0.005346,0.005438,0,0,1,0,0,0,2103162184,14.089118794046279,NaN,0,5.671588978383381,-4.926329552429581,0,0,0,0
2025-01-15T11:00:00+07:00,0.005438,0.005511,0.005399,0.005457,0,0,0,0,0,0,1495241871,12.261759384195173,NaN,0,12.322447498516771,2.6824418696839327,0,0,0,0
2025-01-15T15:00:00+07:00,0.005457,0.00549,0.00528,0.005334,0,0,0,0,0,0,2470785156,11.307227896667555,NaN,0,11.559867192446406,7.384410075765101,0,0,0,0
2025-01-15T19:00:00+07:00,0.005334,0.005716,0.005301,0.005658,0,0,0,0,0,0,5288493426,8.752576145771911,NaN,0,16.613071670030394,11.736826029397253,0,0,0,0
2025-01-15T23:00:00+07:00,0.005659,0.005813,0.005636,0.005799,0,0,0,0,0,0,2108225732,6.974017160054402,NaN,0,22.90716544350011,16.398946630025215,0,0,0,0
2025-01-16T03:00:00+07:00,0.005799,0.005891,0.005777,0.005857,0,0,0,0,0,0,1973653081,5.7618148239573515,NaN,0,29.175507783827054,21.519173172442432,0,0,0,0
2025-01-16T07:00:00+07:00,0.005858,0.005904,0.005657,0.005695,0,0,0,0,0,0,1906710456,3.810180349792443,NaN,0,29.00421084186981,25.01537281384432,0,0,0,0
2025-01-16T11:00:00+07:00,0.005695,0.005749,0.00565,0.005709,0,0,0,0,0,0,941273703,1.9515683788489717,NaN,0,28.553799585854048,27.249317813684083,0,0,0,0
2025-01-16T15:00:00+07:00,0.005709,0.005714,0.005543,0.005714,0,0,0,0,0,0,2687909768,0.5148346664221535,NaN,0,29.540463561707448,28.679221979247806,0,0,0,0
2025-01-16T19:00:00+07:00,0.005714,0.00586,0.005534,0.005689,0,0,0,0,0,0,5769553040,NaN,-0.8728487320975162,0,28.661404465434735,28.95428031994215,0,0,0,0
2025-01-16T23:00:00+07:00,0.005689,0.005798,0.005684,0.005781,0,0,0,0,0,0,1745836464,NaN,-2.161411887865782,0,29.854181188737385,29.24331496694174,0,0,0,0
2025-01-17T03:00:00+07:00,0.005781,0.005799,0.005606,0.005651,0,0,0,0,0,0,1160657136,NaN,-3.699161438382429,0,26.28793238229043,28.298355118131653,0,0,0,0
2025-01-17T07:00:00+07:00,0.005652,0.00588,0.005652,0.005819,0,0,0,0,0,0,1505783799,NaN,-4.790745459447422,0,26.76208872363839,27.69253261374285,0,0,0,0
2025-01-17T11:00:00+07:00,0.005819,0.005918,0.005798,0.005915,0,0,0,0,0,0,996308233,NaN,-5.567666359000647,0,30.150960259053026,28.335781345306632,0,0,0,0
2025-01-17T15:00:00+07:00,0.005914,0.006087,0.005911,0.006004,0,0,0,0,0,0,3148603664,NaN,-5.353436524933073,0,35.197552647608426,30.620527759899176,0,0,0,0
2025-01-17T19:00:00+07:00,0.006005,0.006089,0.005966,0.006049,0,0,0,0,0,0,2878855713,NaN,-5.144325763336717,0,40.98044403023595,34.39716142322265,0,0,0,0
2025-01-17T23:00:00+07:00,0.006049,0.006137,0.005983,0.006026,0,0,0,0,0,0,1758861662,NaN,-4.6993557502773164,0,43.72850103112189,38.34806323074153,0,0,0,0
2025-01-18T03:00:00+07:00,0.006026,0.006154,0.006021,0.006103,0,0,0,0,0,0,1733977009,NaN,-4.196403710872168,0,47.13710865687383,42.27246300358896,0,0,0,0
2025-01-18T07:00:00+07:00,0.006103,0.006244,0.005937,0.005961,0,0,0,0,0,0,2635204591,NaN,-3.2707500228256734,0,42.19377052202412,43.190748735937454,0,0,0,0
2025-01-18T11:00:00+07:00,0.00596,0.006015,0.005649,0.005666,0,0,0,0,0,0,5109455954,NaN,-4.6416497321953045,0,29.70160911951403,39.14212664991785,0,0,0,0
2025-01-18T15:00:00+07:00,0.005666,0.005836,0.005555,0.005768,0,0,0,0,0,0,4828696392,NaN,-5.721608956066152,0,21.654425122089158,32.77750613329626,0,0,0,0
2025-01-18T19:00:00+07:00,0.005768,0.005838,0.005612,0.005768,0,0,0,0,0,0,3625847444,NaN,-6.737466944641369,0,15.843734438499627,25.76438998268793,0,0,0,0
2025-01-18T23:00:00+07:00,0.005769,0.005917,0.005585,0.005645,0,0,0,0,0,0,6524778956,NaN,-7.8874653237720125,0,6.749287533095742,17.57877596978646,0,0,0,0
2025-01-19T03:00:00+07:00,0.005645,0.005715,0.005525,0.005665,0,0,0,0,0,0,1912922870,NaN,-8.875949927506575,0,0.7423854418033657,10.083382668039402,0,0,0,0
2025-01-19T07:00:00+07:00,0.005666,0.005799,0.005619,0.005687,0,0,0,1,0,0,2043517161,NaN,-9.71364477893792,0,-2.7284925353499174,4.1944557125893,0,0,0,0
2025-01-19T11:00:00+07:00,0.005686,0.005799,0.005624,0.005626,0,0,0,0,0,0,4261999759,NaN,-10.491504283838454,0,-8.525442259310363,-1.4647810405233523,0,0,0,0
2025-01-19T15:00:00+07:00,0.005626,0.005636,0.005003,0.005049,0,0,0,0,0,0,11239100994,NaN,-8.940784110297837,0,-17.550679977568016,-8.120439207628587,0,0,0,0
2025-01-19T19:00:00+07:00,0.00505,0.005352,0.005032,0.005253,0,0,0,0,0,0,6493142957,NaN,-7.500829663438694,0,-20.368432608568785,-13.489053957329569,0,0,0,0
2025-01-19T23:00:00+07:00,0.005253,0.005438,0.005159,0.005435,0,0,0,0,0,0,3581109537,NaN,-6.7359475767153825,0,-17.73375620135642,-16.171595228515464,0,0,0,0
2025-01-20T03:00:00+07:00,0.005437,0.005505,0.004498,0.00466,0,0,0,0,0,0,14786550863,NaN,-4.346730928306975,0,-19.333638175823967,-18.155687714979884,0,0,0,0
2025-01-20T07:00:00+07:00,0.004659,0.004668,0.004082,0.004205,0,0,0,0,0,0,15170628497,NaN,-1.5018010035724672,0,-23.762744388266988,-20.50913922956038,0,0,0,0
2025-01-20T11:00:00+07:00,0.004203,0.004617,0.004125,0.004527,0,0,0,0,0,0,13485445981,1.1399196408238623,NaN,0,-21.899321884804646,-21.22562976772298,0,0,0,0
2025-01-20T15:00:00+07:00,0.004528,0.004641,0.004382,0.004467,0,0,0,0,0,0,5850858130,3.455329102785605,NaN,0,-20.287015098765018,-21.1147752500566,0,0,0,0
2025-01-20T19:00:00+07:00,0.004468,0.004472,0.004171,0.004235,0,1,0,0,0,1,8180910537,5.907494085918248,NaN,0,-21.99316032471941,-21.578063641695266,0,1,0,1
2025-01-20T23:00:00+07:00,0.004236,0.004297,0.003869,0.004063,0,0,0,0,0,0,14821675986,8.54584113859265,NaN,0,-25.894624519835904,-23.0578798234819,0,0,0,0
2025-01-21T03:00:00+07:00,0.004063,0.004172,0.003984,0.00403,0,0,0,0,0,0,4204688310,10.99573483036174,NaN,0,-29.777871099081437,-25.394712442082913,0,0,0,0
2025-01-21T07:00:00+07:00,0.00403,0.004091,0.003851,0.003915,0,0,0,0,0,0,6531047291,13.419750900486882,NaN,0,-33.81776429314077,-28.677167677982744,0,0,0,0
2025-01-21T11:00:00+07:00,0.003915,0.004017,0.003759,0.00393,0,0,0,0,0,0,5848256147,15.769701095090554,NaN,0,-36.29280633493528,-31.990074100591666,0,0,0,0
2025-01-21T15:00:00+07:00,0.003929,0.00415,0.003901,0.0041,0,0,0,0,0,0,5143994348,17.13181493092624,NaN,0,-34.60508058062514,-33.67335252268586,0,0,0,0
2025-01-21T19:00:00+07:00,0.004101,0.004139,0.004002,0.004072,0,0,0,0,0,0,4669135273,18.39663492134509,NaN,0,-32.636830726815,-33.85975297644962,0,0,0,0
2025-01-21T23:00:00+07:00,0.004071,0.004273,0.004055,0.004178,0,0,0,0,0,0,4387429942,18.74208793659927,NaN,0,-27.88762166715633,-32.013603329861894,0,0,0,0
2025-01-22T03:00:00+07:00,0.004177,0.004204,0.0041,0.004146,0,0,0,0,0,0,2446561928,19.06286573647815,NaN,0,-23.96715186061535,-28.986647043222174,0,0,0,0
2025-01-22T07:00:00+07:00,0.004145,0.004244,0.004112,0.004211,0,0,0,0,0,0,2238868011,19.101091909870192,NaN,0,-19.50039520018413,-25.127479365273746,0,0,0,0
2025-01-22T11:00:00+07:00,0.004211,0.004231,0.004145,0.004178,0,0,0,0,0,0,1813982542,19.136587642305656,NaN,0,-16.45940308573091,-21.37414172482432,0,0,0,0
2025-01-22T15:00:00+07:00,0.004179,0.004262,0.004103,0.004246,0,0,0,0,0,0,3171987310,19.284291970661478,NaN,0,-11.28582424361334,-17.105989636661985,0,0,0,0
2025-01-22T19:00:00+07:00,0.004246,0.004257,0.00414,0.004229,0,0,0,0,0,0,3735812777,19.421445989849026,NaN,0,-6.857793984396763,-12.785227894307566,0,0,0,0
2025-01-22T23:00:00+07:00,0.004227,0.004299,0.004146,0.004235,0,0,0,0,0,0,3461637236,19.209044688988286,NaN,0,-2.664539493400425,-8.468703167138344,0,0,0,0
2025-01-23T03:00:00+07:00,0.004235,0.004308,0.004139,0.004178,0,0,0,0,0,0,2972071124,18.936525199960997,NaN,0,-2.3976419044035575,-5.4833867347844905,0,0,0,0
2025-01-23T07:00:00+07:00,0.004177,0.004215,0.004076,0.00411,0,0,0,0,0,0,2759539328,18.909924059733022,NaN,0,-5.744379524903056,-4.753833062315843,0,0,0,0
2025-01-23T11:00:00+07:00,0.004111,0.004183,0.004063,0.004157,0,0,0,0,0,0,2888504882,18.93231266652885,NaN,0,-5.554668256714576,-4.675377204506227,0,0,0,0
2025-01-23T15:00:00+07:00,0.004157,0.004164,0.004054,0.004091,0,0,0,0,0,0,2280001651,18.987500654915515,NaN,0,-8.893048803188517,-6.091791927981173,0,0,0,0
2025-01-23T19:00:00+07:00,0.004091,0.004192,0.004005,0.004123,0,0,0,0,0,0,6177754426,19.229058298480794,NaN,0,-7.6936507817167055,-6.972723656379399,0,0,0,0
2025-01-23T23:00:00+07:00,0.004124,0.004207,0.003911,0.003925,0,0,0,0,0,0,4638882767,19.793708289901915,NaN,0,-13.68133934196189,-9.514277485638269,0,0,0,0
2025-01-24T03:00:00+07:00,0.003924,0.004082,0.003864,0.004029,0,0,0,0,0,0,6429225220,20.476950703272124,NaN,0,-12.66694671710042,-10.965453944106093,0,0,0,0
2025-01-24T07:00:00+07:00,0.004029,0.004062,0.003778,0.003827,0,0,0,0,0,0,5651056720,21.384943835482424,NaN,0,-16.83624038287983,-13.344890478353895,0,0,0,0
2025-01-24T11:00:00+07:00,0.003826,0.00402,0.003809,0.003983,0,0,0,0,0,0,3715508285,22.228080315391992,NaN,0,-14.898895312883242,-14.326440514191821,0,0,0,0
2025-01-24T15:00:00+07:00,0.003983,0.004084,0.003966,0.004056,0,0,0,0,0,0,2364528904,22.247948455702357,NaN,0,-10.24366309885151,-13.355856711372848,0,0,0,0
2025-01-24T19:00:00+07:00,0.004056,0.004131,0.003983,0.00401,0,0,0,0,0,0,4478607841,21.73221415334369,NaN,0,-8.974609323653084,-11.792254162345419,0,0,0,0
2025-01-24T23:00:00+07:00,0.00401,0.004026,0.003943,0.00396,0,0,0,0,0,0,3140757355,21.443536048381738,NaN,0,-11.091242773646721,-11.247978097869785,0,0,0,0
2025-01-25T03:00:00+07:00,0.003961,0.003978,0.003736,0.003765,0,1,0,0,0,0,3759569127,21.987542026006416,NaN,0,-16.491931828244045,-12.608978647823509,0,1,0,0
2025-01-25T07:00:00+07:00,0.003765,0.003779,0.003593,0.003774,0,0,0,0,0,0,5330254263,22.914702936141573,NaN,0,-19.877909297631298,-15.121592257882035,0,0,0,0
2025-01-25T11:00:00+07:00,0.003773,0.003847,0.003703,0.003744,0,0,0,0,0,0,2744610605,23.06961154169972,NaN,0,-23.15029738648631,-18.393067631909027,0,0,0,0
2025-01-25T15:00:00+07:00,0.003745,0.003873,0.003715,0.003846,0,0,0,0,0,0,2699087077,22.947469204134222,NaN,0,-21.664694610092038,-20.308899794628942,0,0,0,0
2025-01-25T19:00:00+07:00,0.003846,0.003909,0.003791,0.003892,0,0,0,0,0,0,2943314446,22.461072925989676,NaN,0,-17.09404756178205,-19.855177255482932,0,0,0,0
2025-01-25T23:00:00+07:00,0.003893,0.003931,0.003845,0.003891,0,0,0,0,0,0,1919089000,21.77814264251596,NaN,0,-12.14940657153809,-17.35305406704658,0,0,0,0
2025-01-26T03:00:00+07:00,0.00389,0.003908,0.003832,0.003848,0,0,0,0,0,0,1392967258,21.20781799883781,NaN,0,-8.877775691162393,-14.049888935598725,0,0,0,0
2025-01-26T07:00:00+07:00,0.003847,0.003937,0.003819,0.003891,0,0,0,0,0,0,2707689236,20.34698615261167,NaN,0,-3.7792978340793337,-9.780573425554444,0,0,0,0
2025-01-26T11:00:00+07:00,0.00389,0.00393,0.003857,0.003876,0,0,0,0,0,0,1267501567,19.547642295401687,NaN,0,-0.631008114793521,-5.753227979242024,0,0,0,0
2025-01-26T15:00:00+07:00,0.003876,0.003892,0.00378,0.003875,1,0,1,0,0,0,2651455282,19.244152150190466,NaN,0,2.333628567549958,-2.1399160718350116,1,0,0,0
2025-01-26T19:00:00+07:00,0.003875,0.003949,0.003848,0.003905,0,0,0,0,0,0,2413284861,18.268629909798634,NaN,0,6.45512101709081,1.5520482434634837,0,0,0,0
2025-01-26T23:00:00+07:00,0.003906,0.003949,0.003872,0.003918,0,0,0,0,0,0,1264519512,17.362787829434787,NaN,0,10.097749916259541,5.2179203525762965,0,0,0,0
2025-01-27T03:00:00+07:00,0.003919,0.003924,0.003646,0.003659,0,0,0,0,0,0,3864966324,17.718802991140997,NaN,0,3.5074128120488735,5.421978386457424,0,0,0,0
2025-01-27T07:00:00+07:00,0.003658,0.003658,0.003417,0.00348,0,1,0,1,0,0,8361544618,18.833674902922162,NaN,0,-7.569774406154096,1.4478599711956808,0,1,0,0
2025-01-27T11:00:00+07:00,0.003481,0.003483,0.003167,0.00329,0,0,0,0,0,0,8094891295,20.455006059642372,NaN,0,-20.356127788966905,-6.325791818912959,0,0,0,0
2025-01-27T15:00:00+07:00,0.00329,0.003335,0.003186,0.003271,0,0,0,0,0,0,5441276436,21.96052784802542,NaN,0,-31.697546620122775,-16.367266128972435,0,0,0,0
2025-01-27T19:00:00+07:00,0.003271,0.003404,0.003245,0.003372,0,0,0,0,0,0,5767418314,22.65325928694942,NaN,0,-32.50741292527295,-24.13518469826773,0,0,0,0
2025-01-27T23:00:00+07:00,0.003373,0.003387,0.003216,0.003251,0,0,0,0,0,0,4141992541,23.37741586427414,NaN,0,-35.80747289144028,-30.16277906684996,0,0,0,0
2025-01-28T03:00:00+07:00,0.00325,0.003473,0.00325,0.003455,0,0,0,0,0,0,4093841796,23.181618780598846,NaN,0,-30.771975711748897,-31.89088199530246,0,0,0,0
2025-01-28T07:00:00+07:00,0.003456,0.003514,0.003388,0.003483,0,0,0,0,0,0,2338968971,22.604035674417325,NaN,0,-23.118699878234647,-29.52107955887722,0,0,0,0
2025-01-28T11:00:00+07:00,0.003483,0.003545,0.003415,0.003429,0,0,0,0,0,0,2297695855,21.767023449453774,NaN,0,-18.349177710033636,-25.377264927100462,0,0,0,0
2025-01-28T15:00:00+07:00,0.003429,0.003444,0.003353,0.003373,0,0,0,0,0,0,1929266487,21.268167113343857,NaN,0,-16.51817291866737,-21.513006625540893,0,0,0,0
2025-01-28T19:00:00+07:00,0.003374,0.003406,0.003315,0.003335,0,0,0,0,0,0,2850102123,20.97085587854729,NaN,0,-17.99873701316532,-19.20821902258768,0,0,0,0
2025-01-28T23:00:00+07:00,0.003335,0.003338,0.003189,0.00322,0,1,0,0,0,0,3220853100,21.19541922280027,NaN,0,-23.156577125541055,-19.809960515644708,0,1,0,0
2025-01-29T03:00:00+07:00,0.003221,0.00324,0.002954,0.00299,0,0,0,0,0,0,6331772258,22.11488486960075,NaN,0,-30.983790242032008,-23.52846628661257,0,0,0,0
2025-01-29T07:00:00+07:00,0.002991,0.003183,0.002965,0.003136,0,0,0,0,0,0,4981105829,22.96867439877262,NaN,0,-32.452590118967194,-27.212232658972347,0,0,0,0
2025-01-29T11:00:00+07:00,0.003136,0.00332,0.003109,0.003315,0,0,0,0,0,0,3869020540,22.434373985425466,NaN,0,-28.40081720301887,-28.605180565420437,0,0,0,0
2025-01-29T15:00:00+07:00,0.003315,0.003355,0.003267,0.003345,0,0,0,0,0,0,3220594067,21.625803506321034,NaN,0,-21.94490832190234,-27.053982559206254,0,0,0,0
2025-01-29T19:00:00+07:00,0.003345,0.003349,0.003158,0.003194,0,0,0,0,0,0,4104314097,21.306437141230717,NaN,0,-19.570649518811198,-24.448286864712557,0,0,0,0
2025-01-29T23:00:00+07:00,0.003194,0.003377,0.003125,0.003298,0,0,0,0,0,0,6378855174,21.133443607092858,NaN,0,-13.830099324875937,-20.16813627935576,0,0,0,0
2025-01-30T03:00:00+07:00,0.003297,0.003457,0.003231,0.003243,0,0,0,0,0,0,5272033007,20.228521259453338,NaN,0,-11.38059390224365,-16.215063280931943,0,0,0,0
2025-01-30T07:00:00+07:00,0.003242,0.003392,0.003199,0.00338,0,0,0,0,0,0,2793962114,19.532010820110948,NaN,0,-7.003662014843822,-12.20781273448975,0,0,0,0
2025-01-30T11:00:00+07:00,0.003379,0.003407,0.003313,0.003345,0,0,0,0,0,0,1720764198,18.73969199318652,NaN,0,-4.769806218509047,-8.882420601814305,0,0,0,0
2025-01-30T15:00:00+07:00,0.003346,0.003395,0.003317,0.003374,0,0,0,0,0,0,1746341034,18.003967368185272,NaN,0,-2.3007895851896043,-5.8790297315919275,0,0,0,0
2025-01-30T19:00:00+07:00,0.003374,0.003424,0.003306,0.00336,0,0,0,0,0,0,3299848911,17.009818037647086,NaN,0,-0.9439967163151753,-3.5746985673195155,0,0,0,0
2025-01-30T23:00:00+07:00,0.003362,0.003419,0.003323,0.003377,0,0,1,0,0,0,2790834313,16.08667937357591,NaN,0,1.074285612810274,-1.4566801339093374,0,0,0,0
2025-01-31T03:00:00+07:00,0.003378,0.003384,0.003297,0.0033,0,0,0,1,0,0,1583543859,15.395679375537036,NaN,0,-1.4036136202202125,-0.9949534125129167,0,0,0,0
2025-01-31T07:00:00+07:00,0.003299,0.003395,0.003266,0.003334,0,0,0,0,0,0,2768376295,14.952094984577336,NaN,0,-1.8596011268264736,-1.05855908629349,0,0,0,0
2025-01-31T11:00:00+07:00,0.003334,0.003373,0.00329,0.003321,0,0,0,0,0,0,1858523767,14.5401951929719,NaN,0,-3.3176396615594883,-1.8021912777639066,0,0,0,0
2025-01-31T15:00:00+07:00,0.003322,0.0035,0.003285,0.003488,0,0,1,0,0,0,2474236545,12.61331593591592,NaN,0,0.8557602048973578,-1.0869001753240493,0,0,0,0
2025-01-31T19:00:00+07:00,0.003487,0.003666,0.003461,0.003626,0,0,0,0,0,0,6406679178,10.515725443677056,NaN,0,9.59535629889704,2.4216058303682,0,0,0,0
2025-01-31T23:00:00+07:00,0.003627,0.003672,0.003375,0.003424,0,0,0,0,0,0,5438523133,8.112784473165682,NaN,0,10.19371399528186,5.561493022449605,0,0,0,0
2025-02-01T03:00:00+07:00,0.003423,0.003429,0.003279,0.003301,0,0,0,0,0,0,3253897349,6.589722696771101,NaN,0,6.568484434236611,6.719815186482456,0,0,0,0
2025-02-01T07:00:00+07:00,0.003302,0.003412,0.003277,0.003325,0,0,0,0,0,0,2507390904,5.189703096915277,NaN,0,3.55696531683872,6.31242527397847,0,0,0,0
2025-02-01T11:00:00+07:00,0.003325,0.003384,0.003286,0.003306,0,0,0,1,0,0,2210026895,3.8896848970491504,NaN,0,-1.0958626399909395,3.895785710638052,0,0,0,0
2025-02-01T15:00:00+07:00,0.003306,0.003322,0.003142,0.003198,0,0,0,0,0,0,4548012323,3.6812761058396575,NaN,0,-9.179169522852206,-1.0851812906635698,0,0,0,0
2025-02-01T19:00:00+07:00,0.003199,0.003241,0.003115,0.00316,0,0,0,0,0,0,2853680854,3.6521118041516907,NaN,0,-18.01533665469865,-7.759902281130723,0,0,0,0
2025-02-01T23:00:00+07:00,0.003159,0.003176,0.002956,0.002971,0,0,0,0,0,0,4583585731,4.4686692943682935,NaN,0,-28.669931398031476,-16.105551476043452,0,0,0,0
2025-02-02T03:00:00+07:00,0.00297,0.002979,0.002791,0.00282,0,0,0,0,0,0,5803150115,5.892064515567512,NaN,0,-38.79248848715728,-25.47615864518024,0,0,0,0
2025-02-02T07:00:00+07:00,0.00282,0.002923,0.00275,0.002774,0,0,0,0,0,0,5245130883,7.358118248110124,NaN,0,-47.752208537428196,-35.010042244140934,0,0,0,0
2025-02-02T11:00:00+07:00,0.002774,0.002892,0.002766,0.002877,0,0,0,0,0,0,3022145631,8.71945385689969,NaN,0,-49.3056625936747,-41.951320802021314,0,0,0,0
2025-02-02T15:00:00+07:00,0.002876,0.00293,0.002777,0.002792,0,0,0,0,0,0,3524079464,9.538444523940761,NaN,0,-51.49455659647602,-46.94713115611397,0,0,0,0
2025-02-02T19:00:00+07:00,0.002791,0.002883,0.002771,0.002819,0,0,0,0,0,0,3762799197,10.326144734524156,NaN,0,-51.824726165993965,-49.82105003726078,0,0,0,0
2025-02-02T23:00:00+07:00,0.002819,0.002826,0.002359,0.002442,0,0,0,0,0,0,19040773985,12.377409407405274,NaN,0,-53.992389349303345,-51.873870328313224,0,0,0,0
2025-02-03T03:00:00+07:00,0.002442,0.002515,0.00219,0.002355,0,0,0,0,0,0,11251832016,14.617056643284137,NaN,0,-56.28312478520301,-53.67694237385581,0,0,0,0
2025-02-03T07:00:00+07:00,0.002356,0.002356,0.001685,0.001904,0,0,0,0,0,0,34897343151,17.356895117596125,NaN,0,-59.587361911465905,-56.012699044967704,0,0,0,0
2025-02-03T11:00:00+07:00,0.001904,0.002085,0.001818,0.002077,0,0,0,0,0,0,9715486981,19.90103084374296,NaN,0,-56.82869577656071,-56.74345371659179,0,0,0,0
2025-02-03T15:00:00+07:00,0.002078,0.002187,0.002013,0.002111,0,0,0,0,0,0,7667134614,21.440213868936105,NaN,0,-52.8837650634999,-55.80362220518996,0,0,0,0
2025-02-03T19:00:00+07:00,0.002111,0.002254,0.001996,0.002221,0,0,0,0,0,0,13344602234,22.348678301095184,NaN,0,-43.80922652060719,-51.768341919656834,0,0,0,0
2025-02-03T23:00:00+07:00,0.00222,0.002315,0.002201,0.002312,0,0,0,0,0,0,5966808761,22.72411133370646,NaN,0,-32.85167521335061,-44.75942205361792,0,0,0,0
2025-02-04T03:00:00+07:00,0.002311,0.002432,0.002264,0.002377,0,0,0,0,0,0,5200200778,22.218247295662046,NaN,0,-21.701627569263817,-35.595916277673574,0,0,0,0
2025-02-04T07:00:00+07:00,0.002376,0.002399,0.002303,0.00233,0,0,0,0,0,0,3184785508,21.748516403192234,NaN,0,-14.026906349192563,-26.39988571785228,0,0,0,0
2025-02-04T11:00:00+07:00,0.002329,0.002385,0.002105,0.002115,0,0,0,0,0,0,8052799179,21.8776791412183,NaN,0,-12.976521221080871,-19.707179410484965,0,0,0,0
2025-02-04T15:00:00+07:00,0.002116,0.002221,0.002102,0.002197,0,0,0,0,0,0,4406192409,22.005593280946613,NaN,0,-11.916314400603229,-15.321553752453037,0,0,0,0
2025-02-04T19:00:00+07:00,0.002198,0.002308,0.002198,0.002259,0,0,0,0,0,0,6344024098,21.450091773350863,NaN,0,-9.903956105525,-12.391336137395296,0,0,0,0
2025-02-04T23:00:00+07:00,0.00226,0.002337,0.002199,0.002199,0,0,0,0,0,0,5068841950,20.7126410072701,NaN,0,-11.719035131792324,-11.595992804948374,0,0,0,0
2025-02-05T03:00:00+07:00,0.002199,0.00228,0.002145,0.002241,0,0,0,0,0,0,6388692273,20.22303616299105,NaN,0,-12.215595183890752,-11.631675652365692,0,0,0,0
2025-02-05T07:00:00+07:00,0.002242,0.002335,0.002221,0.002313,0,0,0,0,0,0,3840487901,19.323873816815507,NaN,0,-9.854551082515332,-11.001097877011325,0,0,0,0
2025-02-05T11:00:00+07:00,0.002313,0.002335,0.002263,0.002279,0,0,0,0,0,0,3157104188,18.488937352509645,NaN,0,-8.073083295836698,-9.984828848668448,0,0,0,0
2025-02-05T15:00:00+07:00,0.002278,0.002315,0.00223,0.002286,0,0,0,0,0,0,3703655649,17.859167631996883,NaN,0,-5.64924832848991,-8.416830238194411,0,0,0,0
2025-02-05T19:00:00+07:00,0.002286,0.002322,0.002228,0.002275,0,0,0,0,0,0,3723280903,17.20837774140707,NaN,0,-4.351415036782691,-6.699867715620308,0,0,0,0
2025-02-05T23:00:00+07:00,0.002274,0.002293,0.002151,0.002223,0,0,0,0,0,0,4910894463,16.959808292007857,NaN,0,-5.506145748106708,-5.858990103154851,0,0,0,0
2025-02-06T03:00:00+07:00,0.002223,0.002236,0.002133,0.002184,0,1,0,0,0,0,2764945939,16.810279199617803,NaN,0,-7.202815911428855,-6.0309658408490465,0,1,0,0
2025-02-06T07:00:00+07:00,0.002184,0.002221,0.002161,0.002191,0,0,0,0,0,0,2454227402,16.671430756684188,NaN,0,-8.676465701892111,-6.870940520103426,0,0,0,0
2025-02-06T11:00:00+07:00,0.002191,0.002226,0.00217,0.002176,0,0,0,0,0,0,2242504459,16.48307867124972,NaN,0,-11.251290377782482,-8.528964597584235,0,0,0,0
2025-02-06T15:00:00+07:00,0.002177,0.002208,0.002126,0.002147,0,0,0,0,0,0,3864341106,16.54054281726404,NaN,0,-16.556628146847725,-11.581965128133954,0,0,0,0
2025-02-06T19:00:00+07:00,0.002148,0.002165,0.002,0.002015,0,0,0,0,0,0,6980481727,17.17639923940414,NaN,0,-26.8055687427528,-17.237598316647695,0,0,0,0
2025-02-06T23:00:00+07:00,0.002015,0.002063,0.00196,0.001966,0,0,0,0,0,0,5792199023,17.92996149838715,NaN,0,-37.59159679215595,-25.068612655319416,0,0,0,0
2025-02-07T03:00:00+07:00,0.001966,0.002013,0.001928,0.001952,0,0,0,0,0,0,3510581740,18.758640011444214,NaN,0,-46.92490172199514,-33.98480991188906,0,0,0,0
2025-02-07T07:00:00+07:00,0.001953,0.00204,0.001948,0.001989,0,0,0,0,0,0,3078658502,19.157977976458,NaN,0,-50.91048571173815,-41.67963943036616,0,0,0,0
2025-02-07T11:00:00+07:00,0.001989,0.002015,0.001927,0.001988,0,0,0,0,0,0,2942764363,19.62763675351377,NaN,0,-53.06291116261525,-47.4479977435386,0,0,0,0
2025-02-07T15:00:00+07:00,0.001988,0.002051,0.001973,0.002034,0,0,0,0,0,0,3748260698,19.546766175479668,NaN,0,-46.76737339924398,-48.68409126786944,0,0,0,0
2025-02-07T19:00:00+07:00,0.002034,0.002132,0.002008,0.002051,0,0,0,0,0,0,6913826875,18.403423886159956,NaN,0,-38.10041291488013,-45.700410986979584,0,0,0,0
2025-02-07T23:00:00+07:00,0.002052,0.002054,0.001967,0.001979,0,0,0,0,0,0,4540644209,17.616148010077616,NaN,0,-35.517256467438344,-41.82175748209419,0,0,0,0
2025-02-08T03:00:00+07:00,0.001979,0.001982,0.001847,0.00194,0,0,0,0,0,0,5614223691,17.584926859434304,NaN,0,-35.3049871010132,-38.63285720537086,0,0,0,0
2025-02-08T07:00:00+07:00,0.001939,0.001976,0.001926,0.00196,0,0,0,0,0,0,2702994834,17.55593579097981,NaN,0,-32.09218522268663,-35.41338954325368,0,0,0,0
2025-02-08T11:00:00+07:00,0.001959,0.002021,0.001934,0.001991,0,0,0,0,0,0,3126066108,16.926985496687138,NaN,0,-26.66488717405483,-31.78287092758781,0,0,0,0
2025-02-08T15:00:00+07:00,0.001992,0.002032,0.00197,0.002019,0,0,0,0,0,0,2400585551,16.196162872477146,NaN,0,-18.875225536263855,-26.895964181004214,0,0,0,0
2025-02-08T19:00:00+07:00,0.002019,0.002091,0.002001,0.002043,0,0,0,0,0,0,4811227095,14.750698035985295,NaN,0,-10.28548369193381,-20.427489311551696,0,0,0,0
2025-02-08T23:00:00+07:00,0.002043,0.002141,0.002035,0.002115,0,0,1,0,0,0,3696331626,12.810187944812355,NaN,0,1.1550810751336809,-11.827611038110314,0,0,0,0
2025-02-09T03:00:00+07:00,0.002115,0.002121,0.002066,0.002092,0,0,0,0,0,0,1409943580,11.008285717294633,NaN,0,10.086359621057673,-2.6813111277707256,0,0,0,0
2025-02-09T07:00:00+07:00,0.002092,0.002159,0.002072,0.002149,0,0,0,0,0,0,2268142599,8.872495607434693,NaN,0,20.270783370950063,7.047893709616704,0,0,0,0
2025-02-09T11:00:00+07:00,0.002148,0.00217,0.00211,0.002152,0,0,0,0,0,0,2623743083,6.75574210667893,NaN,0,28.385122624736645,16.352833595266006,0,0,0,0
2025-02-09T15:00:00+07:00,0.002152,0.00218,0.002129,0.002131,0,0,0,0,0,0,2477664560,4.663946700897149,NaN,0,29.684671289842502,22.94026649188389,0,0,0,0
2025-02-09T19:00:00+07:00,0.002131,0.002155,0.002061,0.002089,0,0,0,0,0,0,2940938792,3.490990749203256,NaN,0,25.522068617182168,25.47548816549657,0,0,0,0
2025-02-09T23:00:00+07:00,0.002088,0.002101,0.002022,0.002028,0,0,0,0,0,0,2011426781,2.7975648987525794,NaN,0,16.892246951720534,23.509636781152146,0,0,0,0
2025-02-10T03:00:00+07:00,0.002028,0.002052,0.001908,0.002038,0,0,0,0,0,0,5540092358,3.12469078363457,NaN,0,12.0887324197999,19.48888806412332,0,0,0,0
2025-02-10T07:00:00+07:00,0.002039,0.002121,0.001961,0.002051,0,0,0,0,0,0,5863708438,2.4983017858863654,NaN,0,10.338696103615026,15.430263971776212,0,0,0,0
2025-02-10T11:00:00+07:00,0.002051,0.002118,0.002036,0.00206,0,0,0,0,0,0,2960148131,1.9166548594058916,NaN,0,9.59810283887892,12.327870559258509,0,0,0,0
2025-02-10T15:00:00+07:00,0.002061,0.002099,0.002046,0.002072,0,0,0,0,0,0,2842015100,1.3765541419597405,NaN,0,10.459375379371988,10.851672556969401,0,0,0,0
2025-02-10T19:00:00+07:00,0.002071,0.002149,0.002062,0.0021,0,0,0,0,0,0,4889624674,0.17806060747860997,NaN,0,15.00387841866623,11.894488450299056,0,0,0,0
2025-02-10T23:00:00+07:00,0.002101,0.002133,0.002088,0.002104,0,0,0,0,0,0,2669889811,NaN,-0.9348262459681607,0,19.399550649938135,14.528419656256295,0,0,0,0
2025-02-11T03:00:00+07:00,0.002105,0.002129,0.002075,0.002096,0,0,0,0,0,0,1670840338,NaN,-1.8128681494302654,0,21.12323706815966,17.249525119611494,0,0,0,0
2025-02-11T07:00:00+07:00,0.002095,0.002167,0.00208,0.002096,0,0,0,0,0,0,3184461685,NaN,-3.190268951145949,0,19.598131147481947,18.743292545104485,0,0,0,0
2025-02-11T11:00:00+07:00,0.002097,0.002195,0.00209,0.002177,0,0,0,0,0,0,2795460308,NaN,-4.63424824979629,0,23.82101047542131,20.978017859337054,0,0,0,0
2025-02-11T15:00:00+07:00,0.002176,0.002206,0.002114,0.002141,0,0,0,0,0,0,3350113421,NaN,-5.821186899441951,0,21.026093178548592,21.3903284015421,0,0,0,0
2025-02-11T19:00:00+07:00,0.00214,0.002144,0.002028,0.002065,0,0,0,0,0,0,4701301567,NaN,-6.3053822244130515,0,11.804663994178854,18.327348231631742,0,0,0,0
2025-02-11T23:00:00+07:00,0.002065,0.002081,0.001993,0.001999,0,0,0,1,0,0,4471280441,NaN,-6.355393166084529,0,-1.5321482736436363,11.32508974949784,0,0,0,0
2025-02-12T03:00:00+07:00,0.001999,0.002041,0.00198,0.002027,0,0,0,0,0,0,3474330815,NaN,-6.255927276355237,0,-8.616452287209492,3.471755618962204,0,0,0,0
2025-02-12T07:00:00+07:00,0.002026,0.002044,0.001968,0.002003,0,0,0,0,0,0,3589435438,NaN,-6.025554984638102,0,-15.767154786395546,-4.884173782322688,0,0,0,0
2025-02-12T11:00:00+07:00,0.002002,0.002037,0.001985,0.002014,0,0,0,0,0,0,2720040366,NaN,-5.811637856615047,0,-19.229055592282755,-11.754859101448856,0,0,0,0
2025-02-12T15:00:00+07:00,0.002015,0.002041,0.001991,0.002025,0,0,0,0,0,0,2713088722,NaN,-5.69362859321506,0,-19.014520572564567,-15.870356162613541,0,0,0,0
2025-02-12T19:00:00+07:00,0.002026,0.002069,0.001925,0.002011,0,0,0,0,0,0,8881611509,NaN,-4.785526615896192,0,-18.429592955174847,-17.736265046865423,0,0,0,0
2025-02-12T23:00:00+07:00,0.002012,0.00213,0.001971,0.002121,0,0,0,0,0,0,4936707529,NaN,-5.104467306132271,0,-9.574107921514456,-15.523849274461762,0,0,0,0
2025-02-13T03:00:00+07:00,0.002121,0.002267,0.002101,0.002239,0,0,1,0,0,0,4886276324,NaN,-5.75196396517261,0,2.672265260843323,-9.165465398985175,0,0,0,0
2025-02-13T07:00:00+07:00,0.00224,0.002306,0.002232,0.002298,0,0,0,0,0,0,4211153294,NaN,-5.934315241295661,0,15.487184979127123,0.23526371277008498,0,0,0,0
2025-02-13T11:00:00+07:00,0.002298,0.002301,0.002191,0.002199,0,0,0,0,0,0,3580197001,NaN,-6.68128018729362,0,19.786208069144656,8.754584483103866,0,0,0,0
2025-02-13T15:00:00+07:00,0.0022,0.002235,0.002167,0.002214,0,0,0,0,0,0,3239581709,NaN,-7.699609947562845,0,22.98921076778702,15.754857576871155,0,0,0,0
2025-02-13T19:00:00+07:00,0.002215,0.002229,0.002165,0.002195,0,0,0,0,0,0,4474425042,NaN,-8.673019071951344,0,22.422892569314477,19.80510435628347,0,0,0,0
2025-02-13T23:00:00+07:00,0.002194,0.00225,0.002153,0.002196,0,0,0,0,0,0,5168471937,NaN,-9.297551806079522,0,21.03249301474338,21.258751251450153,0,0,0,0
2025-02-14T03:00:00+07:00,0.002196,0.002213,0.002156,0.002171,0,0,0,0,0,0,2562263753,NaN,-9.87747505919854,0,15.621828507010354,19.684828127112496,0,0,0,0
2025-02-14T07:00:00+07:00,0.002172,0.002251,0.002159,0.00224,0,0,0,0,0,0,3024781200,NaN,-9.897692553046713,0,14.783168566707856,17.822375454148453,0,0,0,0
2025-02-14T11:00:00+07:00,0.00224,0.002245,0.002188,0.002227,0,0,0,0,0,0,1912252338,NaN,-9.916465940191447,0,14.451261614463563,16.182823097265437,0,0,0,0
2025-02-14T15:00:00+07:00,0.002228,0.002377,0.002214,0.002309,0,0,0,0,0,0,6432979318,NaN,-8.47219582876166,0,19.06648334240677,16.650874593251718,0,0,0,0
2025-02-14T19:00:00+07:00,0.002309,0.002432,0.002272,0.00241,0,0,0,0,0,0,7323940792,NaN,-6.681303105682552,0,27.01690863250071,19.992828467729826,0,0,0,0
2025-02-14T23:00:00+07:00,0.002411,0.002567,0.002368,0.002499,0,0,0,0,0,0,12605403033,NaN,-4.16472625393256,0,36.17672990732415,25.989095059298588,0,0,0,0
2025-02-15T03:00:00+07:00,0.002499,0.002503,0.002319,0.002365,0,0,0,0,0,0,5791723128,NaN,-2.6402240504777197,0,36.87278596233289,30.84705357584935,0,0,0,0
2025-02-15T07:00:00+07:00,0.002366,0.002373,0.00231,0.002337,0,0,0,0,0,0,3464660572,NaN,-1.3712448933399344,0,34.7330254287442,33.519117421495544,0,0,0,0
2025-02-15T11:00:00+07:00,0.002337,0.002348,0.002269,0.002294,0,0,0,0,0,0,2828635027,NaN,-0.8549871165817997,0,29.502790378968854,33.09565199626458,0,0,0,0
2025-02-15T15:00:00+07:00,0.002293,0.002331,0.00224,0.002259,0,0,0,0,0,0,3391540968,NaN,-0.8239759867336787,0,21.88198391191137,29.436163946243653,0,0,0,0
2025-02-15T19:00:00+07:00,0.002259,0.002275,0.002177,0.0022,0,0,0,0,0,0,4979852347,NaN,-1.6930674203421248,0,11.129353144407856,22.534793955094173,0,0,0,0
2025-02-15T23:00:00+07:00,0.0022,0.002216,0.002172,0.002192,0,0,0,0,0,0,2809421961,NaN,-2.5684898832810497,0,1.4110048194877625,14.063799639832418,0,0,0,0
2025-02-16T03:00:00+07:00,0.002192,0.002207,0.002162,0.002186,0,0,0,1,0,0,2058309890,NaN,-3.5248231020022516,0,-6.2701429034946345,5.3965414930995355,0,0,0,0
2025-02-16T07:00:00+07:00,0.002187,0.002214,0.002101,0.002143,0,0,0,0,0,0,4008631232,NaN,-4.877668947764647,0,-13.567327667792108,-2.969567019583247,0,0,0,0
2025-02-16T11:00:00+07:00,0.002142,0.002164,0.002115,0.002121,0,0,0,0,0,0,2959821004,NaN,-6.133882947401158,0,-20.826643371989316,-10.884106230547703,0,0,0,0
2025-02-16T15:00:00+07:00,0.002121,0.002163,0.00211,0.002157,0,0,0,0,0,0,2653632191,NaN,-7.230799276578395,0,-21.28787293219091,-16.105146809319308,0,0,0,0
2025-02-16T19:00:00+07:00,0.002158,0.002163,0.002073,0.002118,0,0,0,0,0,0,4030705112,NaN,-7.740985385334316,0,-22.791475609036468,-19.666239875266186,0,0,0,0
2025-02-16T23:00:00+07:00,0.002118,0.002131,0.002047,0.002076,0,0,0,0,0,0,3292229232,NaN,-7.877227091324919,0,-25.530134139989617,-22.526720422962498,0,0,0,0
2025-02-17T03:00:00+07:00,0.002075,0.002114,0.00204,0.002099,0,0,0,0,0,0,2727841210,NaN,-7.912454219272732,0,-24.571024010439967,-23.783498178375922,0,0,0,0
2025-02-17T07:00:00+07:00,0.0021,0.002136,0.002078,0.002128,0,0,0,0,0,0,4606058669,NaN,-8.350156781074514,0,-18.493727122908552,-22.280930548435684,0,0,0,0
2025-02-17T11:00:00+07:00,0.002129,0.002143,0.002032,0.002049,0,0,0,0,0,0,4385895327,NaN,-8.129072618062388,0,-18.14357742977903,-20.817174104057663,0,0,0,0
2025-02-17T15:00:00+07:00,0.002047,0.002106,0.002032,0.002089,0,0,0,0,0,0,3169202869,NaN,-7.923780180979701,0,-15.177757008547442,-18.574430552763236,0,0,0,0
2025-02-17T19:00:00+07:00,0.002089,0.002125,0.002016,0.002027,0,0,0,0,0,0,5360677068,NaN,-8.119170556729717,0,-17.694742066181565,-17.678263260712786,0,0,0,0
2025-02-17T23:00:00+07:00,0.002026,0.002037,0.001921,0.001953,0,0,0,0,0,0,7301252473,NaN,-7.104404827045016,0,-23.055934848314074,-19.09151970096037,0,0,0,0
2025-02-18T03:00:00+07:00,0.001952,0.002022,0.00195,0.001998,0,0,0,0,0,0,2814740245,NaN,-6.162122363766365,0,-24.743050400404723,-21.16815393604657,0,0,0,0
2025-02-18T07:00:00+07:00,0.001998,0.00201,0.001958,0.001974,0,0,0,0,0,0,2181985487,NaN,-5.287145790721905,0,-27.70950225191918,-23.81698390313784,0,0,0,0
2025-02-18T11:00:00+07:00,0.001973,0.001983,0.001869,0.001899,0,0,0,0,0,0,5965585970,NaN,-3.558276344304275,0,-33.493377211346306,-27.75604386856214,0,0,0,0
2025-02-18T15:00:00+07:00,0.0019,0.001939,0.001874,0.00193,0,0,0,0,0,0,3721528715,NaN,-1.9528975726307607,0,-34.35748252048348,-30.762097590178914,0,0,0,0
2025-02-18T19:00:00+07:00,0.001929,0.001966,0.001806,0.001828,0,0,0,0,0,0,6700254949,0.10507963533042997,NaN,0,-38.19446315929587,-33.93629549444635,0,0,0,0
2025-02-18T23:00:00+07:00,0.001828,0.00186,0.001777,0.001842,0,0,0,0,0,0,6948975505,2.22604127336718,NaN,0,-39.02162591852774,-36.37697909772563,0,0,0,0
2025-02-19T03:00:00+07:00,0.001842,0.001893,0.001825,0.001883,0,0,0,0,0,0,3543481604,3.4256788716750144,NaN,0,-35.06293365194761,-36.54619357760332,0,0,0,0
2025-02-19T07:00:00+07:00,0.001883,0.001897,0.001864,0.001887,0,0,0,0,0,0,2314242650,4.446976365141097,NaN,0,-30.620947330988134,-34.74451719049264,0,0,0,0
2025-02-19T11:00:00+07:00,0.001887,0.001956,0.001852,0.001941,0,0,0,0,0,0,3780120552,4.119384420324945,NaN,0,-22.309450305901272,-30.363837120376868,0,0,0,0
2025-02-19T15:00:00+07:00,0.001941,0.00201,0.001936,0.002006,0,0,0,0,0,0,7922898173,2.835780198862807,NaN,0,-9.790580282588266,-22.613402523462252,0,0,0,0
2025-02-19T19:00:00+07:00,0.002006,0.002009,0.001929,0.001939,0,0,0,0,0,0,5472871279,1.7396880844249623,NaN,0,-5.089857472367153,-15.189652514921102,0,0,0,0
2025-02-19T23:00:00+07:00,0.001939,0.001972,0.00192,0.001931,0,0,0,0,0,0,3729888185,0.8498910975166964,NaN,0,-2.851783299213295,-9.28199567840604,0,0,0,0
2025-02-20T03:00:00+07:00,0.001932,0.001948,0.001889,0.001927,0,0,0,0,0,0,3550742699,0.45590663241398843,NaN,0,-2.1334146927310407,-5.282292663245843,0,0,0,0
2025-02-20T07:00:00+07:00,0.001927,0.001958,0.001906,0.001945,0,0,0,0,0,0,4398485515,NaN,-0.11569569894490783,0,-0.05393015635998211,-2.4885969785124353,0,0,0,0
2025-02-20T11:00:00+07:00,0.001946,0.001976,0.001922,0.001936,0,0,0,0,0,0,3040377449,NaN,-1.0185138893094212,0,-0.09991982263248847,-1.1939325258392826,0,0,0,0
2025-02-20T15:00:00+07:00,0.001935,0.001968,0.001927,0.001959,0,0,1,0,0,0,3158670524,NaN,-1.8568450660764668,0,1.7336061337240294,0.06586321495565807,0,0,0,0
2025-02-20T19:00:00+07:00,0.001958,0.001972,0.001901,0.001906,0,0,0,1,0,0,6236109197,NaN,-2.2018338419783454,0,-2.7288638038453925,-0.616728597178621,0,0,0,0
2025-02-20T23:00:00+07:00,0.001907,0.001991,0.001904,0.001979,0,0,0,0,0,0,4067996027,NaN,-2.958357087804888,0,-1.1578400288981687,-0.7838404506883523,0,0,0,0
2025-02-21T03:00:00+07:00,0.001979,0.002015,0.00196,0.002002,0,0,1,0,0,0,2927992207,NaN,-4.18664386021544,0,2.267331775980357,0.12573331983923333,0,0,0,0
2025-02-21T07:00:00+07:00,0.002002,0.002021,0.001969,0.001986,0,0,0,0,0,0,2850555457,NaN,-5.457174863902253,0,3.284952710508372,1.2197632730534684,0,0,0,0
2025-02-21T11:00:00+07:00,0.001987,0.002034,0.001986,0.00203,0,0,0,0,0,0,3823733617,NaN,-6.782807048304758,0,7.818372287306034,3.5992749163242,0,0,0,0
2025-02-21T15:00:00+07:00,0.00203,0.002116,0.00203,0.002105,0,0,0,0,0,0,5280525121,NaN,-6.534850852142167,0,15.327877353370573,8.07630383804431,0,0,0,0
2025-02-21T19:00:00+07:00,0.002105,0.00217,0.002027,0.002048,0,0,0,0,0,0,8359615296,NaN,-5.582219175761473,0,15.850683087923997,11.523818594134498,0,0,0,0
2025-02-21T23:00:00+07:00,0.002049,0.002124,0.00196,0.001976,0,0,0,0,0,0,6679180357,NaN,-6.083103781176057,0,11.7625363228961,12.474716220760577,0,0,0,0
2025-02-22T03:00:00+07:00,0.001977,0.002008,0.00195,0.001983,0,0,0,0,0,0,3397963517,NaN,-6.733743059257673,0,7.257034860155775,11.290766390012163,0,0,0,0
2025-02-22T07:00:00+07:00,0.001984,0.002036,0.001961,0.002006,0,0,0,0,0,0,3058034991,NaN,-6.918255937248755,0,4.774201313499587,9.01439990040186,0,0,0,0
2025-02-22T11:00:00+07:00,0.002006,0.002053,0.001998,0.002043,0,0,0,0,0,0,2576811365,NaN,-6.843554114993335,0,5.20778301066306,7.085505374766479,0,0,0,0
2025-02-22T15:00:00+07:00,0.002043,0.002159,0.002043,0.002144,0,0,0,0,0,0,5477783845,NaN,-5.530683887143422,0,9.969732194776267,7.418600200015999,0,0,0,0
2025-02-22T19:00:00+07:00,0.002145,0.002222,0.00209,0.0022,0,0,0,0,0,0,7579478143,NaN,-3.7626436065855735,0,17.414236877512128,10.625259979053988,0,0,0,0
2025-02-22T23:00:00+07:00,0.002199,0.002266,0.002187,0.002195,0,0,0,0,0,0,7796610345,NaN,-1.7883011091379863,0,23.248278237780507,15.39982017454037,0,0,0,0
2025-02-23T03:00:00+07:00,0.002194,0.002237,0.002179,0.002219,0,0,0,0,0,0,3742145848,NaN,-0.12600744312697643,0,29.48244948335421,21.186354560043004,0,0,0,0
2025-02-23T07:00:00+07:00,0.002219,0.002227,0.002153,0.002159,0,0,0,0,0,0,3584493207,0.8599776685947305,NaN,0,29.024551786267484,25.173039835193087,0,0,0,0
2025-02-23T11:00:00+07:00,0.002158,0.002171,0.002129,0.002157,0,0,0,0,0,0,2495543527,1.2771971069903643,NaN,0,27.39169813106231,27.027655973567814,0,0,0,0
2025-02-23T15:00:00+07:00,0.002158,0.002173,0.002096,0.0021,0,0,0,0,0,0,3283128132,1.0124026988151407,NaN,0,20.61000462684596,25.4602432147847,0,0,0,0
2025-02-23T19:00:00+07:00,0.002099,0.00212,0.00206,0.002063,0,0,0,0,0,0,3958091240,0.10712004135352515,NaN,0,10.635013668205962,20.35478228649932,0,0,0,0
2025-02-23T23:00:00+07:00,0.002063,0.002114,0.002061,0.002101,0,0,0,0,0,0,2413642448,NaN,-0.7334995691465451,0,4.774573788154614,14.136725702835127,0,0,0,0
2025-02-24T03:00:00+07:00,0.002101,0.002127,0.002083,0.002104,0,0,0,0,0,0,2278882478,NaN,-1.324790349584866,0,0.9022783946492484,8.275095701015788,0,0,0,0
2025-02-24T07:00:00+07:00,0.002105,0.002121,0.002013,0.002027,0,0,0,1,0,0,5299999761,NaN,-2.910097330495809,0,-6.997990334431847,1.6548610156106325,0,0,0,0
2025-02-24T11:00:00+07:00,0.002026,0.00203,0.001983,0.001995,0,0,0,0,0,0,4771565471,NaN,-3.924789541406966,0,-15.190207855235416,-5.4034669456961035,0,0,0,0
2025-02-24T15:00:00+07:00,0.001994,0.001997,0.001914,0.001947,0,0,0,0,0,0,5718454098,NaN,-3.9546275617660207,0,-23.781682424418744,-12.938938931258521,0,0,0,0
2025-02-24T19:00:00+07:00,0.001947,0.001961,0.00186,0.001899,0,0,0,0,0,0,7565557146,NaN,-3.3893090299780226,0,-32.238339267175625,-20.998850124898254,0,0,0,0
2025-02-24T23:00:00+07:00,0.0019,0.001917,0.001823,0.001849,0,0,0,0,0,0,4555516370,NaN,-2.5006543809179504,0,-40.329978200409755,-29.28844675926068,0,0,0,0
2025-02-25T03:00:00+07:00,0.001849,0.00188,0.001614,0.001686,0,0,0,0,0,0,14539027272,NaN,-0.24517569358171087,0,-48.822542350366994,-37.66008100393825,0,0,0,0
2025-02-25T07:00:00+07:00,0.001686,0.001705,0.001604,0.001667,0,0,0,0,0,0,10654064053,1.899728602045446,NaN,0,-55.77304513417399,-45.56024604215581,0,0,0,0
2025-02-25T11:00:00+07:00,0.001667,0.00172,0.001586,0.001654,0,0,0,0,0,0,14055431364,3.985072955664709,NaN,0,-60.67980118670126,-52.390473945953225,0,0,0,0
2025-02-25T15:00:00+07:00,0.001654,0.001763,0.001634,0.001757,0,0,0,0,0,0,9553179925,5.147496467507668,NaN,0,-54.45200280255366,-54.684894470882604,0,0,0,0
2025-02-25T19:00:00+07:00,0.001756,0.001824,0.001729,0.001813,0,0,0,0,0,0,9865893411,5.232058097980275,NaN,0,-42.84444497680049,-51.629218151535724,0,0,0,0
2025-02-25T23:00:00+07:00,0.001814,0.001844,0.001757,0.001812,0,0,0,0,0,0,7576156202,5.0033944095485765,NaN,0,-32.01653776154312,-44.796608308677,0,0,0,0
2025-02-26T03:00:00+07:00,0.001812,0.001855,0.001796,0.00181,0,0,0,0,0,0,4126203845,4.6184222976022475,NaN,0,-23.293117410493547,-36.17659198805668,0,0,0,0
2025-02-26T07:00:00+07:00,0.001811,0.001897,0.001809,0.00187,0,0,0,0,0,0,4312363699,3.6151006567950965,NaN,0,-13.10972237074567,-26.3274391690991,0,0,0,0
2025-02-26T11:00:00+07:00,0.00187,0.001874,0.001824,0.001834,0,0,0,0,0,0,3954040272,2.6834448474741706,NaN,0,-8.116112749420779,-17.985088397430264,0,0,0,0
2025-02-26T15:00:00+07:00,0.001835,0.001842,0.001774,0.001778,0,0,0,0,0,0,4295498330,2.3674682961262477,NaN,0,-8.793036881961866,-12.957438340150643,0,0,0,0
2025-02-26T19:00:00+07:00,0.001779,0.001863,0.001741,0.001841,0,0,0,0,0,0,7433795597,2.4072622284992633,NaN,0,-6.521390764078428,-9.442666783232456,0,0,0,0
2025-02-26T23:00:00+07:00,0.001842,0.001862,0.001742,0.001766,0,0,0,0,0,0,8513138477,2.4442137371313493,NaN,0,-9.63045244275672,-8.663925585704677,0,0,0,0
2025-02-27T03:00:00+07:00,0.001766,0.001879,0.001751,0.00186,0,0,0,0,0,0,5602983050,2.158305878790088,NaN,0,-8.03608479544184,-8.264572836921058,0,0,0,0
2025-02-27T07:00:00+07:00,0.001861,0.001909,0.001842,0.001899,0,0,0,0,0,0,3873060975,1.3422523213962023,NaN,0,-4.568314777485277,-7.047539253838843,0,0,0,0
2025-02-27T11:00:00+07:00,0.0019,0.001953,0.001861,0.001918,0,0,0,0,0,0,4188765886,NaN,-0.15763290959792897,0,-0.781924908306849,-4.804895579159516,0,0,0,0
2025-02-27T15:00:00+07:00,0.001919,0.001931,0.001882,0.001903,0,0,1,0,0,0,3282976905,NaN,-1.550383481235336,0,1.9236576688512474,-2.194465177004493,0,0,0,0
2025-02-27T19:00:00+07:00,0.001903,0.001906,0.001853,0.001873,0,0,0,0,0,0,4062037263,NaN,-2.4094864317957665,0,2.047338979969929,-0.10581090000522006,0,0,0,0
2025-02-27T23:00:00+07:00,0.001873,0.001887,0.001838,0.001849,0,0,0,1,0,0,3030812999,NaN,-2.9887274697977837,0,-0.6294666246174278,0.31205541394982295,0,0,0,0
2025-02-28T03:00:00+07:00,0.00185,0.001875,0.001806,0.001869,0,0,0,0,0,0,3297948592,NaN,-3.0775714518511244,0,-0.569450519906806,0.25615255142011273,0,0,0,0
2025-02-28T07:00:00+07:00,0.001869,0.001878,0.00171,0.001715,0,0,0,0,0,0,10976723545,NaN,-2.0739560272990545,0,-8.018134045986477,-2.5492357703080524,0,0,0,0
2025-02-28T11:00:00+07:00,0.001715,0.001742,0.001684,0.001719,0,0,0,0,0,0,7468615868,NaN,-0.8996076683622221,0,-14.605524331589109,-7.0680069113917865,0,0,0,0
2025-02-28T15:00:00+07:00,0.001718,0.001761,0.001698,0.001724,0,0,0,0,0,0,4935955234,NaN,-0.20778111741947214,0,-19.64506009222659,-12.164677839325323,0,0,0,0
2025-02-28T19:00:00+07:00,0.001723,0.001863,0.001717,0.001859,0,0,0,0,0,0,8433853302,NaN,-1.3618525744597783,0,-14.926652256818263,-14.24238621730965,0,0,0,0
2025-02-28T23:00:00+07:00,0.001859,0.001948,0.001838,0.001923,0,0,0,0,0,0,6611200856,NaN,-2.546935285293099,0,-6.460211255418641,-12.54480188601405,0,0,0,0
2025-03-01T03:00:00+07:00,0.001924,0.001968,0.001901,0.001922,0,0,1,0,0,0,4768130812,NaN,-3.413072990212793,0,0.8333900504410353,-8.02329973706443,0,0,0,0
2025-03-01T07:00:00+07:00,0.001922,0.001949,0.001894,0.001926,0,0,0,0,0,0,4144830574,NaN,-4.320786092030566,0,7.334601626393528,-1.9248286692258172,0,0,0,0
2025-03-01T11:00:00+07:00,0.001926,0.001935,0.001861,0.001879,0,0,0,0,0,0,3473783541,NaN,-5.649557223785042,0,9.076302581337258,3.291534319728531,0,0,0,0
2025-03-01T15:00:00+07:00,0.001879,0.001888,0.001786,0.001793,0,0,0,0,0,0,4288728652,NaN,-6.212978650088001,0,4.465328974718839,5.0561485949058165,0,0,0,0
2025-03-01T19:00:00+07:00,0.001794,0.001805,0.001758,0.001776,0,0,0,1,0,0,4148078003,NaN,-6.415988038944498,0,-2.0129911895357444,3.368524066562433,0,0,0,0
2025-03-01T23:00:00+07:00,0.001777,0.001791,0.00176,0.001781,0,0,0,0,0,0,2515325719,NaN,-6.604496757168388,0,-7.934598140758827,-0.5894507832475038,0,0,0,0
2025-03-02T03:00:00+07:00,0.00178,0.001828,0.001775,0.001825,0,0,0,0,0,0,3328622480,NaN,-7.37583746354958,0,-7.796554466166234,-3.916878528779918,0,0,0,0
2025-03-02T07:00:00+07:00,0.001825,0.001872,0.001813,0.001833,0,0,0,0,0,0,3210627354,NaN,-8.528486766054826,0,-6.681479475254749,-5.863870871171188,0,0,0,0
2025-03-02T11:00:00+07:00,0.001833,0.00187,0.001816,0.001834,0,0,0,0,0,0,2796401343,NaN,-9.598803975523978,0,-5.41941519267874,-6.3396563155976535,0,0,0,0
2025-03-02T15:00:00+07:00,0.001834,0.001917,0.001828,0.001887,0,0,1,0,0,0,4549300186,NaN,-9.926403376109349,0,0.9724115434110837,-4.0258499035010065,0,0,0,0
2025-03-02T19:00:00+07:00,0.001888,0.001951,0.001822,0.001909,0,0,0,0,0,0,10579878956,NaN,-9.792975735083461,0,9.67876942457498,0.991048953453819,0,0,0,0
2025-03-02T23:00:00+07:00,0.00191,0.002076,0.001909,0.00206,0,0,0,0,0,0,15065841535,NaN,-8.400472935027857,0,21.753052743793408,8.8584844124592,0,0,0,0
2025-03-03T03:00:00+07:00,0.00206,0.002142,0.002041,0.00212,0,0,0,0,0,0,4541117577,NaN,-6.601810437184199,0,33.13175885293864,18.548848093849013,0,0,0,0
2025-03-03T07:00:00+07:00,0.002119,0.002124,0.001992,0.002017,0,0,0,0,0,0,5310543990,NaN,-5.739385071027666,0,35.210229494869516,26.27781943400289,0,0,0,0
2025-03-03T11:00:00+07:00,0.002017,0.002089,0.001954,0.002003,0,0,0,0,0,0,5098651763,NaN,-5.520595420406089,0,34.51166250290557,31.06529213099891,0,0,0,0
2025-03-03T15:00:00+07:00,0.002004,0.002019,0.001965,0.001984,0,0,0,0,0,0,3435236396,NaN,-5.317433601971764,0,30.557461066514517,32.29874761856494,0,0,0,0
2025-03-03T19:00:00+07:00,0.001983,0.002007,0.001871,0.001884,0,0,0,0,0,0,9171619392,NaN,-6.456413613319928,0,19.170390288378815,28.3446000706231,0,0,0,0
2025-03-03T23:00:00+07:00,0.001885,0.001906,0.001721,0.001734,0,0,0,0,0,0,9944678157,NaN,-6.513641869501779,0,4.196559259152312,19.571353009966735,0,0,0,0
2025-03-04T03:00:00+07:00,0.001734,0.001753,0.001685,0.001734,0,0,0,1,0,0,5993377374,NaN,-6.268320600195267,0,-8.638223439530341,8.448858356001907,0,0,0,0
2025-03-04T07:00:00+07:00,0.001734,0.001756,0.001585,0.001672,0,0,0,0,0,0,12853467150,NaN,-5.304834852858058,0,-20.545698558205153,-3.71956447522787,0,0,0,0
2025-03-04T11:00:00+07:00,0.001673,0.001717,0.00166,0.001693,0,0,0,0,0,0,4069476357,NaN,-4.410169516044938,0,-26.89905042794462,-14.335280525630086,0,0,0,0
2025-03-04T15:00:00+07:00,0.001693,0.0017,0.001655,0.001675,0,0,0,0,0,0,3453768856,NaN,-3.5426563608697066,0,-31.75789191569073,-22.740176305650397,0,0,0,0
2025-03-04T19:00:00+07:00,0.001675,0.001733,0.001614,0.001668,0,0,0,0,0,0,10649262086,NaN,-2.4352548607349966,0,-34.97365622839878,-28.821774709635424,0,0,0,0
2025-03-04T23:00:00+07:00,0.001667,0.001677,0.001507,0.001661,0,0,0,0,0,0,12732883329,NaN,-0.7312078946279073,0,-34.304134914078155,-32.06885164301016,0,0,0,0
2025-03-05T03:00:00+07:00,0.00166,0.001712,0.001637,0.001662,0,0,0,0,0,0,4156316028,0.32598233279176725,NaN,0,-32.48676005088772,-32.99907619035157,0,0,0,0
2025-03-05T07:00:00+07:00,0.001661,0.001678,0.001634,0.001635,0,1,0,0,0,1,3180055846,1.3277376223799635,NaN,0,-33.458171895556355,-33.45703391973702,0,1,0,1
2025-03-05T11:00:00+07:00,0.001636,0.00167,0.001632,0.001668,0,0,0,0,0,0,2104757516,2.2722405283327127,NaN,0,-31.587526877082716,-32.85416854512382,0,0,0,0
2025-03-05T15:00:00+07:00,0.001667,0.001724,0.001658,0.001663,0,0,0,0,0,0,4595580067,2.2762467738930816,NaN,0,-31.477231777967432,-32.225895806712714,0,0,0,0
2025-03-05T19:00:00+07:00,0.001662,0.001682,0.001626,0.001636,0,1,0,0,0,0,6005816588,2.5547459127515317,NaN,0,-34.24075977880354,-32.7518940319424,0,1,0,0
2025-03-05T23:00:00+07:00,0.001636,0.001694,0.001599,0.001685,0,0,0,0,0,0,4677032215,3.0389625766249857,NaN,0,-30.469404477092414,-32.02499883228669,0,0,0,0
2025-03-06T03:00:00+07:00,0.001685,0.001704,0.001683,0.001689,0,0,0,0,0,0,2260818278,3.316110797357723,NaN,0,-26.981372366842717,-30.2699166341341,0,0,0,0
2025-03-06T07:00:00+07:00,0.001688,0.0017,0.001652,0.001683,0,0,0,0,0,0,3664795168,3.8487708379181527,NaN,0,-23.850717857848,-27.90306956823084,0,0,0,0
2025-03-06T11:00:00+07:00,0.001683,0.001714,0.001664,0.001677,0,0,0,0,0,0,3377649196,4.083509861328537,NaN,0,-22.165834631710776,-25.490382028230826,0,0,0,0
2025-03-06T15:00:00+07:00,0.001678,0.001694,0.001664,0.001688,0,0,0,0,0,0,2290206967,4.30148181163818,NaN,0,-18.72659085928317,-22.552039707172057,0,0,0,0
2025-03-06T19:00:00+07:00,0.001688,0.001691,0.001632,0.001676,0,0,0,0,0,0,5286508617,4.8253844700247335,NaN,0,-16.65187265747281,-19.95640258014452,0,0,0,0
2025-03-06T23:00:00+07:00,0.001677,0.001687,0.001572,0.001589,0,1,0,0,0,0,6797484385,5.846406260576963,NaN,0,-22.07780070420394,-20.090576923335334,0,1,0,0
2025-03-07T03:00:00+07:00,0.001589,0.001623,0.001578,0.001596,0,0,0,0,0,0,3341950881,6.794497923232605,NaN,0,-27.60358133196961,-22.393582919957293,0,0,0,0
2025-03-07T07:00:00+07:00,0.001597,0.001625,0.001493,0.001588,0,0,0,0,0,0,11444906704,8.323524000942392,NaN,0,-32.65361505346765,-26.129742592137156,0,0,0,0
2025-03-07T11:00:00+07:00,0.001587,0.001599,0.001568,0.001586,0,0,0,0,0,0,2776650702,9.743333930244333,NaN,0,-36.09182322827093,-30.31278629446765,0,0,0,0
2025-03-07T15:00:00+07:00,0.001586,0.001611,0.00157,0.001603,0,0,0,0,0,0,2307346724,10.778104645818544,NaN,0,-32.270666300514925,-32.06442886294697,0,0,0,0
2025-03-07T19:00:00+07:00,0.001603,0.00164,0.001581,0.001622,0,0,0,0,0,0,5562467523,11.06538093534732,NaN,0,-22.11034719374738,-29.388045486300953,0,0,0,0
2025-03-07T23:00:00+07:00,0.001622,0.001674,0.001572,0.001643,0,0,0,0,0,0,5569688349,10.594285860200323,NaN,0,-8.50695218953347,-22.175027342280746,0,0,0,0
2025-03-08T03:00:00+07:00,0.001642,0.001646,0.001544,0.001566,0,0,0,0,0,0,5045208618,10.46667709815857,NaN,0,-4.69319252927392,-14.963864587669763,0,0,0,0
2025-03-08T07:00:00+07:00,0.001566,0.001577,0.001523,0.001564,0,0,0,0,0,0,3101730602,10.571930444674877,NaN,0,-2.2557874845156762,-8.804261653085609,0,0,0,0
2025-03-08T11:00:00+07:00,0.001564,0.001573,0.001538,0.001545,0,0,0,0,0,0,2089707579,10.669665695011446,NaN,0,-4.0067797032970685,-5.484058507678941,0,0,0,0
2025-03-08T15:00:00+07:00,0.001544,0.001565,0.001481,0.001497,0,1,0,0,0,0,4795683638,11.344427592405722,NaN,0,-11.638636590401035,-6.592066764454786,0,1,0,0
2025-03-08T19:00:00+07:00,0.001496,0.001509,0.001446,0.001462,0,0,0,0,0,0,6574436270,12.28056461315154,NaN,0,-22.817038100876967,-12.124322898279031,0,0,0,0
2025-03-08T23:00:00+07:00,0.001462,0.001487,0.001419,0.001482,0,0,0,0,0,0,5808447624,13.372125780873553,NaN,0,-26.51743420438327,-17.936038672515807,0,0,0,0
2025-03-09T03:00:00+07:00,0.001482,0.001484,0.00136,0.001433,0,0,0,0,0,0,6680222285,14.81450348704417,NaN,0,-31.243553520125452,-23.86817810699269,0,0,0,0
2025-03-09T07:00:00+07:00,0.001433,0.001448,0.001411,0.00143,0,0,0,0,0,0,3335205647,16.153854214202596,NaN,0,-33.813237794717985,-28.72436123062643,0,0,0,0
2025-03-09T11:00:00+07:00,0.001429,0.00143,0.001384,0.001406,0,0,0,0,0,0,2941578609,17.583801862719653,NaN,0,-37.022288031819656,-32.66313056053267,0,0,0,0
2025-03-09T15:00:00+07:00,0.001407,0.001408,0.001356,0.001372,0,0,0,0,0,0,5878998362,19.093739368785343,NaN,0,-41.86695799534602,-36.52454644885312,0,0,0,0
2025-03-09T19:00:00+07:00,0.001372,0.001393,0.001285,0.001298,0,0,0,0,0,0,10903506088,20.889852525322866,NaN,0,-48.168695472873765,-41.216546836718216,0,0,0,0
2025-03-09T23:00:00+07:00,0.001297,0.001314,0.001215,0.00127,0,0,0,0,0,0,15464982805,22.863103237688392,NaN,0,-54.38337947818999,-46.53669114178936,0,0,0,0
2025-03-10T03:00:00+07:00,0.00127,0.001289,0.00123,0.001259,0,0,0,0,0,0,7133434265,24.695407470599235,NaN,0,-60.296214113753756,-52.285125261510785,0,0,0,0
2025-03-10T07:00:00+07:00,0.001259,0.001338,0.001256,0.001313,0,0,0,0,0,0,8330376589,25.139977575827913,NaN,0,-56.65015250743752,-55.05267375785774,0,0,0,0
2025-03-10T11:00:00+07:00,0.001314,0.001366,0.001311,0.001354,0,0,0,0,0,0,4439326686,24.898602777439066,NaN,0,-48.44733254080642,-53.777424633619816,0,0,0,0
2025-03-10T15:00:00+07:00,0.001355,0.001418,0.001336,0.0014,0,0,0,0,0,0,8085326571,23.572412079698566,NaN,0,-35.62427840825929,-47.789132495502145,0,0,0,0
2025-03-10T19:00:00+07:00,0.0014,0.001414,0.001306,0.001339,0,0,0,0,0,0,8236699074,22.6416765661857,NaN,0,-28.25209192761857,-40.17973933481187,0,0,0,0
2025-03-10T23:00:00+07:00,0.001339,0.001348,0.00122,0.001294,0,0,0,0,0,0,12223617413,22.51019828276113,NaN,0,-24.58458823096648,-33.089930778608995,0,0,0,0
2025-03-11T03:00:00+07:00,0.001294,0.0013,0.001257,0.001267,0,0,0,0,0,0,5325416433,22.388111305295453,NaN,0,-24.067734511478545,-28.20861270809596,0,0,0,0
2025-03-11T07:00:00+07:00,0.001268,0.001297,0.001148,0.001257,0,0,0,0,0,0,17849046050,23.008729483136392,NaN,0,-24.417685058279115,-25.61610601958038,0,0,0,0
2025-03-11T11:00:00+07:00,0.001257,0.001311,0.00125,0.001275,0,0,0,0,0,0,4854397778,23.30012754156894,NaN,0,-24.25096891798831,-24.57000378313634,0,0,0,0
2025-03-11T15:00:00+07:00,0.001275,0.001317,0.001264,0.001305,0,0,0,0,0,0,4736235687,23.444077322037494,NaN,0,-20.968185285495387,-23.187860968546072,0,0,0,0
2025-03-11T19:00:00+07:00,0.001305,0.00136,0.001245,0.001327,0,0,0,0,0,0,13063842552,22.691514025265022,NaN,0,-14.555424786549233,-20.153725097115295,0,0,0,0
2025-03-11T23:00:00+07:00,0.001326,0.001377,0.001305,0.001354,0,0,0,0,0,0,5342850225,21.658280581681502,NaN,0,-6.0270918117163585,-14.945422463701375,0,0,0,0
2025-03-12T03:00:00+07:00,0.001353,0.001354,0.001314,0.001323,0,0,0,0,0,0,2762366822,20.698849526925372,NaN,0,-0.1952987838589872,-8.995898334319145,0,0,0,0
2025-03-12T07:00:00+07:00,0.001323,0.00136,0.001302,0.001304,1,0,1,0,1,0,3788647691,19.9369255884057,NaN,0,1.4902416750764422,-4.0993531369197775,1,0,1,0
2025-03-12T11:00:00+07:00,0.001305,0.001353,0.001291,0.001341,0,0,0,0,0,0,3524372544,19.350083586555414,NaN,0,5.023985312743477,0.25902590016428256,0,0,0,0
2025-03-12T15:00:00+07:00,0.001341,0.001379,0.001326,0.001351,0,0,0,0,0,0,4616903593,18.198942279947147,NaN,0,8.11484883808005,3.914881405811277,0,0,0,0
2025-03-12T19:00:00+07:00,0.00135,0.001396,0.001297,0.001319,0,0,0,0,0,0,8821424744,17.48572815090325,NaN,0,5.437558007009175,5.16695505945936,0,0,0,0
2025-03-12T23:00:00+07:00,0.00132,0.001356,0.001314,0.001344,0,0,0,0,0,0,4184252782,16.82345788821963,NaN,0,4.682018004266178,5.402872057611408,0,0,0,0
2025-03-13T03:00:00+07:00,0.001343,0.00138,0.001331,0.001374,0,0,0,0,0,0,3541706762,15.614337928773253,NaN,0,7.231540933288252,6.163475579562472,0,0,0,0
2025-03-13T07:00:00+07:00,0.001373,0.001382,0.00134,0.001371,0,0,0,0,0,0,3641787792,14.441870201523884,NaN,0,10.291254568915283,7.561230362841757,0,0,0,0
2025-03-13T11:00:00+07:00,0.00137,0.00138,0.001336,0.001358,0,0,0,0,0,0,4649597973,13.417364200142387,NaN,0,10.889156314309085,8.80713444417419,0,0,0,0
2025-03-13T15:00:00+07:00,0.001359,0.00142,0.001352,0.001394,0,0,0,0,0,0,5572791029,11.454004581085456,NaN,0,14.760291013759216,11.158462926908065,0,0,0,0
2025-03-13T19:00:00+07:00,0.001394,0.001433,0.001353,0.001372,0,0,0,0,0,0,7225725934,9.328766911620669,NaN,0,13.065530480331956,12.323355698049514,0,0,0,0
2025-03-13T23:00:00+07:00,0.001372,0.001378,0.001316,0.001328,0,0,0,0,0,0,4671263171,8.052673960994923,NaN,0,7.191357542073567,10.971289991367117,0,0,0,0
2025-03-14T03:00:00+07:00,0.001329,0.001371,0.001305,0.001355,0,0,0,0,0,0,3682335454,7.061153507631452,NaN,0,4.548488089761702,8.740946693328413,0,0,0,0
2025-03-14T07:00:00+07:00,0.001355,0.00138,0.001349,0.001365,0,0,0,0,0,0,2299325274,5.904077681404047,NaN,0,3.8556668328888173,6.662514074942314,0,0,0,0
2025-03-14T11:00:00+07:00,0.001364,0.001395,0.001354,0.001381,0,0,0,0,0,0,2349316750,4.436746244869681,NaN,0,5.714138366570974,5.672471266544956,0,0,0,0
2025-03-14T15:00:00+07:00,0.00138,0.001413,0.00138,0.001404,0,0,0,0,0,0,2237091266,2.618535556395095,NaN,0,10.463199954350248,6.868525830553237,0,0,0,0
2025-03-14T19:00:00+07:00,0.001405,0.001462,0.001392,0.001441,0,0,0,0,0,0,5618300441,1.4376561513881008,NaN,0,18.089331358778583,10.780112897769744,0,0,0,0
2025-03-14T23:00:00+07:00,0.00144,0.001446,0.00141,0.001419,0,0,0,0,0,0,2538495046,0.34112527531017633,NaN,0,21.785579896990953,15.197251223276707,0,0,0,0
2025-03-15T03:00:00+07:00,0.001418,0.001428,0.001406,0.001413,0,0,0,0,0,0,1668588248,NaN,-0.7844677066904246,0,22.700428338381407,18.770199575431874,0,0,0,0
2025-03-15T07:00:00+07:00,0.001413,0.001425,0.001397,0.001421,0,0,0,0,0,0,2207513924,NaN,-2.078193465406496,0,24.21969881107872,21.593253984786635,0,0,0,0
2025-03-15T11:00:00+07:00,0.001421,0.001435,0.001408,0.001417,0,0,0,0,0,0,1947951554,NaN,-3.0340179819890167,0,23.931284016978598,23.086466099807506,0,0,0,0
2025-03-15T15:00:00+07:00,0.001417,0.00142,0.001399,0.001414,0,0,0,0,0,0,1611251387,NaN,-4.189639466580594,0,22.895366050321506,23.336499955100788,0,0,0,0
2025-03-15T19:00:00+07:00,0.001415,0.001463,0.001412,0.001463,0,0,0,0,0,0,3853316062,NaN,-4.254201045067973,0,27.947303231660616,24.950110558070914,0,0,0,0
2025-03-15T23:00:00+07:00,0.001462,0.001474,0.001444,0.001454,0,0,0,0,0,0,2586851117,NaN,-4.087316677485511,0,30.474715943245787,26.99541050925812,0,0,0,0
2025-03-16T03:00:00+07:00,0.001454,0.001477,0.00145,0.001468,0,0,0,0,0,0,1899894394,NaN,-3.869108004331295,0,34.766828359659954,29.953128758925757,0,0,0,0
2025-03-16T07:00:00+07:00,0.001467,0.001469,0.001437,0.001453,0,0,0,0,0,0,2251175174,NaN,-4.11791170328447,0,34.742309439193214,32.199532065199065,0,0,0,0
2025-03-16T11:00:00+07:00,0.001452,0.001479,0.001443,0.001466,0,0,0,0,0,0,2143035084,NaN,-4.1105849459016675,0,36.324052209734866,34.25244793350529,0,0,0,0
2025-03-16T15:00:00+07:00,0.001466,0.001481,0.001406,0.001412,0,0,0,0,0,0,4746446440,NaN,-5.305124214942033,0,27.592710509939533,32.49967082458549,0,0,0,0
2025-03-16T19:00:00+07:00,0.001412,0.001424,0.00138,0.001399,0,0,0,0,0,0,4148067434,NaN,-6.301228568354762,0,16.422298884894328,27.047062688765383,0,0,0,0
2025-03-16T23:00:00+07:00,0.001399,0.001439,0.001372,0.001379,0,0,0,0,0,0,5954754628,NaN,-7.625754682146795,0,2.2155783891009406,17.79570885823757,0,0,0,0
2025-03-17T03:00:00+07:00,0.001379,0.00139,0.001349,0.001364,0,0,0,1,0,0,2077580332,NaN,-8.273934315150207,0,-10.842133569301728,6.361867706279469,0,0,0,0
2025-03-17T07:00:00+07:00,0.001365,0.00142,0.001361,0.001412,0,0,0,0,0,0,2914479959,NaN,-9.241413024374031,0,-14.914410186093859,-3.390436117376346,0,0,0,0
2025-03-17T11:00:00+07:00,0.001412,0.001427,0.001385,0.001412,0,0,0,0,0,0,3154944597,NaN,-9.960341444923145,0,-15.890847843518673,-10.05232166711852,0,0,0,0
2025-03-17T15:00:00+07:00,0.001411,0.001433,0.001398,0.00142,0,0,0,0,0,0,2651850749,NaN,-10.470348680612851,0,-13.121301824770105,-12.892121320380621,0,0,0,0
2025-03-17T19:00:00+07:00,0.00142,0.00145,0.001385,0.001418,0,0,0,0,0,0,5926689435,NaN,-10.50566571699862,0,-9.439556003453855,-12.535098985893011,0,0,0,0
2025-03-17T23:00:00+07:00,0.001419,0.001469,0.001407,0.001454,0,0,0,0,0,0,3990606418,NaN,-10.082650614798045,0,-0.3402617872848564,-8.367969619845415,0,0,0,0
2025-03-18T03:00:00+07:00,0.001454,0.001464,0.001431,0.001449,0,0,1,0,0,0,2405952057,NaN,-9.68985087704037,0,7.125988983876056,-2.412214782211973,0,0,0,0
2025-03-18T07:00:00+07:00,0.001449,0.001452,0.001389,0.001419,0,0,0,0,0,0,5039041716,NaN,-10.700273327814976,0,7.055276020772179,2.0506091230555152,0,0,0,0
2025-03-18T11:00:00+07:00,0.001419,0.00144,0.001414,0.001422,0,0,0,0,0,0,4599525457,NaN,-11.638522746391397,0,5.766664416777066,4.554154236038576,0,0,0,0
2025-03-18T15:00:00+07:00,0.001423,0.001427,0.001385,0.001389,0,0,0,1,0,0,4194490431,NaN,-11.85592463168757,0,-2.290146025705385,3.1128981187576747,0,0,0,0
2025-03-18T19:00:00+07:00,0.001388,0.001393,0.001334,0.001339,0,0,0,0,0,0,5314158564,NaN,-10.924437825445308,0,-13.79148076853171,-2.6387635779818983,0,0,0,0
2025-03-18T23:00:00+07:00,0.001339,0.001353,0.001328,0.00135,0,0,0,0,0,0,2987514469,NaN,-9.943889124705038,0,-20.94979739613419,-9.87978288517251,0,0,0,0
2025-03-19T03:00:00+07:00,0.001351,0.001388,0.001341,0.001385,0,0,0,0,0,0,2221576347,NaN,-10.138485944094263,0,-21.80376642551082,-15.53373944348798,0,0,0,0
2025-03-19T07:00:00+07:00,0.001385,0.001409,0.001372,0.001394,0,0,0,0,0,0,2266027537,NaN,-10.90127639526889,0,-19.49941001253331,-18.49564103439208,0,0,0,0
2025-03-19T11:00:00+07:00,0.001395,0.001399,0.001375,0.001378,0,0,0,0,0,0,2710450411,NaN,-11.60958181421676,0,-19.17284000649057,-19.66428099466124,0,0,0,0
2025-03-19T15:00:00+07:00,0.001379,0.001408,0.001364,0.001402,0,0,0,0,0,0,3704228414,NaN,-11.97839395642513,0,-13.50041978736914,-17.816601283170918,0,0,0,0
2025-03-19T19:00:00+07:00,0.001402,0.001411,0.001376,0.001404,0,0,0,0,0,0,4328151802,NaN,-12.415529763885788,0,-6.331247261764818,-13.598601461889984,0,0,0,0
2025-03-19T23:00:00+07:00,0.001403,0.001427,0.001357,0.001412,0,0,1,0,0,0,5713731889,NaN,-12.308834107307504,0,2.123242523162105,-7.5370083879247085,0,0,0,0
2025-03-20T03:00:00+07:00,0.001413,0.001444,0.001405,0.00144,0,0,0,0,0,0,2139275426,NaN,-12.773150491787575,0,10.718908330828887,-0.20532730798203053,0,0,0,0
2025-03-20T07:00:00+07:00,0.001441,0.001456,0.001415,0.00142,0,0,0,0,0,0,2794857530,NaN,-13.583061401868811,0,13.321664104488693,5.979384473623103,0,0,0,0
2025-03-20T11:00:00+07:00,0.001421,0.001432,0.001413,0.001417,0,0,0,0,0,0,1801023032,NaN,-14.272234429328432,0,13.333706269951094,10.001810036317087,0,0,0,0
2025-03-20T15:00:00+07:00,0.001416,0.001431,0.00138,0.001386,0,0,0,0,0,0,2521457261,NaN,-13.955637889080997,0,8.763959751089333,10.7120450222358,0,0,0,0
2025-03-20T19:00:00+07:00,0.001386,0.001425,0.001382,0.001394,0,0,0,0,0,0,2791990338,NaN,-13.661655387422664,0,4.3622488930170125,8.948695921273464,0,0,0,0
2025-03-20T23:00:00+07:00,0.001394,0.001407,0.001365,0.001388,0,0,0,1,0,0,2750949445,NaN,-12.932264848045403,0,-0.5036203174750616,5.414123325490108,0,0,0,0
2025-03-21T03:00:00+07:00,0.001388,0.001407,0.001383,0.001402,0,0,0,0,0,0,1519765087,NaN,-12.254973632909373,0,-1.4937645133398918,2.2976712409720728,0,0,0,0
2025-03-21T07:00:00+07:00,0.001402,0.001438,0.0014,0.00141,0,0,0,0,0,0,2955337084,NaN,-12.818949241594538,0,-0.8037879534397823,0.3989065842759798,0,0,0,0
2025-03-21T11:00:00+07:00,0.001409,0.001419,0.001372,0.001375,0,0,0,0,0,0,2845825625,NaN,-12.541403724339531,0,-5.248651353593205,-2.0389795909118624,0,0,0,0
2025-03-21T15:00:00+07:00,0.001375,0.001384,0.001315,0.001324,0,0,0,0,0,0,4094783494,NaN,-11.052425609922226,0,-13.464752216358201,-6.281391980042534,0,0,0,0
2025-03-21T19:00:00+07:00,0.001325,0.001349,0.00132,0.001327,0,0,0,0,0,0,4552845994,NaN,-9.66980307510616,0,-20.818889696147938,-11.786716788478104,0,0,0,0
2025-03-21T23:00:00+07:00,0.001327,0.001364,0.001319,0.001362,0,0,0,0,0,0,3188113821,NaN,-8.94755840873897,0,-19.23919343366458,-15.411124884174365,0,0,0,0
2025-03-22T03:00:00+07:00,0.001362,0.00138,0.001344,0.001352,0,0,0,0,0,0,2075457817,NaN,-8.845469251750732,0,-19.074127304148956,-17.797482342010433,0,0,0,0
2025-03-22T07:00:00+07:00,0.001352,0.001374,0.001343,0.001372,0,0,0,0,0,0,1909788651,NaN,-8.725605095603676,0,-14.859599824277655,-17.56097468317546,0,0,0,0
2025-03-22T11:00:00+07:00,0.001371,0.00144,0.00137,0.001435,0,0,0,0,0,0,3936607032,NaN,-9.208187526274012,0,-5.026081079752196,-13.40589754478637,0,0,0,0
2025-03-22T15:00:00+07:00,0.001436,0.001474,0.00142,0.001471,0,0,1,0,0,0,5146488540,NaN,-8.91898731449416,0,8.110815842551746,-5.434432841403034,0,0,0,0
2025-03-22T19:00:00+07:00,0.001471,0.001473,0.001418,0.001451,0,0,0,0,0,0,5186968287,NaN,-8.71186329775687,0,16.509660217045713,3.4079996175649794,0,0,0,0
2025-03-22T23:00:00+07:00,0.001451,0.001619,0.001424,0.00144,0,0,0,0,0,0,33843417955,NaN,-6.432459143362589,0,18.671204764194215,10.587690015535141,0,0,0,0
2025-03-23T03:00:00+07:00,0.00144,0.001448,0.001415,0.001427,0,0,0,0,0,0,3311442408,NaN,-4.56338173542288,0,16.73289206148809,14.604920708047048,0,0,0,0
2025-03-23T07:00:00+07:00,0.001427,0.001482,0.001414,0.001476,0,0,0,0,0,0,6229661394,NaN,-2.4849164206068686,0,18.991722046635427,17.26892860322369,0,0,0,0
2025-03-23T11:00:00+07:00,0.001476,0.001486,0.001419,0.00145,0,0,0,0,0,0,9484061430,NaN,-0.5156748536854785,0,16.72656381897776,17.57669688075526,0,0,0,0
2025-03-23T15:00:00+07:00,0.001451,0.001504,0.001443,0.001501,1,0,0,0,1,0,9534452772,1.4915656457813995,NaN,0,18.742130063703485,17.98193737476701,1,0,1,0
2025-03-23T19:00:00+07:00,0.001502,0.001514,0.001465,0.001477,0,0,0,0,0,0,8474537351,3.4540103101218627,NaN,0,17.39232518852977,17.788411587277,0,0,0,0
2025-03-23T23:00:00+07:00,0.001477,0.001483,0.001446,0.00146,0,0,0,0,0,0,3440083378,4.658106582007342,NaN,0,15.224253388112524,16.95745383802554,0,0,0,0
2025-03-24T03:00:00+07:00,0.00146,0.001485,0.001453,0.001483,0,0,0,0,0,0,2487827822,5.800929502098835,NaN,0,15.973450770903801,16.476804461262876,0,0,0,0
2025-03-24T07:00:00+07:00,0.001484,0.001511,0.001447,0.001507,1,0,0,0,1,0,4608254999,7.178182536610436,NaN,0,18.669034072869408,17.095900936870855,1,0,1,0
2025-03-24T11:00:00+07:00,0.001507,0.00153,0.001501,0.001509,0,0,0,0,0,0,5038188590,8.67178159058394,NaN,0,20.797752042175357,18.29507205198804,0,0,0,0
2025-03-24T15:00:00+07:00,0.001509,0.001755,0.001508,0.00168,0,0,0,0,0,0,25960888656,11.514257732185456,NaN,0,26.225004234546127,21.166285765997365,0,0,0,0
2025-03-24T19:00:00+07:00,0.001681,0.00184,0.001579,0.001599,0,0,0,0,0,0,54017240258,14.438338107401187,NaN,0,24.734293634531515,22.95175067693405,0,0,0,0
2025-03-24T23:00:00+07:00,0.001598,0.001608,0.00156,0.001575,0,0,0,0,0,0,6928558706,16.711300672967063,NaN,0,21.244680638578984,22.940008572791964,0,0,0,0
2025-03-25T03:00:00+07:00,0.001576,0.001591,0.001547,0.001568,0,0,0,0,0,0,4492641924,18.515289982202084,NaN,0,17.357325647408956,21.281066147081525,0,0,0,0
2025-03-25T07:00:00+07:00,0.001567,0.001596,0.001516,0.001521,0,0,0,0,0,0,7603629533,19.469173812911215,NaN,0,10.0035341571789,17.258307119658426,0,0,0,0
2025-03-25T11:00:00+07:00,0.001521,0.001562,0.001514,0.001541,0,0,0,0,0,0,4185679877,20.30803902542828,NaN,0,4.642141272242698,12.168031656256362,0,0,0,0
2025-03-25T15:00:00+07:00,0.00154,0.001575,0.001536,0.001562,0,0,0,0,0,0,4004193481,21.17598510252597,NaN,0,1.4833732525799899,7.4636910504536225,0,0,0,0
2025-03-25T19:00:00+07:00,0.001563,0.001601,0.001549,0.001577,0,0,0,0,0,0,6133469505,22.157416853766826,NaN,0,0.72198610483457,4.055616087532511,0,0,0,0
2025-03-25T23:00:00+07:00,0.001577,0.001624,0.001575,0.001592,0,0,0,0,0,0,4441226074,23.218052560736183,NaN,0,2.293255280766308,2.5394771521716057,0,0,0,0
2025-03-26T03:00:00+07:00,0.001592,0.001623,0.001586,0.001621,1,0,0,0,1,0,3029902302,24.202928574350594,NaN,0,5.93818802697747,3.242587156657265,1,0,1,0
2025-03-26T07:00:00+07:00,0.001622,0.001623,0.001579,0.001587,0,0,0,0,0,0,3506470191,24.90830649305599,NaN,0,6.998342465106183,4.570105049199257,0,0,0,0
2025-03-26T11:00:00+07:00,0.001587,0.001667,0.001581,0.001663,0,0,0,0,0,0,3969490531,25.88193438294313,NaN,0,12.283747060502677,7.502344394015847,0,0,0,0
2025-03-26T15:00:00+07:00,0.001663,0.001717,0.00165,0.001709,0,0,0,0,0,0,7944449578,27.092554179626646,NaN,0,19.977578279473764,12.279169224627955,0,0,0,0
2025-03-26T19:00:00+07:00,0.00171,0.001712,0.001612,0.001627,0,0,0,0,0,0,10717313354,27.163329683893842,NaN,0,18.538554137837917,15.292613196385501,0,0,0,0
2025-03-26T23:00:00+07:00,0.001626,0.001651,0.00157,0.001599,0,0,0,0,0,0,5821874440,26.193698100865284,NaN,0,14.38928402196735,15.839947205714752,0,0,0,0
2025-03-27T03:00:00+07:00,0.001599,0.001621,0.001581,0.001603,0,0,0,0,0,0,2920899882,25.293325916624475,NaN,0,10.556973992387276,14.546438138851316,0,0,0,0
2025-03-27T07:00:00+07:00,0.001603,0.001671,0.001588,0.001661,0,0,0,0,0,0,3496908531,24.964420694845444,NaN,0,10.677947042426464,13.056011320182206,0,0,0,0
2025-03-27T11:00:00+07:00,0.001661,0.001663,0.001622,0.001628,0,0,0,0,0,0,4881608571,24.65900870319348,NaN,0,7.91563079733016,10.75186575435274,0,0,0,0
2025-03-27T15:00:00+07:00,0.001629,0.001636,0.001573,0.001581,0,0,0,0,0,0,5801684127,23.16678163510955,NaN,0,1.28764736884678,7.042522211171721,0,0,0,0
2025-03-27T19:00:00+07:00,0.00158,0.00162,0.001544,0.001598,0,0,0,1,0,0,6271376723,21.14720384849079,NaN,0,-2.062149212325103,3.3666402588661533,0,0,0,0
2025-03-27T23:00:00+07:00,0.001597,0.001611,0.001577,0.001594,0,0,0,0,0,0,2670266483,19.27188161805909,NaN,0,-3.799997270922635,0.20823783598090273,0,0,0,0
2025-03-28T03:00:00+07:00,0.001594,0.001607,0.001573,0.001577,0,0,0,0,0,0,2297329660,17.437120708640855,NaN,0,-7.886847815640784,-3.355316684256403,0,0,0,0
2025-03-28T07:00:00+07:00,0.001576,0.001603,0.001547,0.001557,0,0,0,0,0,0,3316167772,15.132670378410609,NaN,0,-14.073958630328507,-7.743588485518467,0,0,0,0
2025-03-28T11:00:00+07:00,0.001557,0.001561,0.001441,0.001449,0,0,0,0,0,0,8368954831,13.40792228965423,NaN,0,-24.49522222543209,-14.139642189971145,0,0,0,0
2025-03-28T15:00:00+07:00,0.001449,0.001459,0.001409,0.001432,0,0,0,0,0,0,5275490703,12.236429900243486,NaN,0,-33.891901616456096,-21.94906438514657,0,0,0,0
2025-03-28T19:00:00+07:00,0.001431,0.001437,0.001389,0.001411,0,0,0,0,0,0,5687687309,11.404968853699224,NaN,0,-42.42026581816744,-30.479291153950378,0,0,0,0
2025-03-28T23:00:00+07:00,0.001411,0.001423,0.001392,0.001401,0,0,0,0,0,0,2836154487,10.632897881908121,NaN,0,-49.91986396963258,-38.93469940342625,0,0,0,0
2025-03-29T03:00:00+07:00,0.0014,0.001417,0.001385,0.001408,0,0,0,0,0,0,2690500476,10.013424433189641,NaN,0,-53.32648429946847,-45.72344668591462,0,0,0,0
2025-03-29T07:00:00+07:00,0.001408,0.001428,0.001373,0.001402,0,0,0,0,0,0,3967451132,9.609024490277129,NaN,0,-55.23255772732204,-50.53071673307818,0,0,0,0
2025-03-29T11:00:00+07:00,0.001402,0.001406,0.001351,0.00136,0,0,0,0,0,0,3621318166,9.539928612676377,NaN,0,-57.946580729450794,-54.193505414158686,0,0,0,0
2025-03-29T15:00:00+07:00,0.00136,0.001373,0.001314,0.001326,0,0,0,0,0,0,5063479458,9.945401122915392,NaN,0,-61.23694285499327,-57.349436196220346,0,0,0,0
2025-03-29T19:00:00+07:00,0.001327,0.001359,0.001322,0.001338,0,0,0,0,0,0,2591306123,10.32191131099448,NaN,0,-62.82283112211093,-59.77955126486618,0,0,0,0
2025-03-29T23:00:00+07:00,0.001337,0.001342,0.001296,0.001319,0,0,0,0,0,0,5117843599,10.990579379467583,NaN,0,-65.02271763657508,-62.08276402816817,0,0,0,0
2025-03-30T03:00:00+07:00,0.00132,0.001324,0.001294,0.00132,0,0,0,0,0,0,2240347807,11.6357905680225,NaN,0,-65.35970550449487,-63.71855719163632,0,0,0,0
2025-03-30T07:00:00+07:00,0.001321,0.001352,0.001303,0.001336,0,0,0,0,0,0,3255385913,11.355742102942962,NaN,0,-60.86440786598895,-63.18077462379098,0,0,0,0
2025-03-30T11:00:00+07:00,0.001336,0.001354,0.001326,0.001329,0,0,0,0,0,0,2588769016,11.03420960130245,NaN,0,-57.74774133144962,-61.40958140199664,0,0,0,0
2025-03-30T15:00:00+07:00,0.001329,0.001344,0.001306,0.001316,0,0,0,0,0,0,4910435739,11.05345252618391,NaN,0,-56.83623383970941,-59.56716578452515,0,0,0,0
2025-03-30T19:00:00+07:00,0.001317,0.001322,0.001288,0.001308,0,0,0,0,0,0,6087137425,11.342103589452677,NaN,0,-57.05675142594764,-58.197362514626505,0,0,0,0
2025-03-30T23:00:00+07:00,0.001308,0.001353,0.001286,0.001332,0,0,0,0,0,0,6229942668,10.615355021414544,NaN,0,-49.5568448960823,-54.85865481548123,0,0,0,0
2025-03-31T03:00:00+07:00,0.001332,0.00134,0.001297,0.001321,0,0,0,0,0,0,3284951919,9.940517065379133,NaN,0,-44.53982734166527,-50.90113197209113,0,0,0,0
2025-03-31T07:00:00+07:00,0.001322,0.001369,0.001296,0.001333,0,0,0,0,0,0,5100542902,8.436523150252455,NaN,0,-37.740259021801215,-45.76539172370125,0,0,0,0
2025-03-31T11:00:00+07:00,0.001333,0.001358,0.001291,0.001305,0,0,0,0,0,0,3892035670,7.1491733914823214,NaN,0,-36.14829218597898,-41.43282801734719,0,0,0,0
2025-03-31T15:00:00+07:00,0.001305,0.001337,0.001283,0.001327,0,0,0,0,0,0,4762461900,6.133136088619377,NaN,0,-29.25718890933386,-36.18242599569344,0,0,0,0
2025-03-31T19:00:00+07:00,0.001326,0.001371,0.001316,0.001353,0,0,0,0,0,0,6175351503,4.1821102697567625,NaN,0,-17.915486575412,-29.004760697173342,0,0,0,0
2025-03-31T23:00:00+07:00,0.001353,0.001365,0.001317,0.001325,0,0,0,0,0,0,3012356116,2.3704434379557675,NaN,0,-13.155973061818711,-22.35001478216682,0,0,0,0
2025-04-01T03:00:00+07:00,0.001326,0.001335,0.001313,0.001321,0,0,0,0,0,0,1936526398,0.7985072352014839,NaN,0,-11.580981625356484,-17.26252867366266,0,0,0,0
2025-04-01T07:00:00+07:00,0.001321,0.001353,0.001306,0.001345,0,0,0,0,0,0,3130765724,NaN,-0.8839308438937614,0,-6.421877915782929,-12.19929315506364,0,0,0,0
2025-04-01T11:00:00+07:00,0.001345,0.001353,0.00133,0.001343,0,0,0,0,0,0,2220819670,NaN,-2.446194774482205,0,-2.3134149763228153,-7.748330941324311,0,0,0,0
2025-04-01T15:00:00+07:00,0.001343,0.001381,0.001304,0.001309,0,0,0,0,0,0,5503453065,NaN,-3.0921317769480225,0,-5.472270034814438,-6.146572009282928,0,0,0,0
2025-04-01T19:00:00+07:00,0.00131,0.001357,0.001288,0.001341,0,0,0,0,0,0,7994210918,NaN,-4.2288845525456935,0,-3.675199557480652,-4.77533735417012,0,0,0,0
2025-04-01T23:00:00+07:00,0.001342,0.00135,0.00129,0.001294,0,0,0,0,0,0,3125337342,NaN,-5.28444070131496,0,-6.475237069963036,-4.96950010350731,0,0,0,0
2025-04-02T03:00:00+07:00,0.001293,0.001302,0.00126,0.001271,0,0,0,0,0,0,4527308120,NaN,-6.16773267613447,0,-11.589805214975422,-7.208901871541527,0,0,0,0
2025-04-02T07:00:00+07:00,0.001271,0.001273,0.00121,0.001231,0,0,0,0,0,0,4736210287,NaN,-5.768238223356985,0,-18.777506038502786,-11.499675427472031,0,0,0,0
2025-04-02T11:00:00+07:00,0.001231,0.001236,0.001188,0.001208,0,0,0,0,0,0,5302795012,NaN,-4.963712613142661,0,-27.08164351798947,-17.460888739086098,0,0,0,0
2025-04-02T15:00:00+07:00,0.001209,0.001236,0.001204,0.001214,0,0,0,0,0,0,2639987848,NaN,-4.21665311794365,0,-33.05428099370436,-23.972356310393465,0,0,0,0
2025-04-02T19:00:00+07:00,0.001214,0.001275,0.001192,0.001258,0,0,0,0,0,0,5102299136,NaN,-4.843979738844041,0,-31.299877617277282,-27.94041732714355,0,0,0,0
2025-04-02T23:00:00+07:00,0.001258,0.001275,0.001227,0.001259,0,0,0,0,0,0,2542380934,NaN,-5.4264973153944105,0,-28.61436463129169,-29.358331312077492,0,0,0,0
2025-04-03T03:00:00+07:00,0.001259,0.001298,0.001142,0.001158,0,0,0,0,0,0,7823449753,NaN,-4.3095604673259835,0,-30.165493937154697,-30.158317771211347,0,0,0,0
2025-04-03T07:00:00+07:00,0.001159,0.001207,0.001153,0.001194,0,0,0,0,0,0,2025561708,NaN,-3.272404822691019,0,-28.56401928017669,-29.66528015144241,0,0,0,0
2025-04-03T11:00:00+07:00,0.001194,0.001198,0.001147,0.001155,0,0,0,0,0,0,1943867396,NaN,-2.2115194544235415,0,-29.154645167582466,-29.270292776662924,0,0,0,0
2025-04-03T15:00:00+07:00,0.001154,0.001163,0.00109,0.001109,0,0,0,0,0,0,4007087070,NaN,-0.4210208809445639,0,-32.156196824403004,-30.13579834256507,0,0,0,0
2025-04-03T19:00:00+07:00,0.001109,0.001121,0.001078,0.001097,0,0,0,0,0,0,6996762468,1.3859020986002157,NaN,0,-36.710454814606486,-32.462301958059996,0,0,0,0
2025-04-03T23:00:00+07:00,0.001097,0.001124,0.001094,0.001122,0,0,0,0,0,0,2792060943,2.9532346386132495,NaN,0,-36.114453813309595,-34.0503992275683,0,0,0,0
2025-04-04T03:00:00+07:00,0.001122,0.001144,0.001112,0.001131,0,0,0,0,0,0,2843697749,3.6774904016028565,NaN,0,-33.51533377866933,-34.37552582711953,0,0,0,0
2025-04-04T07:00:00+07:00,0.001131,0.00114,0.001113,0.001132,0,0,0,0,0,0,2359679712,4.350013610093207,NaN,0,-29.84387300492377,-33.14674453552273,0,0,0,0
2025-04-04T11:00:00+07:00,0.001132,0.001147,0.001125,0.001143,0,0,0,0,0,0,1401910617,4.70573168338063,NaN,0,-25.459485276050508,-30.410552145145417,0,0,0,0
2025-04-04T15:00:00+07:00,0.001143,0.00115,0.001082,0.001098,0,0,0,0,0,0,3338872720,5.752434807488854,NaN,0,-25.298483080387857,-28.067139792770725,0,0,0,0
2025-04-04T19:00:00+07:00,0.001097,0.001152,0.001086,0.001125,0,0,0,0,0,0,5521787387,6.646090473618287,NaN,0,-20.934060948794865,-25.029718178812946,0,0,0,0
2025-04-04T23:00:00+07:00,0.001127,0.001167,0.001115,0.001149,0,0,0,0,0,0,3842665400,6.884682229382516,NaN,0,-14.43963084064786,-20.83951271977381,0,0,0,0
2025-04-05T03:00:00+07:00,0.001149,0.001165,0.001143,0.001149,0,0,0,0,0,0,1588223597,7.106231716877872,NaN,0,-9.843492845661805,-16.38897479160742,0,0,0,0
2025-04-05T07:00:00+07:00,0.001149,0.001162,0.001138,0.001144,0,0,0,0,0,0,1047338551,7.413412902698916,NaN,0,-7.037073355405868,-12.336322377306516,0,0,0,0
2025-04-05T11:00:00+07:00,0.001144,0.001155,0.001137,0.001151,0,0,0,0,0,0,754784126,7.719927249555816,NaN,0,-4.027781411054833,-8.508733442931575,0,0,0,0
2025-04-05T15:00:00+07:00,0.001152,0.001165,0.001147,0.001148,0,0,0,0,0,0,1668554412,7.535681299244928,NaN,0,-3.4402108797564095,-5.90333444274603,0,0,0,0
2025-04-05T19:00:00+07:00,0.001148,0.00115,0.001117,0.001126,0,1,0,0,0,0,3780383552,8.034736552386896,NaN,0,-8.144107905629076,-6.032157789120604,0,1,0,0
2025-04-05T23:00:00+07:00,0.001126,0.00115,0.001122,0.001142,0,0,0,0,0,0,4772330705,8.498145001733008,NaN,0,-6.922582563632387,-6.173507550497533,0,0,0,0
2025-04-06T03:00:00+07:00,0.001143,0.001154,0.001111,0.00113,0,0,0,0,0,0,5825093381,9.1618284207564,NaN,0,-9.072474964727238,-7.226215464374707,0,0,0,0
2025-04-06T07:00:00+07:00,0.00113,0.001132,0.001108,0.001114,0,0,0,0,0,0,1203541073,9.841933942143186,NaN,0,-12.04665538562223,-9.134623411262123,0,0,0,0
2025-04-06T11:00:00+07:00,0.001114,0.001125,0.001096,0.001102,0,0,0,0,0,0,4264504630,10.72705477693475,NaN,0,-18.17210798115536,-12.550257291689418,0,0,0,0
2025-04-06T15:00:00+07:00,0.001102,0.001133,0.001098,0.001104,0,0,0,0,0,0,4646447068,11.093568452239744,NaN,0,-24.125423405457788,-16.968203173457596,0,0,0,0
2025-04-06T19:00:00+07:00,0.001103,0.001106,0.001046,0.001076,0,0,0,0,0,0,9825916997,12.416516465129853,NaN,0,-31.743988058154336,-22.86024957280271,0,0,0,0
2025-04-06T23:00:00+07:00,0.001076,0.001078,0.000993,0.00101,0,0,0,0,0,0,6819561945,14.304305330964134,NaN,0,-40.92822488722735,-30.15894788220403,0,0,0,0
2025-04-07T03:00:00+07:00,0.001011,0.001015,0.000956,0.000987,0,0,0,0,0,0,5620039922,16.39976029391071,NaN,0,-50.17891468432111,-38.417492795803255,0,0,0,0
2025-04-07T07:00:00+07:00,0.000987,0.00102,0.000951,0.000971,0,0,0,0,0,0,3879237325,18.345539902361097,NaN,0,-57.951589474200546,-46.724778686115705,0,0,0,0
2025-04-07T11:00:00+07:00,0.000971,0.000997,0.000889,0.000932,0,0,0,0,0,0,10102387326,20.611365620450876,NaN,0,-64.77086212666141,-54.6531900277121,0,0,0,0
2025-04-07T15:00:00+07:00,0.000932,0.000988,0.000926,0.000968,0,0,0,0,0,0,5930701813,22.715346644391396,NaN,0,-62.50475564334604,-59.116536626789795,0,0,0,0
2025-04-07T19:00:00+07:00,0.000968,0.001077,0.000965,0.001024,0,0,0,0,0,0,12178802428,21.48804671989351,NaN,0,-54.25928310454943,-58.78067454058919,0,0,0,0
2025-04-07T23:00:00+07:00,0.001024,0.001042,0.001001,0.001024,0,0,0,0,0,0,2750651941,20.34841107571691,NaN,0,-46.28252613404567,-54.897156249732504,0,0,0,0
2025-04-08T03:00:00+07:00,0.001024,0.001049,0.001024,0.001031,0,0,0,0,0,0,1392157644,19.078734341068746,NaN,0,-38.83894237138206,-48.79220260800631,0,0,0,0
2025-04-08T07:00:00+07:00,0.001032,0.00107,0.001023,0.001045,0,0,0,0,0,0,1884634296,17.277691250338172,NaN,0,-31.164840976020425,-41.40339164134748,0,0,0,0
2025-04-08T11:00:00+07:00,0.001045,0.00105,0.001011,0.001028,0,0,0,0,0,0,5937235581,15.83894092540828,NaN,0,-28.268893580210325,-35.289666286128025,0,0,0,0
2025-04-08T15:00:00+07:00,0.001028,0.001035,0.001005,0.001031,0,0,0,0,0,0,10566332138,14.62113084730516,NaN,0,-24.29703498009796,-30.134378868413478,0,0,0,0
2025-04-08T19:00:00+07:00,0.001032,0.001036,0.000995,0.001006,0,0,0,0,0,0,3449874367,13.690278688565414,NaN,0,-25.273525055650556,-27.302071350846568,0,0,0,0
2025-04-08T23:00:00+07:00,0.001005,0.001006,0.000966,0.000984,0,0,0,0,0,0,3886644309,13.365585696211987,NaN,0,-28.711937891414404,-27.016501517093946,0,0,0,0
2025-04-09T03:00:00+07:00,0.000983,0.000993,0.000975,0.000986,0,0,0,0,0,0,1757723234,13.064085060455241,NaN,0,-31.320461868901987,-28.27557330783503,0,0,0,0
2025-04-09T07:00:00+07:00,0.000986,0.000998,0.000941,0.000973,0,0,0,0,0,0,4300171398,13.361587464620158,NaN,0,-34.6446435970118,-30.632330948420613,0,0,0,0
2025-04-09T11:00:00+07:00,0.000972,0.001019,0.000972,0.001017,0,0,0,0,0,0,2814356437,12.870901813854289,NaN,0,-30.91086588120052,-31.319446015949005,0,0,0,0
2025-04-09T15:00:00+07:00,0.001017,0.001024,0.000988,0.000997,0,0,0,0,0,0,2947427253,12.236912267686407,NaN,0,-29.330442447140634,-31.038831212050603,0,0,0,0
2025-04-09T19:00:00+07:00,0.000997,0.001029,0.000986,0.001015,0,0,0,0,0,0,3274370524,11.463558757638346,NaN,0,-24.420034417095614,-28.850952572037855,0,0,0,0
2025-04-09T23:00:00+07:00,0.001016,0.001119,0.001014,0.001113,0,0,0,0,0,0,7590943270,9.498837130027795,NaN,0,-12.186530166561855,-22.871366080135097,0,0,0,0
2025-04-10T03:00:00+07:00,0.001113,0.00113,0.001103,0.001109,0,0,0,0,0,0,1636295013,7.905429002314975,NaN,0,-1.9452413154883044,-14.75361208469717,0,0,0,0
2025-04-10T07:00:00+07:00,0.001109,0.001121,0.001078,0.001087,0,0,1,0,0,0,3525040503,5.784905462136962,NaN,0,2.179754724832569,-7.440819561253854,0,0,0,0
2025-04-10T11:00:00+07:00,0.001088,0.001095,0.001073,0.001081,0,0,0,0,0,0,1350225837,3.6909931019726407,NaN,0,4.001865184106115,-1.726698258454892,0,0,0,0
2025-04-10T15:00:00+07:00,0.001081,0.001084,0.001057,0.001067,0,0,0,0,0,0,1417909141,1.936285434905745,NaN,0,3.0121664193986244,1.4353696140251215,0,0,0,0
2025-04-10T19:00:00+07:00,0.001066,0.00109,0.00103,0.001034,0,0,0,1,0,0,3667539603,0.930661754959651,NaN,0,-3.442786278373625,0.6169731981481034,0,0,0,0
2025-04-10T23:00:00+07:00,0.001035,0.001063,0.00103,0.001057,0,0,0,0,0,0,2206414114,NaN,-0.0031316621331534122,0,-6.640528612737076,-1.8502535883959472,0,0,0,0
2025-04-11T03:00:00+07:00,0.001057,0.001077,0.001056,0.001075,0,0,0,0,0,0,948172808,NaN,-1.2888352599898525,0,-7.624680203745117,-4.332511752126093,0,0,0,0
2025-04-11T07:00:00+07:00,0.001075,0.00111,0.001067,0.001105,0,0,0,0,0,0,1963087955,NaN,-2.5921661628295567,0,-3.726032997430058,-4.8615918518460415,0,0,0,0
2025-04-11T11:00:00+07:00,0.001104,0.001129,0.001096,0.00112,0,0,1,0,0,0,2549943852,NaN,-3.347613179667057,0,3.136896330837467,-2.587835630041069,0,0,0,0
2025-04-11T15:00:00+07:00,0.00112,0.001134,0.0011,0.001108,0,0,0,0,0,0,8060398024,NaN,-3.931144306199073,0,4.296807575300357,0.06424234582227749,0,0,0,0
2025-04-11T19:00:00+07:00,0.001108,0.001121,0.001096,0.001119,0,0,0,0,0,0,3200087319,NaN,-4.601718178908513,0,8.31245344538951,3.5388960214704093,0,0,0,0
2025-04-11T23:00:00+07:00,0.001119,0.001148,0.001114,0.00114,0,0,0,0,0,0,3049139573,NaN,-4.57152512432905,0,14.878961654667235,8.20552029633601,0,0,0,0
2025-04-12T03:00:00+07:00,0.001139,0.001159,0.001135,0.001138,0,0,0,0,0,0,2360088875,NaN,-4.297842752260198,0,18.31738976438143,12.518044483878855,0,0,0,0
2025-04-12T07:00:00+07:00,0.001139,0.001139,0.001115,0.001122,0,0,0,0,0,0,1635163750,NaN,-4.73938215050763,0,16.96053502610106,14.908722241207473,0,0,0,0
2025-04-12T11:00:00+07:00,0.001121,0.001146,0.001113,0.001143,0,0,0,0,0,0,2449627369,NaN,-4.974179270812552,0,19.351035971241462,17.174657733898652,0,0,0,0
2025-04-12T15:00:00+07:00,0.001142,0.001162,0.001133,0.001144,0,0,0,0,0,0,3254196058,NaN,-4.8009461885227545,0,21.575513360347607,19.178470463229143,0,0,0,0
2025-04-12T19:00:00+07:00,0.001144,0.001196,0.001138,0.001191,0,0,0,0,0,0,5665981322,NaN,-3.913480874340401,0,28.875159963609057,22.731294732649577,0,0,0,0
2025-04-12T23:00:00+07:00,0.00119,0.001198,0.001171,0.001181,0,0,0,0,0,0,1859829413,NaN,-3.049744080249841,0,32.82912719206005,26.66902819095755,0,0,0,0
2025-04-13T03:00:00+07:00,0.001181,0.001205,0.001179,0.001202,0,0,0,0,0,0,1329500928,NaN,-2.103906851199252,0,37.756772985504085,31.28186108523497,0,0,0,0
2025-04-13T07:00:00+07:00,0.001202,0.001203,0.001169,0.001171,0,0,0,0,0,0,1598300716,NaN,-1.6533825711710541,0,36.179180573808324,33.98241397832025,0,0,0,0
2025-04-13T11:00:00+07:00,0.001171,0.001172,0.001153,0.001165,0,0,0,0,0,0,1125987238,NaN,-1.8894894003498806,0,33.37233858095581,34.625476566950255,0,0,0,0
2025-04-13T15:00:00+07:00,0.001166,0.001187,0.00116,0.001172,0,0,0,0,0,0,1651473125,NaN,-1.7271435154244728,0,31.06747172954278,33.713795190402024,0,0,0,0
2025-04-13T19:00:00+07:00,0.001171,0.001173,0.00114,0.001147,0,0,0,0,0,0,2119018912,NaN,-2.3603760474854774,0,23.03005958898168,29.976822315937845,0,0,0,0
2025-04-13T23:00:00+07:00,0.001146,0.001195,0.001126,0.001134,0,0,0,0,0,0,3917418486,NaN,-2.3739590113189344,0,11.798594210316848,23.149298822123953,0,0,0,0
2025-04-14T03:00:00+07:00,0.001134,0.001153,0.001098,0.001117,0,0,0,1,0,0,7205913630,NaN,-3.384413718429908,0,-0.49912165614209414,13.953081957836222,0,0,0,0
2025-04-14T07:00:00+07:00,0.001117,0.001169,0.001113,0.001137,0,0,0,0,0,0,3142074606,NaN,-3.8938471176987193,0,-7.146272590638132,4.986368264046511,0,0,0,0
2025-04-14T11:00:00+07:00,0.001137,0.001152,0.001118,0.001134,0,0,0,0,0,0,1575482688,NaN,-4.366892417019759,0,-11.939976735930895,-2.877006066734528,0,0,0,0
2025-04-14T15:00:00+07:00,0.001135,0.001162,0.001126,0.001159,0,0,0,0,0,0,2326723588,NaN,-4.528875663419683,0,-10.202256368359482,-7.293977043960181,0,0,0,0
2025-04-14T19:00:00+07:00,0.001159,0.001165,0.001113,0.001117,0,0,0,0,0,0,3222315842,NaN,-5.184476292540687,0,-13.518071527348814,-10.600732010359536,0,0,0,0
2025-04-14T23:00:00+07:00,0.001116,0.001139,0.001105,0.001128,0,0,0,0,0,0,2720758770,NaN,-6.096051335233739,0,-13.108890339544711,-12.08331553164648,0,0,0,0
2025-04-15T03:00:00+07:00,0.001129,0.001133,0.001112,0.001115,0,0,0,0,0,0,1082900872,NaN,-6.942513874877292,0,-14.345147590446128,-13.137333557673719,0,0,0,0
2025-04-15T07:00:00+07:00,0.001115,0.001125,0.001093,0.00112,0,0,0,0,0,0,2159385109,NaN,-8.01005330570402,0,-13.159740616605815,-13.316290925766987,0,0,0,0
2025-04-15T11:00:00+07:00,0.001121,0.00113,0.00111,0.001122,0,0,0,0,0,0,1189281999,NaN,-9.194347035808564,0,-11.636291066509559,-12.906114185116511,0,0,0,0
2025-04-15T15:00:00+07:00,0.001123,0.001132,0.001108,0.001115,0,0,0,0,0,0,1365733854,NaN,-10.294048356619928,0,-12.334230984794981,-12.632981770684502,0,0,0,0
2025-04-15T19:00:00+07:00,0.001116,0.001139,0.001096,0.001111,0,0,0,0,0,0,2759449843,NaN,-10.831600443439202,0,-14.702007016787999,-13.228030736420424,0,0,0,0
2025-04-15T23:00:00+07:00,0.00111,0.001112,0.001083,0.001088,0,0,0,0,0,0,1619901778,NaN,-10.843554015867415,0,-19.689300774085506,-15.37930317610596,0,0,0,0
2025-04-16T03:00:00+07:00,0.001088,0.001096,0.001077,0.001093,0,0,0,0,0,0,1674678548,NaN,-10.638195346937257,0,-22.016923561431643,-17.950172999330917,0,0,0,0
2025-04-16T07:00:00+07:00,0.001094,0.001107,0.001071,0.001089,0,0,0,0,0,0,6879645905,NaN,-10.991256070241654,0,-24.841878138904967,-20.872215485391923,0,0,0,0
2025-04-16T11:00:00+07:00,0.00109,0.001095,0.001065,0.001069,0,0,0,0,0,0,1618135232,NaN,-11.080979729562499,0,-30.534466233279197,-24.81141486475132,0,0,0,0
2025-04-16T15:00:00+07:00,0.001068,0.001084,0.001056,0.001076,0,0,0,0,0,0,1726328786,NaN,-10.814588486464702,0,-31.960857185854746,-28.012728878403617,0,0,0,0
2025-04-16T19:00:00+07:00,0.001077,0.001093,0.001048,0.001075,0,0,0,0,0,0,7118004659,NaN,-11.046118955731444,0,-32.17583611695988,-30.135112524486505,0,0,0,0
2025-04-16T23:00:00+07:00,0.001075,0.001096,0.001037,0.00109,0,0,0,0,0,0,4700007875,NaN,-10.817259051550412,0,-23.71294481850183,-28.60409671489175,0,0,0,0
2025-04-17T03:00:00+07:00,0.001089,0.001102,0.00107,0.001076,0,0,0,0,0,0,1539910728,NaN,-10.934238354391079,0,-18.478672373506235,-25.21525533982712,0,0,0,0
2025-04-17T07:00:00+07:00,0.001077,0.001085,0.001068,0.001073,0,0,0,0,0,0,1305729556,NaN,-10.95580054237669,0,-15.917589044994918,-21.396933239618633,0,0,0,0
2025-04-17T11:00:00+07:00,0.001073,0.001107,0.001071,0.001096,0,0,0,0,0,0,1465549429,NaN,-11.790603046044673,0,-9.734913911198941,-16.492177907363775,0,0,0,0
2025-04-17T15:00:00+07:00,0.001096,0.001115,0.001083,0.001093,0,0,0,0,0,0,6529427687,NaN,-12.199091373161739,0,-6.741389716579326,-12.071310728546099,0,0,0,0
2025-04-17T19:00:00+07:00,0.001093,0.001106,0.00108,0.001105,0,0,1,0,0,0,6928733867,NaN,-12.738031820390042,0,1.0580774887971292,-6.746250907961636,0,0,0,0
2025-04-17T23:00:00+07:00,0.001105,0.001137,0.001099,0.001109,0,0,0,0,0,0,3339063511,NaN,-11.9669215317426,0,7.293575741890281,-0.9940931568327235,0,0,0,0
2025-04-18T03:00:00+07:00,0.001109,0.001126,0.001107,0.001119,0,0,0,0,0,0,1037706414,NaN,-11.250890549427117,0,12.761963420736366,4.862710612885118,0,0,0,0
2025-04-18T07:00:00+07:00,0.001119,0.001139,0.00111,0.001136,0,0,0,0,0,0,1744354439,NaN,-10.125830022593776,0,21.176584995262463,11.612418076396237,0,0,0,0
2025-04-18T11:00:00+07:00,0.001136,0.001217,0.001127,0.001194,0,0,0,0,0,0,8109925794,NaN,-7.313176851769818,0,31.72233167279581,19.816607838654377,0,0,0,0
2025-04-18T15:00:00+07:00,0.001194,0.001234,0.001184,0.001203,0,0,0,0,0,0,7878518129,NaN,-4.452650715484836,0,40.94553173903939,28.53094953036871,0,0,0,0
2025-04-18T19:00:00+07:00,0.001203,0.001229,0.00117,0.001175,0,0,0,0,0,0,4233576960,NaN,-2.50904719178644,0,40.09914110447106,34.303997393877445,0,0,0,0
2025-04-18T23:00:00+07:00,0.001174,0.001196,0.001168,0.001187,0,0,0,0,0,0,2213319803,NaN,-0.805979563725316,0,39.18401321799568,37.584964937722326,0,0,0,0
2025-04-19T03:00:00+07:00,0.001187,0.001225,0.001181,0.001222,0,0,0,0,0,0,2685170713,1.2768284999836013,NaN,0,40.75548248579083,39.628285584348305,0,0,0,0
2025-04-19T07:00:00+07:00,0.001221,0.001223,0.001196,0.00121,0,0,0,0,0,0,3192750888,3.2108645591418856,NaN,0,39.146180518559724,39.829912409195366,0,0,0,0
2025-04-19T11:00:00+07:00,0.00121,0.001217,0.001202,0.001209,0,0,0,0,0,0,1677934937,5.006755185503142,NaN,0,36.775680754985956,38.74644938980024,0,0,0,0
2025-04-19T15:00:00+07:00,0.001209,0.001217,0.001196,0.001216,0,0,0,0,0,0,2457834770,6.316239941370277,NaN,0,36.94936633589332,37.99887162964446,0,0,0,0
2025-04-19T19:00:00+07:00,0.001216,0.001222,0.001181,0.001212,0,0,0,0,0,0,4578178703,6.674977680896031,NaN,0,37.93115729308709,37.78854250645846,0,0,0,0
2025-04-19T23:00:00+07:00,0.001212,0.001229,0.001201,0.001214,0,0,0,0,0,0,2072953621,7.18575190675562,NaN,0,39.8759796898867,38.31001124386623,0,0,0,0
2025-04-20T03:00:00+07:00,0.001214,0.001243,0.001206,0.001227,0,0,0,0,0,0,2434055803,7.999204873009482,NaN,0,42.85045490174709,39.88160523828774,0,0,0,0
2025-04-20T07:00:00+07:00,0.001227,0.001249,0.001214,0.001239,0,0,0,0,0,0,1760685462,8.893946814039111,NaN,0,46.62476469107356,42.46435087027225,0,0,0,0
2025-04-20T11:00:00+07:00,0.001238,0.001303,0.001236,0.00126,0,0,0,0,0,0,6978435428,10.701637475091822,NaN,0,51.75499959797029,46.100569208816495,0,0,0,0
2025-04-20T15:00:00+07:00,0.001261,0.001289,0.001212,0.001226,0,0,0,0,0,0,9234506781,11.16035338905401,NaN,0,45.21971442739433,46.571316939696956,0,0,0,0
2025-04-20T19:00:00+07:00,0.001227,0.001253,0.001223,0.001246,0,0,0,0,0,0,2724871577,11.586303880590314,NaN,0,41.39356214970599,45.28077676906082,0,0,0,0
2025-04-20T23:00:00+07:00,0.001247,0.00128,0.001238,0.00127,0,0,0,0,0,0,2807242960,12.489395812421563,NaN,0,40.47015669018931,43.58126261459784,0,0,0,0
2025-04-21T03:00:00+07:00,0.00127,0.00128,0.001256,0.001269,0,0,0,0,0,0,1285145684,13.327981177693445,NaN,0,39.70257336754148,41.78457390002277,0,0,0,0
2025-04-21T07:00:00+07:00,0.001268,0.001295,0.001261,0.001273,0,0,0,0,0,0,2344665367,14.37251641671282,NaN,0,39.27791342588157,40.307811293129866,0,0,0,0
2025-04-21T11:00:00+07:00,0.001273,0.001302,0.001268,0.001289,0,0,0,0,0,0,1751509921,15.461854271337074,NaN,0,40.788181653147,40.166277173464685,0,0,0,0
2025-04-21T15:00:00+07:00,0.00129,0.001299,0.001274,0.001286,0,0,0,0,0,0,1475672203,16.47338227920246,NaN,0,41.68210641106566,40.61815349138889,0,0,0,0
2025-04-21T19:00:00+07:00,0.001285,0.001326,0.001282,0.001321,0,0,0,0,0,0,3102335442,17.85719333634276,NaN,0,46.82273904555843,42.76433773672002,0,0,0,0
2025-04-21T23:00:00+07:00,0.001321,0.00133,0.00127,0.001292,0,0,0,0,0,0,3135946852,18.434419696483545,NaN,0,43.26324338114201,43.30051793688776,0,0,0,0
2025-04-22T03:00:00+07:00,0.001292,0.001297,0.001256,0.001264,0,0,0,0,0,0,1376852596,18.195922321509705,NaN,0,35.11731977918005,40.88401226882812,0,0,0,0
2025-04-22T07:00:00+07:00,0.001263,0.001298,0.00124,0.00128,0,0,0,0,0,0,1956123106,17.161584198141526,NaN,0,30.575159006566764,37.2308259196775,0,0,0,0
2025-04-22T11:00:00+07:00,0.00128,0.001298,0.001248,0.001295,0,0,0,0,0,0,1908663856,16.20112736929965,NaN,0,29.60445458633311,33.93493960688768,0,0,0,0
2025-04-22T15:00:00+07:00,0.001296,0.001308,0.001275,0.001298,0,0,0,0,0,0,1591655401,15.592413463062663,NaN,0,29.835163108615657,31.521132923174207,0,0,0,0
2025-04-22T19:00:00+07:00,0.001298,0.001357,0.001297,0.001351,1,0,0,0,1,0,4329755427,16.11808801127112,NaN,0,34.73553026092509,31.873287019360067,1,0,1,0
2025-04-22T23:00:00+07:00,0.001351,0.001383,0.001338,0.001365,0,0,0,0,0,0,3168237288,17.032859792248537,NaN,0,40.70854240364752,34.784959371134526,0,0,0,0
2025-04-23T03:00:00+07:00,0.001364,0.00142,0.001359,0.001413,0,0,0,0,0,0,2982471127,18.374534554792326,NaN,0,48.83288185612207,40.03199669876934,0,0,0,0
2025-04-23T07:00:00+07:00,0.001414,0.00147,0.001408,0.001462,0,0,0,0,0,0,4664046099,20.120690152557046,NaN,0,57.43540728710996,46.92936098009643,0,0,0,0
2025-04-23T11:00:00+07:00,0.001462,0.001477,0.001443,0.001458,0,0,0,0,0,0,2985895125,21.802442561032407,NaN,0,63.707150169989404,54.06190937566488,0,0,0,0
2025-04-23T15:00:00+07:00,0.001459,0.001509,0.001443,0.001483,0,0,0,0,0,0,3016858529,23.62015992605364,NaN,0,68.75694353207336,60.61958975450307,0,0,0,0
2025-04-23T19:00:00+07:00,0.001483,0.001542,0.001441,0.001474,0,0,0,0,0,0,6671247633,25.531510422098492,NaN,0,67.84502587966115,64.60520336446062,0,0,0,0
2025-04-23T23:00:00+07:00,0.001475,0.001506,0.001435,0.001468,0,0,0,0,0,0,3441312016,27.03576522055127,NaN,0,63.85811258509957,65.45274697783009,0,0,0,0
2025-04-24T03:00:00+07:00,0.001469,0.001487,0.001454,0.001474,0,0,0,0,0,0,1385569008,28.432573247685987,NaN,0,60.38341572095539,64.14037625455299,0,0,0,0
2025-04-24T07:00:00+07:00,0.001473,0.001486,0.0014,0.001405,0,0,0,0,0,0,3126429993,27.474771567215818,NaN,0,48.35883229174612,58.623277159283106,0,0,0,0
2025-04-24T11:00:00+07:00,0.001404,0.001457,0.001375,0.001425,0,0,0,0,0,0,7216465698,25.745074523403886,NaN,0,40.384286921409725,51.47121746578397,0,0,0,0
2025-04-24T15:00:00+07:00,0.001425,0.001442,0.001405,0.001436,0,0,0,0,0,0,1990033054,24.138927268435665,NaN,0,35.799328291825994,44.68234866980117,0,0,0,0
2025-04-24T19:00:00+07:00,0.001436,0.001497,0.001427,0.00148,0,0,0,0,0,0,2805995803,23.552087341483983,NaN,0,35.44491012964936,39.91172032561517,0,0,0,0
2025-04-24T23:00:00+07:00,0.001481,0.001512,0.001447,0.001468,0,0,0,0,0,0,2103313104,23.215162378206678,NaN,0,34.15693133957184,36.60597921510001,0,0,0,0
2025-04-25T03:00:00+07:00,0.001469,0.001497,0.001454,0.001494,0,0,0,0,0,0,985673126,22.90230348373489,NaN,0,34.72259872436302,35.23722619160748,0,0,0,0
2025-04-25T07:00:00+07:00,0.001494,0.001525,0.001467,0.00149,0,0,0,0,0,0,2006239930,22.99861131306328,NaN,0,34.97106637368484,34.860377955714426,0,0,0,0
2025-04-25T11:00:00+07:00,0.001489,0.001587,0.001484,0.001582,0,0,0,0,0,0,2972409914,23.765702742589326,NaN,0,39.49461845072798,36.35226178201742,0,0,0,0
2025-04-25T15:00:00+07:00,0.001582,0.001614,0.001535,0.001566,0,0,0,0,0,0,8866741379,24.715572415820745,NaN,0,39.41071346822252,37.56982460355846,0,0,0,0
2025-04-25T19:00:00+07:00,0.001566,0.001609,0.001534,0.001567,0,0,0,0,0,0,3806479563,25.56049594123796,NaN,0,38.79479472337603,38.31769428757912,0,0,0,0
2025-04-25T23:00:00+07:00,0.001568,0.001575,0.001534,0.001562,0,0,0,0,0,0,1857513628,26.34506778626823,NaN,0,37.44250016785029,38.305608227504266,0,0,0,0
2025-04-26T03:00:00+07:00,0.001562,0.001617,0.001559,0.001607,1,0,0,0,1,0,2097393029,27.444491292135517,NaN,0,39.719342063706726,38.87114270314906,1,0,1,0
2025-04-26T07:00:00+07:00,0.001608,0.001739,0.001597,0.001696,0,0,0,0,0,0,7137818413,29.170934602702623,NaN,0,44.773718812321974,40.80491771566415,0,0,0,0
2025-04-26T11:00:00+07:00,0.001696,0.001726,0.001653,0.001699,0,0,0,0,0,0,2845084117,30.774060533943505,NaN,0,49.440562455056885,43.94236725165127,0,0,0,0
2025-04-26T15:00:00+07:00,0.001699,0.001716,0.001626,0.001627,0,0,0,0,0,0,3856943953,31.369237156376826,NaN,0,43.28780477302563,44.36024096117236,0,0,0,0
2025-04-26T19:00:00+07:00,0.001628,0.001664,0.001539,0.001658,0,0,0,0,0,0,8882254666,29.609457241938387,NaN,0,41.51549412865828,43.887810452594344,0,0,0,0
2025-04-26T23:00:00+07:00,0.001658,0.001669,0.001635,0.001648,0,0,0,0,0,0,1694723399,28.034195942521514,NaN,0,39.36531262555396,42.42711984559437,0,0,0,0
2025-04-27T03:00:00+07:00,0.001647,0.001677,0.001638,0.001671,0,0,0,0,0,0,998294678,26.66954345248579,NaN,0,38.31645281830528,40.64041126538835,0,0,0,0
2025-04-27T07:00:00+07:00,0.001672,0.001675,0.001572,0.001601,0,0,0,0,0,0,3127590714,23.93688666933261,NaN,0,31.150260693444753,36.8954563764966,0,0,0,0
2025-04-27T11:00:00+07:00,0.001602,0.001613,0.001552,0.001568,0,0,0,0,0,0,1438591593,21.013719459682967,NaN,0,22.185520746716723,31.381608289469643,0,0,0,0
2025-04-27T15:00:00+07:00,0.001567,0.001582,0.001543,0.001547,0,0,0,0,0,0,1590249700,18.125347983408894,NaN,0,12.48710957266925,24.04177541284746,0,0,0,0
2025-04-27T19:00:00+07:00,0.001548,0.001557,0.001502,0.001508,0,0,0,0,0,0,4349477729,15.397916144031754,NaN,0,0.32666354395750324,14.583686163720632,0,0,0,0
2025-04-27T23:00:00+07:00,0.001507,0.00154,0.001484,0.001524,0,0,0,1,0,0,2368723826,13.170727527417952,NaN,0,-7.7780145407546994,5.026614158462832,0,0,0,0
2025-04-28T03:00:00+07:00,0.001524,0.001536,0.001505,0.001507,0,0,0,0,0,0,1339699209,11.102623811990853,NaN,0,-15.55332366291734,-4.049263063578517,0,0,0,0
2025-04-28T07:00:00+07:00,0.001507,0.001552,0.001456,0.001545,0,0,0,0,0,0,2687908870,9.988620778248702,NaN,0,-16.10197973621984,-10.194453352963228,0,0,0,0
2025-04-28T11:00:00+07:00,0.001545,0.001634,0.001545,0.001614,0,0,0,0,0,0,4086298881,7.600574686855602,NaN,0,-9.64223099317645,-11.633894029137702,0,0,0,0
2025-04-28T15:00:00+07:00,0.001614,0.001618,0.001563,0.001607,0,0,0,0,0,0,2618535043,5.383103316276294,NaN,0,-2.9031878800916204,-9.351697629894186,0,0,0,0
2025-04-28T19:00:00+07:00,0.001607,0.001608,0.001499,0.001519,0,0,0,0,0,0,3084644284,4.132988167881297,NaN,0,-1.777953192557755,-6.479099573202775,0,0,0,0
2025-04-28T23:00:00+07:00,0.001519,0.001587,0.001507,0.001583,0,0,1,0,0,0,2643065656,2.9721669586573753,NaN,0,3.527006773145946,-2.2381856178232598,0,0,0,0
2025-04-29T03:00:00+07:00,0.001583,0.001609,0.001568,0.001583,0,0,0,0,0,0,1132850847,1.4617969804233617,NaN,0,7.386317978977159,2.017143377095775,0,0,0,0
2025-04-29T07:00:00+07:00,0.001583,0.001602,0.001569,0.00159,0,0,0,0,0,0,1248956159,0.059310572063211,NaN,0,10.659655202806047,5.797698265611305,0,0,0,0
2025-04-29T11:00:00+07:00,0.001591,0.001592,0.001551,0.001587,0,0,0,0,0,0,1258490190,NaN,-0.920685249799142,0,12.980932308562165,8.998553109646709,0,0,0,0
2025-04-29T15:00:00+07:00,0.001588,0.001595,0.001536,0.001553,0,0,0,0,0,0,1700731825,NaN,-1.566899532687085,0,10.219917798970641,10.220128437908018,0,0,0,0
2025-04-29T19:00:00+07:00,0.001553,0.00157,0.001526,0.001555,0,0,0,0,0,0,1599577593,NaN,-1.9907319358940256,0,8.408725838324827,10.03811504651883,0,0,0,0
2025-04-29T23:00:00+07:00,0.001556,0.00158,0.001538,0.001551,0,0,0,0,0,0,1339467802,NaN,-2.6387736277579243,0,6.18480457833482,8.789346630787714,0,0,0,0
2025-04-30T03:00:00+07:00,0.001552,0.001557,0.001472,0.001499,0,0,0,1,0,0,1526042999,NaN,-2.1505705560882795,0,-0.5921008873380984,5.361710619875115,0,0,0,0
2025-04-30T07:00:00+07:00,0.001499,0.001524,0.00148,0.001502,0,0,0,0,0,0,1370963126,NaN,-1.6972391323950369,0,-6.250374371358766,0.7981005202985687,0,0,0,0
2025-04-30T11:00:00+07:00,0.001502,0.001521,0.001487,0.001501,0,0,0,0,0,0,957954758,NaN,-1.2762885246798845,0,-11.249508698630848,-4.149800576373942,0,0,0,0
2025-04-30T15:00:00+07:00,0.001501,0.001556,0.001497,0.001555,0,0,0,0,0,0,1215386977,NaN,-1.8552370299628187,0,-7.070157625443867,-6.273289548810694,0,0,0,0
2025-04-30T19:00:00+07:00,0.001554,0.00156,0.001466,0.001516,0,0,0,0,0,0,3063569296,NaN,-1.8436906034510443,0,-7.29033878844566,-7.438246677996797,0,0,0,0
2025-04-30T23:00:00+07:00,0.001516,0.001544,0.001497,0.001523,0,0,0,0,0,0,1295335905,NaN,-1.8329689216901102,0,-5.9043344746143,-7.242859478120414,0,0,0,0
2025-05-01T03:00:00+07:00,0.001524,0.001593,0.001522,0.001586,0,0,1,0,0,0,3532382725,NaN,-3.0835273667027714,0,3.7181831135074908,-3.485817509718354,0,0,0,0
2025-05-01T07:00:00+07:00,0.001587,0.001627,0.001565,0.001567,0,0,0,0,0,0,1823493290,NaN,-4.324078671379759,0,8.316603059901468,1.1394606084906145,0,0,0,0
2025-05-01T11:00:00+07:00,0.001568,0.001594,0.001558,0.001586,0,0,0,0,0,0,1338654371,NaN,-5.632630013056907,0,13.605462199124247,6.223284322538354,0,0,0,0
2025-05-01T15:00:00+07:00,0.001585,0.001631,0.001574,0.001614,0,0,0,0,0,0,1773424642,NaN,-6.103907267956615,0,20.198378322021302,12.126372089247239,0,0,0,0
2025-05-01T19:00:00+07:00,0.001614,0.001624,0.001569,0.001587,0,0,0,0,0,0,2235396101,NaN,-6.66462556577191,0,19.15046520042964,15.84757434139444,0,0,0,0
2025-05-01T23:00:00+07:00,0.001588,0.001622,0.001572,0.001587,0,0,0,0,0,0,1536105910,NaN,-7.185292556600402,0,17.07092576236905,17.205276802518515,0,0,0,0
2025-05-02T03:00:00+07:00,0.001587,0.001594,0.001556,0.001576,0,0,0,0,0,0,1051372679,NaN,-8.094507122164927,0,12.603346647440626,16.183603382075674,0,0,0,0
2025-05-02T07:00:00+07:00,0.001576,0.001622,0.001562,0.001599,0,0,0,0,0,0,1473228136,NaN,-8.315982846975892,0,11.418288240076308,14.48112758667545,0,0,0,0
2025-05-02T11:00:00+07:00,0.001599,0.001604,0.001539,0.001542,0,0,0,0,0,0,1683741651,NaN,-9.13257676794286,0,4.100571132161991,10.485224352573654,0,0,0,0
2025-05-02T15:00:00+07:00,0.001542,0.001579,0.00154,0.001562,0,0,0,1,0,0,954878836,NaN,-9.8908425516979,0,-0.38270715942004124,6.068082167268466,0,0,0,0
2025-05-02T19:00:00+07:00,0.001561,0.001616,0.001548,0.001581,0,0,0,0,0,0,2793657008,NaN,-9.762679526755353,0,-0.7161706355931362,2.8419969805622243,0,0,0,0
2025-05-02T23:00:00+07:00,0.001582,0.001614,0.001555,0.001563,0,0,0,0,0,0,1654943611,NaN,-9.643671003594415,0,-3.419634469135495,-0.09943639079399015,0,0,0,0
2025-05-03T03:00:00+07:00,0.001562,0.001606,0.001555,0.001606,0,0,1,0,0,0,1379973822,NaN,-9.533163089230687,0,0.0452597521413597,-0.8177062806195121,0,0,0,0
2025-05-03T07:00:00+07:00,0.001606,0.001607,0.001559,0.001587,0,0,0,0,0,0,981382557,NaN,-9.406011255614569,0,2.029662493297436,-0.11630669086401207,0,0,0,0
2025-05-03T11:00:00+07:00,0.001588,0.001591,0.00153,0.001534,0,0,0,1,0,0,1234960249,NaN,-10.245561303841274,0,-0.9472932074888227,-0.2691650921129612,0,0,0,0
2025-05-03T15:00:00+07:00,0.001534,0.001535,0.001483,0.001487,0,0,0,0,0,0,1819665778,NaN,-10.33975708018776,0,-7.539007830985789,-2.5816226313229804,0,0,0,0
2025-05-03T19:00:00+07:00,0.001487,0.001515,0.001487,0.0015,0,0,0,0,0,0,1374196569,NaN,-10.42722458679521,0,-12.07152387834979,-5.95006303996149,0,0,0,0
2025-05-03T23:00:00+07:00,0.0015,0.001501,0.001425,0.001451,0,0,0,0,0,0,2743856030,NaN,-9.253947314974678,0,-19.747057077566858,-11.300221887724737,0,0,0,0
2025-05-04T03:00:00+07:00,0.001451,0.001453,0.001427,0.001427,0,0,0,0,0,0,815768391,NaN,-8.164475562569898,0,-27.67278752744397,-17.9728030967998,0,0,0,0
2025-05-04T07:00:00+07:00,0.001427,0.001442,0.001405,0.001413,0,0,0,0,0,0,1653453115,NaN,-6.773017139945644,0,-35.74062448874709,-25.354499958259815,0,0,0,0
2025-05-04T11:00:00+07:00,0.001413,0.001424,0.001388,0.001404,0,0,0,0,0,0,2229310076,NaN,-5.20682122505567,0,-42.41551333672396,-32.641604350294905,0,0,0,0
2025-05-04T15:00:00+07:00,0.001403,0.001408,0.001376,0.001402,0,0,0,0,0,0,1746593562,NaN,-3.5652460518981215,0,-46.131186358251725,-38.84216604912337,0,0,0,0
2025-05-04T19:00:00+07:00,0.001401,0.001418,0.001386,0.0014,0,0,0,0,0,0,1163898849,NaN,-2.4266676865584778,0,-48.57389556952161,-43.58631998638166,0,0,0,0
2025-05-04T23:00:00+07:00,0.001399,0.001407,0.001373,0.001381,0,0,0,0,0,0,1431804048,NaN,-1.1444535023291422,0,-52.08772373933956,-47.57996074744896,0,0,0,0
2025-05-05T03:00:00+07:00,0.001381,0.001398,0.001374,0.001391,0,0,0,0,0,0,852470297,0.04617395445524153,NaN,0,-51.46537162062902,-49.738488388153044,0,0,0,0
2025-05-05T07:00:00+07:00,0.00139,0.00141,0.001367,0.001399,0,0,0,0,0,0,1598577873,0.6389583520683075,NaN,0,-46.79715481664108,-49.29262728540234,0,0,0,0
2025-05-05T11:00:00+07:00,0.001399,0.001421,0.001398,0.001413,0,0,0,0,0,0,1103495730,0.7321024834123762,NaN,0,-38.4918275357736,-45.78621432370134,0,0,0,0
2025-05-05T15:00:00+07:00,0.001413,0.001418,0.001365,0.001372,0,0,0,0,0,0,1497153063,1.5193463250115116,NaN,0,-35.83866488153429,-41.90470439875245,0,0,0,0
2025-05-05T19:00:00+07:00,0.001372,0.00138,0.00134,0.001352,0,0,0,0,0,0,2163266931,2.696425643290766,NaN,0,-36.66956101716791,-39.14917523154724,0,0,0,0
2025-05-05T23:00:00+07:00,0.001351,0.001398,0.00135,0.001369,0,0,0,0,0,0,1307163411,3.0630314967347196,NaN,0,-35.06387650698614,-36.8862954090929,0,0,0,0
2025-05-06T03:00:00+07:00,0.001369,0.001389,0.001342,0.001371,0,0,0,0,0,0,1050727894,3.5613904830627803,NaN,0,-33.34273191360523,-35.143133729754446,0,0,0,0
2025-05-06T07:00:00+07:00,0.00137,0.001403,0.001362,0.001396,0,0,0,0,0,0,2705092700,3.460705553592586,NaN,0,-24.807687807648563,-31.451918875299484,0,0,0,0
2025-05-06T11:00:00+07:00,0.001396,0.001405,0.001376,0.00139,0,0,0,0,0,0,1284912528,3.286318832418349,NaN,0,-18.596031379889034,-26.602427860133016,0,0,0,0
2025-05-06T15:00:00+07:00,0.00139,0.00139,0.001314,0.001328,0,0,0,0,0,0,2743738994,4.335543150158355,NaN,0,-19.70091202180084,-23.270739292380178,0,0,0,0
2025-05-06T19:00:00+07:00,0.001328,0.001363,0.001311,0.001336,0,0,0,0,0,0,2441602741,5.357895855486603,NaN,0,-18.989705356340092,-20.83322510249822,0,0,0,0
2025-05-06T23:00:00+07:00,0.001336,0.00137,0.00132,0.001349,0,0,0,0,0,0,1942540027,6.011688212389682,NaN,0,-15.65257612099756,-18.354945910878488,0,0,0,0
2025-05-07T03:00:00+07:00,0.00135,0.001363,0.001302,0.001358,0,0,0,0,0,0,5405255099,6.937946482751535,NaN,0,-9.328986815613188,-14.948147336971145,0,0,0,0
2025-05-07T07:00:00+07:00,0.001358,0.001394,0.001353,0.001369,0,0,0,0,0,0,1777037189,6.558818156586664,NaN,0,-2.7331247386899484,-10.374641470225079,0,0,0,0
2025-05-07T11:00:00+07:00,0.001369,0.001397,0.001362,0.001393,0,0,1,0,0,0,1870676740,6.094591408219387,NaN,0,6.185676705836785,-3.8857288980500426,0,0,0,0
2025-05-07T15:00:00+07:00,0.001393,0.001406,0.001381,0.001396,0,0,0,0,0,0,1230399535,5.31938345328453,NaN,0,14.742736746353893,3.729764439121522,0,0,0,0
2025-05-07T19:00:00+07:00,0.001397,0.001399,0.001347,0.00135,0,0,0,0,0,0,2624923310,5.371483527057741,NaN,0,13.783648983370446,8.776732381785672,0,0,0,0
2025-05-07T23:00:00+07:00,0.001349,0.001375,0.001327,0.001348,0,0,0,0,0,0,2638228751,5.809192997658485,NaN,0,10.875087666710408,10.891764878605276,0,0,0,0
2025-05-08T03:00:00+07:00,0.001347,0.001399,0.001337,0.001391,0,0,0,0,0,0,1295901533,5.311925860217837,NaN,0,11.31021296545288,11.804900842850797,0,0,0,0
2025-05-08T07:00:00+07:00,0.001392,0.001446,0.001386,0.00144,1,0,0,0,1,0,2068358869,3.4036866268839887,NaN,0,15.191898625008447,13.07570951333865,1,0,1,0
2025-05-08T11:00:00+07:00,0.00144,0.00147,0.001435,0.001458,0,0,0,0,0,0,2046807026,1.7284423121951349,NaN,0,20.477915884131455,15.508109142256066,0,0,0,0
2025-05-08T15:00:00+07:00,0.001459,0.001505,0.001459,0.001494,0,0,0,0,0,0,2050934243,0.9516329865304307,NaN,0,27.22866529678612,19.80841329953986,0,0,0,0
2025-05-08T19:00:00+07:00,0.001495,0.001572,0.001487,0.001558,0,0,0,0,0,0,3032305856,1.3798021817778725,NaN,0,35.84419215434518,26.084225321782302,0,0,0,0
2025-05-08T23:00:00+07:00,0.001558,0.001607,0.001555,0.001601,0,0,0,0,0,0,3733562782,2.2495816804656386,NaN,0,45.71345795348767,33.98518564456325,0,0,0,0
2025-05-09T03:00:00+07:00,0.001601,0.00167,0.001597,0.001638,0,0,0,0,0,0,3866720538,3.752693695739058,NaN,0,54.369758390701456,42.478029780546485,0,0,0,0
2025-05-09T07:00:00+07:00,0.001637,0.001764,0.001635,0.001724,0,0,0,0,0,0,6419494930,5.897997012617001,NaN,0,61.59768904098815,50.76832681557907,0,0,0,0
2025-05-09T11:00:00+07:00,0.001725,0.001892,0.001723,0.001827,0,0,0,0,0,0,9932664895,8.565234035434308,NaN,0,67.50537973018766,58.28653586988772,0,0,0,0
2025-05-09T15:00:00+07:00,0.001827,0.001989,0.001805,0.001909,0,0,0,0,0,0,15627907971,11.399637603857187,NaN,0,72.34996971210474,64.73449395594196,0,0,0,0
2025-05-09T19:00:00+07:00,0.001909,0.002095,0.001868,0.002001,0,0,0,0,0,0,19454829254,14.330660853047142,NaN,0,76.25548702933615,70.05057264388937,0,0,0,0
2025-05-09T23:00:00+07:00,0.002001,0.002045,0.001881,0.001942,0,0,0,0,0,0,12321535293,17.052325298723524,NaN,0,73.7918964580333,72.5093192030126,0,0,0,0
2025-05-10T03:00:00+07:00,0.001943,0.002075,0.001938,0.002054,0,0,0,0,0,0,6333739960,19.65834277156838,NaN,0,72.44156935221865,73.22314752237547,0,0,0,0
2025-05-10T07:00:00+07:00,0.002054,0.002366,0.002008,0.002067,0,0,0,0,0,0,15443601561,22.59629652801518,NaN,0,70.15664261746488,72.45240824273839,0,0,0,0
2025-05-10T11:00:00+07:00,0.002068,0.002232,0.002021,0.002207,0,0,0,0,0,0,7605814640,25.32439644471578,NaN,0,69.28585524183835,71.21465564540735,0,0,0,0
2025-05-10T15:00:00+07:00,0.002207,0.002244,0.002052,0.002062,0,0,0,0,0,0,8322106458,27.87377552851742,NaN,0,61.654048091609965,67.63724162935122,0,0,0,0
2025-05-10T19:00:00+07:00,0.002063,0.002091,0.002002,0.002011,0,0,0,0,0,0,5000181052,29.355985594633097,NaN,0,52.14623163640913,61.863984724076595,0,0,0,0
2025-05-10T23:00:00+07:00,0.002012,0.002094,0.001986,0.002081,0,0,0,0,0,0,4128172295,30.454020673768802,NaN,0,46.305283870314895,55.58678955154549,0,0,0,0
2025-05-11T03:00:00+07:00,0.002082,0.002211,0.002063,0.0022,0,0,0,0,0,0,3969571258,31.798351334409723,NaN,0,43.733562362403894,50.194772908504305,0,0,0,0
2025-05-11T07:00:00+07:00,0.0022,0.002216,0.002087,0.002154,0,0,0,0,0,0,7330576390,33.05927149360021,NaN,0,39.90463187693539,45.287984787311025,0,0,0,0
2025-05-11T11:00:00+07:00,0.002154,0.002173,0.002028,0.002041,0,0,0,0,0,0,4233910443,33.230399327144,NaN,0,33.60900606225427,40.24140295221756,0,0,0,0
2025-05-11T15:00:00+07:00,0.002041,0.002178,0.00201,0.002169,0,0,0,0,0,0,3776176391,33.09495227318406,NaN,0,31.171056748396484,36.251840814461886,0,0,0,0
2025-05-11T19:00:00+07:00,0.002169,0.002244,0.002116,0.002232,0,0,0,0,0,0,9166638722,33.256364123133,NaN,0,32.616010704323976,34.142274987882885,0,0,0,0
2025-05-11T23:00:00+07:00,0.002232,0.002319,0.002136,0.002178,0,0,0,0,0,0,11368751666,33.69302167952961,NaN,0,30.561525096037418,32.26049883627442,0,0,0,0
2025-05-12T03:00:00+07:00,0.002178,0.002249,0.002151,0.002178,0,0,0,0,0,0,3786576103,34.09848941046933,NaN,0,27.925638002194578,30.378229471142784,0,0,0,0
2025-05-12T07:00:00+07:00,0.002177,0.002559,0.002163,0.002551,0,0,0,0,0,0,14043722585,35.30672391144448,NaN,0,30.422178958585135,30.12674001645738,0,0,0,0
2025-05-12T11:00:00+07:00,0.002551,0.002769,0.002454,0.002604,0,0,0,0,0,0,27667477268,36.75849280380865,NaN,0,34.06837516466304,31.303104437375886,0,0,0,0
2025-05-12T15:00:00+07:00,0.002605,0.00268,0.002481,0.002486,0,0,0,0,0,0,9699966040,38.10656391814682,NaN,0,32.53981416296098,31.77679396330927,0,0,0,0
2025-05-12T19:00:00+07:00,0.002485,0.002535,0.002324,0.002343,0,0,0,0,0,0,11382682505,37.51274081484838,NaN,0,26.15345832500452,30.126777979348034,0,0,0,0
2025-05-12T23:00:00+07:00,0.002343,0.002388,0.002179,0.002265,0,0,0,0,0,0,8247032697,35.584190636309096,NaN,0,18.598275474008776,26.25223882979041,0,0,0,0
2025-05-13T03:00:00+07:00,0.002265,0.002344,0.002245,0.002316,0,0,0,0,0,0,3119726443,33.79339404195119,NaN,0,13.23075071455777,21.210348928961498,0,0,0,0
2025-05-13T07:00:00+07:00,0.002316,0.002328,0.002115,0.002122,0,0,0,0,0,0,8666297680,31.02066307067762,NaN,0,3.7773016640251558,14.163404560890216,0,0,0,0
2025-05-13T11:00:00+07:00,0.002123,0.002314,0.002115,0.0023,0,1,0,1,0,1,6249601863,28.445984311637886,NaN,0,-0.28579647943855896,7.781499045040214,0,1,0,1
2025-05-13T15:00:00+07:00,0.0023,0.00253,0.002281,0.002485,0,0,1,0,0,0,11462629043,27.089614576619844,NaN,0,1.3889834189007995,4.14622753812997,0,0,0,0
2025-05-13T19:00:00+07:00,0.002485,0.002562,0.00239,0.002544,0,0,0,0,0,0,9599669090,25.96150328098569,NaN,0,6.346444732243563,3.814408129407561,0,0,0,0
2025-05-13T23:00:00+07:00,0.002545,0.003142,0.002528,0.00309,0,0,0,0,0,0,44496617985,26.524303305891173,NaN,0,15.100252560952615,7.217313379705851,0,0,0,0
2025-05-14T03:00:00+07:00,0.003089,0.003236,0.002969,0.003023,0,0,0,0,0,0,14650815851,27.21793323279924,NaN,0,20.81478122678049,12.400428062187109,0,0,0,0
2025-05-14T07:00:00+07:00,0.003024,0.003081,0.002926,0.003026,0,0,0,0,0,0,11101217830,27.54115658588112,NaN,0,25.458111611242465,17.99548756863867,0,0,0,0
2025-05-14T11:00:00+07:00,0.003025,0.003166,0.002969,0.00305,0,0,0,0,0,0,13234997547,28.0142846731872,NaN,0,29.33454620058262,23.166431398824884,0,0,0,0
2025-05-14T15:00:00+07:00,0.003049,0.003113,0.002818,0.002911,0,0,0,0,0,0,15324475307,27.353678391731798,NaN,0,26.66340080524319,25.58395591178583,0,0,0,0
2025-05-14T19:00:00+07:00,0.002909,0.002918,0.002708,0.002736,0,0,0,0,0,0,8824183552,26.01581416376562,NaN,0,19.679484192706948,24.31904448236805,0,0,0,0
2025-05-14T23:00:00+07:00,0.002736,0.002782,0.00266,0.002711,0,0,0,0,0,0,5335636061,24.467243824633158,NaN,0,12.461958253667888,20.343008964486966,0,0,0,0
2025-05-15T03:00:00+07:00,0.002711,0.002721,0.002623,0.002671,0,0,0,0,0,0,2986336701,22.789587190635146,NaN,0,5.716392808459253,14.67530649641051,0,0,0,0
2025-05-15T07:00:00+07:00,0.002671,0.002812,0.002663,0.002736,0,0,0,0,0,0,6610343609,21.571744125872705,NaN,0,2.1959443065911906,9.150235781230247,0,0,0,0
2025-05-15T11:00:00+07:00,0.002737,0.002815,0.002612,0.002617,0,0,0,1,0,0,7423210642,20.091998039587637,NaN,0,-4.1131214492668935,3.3313832736967184,0,0,0,0
2025-05-15T15:00:00+07:00,0.002616,0.002818,0.002616,0.002697,0,0,0,0,0,0,8415620429,18.730452772890146,NaN,0,-6.972054324338503,-1.3886787085600079,0,0,0,0
2025-05-15T19:00:00+07:00,0.002697,0.002784,0.002429,0.002643,0,0,0,0,0,0,12719193153,16.23454032099054,NaN,0,-9.542953785839032,-5.188937943513881,0,0,0,0
2025-05-15T23:00:00+07:00,0.002643,0.002668,0.002471,0.002495,0,0,0,0,0,0,5821007680,13.916907329940905,NaN,0,-14.182506957865764,-9.068720766509536,0,0,0,0
2025-05-16T03:00:00+07:00,0.002494,0.002521,0.002294,0.002369,0,0,0,0,0,0,5287832792,11.524082052092638,NaN,0,-20.01504404162365,-13.566089299669487,0,0,0,0
2025-05-16T07:00:00+07:00,0.002369,0.002448,0.002346,0.002407,0,0,0,0,0,0,4623560585,9.302172865519246,NaN,0,-23.31989968327654,-17.68434382349941,0,0,0,0
2025-05-16T11:00:00+07:00,0.002407,0.002434,0.002333,0.002365,0,0,0,0,0,0,3771934625,7.313287356049983,NaN,0,-26.573876766958044,-21.60680549295586,0,0,0,0
2025-05-16T15:00:00+07:00,0.002365,0.002406,0.002293,0.002357,0,0,0,0,0,0,4371800505,5.701445011444932,NaN,0,-28.93674159201128,-25.010100607922087,0,0,0,0
2025-05-16T19:00:00+07:00,0.002358,0.002432,0.002317,0.002374,0,0,0,0,0,0,5306798081,4.01638938701489,NaN,0,-29.752801917411713,-27.39249664427697,0,0,0,0
2025-05-16T23:00:00+07:00,0.002374,0.002385,0.002264,0.002294,0,0,0,0,0,0,4022181717,2.784116607621595,NaN,0,-32.8462429791641,-29.768020037246256,0,0,0,0
2025-05-17T03:00:00+07:00,0.002293,0.002299,0.002168,0.002191,0,0,0,0,0,0,3613586068,2.2009768425857175,NaN,0,-36.471518929655566,-32.49655548454333,0,0,0,0
2025-05-17T07:00:00+07:00,0.002191,0.002203,0.002067,0.00212,0,0,0,0,0,0,4061963244,2.1855712318503535,NaN,0,-41.24895034660405,-35.94079345439797,0,0,0,0
2025-05-17T11:00:00+07:00,0.00212,0.002172,0.002056,0.002075,0,0,0,0,0,0,3579612804,2.2267195982773202,NaN,0,-47.010414643808225,-40.32718128467759,0,0,0,0
2025-05-17T15:00:00+07:00,0.002074,0.002147,0.002036,0.002121,0,0,0,0,0,0,3454275200,2.3701637774047697,NaN,0,-46.86553369151598,-43.460363927406675,0,0,0,0
2025-05-17T19:00:00+07:00,0.002121,0.002177,0.00206,0.002125,0,0,0,0,0,0,5005486538,2.208939596709925,NaN,0,-44.890217307935835,-44.79425899066876,0,0,0,0
2025-05-17T23:00:00+07:00,0.002124,0.002147,0.00206,0.002088,0,0,0,0,0,0,3798297099,2.059231428921855,NaN,0,-45.127179805732,-45.404209931278125,0,0,0,0
2025-05-18T03:00:00+07:00,0.002088,0.002132,0.002058,0.002089,0,0,0,0,0,0,2568794930,1.9333751768210838,NaN,0,-44.95872473828352,-45.38096512433288,0,0,0,0
2025-05-18T07:00:00+07:00,0.00209,0.002129,0.002076,0.002094,0,0,0,0,0,0,2167492298,1.8165086570132267,NaN,0,-44.61659217080665,-44.99635783545007,0,0,0,0
2025-05-18T11:00:00+07:00,0.002094,0.002281,0.002091,0.002259,0,0,0,0,0,0,6670662422,0.11322925626424052,NaN,0,-30.423712501419597,-40.040378821638335,0,0,0,0
2025-05-18T15:00:00+07:00,0.00226,0.002367,0.002242,0.002259,0,0,0,0,0,0,9361217771,NaN,-1.1724101622416931,0,-19.999654873737057,-32.70583534460551,0,0,0,0
2025-05-18T19:00:00+07:00,0.002259,0.002412,0.002225,0.002399,0,0,0,0,0,0,7731032835,NaN,-2.019204589148181,0,-4.305855330918795,-21.79939618224652,0,0,0,0
2025-05-18T23:00:00+07:00,0.002399,0.002456,0.002184,0.002193,0,0,0,0,0,0,13396649939,NaN,-2.477299179235544,0,-1.1369963762010227,-12.558092333302486,0,0,0,0
2025-05-19T03:00:00+07:00,0.002192,0.002362,0.002136,0.002343,0,0,1,0,0,0,6564547627,NaN,-3.383779329068904,0,5.921553634034227,-3.88538703841887,0,0,0,0
2025-05-19T07:00:00+07:00,0.002344,0.002347,0.00214,0.002163,0,0,0,0,0,0,7005197074,NaN,-4.225510896771308,0,4.818367593594859,1.0503798559955655,0,0,0,0
2025-05-19T11:00:00+07:00,0.002164,0.002185,0.002011,0.002132,0,0,0,0,0,0,7332783781,NaN,-5.214416417916642,0,1.2658601896986543,2.4525056094436364,0,0,0,0
2025-05-19T15:00:00+07:00,0.002133,0.002134,0.002048,0.002079,0,0,0,1,0,0,4024567197,NaN,-6.1326858304087395,0,-5.13674639406407,0.30272816407508524,0,0,0,0
2025-05-19T19:00:00+07:00,0.002079,0.002164,0.002036,0.002139,0,0,0,0,0,0,6117873616,NaN,-7.287321587692279,0,-6.275192936835138,-2.1711387246741376,0,0,0,0
2025-05-19T23:00:00+07:00,0.002139,0.002229,0.002103,0.00217,0,0,0,0,0,0,5491025681,NaN,-8.12598298402742,0,-5.39546617343485,-4.00921692158099,0,0,0,0
2025-05-20T03:00:00+07:00,0.002169,0.00225,0.002143,0.002232,0,0,0,0,0,0,2866924996,NaN,-8.713016584799039,0,-0.969933428440446,-3.6176495496584353,0,0,0,0
2025-05-20T07:00:00+07:00,0.002233,0.002296,0.002182,0.002212,0,0,1,0,0,0,4584582941,NaN,-8.846478527040745,0,1.271508025382326,-2.09304829165927,0,0,0,0
2025-05-20T11:00:00+07:00,0.002213,0.002263,0.002155,0.00216,0,0,0,0,0,0,2976002611,NaN,-9.283836944430583,0,0.8497774122623548,-0.7094004270790066,0,0,0,0
2025-05-20T15:00:00+07:00,0.00216,0.00218,0.002101,0.002125,0,0,0,1,0,0,3122009385,NaN,-10.289612330715418,0,-1.6500767263370046,-0.5581388624536245,0,0,0,0
2025-05-20T19:00:00+07:00,0.002124,0.002137,0.002074,0.002119,0,0,0,0,0,0,3326558171,NaN,-11.170676106896824,0,-4.227612555873764,-1.5743969883737041,0,0,0,0
2025-05-20T23:00:00+07:00,0.002118,0.002207,0.002076,0.002193,0,0,0,0,0,0,3681275943,NaN,-11.60242506205525,0,-2.451760082519068,-2.076561197679625,0,0,0,0
2025-05-21T03:00:00+07:00,0.002193,0.002256,0.002174,0.002222,0,0,1,0,0,0,3908450437,NaN,-11.544839572321877,0,1.1310242388234966,-1.285675522932782,0,0,0,0
2025-05-21T07:00:00+07:00,0.002223,0.002261,0.002162,0.002234,0,0,0,0,0,0,3620439990,NaN,-11.638423153285899,0,5.537076463492966,0.9832598124744719,0,0,0,0
2025-05-21T11:00:00+07:00,0.002233,0.002326,0.002192,0.002205,0,0,0,0,0,0,6627409251,NaN,-11.128203978009937,0,5.43255399471088,2.9048677215389906,0,0,0,0
2025-05-21T15:00:00+07:00,0.002206,0.002252,0.00217,0.00224,0,0,0,0,0,0,2861599529,NaN,-10.94295459345708,0,7.459965869977715,5.030104207622594,0,0,0,0
2025-05-21T19:00:00+07:00,0.002239,0.002317,0.002221,0.002304,0,0,0,0,0,0,4752638063,NaN,-10.195881038622275,0,13.333532734788728,8.334024420253105,0,0,0,0
2025-05-21T23:00:00+07:00,0.002304,0.002485,0.002237,0.002352,0,0,0,0,0,0,16487342018,NaN,-8.361733732259506,0,19.591817925469503,12.671686841956687,0,0,0,0
2025-05-22T03:00:00+07:00,0.002351,0.002406,0.0023,0.002337,0,0,0,0,0,0,3605336105,NaN,-6.658596947779792,0,22.469371111624962,16.73781407993569,0,0,0,0
2025-05-22T07:00:00+07:00,0.002337,0.002564,0.002331,0.002478,0,0,0,0,0,0,10093664849,NaN,-4.280172409485399,0,28.77484078148433,21.776944897992344,0,0,0,0
2025-05-22T11:00:00+07:00,0.002479,0.002532,0.002401,0.002486,0,0,0,0,0,0,7053033818,NaN,-2.0716353382120367,0,34.766995650934376,27.25730822008079,0,0,0,0
2025-05-22T15:00:00+07:00,0.002486,0.002571,0.002457,0.002489,0,0,0,0,0,0,6717236612,0.15508143179096123,NaN,0,39.35599730549455,32.446870108292174,0,0,0,0
2025-05-22T19:00:00+07:00,0.002488,0.002561,0.002467,0.002521,0,0,0,0,0,0,4934077783,2.222747003936597,NaN,0,43.934842017358115,37.427882595744364,0,0,0,0
2025-05-22T23:00:00+07:00,0.002522,0.002546,0.002441,0.002458,0,0,0,0,0,0,3888997119,3.725692180247041,NaN,0,39.90804953316931,39.44376264900772,0,0,0,0
2025-05-23T03:00:00+07:00,0.00246,0.002625,0.00245,0.002614,0,0,0,0,0,0,5450746388,5.528883746213388,NaN,0,40.86466760550854,40.61593683161452,0,0,0,0
2025-05-23T07:00:00+07:00,0.002614,0.002809,0.00257,0.002743,0,0,0,0,0,0,8419255168,7.915766002433145,NaN,0,44.45925950874073,42.18031986036377,0,0,0,0
2025-05-23T11:00:00+07:00,0.002743,0.002761,0.002527,0.002562,0,0,0,0,0,0,7303596710,9.52651886331558,NaN,0,39.11220285296894,41.316199746668666,0,0,0,0
2025-05-23T15:00:00+07:00,0.002562,0.002653,0.002399,0.002423,0,0,0,0,0,0,8366013648,9.442953365918818,NaN,0,28.963456746041533,37.08541722749946,0,0,0,0
2025-05-23T19:00:00+07:00,0.002423,0.002524,0.002328,0.002447,0,0,0,0,0,0,10074846533,8.619500474569406,NaN,0,21.24009117983968,31.278271871017424,0,0,0,0
2025-05-23T23:00:00+07:00,0.002447,0.002468,0.002404,0.002415,0,0,0,0,0,0,4868247237,7.854865646887809,NaN,0,13.109549391062142,24.005476475164848,0,0,0,0
2025-05-24T03:00:00+07:00,0.002415,0.002417,0.002236,0.00226,0,0,0,0,0,0,3911653226,5.591987439758206,NaN,0,3.4278377613854083,15.355785083716444,0,0,0,0
2025-05-24T07:00:00+07:00,0.002259,0.002334,0.002243,0.002322,0,0,0,1,0,0,3646628309,3.4907433902807163,NaN,0,-2.4357404149497723,7.486995749980006,0,0,0,0
2025-05-24T11:00:00+07:00,0.002322,0.002357,0.002262,0.002278,0,0,0,0,0,0,3095434746,1.7324104956145128,NaN,0,-8.32105244130526,0.4262986253196525,0,0,0,0
2025-05-24T15:00:00+07:00,0.002279,0.002324,0.002247,0.002298,0,0,0,0,0,0,3614800644,NaN,-0.03999321555740565,0,-10.682464334107797,-4.935901851118426,0,0,0,0
2025-05-24T19:00:00+07:00,0.002298,0.002303,0.00224,0.002266,0,0,0,0,0,0,3085624414,NaN,-1.7540210935625922,0,-13.415844589654174,-9.081058711808797,0,0,0,0
2025-05-24T23:00:00+07:00,0.002265,0.002305,0.002224,0.002269,0,0,0,0,0,0,2946889265,NaN,-3.3206659083945844,0,-14.946234216775423,-11.967985849491834,0,0,0,0
2025-05-25T03:00:00+07:00,0.00227,0.002302,0.002248,0.00229,0,0,0,0,0,0,2210478524,NaN,-4.775407522167146,0,-14.510535382626594,-13.484741910581203,0,0,0,0
2025-05-25T07:00:00+07:00,0.002291,0.002325,0.002206,0.002316,0,0,0,0,0,0,4964094739,NaN,-5.6734324553170445,0,-9.795033806308163,-12.624677781719306,0,0,0,0
2025-05-25T11:00:00+07:00,0.002316,0.002316,0.00223,0.002253,0,0,0,0,0,0,2721441807,NaN,-6.507312750384802,0,-8.968932425789854,-11.390981101684448,0,0,0,0
2025-05-25T15:00:00+07:00,0.002253,0.002253,0.00216,0.002173,0,0,0,0,0,0,4048545522,NaN,-6.553067330438896,0,-12.439056857605879,-11.428228026142794,0,0,0,0
2025-05-25T19:00:00+07:00,0.002172,0.002225,0.002092,0.002137,0,0,0,0,0,0,4718835404,NaN,-5.98777693247742,0,-17.54771916410576,-13.233481568237654,0,0,0,0
2025-05-25T23:00:00+07:00,0.002137,0.002175,0.002098,0.002155,0,0,0,0,0,0,2560083965,NaN,-5.462864420084621,0,-20.361717189113357,-15.803302122179689,0,0,0,0
2025-05-26T03:00:00+07:00,0.002155,0.002308,0.002133,0.002282,0,0,0,0,0,0,3724472835,NaN,-6.692646805877551,0,-16.87590896800737,-16.82110781532061,0,0,0,0
2025-05-26T07:00:00+07:00,0.002282,0.00234,0.002267,0.002314,0,0,0,0,0,0,3049250887,NaN,-7.822678728745469,0,-11.172566499816002,-15.465741008284464,0,0,0,0
2025-05-26T11:00:00+07:00,0.002313,0.002397,0.002306,0.002397,0,0,0,0,0,0,2867448686,NaN,-8.29616950242282,0,-1.6683498023610923,-10.795393030494937,0,0,0,0
2025-05-26T15:00:00+07:00,0.002398,0.002404,0.002286,0.002296,0,0,1,0,0,0,2832577886,NaN,-8.975039124146615,0,1.3063046876869646,-5.851540693039044,0,0,0,0
2025-05-26T19:00:00+07:00,0.002296,0.002337,0.002239,0.002306,0,0,0,0,0,0,3671537060,NaN,-10.088717795853205,0,4.4572164675932635,-1.114319352400565,0,0,0,0
2025-05-26T23:00:00+07:00,0.002307,0.002327,0.00222,0.00224,0,0,0,0,0,0,3275837482,NaN,-10.90901438548526,0,1.9076817568812225,1.1184615075534583,0,0,0,0
2025-05-27T03:00:00+07:00,0.002241,0.002285,0.002223,0.002243,0,0,0,1,0,0,1588772832,NaN,-11.670718361572172,0,-1.8231850620720154,0.8553807128638294,0,0,0,0
2025-05-27T07:00:00+07:00,0.002242,0.002286,0.002164,0.002267,0,0,0,0,0,0,3131566682,NaN,-11.704053588902804,0,-2.387495076041455,-0.21909551566521182,0,0,0,0
2025-05-27T11:00:00+07:00,0.002266,0.002315,0.002234,0.002289,0,0,0,0,0,0,2364780166,NaN,-12.131433025943176,0,-0.6060546142164149,-0.6518152386738821,0,0,0,0
2025-05-27T15:00:00+07:00,0.00229,0.002326,0.002283,0.002315,0,0,1,0,0,0,2561314696,NaN,-12.679225342880486,0,4.399691303067625,0.711537630872353,0,0,0,0
2025-05-27T19:00:00+07:00,0.002315,0.002385,0.002274,0.002352,0,0,0,0,0,0,4311413356,NaN,-13.163264371627962,0,12.614872472168116,4.817119234420461,0,0,0,0
2025-05-27T23:00:00+07:00,0.002353,0.00239,0.002321,0.002326,0,0,0,0,0,0,2754076222,NaN,-13.550425399733728,0,15.731684022501074,9.247825307060427,0,0,0,0
2025-05-28T03:00:00+07:00,0.002326,0.002356,0.002273,0.002294,0,0,0,0,0,0,2238450358,NaN,-14.164126995371566,0,15.106593181808643,12.299843160498048,0,0,0,0
2025-05-28T07:00:00+07:00,0.002295,0.002334,0.002255,0.002285,0,0,0,0,0,0,2633825736,NaN,-14.498084642793437,0,12.178097276352096,13.209423161593474,0,0,0,0
2025-05-28T11:00:00+07:00,0.002285,0.002303,0.002248,0.002264,0,0,0,0,0,0,1707189273,NaN,-14.714087963703532,0,6.530621151577305,11.384234328392742,0,0,0,0
2025-05-28T15:00:00+07:00,0.002264,0.002305,0.002224,0.002299,0,0,0,0,0,0,2056285763,NaN,-14.588975593803942,0,5.446382637864319,9.055570667387032,0,0,0,0
2025-05-28T19:00:00+07:00,0.002299,0.002386,0.002222,0.002243,0,0,0,1,0,0,4478200866,NaN,-14.976761626633643,0,-1.1010883511231084,5.022315999005767,0,0,0,0
2025-05-28T23:00:00+07:00,0.002243,0.002324,0.002187,0.002199,0,0,0,0,0,0,3240719134,NaN,-15.55348637599017,0,-9.877313881034123,-0.8141623544375591,0,0,0,0
2025-05-29T03:00:00+07:00,0.002198,0.00231,0.002187,0.002299,0,0,0,0,0,0,2469013528,NaN,-16.08901650039266,0,-10.590667357769064,-5.222831395936347,0,0,0,0
2025-05-29T07:00:00+07:00,0.0023,0.002399,0.002277,0.002353,0,0,0,0,0,0,4418415619,NaN,-15.67794694340258,0,-6.7229660079508875,-6.824349011887664,0,0,0,0
2025-05-29T11:00:00+07:00,0.002354,0.002363,0.00227,0.002313,0,0,0,0,0,0,2722282536,NaN,-15.407762221713421,0,-5.4412977266055185,-7.115071390088646,0,0,0,0
2025-05-29T15:00:00+07:00,0.002314,0.002336,0.002293,0.002323,0,0,0,0,0,0,2312319652,NaN,-15.156876408716348,0,-2.8210071742978218,-5.80651822655574,0,0,0,0
2025-05-29T19:00:00+07:00,0.002322,0.002326,0.002223,0.002254,0,0,0,0,0,0,4449101774,NaN,-15.69420533426296,0,-5.985787924578077,-5.438230724904604,0,0,0,0
2025-05-29T23:00:00+07:00,0.002255,0.002275,0.002188,0.002195,0,0,0,0,0,0,4225214334,NaN,-15.715840484121122,0,-12.345873978224034,-7.449406971565859,0,0,0,0
2025-05-30T03:00:00+07:00,0.002195,0.00223,0.002146,0.002159,0,0,0,0,0,0,3307715264,NaN,-15.207969574675099,0,-20.169623001793695,-11.951485784720001,0,0,0,0
2025-05-30T07:00:00+07:00,0.00216,0.002177,0.001951,0.002044,0,0,0,0,0,0,8449466075,NaN,-13.011521840610472,0,-29.674307377178234,-18.725348923412803,0,0,0,0
2025-05-30T11:00:00+07:00,0.002045,0.002056,0.001971,0.001995,0,0,0,0,0,0,4723870696,NaN,-10.971963230407605,0,-39.212913862178695,-27.06321358040091,0,0,0,0
2025-05-30T15:00:00+07:00,0.001996,0.002015,0.001952,0.001998,0,0,0,0,0,0,3360490408,NaN,-8.943852731467718,0,-45.62383180565439,-35.11192377268886,0,0,0,0
2025-05-30T19:00:00+07:00,0.001998,0.002008,0.00195,0.001967,0,0,0,0,0,0,4134530938,NaN,-7.045923956737202,0,-51.498644580439056,-42.4763686311666,0,0,0,0
2025-05-30T23:00:00+07:00,0.001967,0.001971,0.001824,0.001908,0,0,0,0,0,0,8699630955,NaN,-4.484471038711543,0,-56.29477531830356,-48.82933902878485,0,0,0,0
2025-05-31T03:00:00+07:00,0.001907,0.001911,0.001748,0.001765,0,0,0,0,0,0,5164305075,NaN,-1.7351018159668783,0,-61.20015369601803,-54.4090920645406,0,0,0,0
2025-05-31T07:00:00+07:00,0.001766,0.001771,0.001666,0.001692,0,0,0,0,0,0,7404268868,1.1561837321681878,NaN,0,-65.95361818924239,-59.471610176781816,0,0,0,0
2025-05-31T11:00:00+07:00,0.001693,0.001782,0.001674,0.001772,0,0,0,0,0,0,4139021714,3.648937964181055,NaN,0,-63.55059503502223,-61.950406949145396,0,0,0,0
2025-05-31T15:00:00+07:00,0.001772,0.001779,0.001718,0.001725,0,0,0,0,0,0,3433394211,5.963638322478719,NaN,0,-62.25794713981213,-62.80320354114777,0,0,0,0
2025-05-31T19:00:00+07:00,0.001725,0.001828,0.001717,0.001783,0,0,0,0,0,0,5245346633,7.213599141775404,NaN,0,-57.28347733811783,-61.28055669529381,0,0,0,0
2025-05-31T23:00:00+07:00,0.001784,0.001862,0.001776,0.001848,0,0,0,0,0,0,3819837582,7.78893686515562,NaN,0,-48.33594683601348,-56.70948621408413,0,0,0,0
2025-06-01T03:00:00+07:00,0.001848,0.00187,0.001832,0.001839,0,0,0,0,0,0,2327629788,8.18497746667748,NaN,0,-40.99335200811574,-50.54849791424217,0,0,0,0
2025-06-01T07:00:00+07:00,0.001839,0.00185,0.001796,0.001819,0,0,0,0,0,0,2205577204,8.828722339604347,NaN,0,-35.78644081481341,-44.315890295374544,0,0,0,0
2025-06-01T11:00:00+07:00,0.001818,0.001845,0.001811,0.001834,0,0,0,0,0,0,1743095748,9.426485435893575,NaN,0,-30.351201609156146,-38.12247988930176,0,0,0,0
2025-06-01T15:00:00+07:00,0.001833,0.001836,0.001766,0.001802,0,0,0,0,0,0,2891409220,10.325359214651215,NaN,0,-28.231779273108717,-33.34971173992356,0,0,0,0
2025-06-01T19:00:00+07:00,0.001801,0.001857,0.001768,0.001839,0,0,0,0,0,0,2670139394,10.738229967272709,NaN,0,-23.468851934798558,-28.926081015442573,0,0,0,0
2025-06-01T23:00:00+07:00,0.001838,0.001892,0.001817,0.001872,0,0,0,0,0,0,3971161026,10.443814354182493,NaN,0,-16.80521827505463,-23.93904539779461,0,0,0,0
2025-06-02T03:00:00+07:00,0.001873,0.001954,0.001862,0.001921,0,0,0,0,0,0,2739411515,9.101490499166623,NaN,0,-9.00900673128007,-17.965814847759205,0,0,0,0
2025-06-02T07:00:00+07:00,0.00192,0.001938,0.001861,0.001868,0,0,0,0,0,0,2178700197,7.866781768084849,NaN,0,-6.01900005367687,-12.781077677424957,0,0,0,0
2025-06-02T11:00:00+07:00,0.001868,0.001906,0.001847,0.00189,0,0,0,0,0,0,1853830574,6.891747133270826,NaN,0,-2.262497105030658,-7.966319627907254,0,0,0,0
2025-06-02T15:00:00+07:00,0.001889,0.00191,0.001805,0.001853,0,0,0,0,0,0,6225400721,6.47849567261191,NaN,0,-2.968600048633856,-5.118214704129154,0,0,0,0
2025-06-02T19:00:00+07:00,0.001854,0.001901,0.001834,0.001881,0,0,0,0,0,0,4677667000,6.094762173428631,NaN,0,-0.5591712269767041,-2.8336502988763157,0,0,0,0
2025-06-02T23:00:00+07:00,0.001881,0.001908,0.001849,0.001865,0,0,0,0,0,0,2212269662,5.59234960232482,NaN,0,-0.5925376550382414,-1.643277839515852,0,0,0,0
2025-06-03T03:00:00+07:00,0.001866,0.001983,0.001866,0.001949,0,0,1,0,0,0,3434233595,3.7289319702501444,NaN,0,3.405926869575517,0.31881818963307584,0,0,0,0
2025-06-03T07:00:00+07:00,0.00195,0.002047,0.001939,0.001989,0,0,0,0,0,0,4537306036,2.299637453430293,NaN,0,9.344855838575073,3.632228746898363,0,0,0,0
2025-06-03T11:00:00+07:00,0.001989,0.001999,0.001949,0.001985,0,0,0,0,0,0,1918809062,0.9724354020975774,NaN,0,14.69966505564716,7.95675218028063,0,0,0,0
2025-06-03T15:00:00+07:00,0.001986,0.002006,0.001955,0.001995,0,0,0,0,0,0,3618712579,NaN,-0.15696808265739648,0,21.015055613146266,13.208521459210534,0,0,0,0
2025-06-03T19:00:00+07:00,0.001996,0.002047,0.001977,0.002022,0,0,0,0,0,0,5469242352,NaN,-0.6242210713479324,0,28.930176578932212,19.660382604060885,0,0,0,0
2025-06-03T23:00:00+07:00,0.002022,0.002038,0.001985,0.002022,0,0,0,0,0,0,2555013957,NaN,-1.0580988465605792,0,35.250306448239876,26.25077275641576,0,0,0,0
2025-06-04T03:00:00+07:00,0.002022,0.002025,0.001929,0.001953,0,0,0,0,0,0,3479051966,NaN,-2.521656555717101,0,31.992825044762235,29.632377135700462,0,0,0,0
2025-06-04T07:00:00+07:00,0.001954,0.002007,0.001937,0.001981,0,0,0,0,0,0,1947874647,NaN,-3.8806744285053014,0,30.131179234300514,30.883568297752124,0,0,0,0
2025-06-04T11:00:00+07:00,0.001981,0.001986,0.001938,0.001951,0,0,0,0,0,0,1637304038,NaN,-5.142619596094345,0,24.593053920999534,29.259950076793228,0,0,0,0
2025-06-04T15:00:00+07:00,0.00195,0.00201,0.001905,0.001914,0,0,0,0,0,0,5867069233,NaN,-6.182647749542962,0,13.613190761982553,23.737844248971783,0,0,0,0
2025-06-04T19:00:00+07:00,0.001914,0.001962,0.001882,0.001947,0,0,0,0,0,0,4973978958,NaN,-6.744622864295977,0,8.028101125422008,17.375174263426807,0,0,0,0
2025-06-04T23:00:00+07:00,0.001948,0.00195,0.001875,0.001875,0,0,0,1,0,0,2228515800,NaN,-7.1444059481922935,0,-0.818301098679008,9.878517224702684,0,0,0,0
2025-06-05T03:00:00+07:00,0.001874,0.001881,0.00182,0.001841,0,0,0,0,0,0,2752115730,NaN,-6.644198172967602,0,-9.7791086185167,1.5823327555954085,0,0,0,0
2025-06-05T07:00:00+07:00,0.001841,0.001876,0.001827,0.001857,0,0,0,0,0,0,1834357539,NaN,-6.1797195245446765,0,-14.309045163486488,-5.563144704980647,0,0,0,0
2025-06-05T11:00:00+07:00,0.001857,0.001872,0.001826,0.001857,0,0,0,0,0,0,2416214690,NaN,-5.732655494848842,0,-16.94374643251132,-10.993382649599244,0,0,0,0
2025-06-05T15:00:00+07:00,0.001858,0.001871,0.001818,0.001837,0,0,0,0,0,0,2031071261,NaN,-5.185465342013316,0,-20.118476153543376,-15.444734688262267,0,0,0,0
2025-06-05T19:00:00+07:00,0.001836,0.001889,0.001787,0.00183,0,0,0,0,0,0,4364493273,NaN,-4.190049159515205,0,-23.1276595716245,-19.022709381021308,0,0,0,0
2025-06-05T23:00:00+07:00,0.001829,0.001835,0.001707,0.00173,0,0,0,0,0,0,5192917615,NaN,-2.290829635821005,0,-30.261844776139412,-23.49145524375562,0,0,0,0
2025-06-06T03:00:00+07:00,0.00173,0.001735,0.001635,0.001662,0,0,0,0,0,0,7104309770,0.0980973480048597,NaN,0,-38.39534982002573,-29.305853710610524,0,0,0,0
2025-06-06T07:00:00+07:00,0.001662,0.001708,0.001657,0.001705,0,0,0,0,0,0,2719473000,2.3163866901288728,NaN,0,-40.01638288798869,-34.0548428896838,0,0,0,0
2025-06-06T11:00:00+07:00,0.001705,0.001755,0.001696,0.001732,0,0,0,0,0,0,3306415926,3.1280196349270426,NaN,0,-37.678921435814644,-36.48650248766723,0,0,0,0
2025-06-06T15:00:00+07:00,0.001732,0.001755,0.001715,0.001744,0,0,0,0,0,0,4013019016,3.8816787979539207,NaN,0,-32.46183001506214,-36.00843525991509,0,0,0,0
2025-06-06T19:00:00+07:00,0.001745,0.001831,0.001744,0.001801,0,0,0,0,0,0,4384394410,2.8632339183659106,NaN,0,-22.44130965576787,-31.567916549502332,0,0,0,0
2025-06-06T23:00:00+07:00,0.0018,0.001806,0.001702,0.001717,0,0,0,0,0,0,3131670913,2.48818669546354,NaN,0,-17.78006224174385,-26.095017709106344,0,0,0,0
2025-06-07T03:00:00+07:00,0.001718,0.001741,0.001693,0.001702,0,0,0,0,0,0,1902956561,2.256771452932149,NaN,0,-15.24425262116735,-21.151201500403644,0,0,0,0
2025-06-07T07:00:00+07:00,0.001702,0.001805,0.001697,0.001798,0,0,0,0,0,0,2575021860,0.8054117654103479,NaN,0,-9.269777809997265,-15.86736903909901,0,0,0,0
2025-06-07T11:00:00+07:00,0.001798,0.00185,0.001786,0.00183,0,0,0,0,0,0,3314033866,NaN,-0.8044558671681088,0,-2.9339292285904945,-10.36552995904661,0,0,0,0
2025-06-07T15:00:00+07:00,0.00183,0.001846,0.001802,0.001817,0,0,1,0,0,0,1967783330,NaN,-2.299332954562388,0,0.6275758180033212,-5.645049249227713,0,0,0,0
2025-06-07T19:00:00+07:00,0.001817,0.001837,0.001791,0.001797,0,0,0,0,0,0,2046711930,NaN,-3.8817331747360413,0,0.20476600577597534,-2.6034308417360137,0,0,0,0
2025-06-07T23:00:00+07:00,0.001798,0.001807,0.00177,0.001795,0,0,0,1,0,0,1861557701,NaN,-5.060291163581375,0,-0.722956690990782,-1.07004188300122,0,0,0,0
2025-06-08T03:00:00+07:00,0.001795,0.001822,0.001788,0.001807,0,0,1,0,0,0,1240590730,NaN,-6.438752043652805,0,0.09282068173534393,-0.2328135287028223,0,0,0,0
2025-06-08T07:00:00+07:00,0.001808,0.001817,0.001788,0.00179,0,0,0,1,0,0,1396354147,NaN,-7.718751432290567,0,-2.628457415589309,-0.9268511062948162,0,0,0,0
2025-06-08T11:00:00+07:00,0.00179,0.001806,0.001759,0.001764,0,0,0,0,0,0,1346270444,NaN,-8.349883483783184,0,-8.221837702778206,-3.5057135671498547,0,0,0,0
2025-06-08T15:00:00+07:00,0.001764,0.001821,0.001743,0.001788,0,0,0,0,0,0,5303426441,NaN,-8.64434730554158,0,-8.909353159815165,-5.723786945631778,0,0,0,0
2025-06-08T19:00:00+07:00,0.001788,0.00181,0.001767,0.001791,0,0,0,0,0,0,2328669419,NaN,-8.917777997174376,0,-8.258369658117065,-7.117257879174925,0,0,0,0
2025-06-08T23:00:00+07:00,0.001791,0.001842,0.00179,0.001835,0,0,0,0,0,0,2078736321,NaN,-9.925042377752536,0,-2.5047469760465195,-6.090493720886139,0,0,0,0
2025-06-09T03:00:00+07:00,0.001836,0.001878,0.001817,0.001828,0,0,1,0,0,0,2810948148,NaN,-10.400462885064584,0,0.7108419066950132,-3.8186954244980496,0,0,0,0
2025-06-09T07:00:00+07:00,0.001827,0.00184,0.001792,0.001812,0,0,0,0,0,0,2099253518,NaN,-11.390681625261598,0,0.968750098872116,-1.683547685536548,0,0,0,0
2025-06-09T11:00:00+07:00,0.001813,0.001829,0.001778,0.001803,0,0,0,0,0,0,2006805776,NaN,-12.120491075828985,0,0.14214341838008998,-0.43664136018240995,0,0,0,0
2025-06-09T15:00:00+07:00,0.001803,0.001895,0.00179,0.001875,0,0,0,0,0,0,4561877769,NaN,-12.010790746145139,0,6.59510360839831,2.3578185899647846,0,0,0,0
2025-06-09T19:00:00+07:00,0.001875,0.001895,0.001837,0.001862,0,0,0,0,0,0,2992361676,NaN,-11.908926154295854,0,9.604527029950559,5.16518812952837,0,0,0,0
2025-06-09T23:00:00+07:00,0.001861,0.001907,0.001859,0.001886,0,0,0,0,0,0,2181676517,NaN,-11.600101336802163,0,14.458906267250244,8.783399147792045,0,0,0,0
2025-06-10T03:00:00+07:00,0.001886,0.001985,0.001885,0.001978,0,0,0,0,0,0,3285712249,NaN,-10.151300640989582,0,23.04341611541862,14.346575824741498,0,0,0,0
2025-06-10T07:00:00+07:00,0.001978,0.002,0.001943,0.001968,0,0,0,0,0,0,3913447526,NaN,-8.620309803814337,0,29.57405163462642,20.61498660699045,0,0,0,0
2025-06-10T11:00:00+07:00,0.001967,0.001994,0.001937,0.001985,0,0,0,0,0,0,3230893702,NaN,-7.36031383529448,0,37.117397298875005,27.435718729572507,0,0,0,0
2025-06-10T15:00:00+07:00,0.001986,0.002057,0.001959,0.002042,0,0,0,0,0,0,5076464650,NaN,-5.445304857854946,0,45.52711926963163,35.024871929708326,0,0,0,0
2025-06-10T19:00:00+07:00,0.002042,0.002073,0.001933,0.001976,0,0,0,0,0,0,7783227270,NaN,-4.344404000704614,0,44.40886761820694,39.84643509672385,0,0,0,0
2025-06-10T23:00:00+07:00,0.001976,0.002051,0.001948,0.00201,0,0,0,0,0,0,4219877456,NaN,-3.322138919065022,0,44.73822267787658,42.781119193565466,0,0,0,0
2025-06-11T03:00:00+07:00,0.00201,0.00206,0.001984,0.00205,0,0,0,0,0,0,2621729120,NaN,-2.253617288038331,0,46.204786471656575,44.75833745083655,0,0,0,0
2025-06-11T07:00:00+07:00,0.002051,0.002057,0.001988,0.00203,0,0,0,0,0,0,2124864652,NaN,-1.2614186306564044,0,45.361576788840594,45.34577015803363,0,0,0,0
2025-06-11T11:00:00+07:00,0.002031,0.002036,0.001997,0.002015,0,0,0,0,0,0,1717558442,NaN,-0.3400913059446147,0,42.76005583220916,44.51641724702254,0,0,0,0
2025-06-11T15:00:00+07:00,0.002016,0.002031,0.001955,0.001972,0,0,0,0,0,0,2524021945,NaN,-0.7550868064945888,0,35.994601682374494,41.61638384856137,0,0,0,0
2025-06-11T19:00:00+07:00,0.001973,0.002064,0.001957,0.002057,0,0,0,0,0,0,4677277472,NaN,-0.5653090949273718,0,34.99591535185867,38.944406068983774,0,0,0,0
2025-06-11T23:00:00+07:00,0.002057,0.002062,0.001946,0.001956,0,0,0,0,0,0,3238297155,NaN,-0.7008391067554811,0,29.21197153595781,34.99393417250708,0,0,0,0
2025-06-12T03:00:00+07:00,0.001955,0.001968,0.001867,0.001885,0,0,0,0,0,0,4374762360,NaN,-2.2072474863163762,0,19.328249345515513,28.8817425415962,0,0,0,0
2025-06-12T07:00:00+07:00,0.001885,0.001886,0.001836,0.001852,0,0,0,0,0,0,2801505201,NaN,-3.042244970121846,0,8.834854518908367,21.007307798037946,0,0,0,0
2025-06-12T11:00:00+07:00,0.001852,0.001865,0.001836,0.001842,0,0,0,1,0,0,2101539675,NaN,-3.8175997765126404,0,-0.7603415734191158,12.19615444459058,0,0,0,0
2025-06-12T15:00:00+07:00,0.001842,0.001865,0.001796,0.001798,0,0,0,0,0,0,4850135589,NaN,-3.8469377248941967,0,-11.683243499493106,2.19436333283813,0,0,0,0
2025-06-12T19:00:00+07:00,0.001799,0.001859,0.001775,0.001788,0,0,0,0,0,0,3674074778,NaN,-3.546336259136467,0,-21.32920762058108,-7.910805229186862,0,0,0,0
2025-06-12T23:00:00+07:00,0.001787,0.001838,0.001731,0.001741,0,0,0,0,0,0,3125331735,NaN,-2.6508758964800343,0,-30.790364059586157,-17.800280660444287,0,0,0,0
2025-06-13T03:00:00+07:00,0.001741,0.001749,0.001687,0.001695,0,0,0,0,0,0,3418162378,NaN,-1.2973589440886713,0,-38.979964967386586,-27.07838216729507,0,0,0,0
2025-06-13T07:00:00+07:00,0.001695,0.001697,0.001531,0.001585,0,0,0,0,0,0,11304450168,1.2053157629701232,NaN,0,-46.64947334186745,-35.72533183321982,0,0,0,0
2025-06-13T11:00:00+07:00,0.001585,0.001586,0.001545,0.001565,0,0,0,0,0,0,3814442535,3.529227990953288,NaN,0,-52.970107272291166,-43.419884024722585,0,0,0,0
2025-06-13T15:00:00+07:00,0.001565,0.001595,0.001527,0.001565,0,0,0,0,0,0,4896248064,5.799846322487056,NaN,0,-57.10625693249218,-49.74069518477248,0,0,0,0
2025-06-13T19:00:00+07:00,0.001564,0.001631,0.001545,0.00161,0,0,0,0,0,0,5300896446,7.03687621088617,NaN,0,-53.49455512508329,-52.47246912155868,0,0,0,0
2025-06-13T23:00:00+07:00,0.001611,0.001645,0.001576,0.001599,0,0,0,0,0,0,4349905182,7.858785706679107,NaN,0,-50.43779838492644,-52.671711407259444,0,0,0,0
2025-06-14T03:00:00+07:00,0.001599,0.001653,0.001592,0.001648,0,0,0,0,0,0,1980041711,8.430748848842171,NaN,0,-43.17906952758012,-49.687521846008785,0,0,0,0
2025-06-14T07:00:00+07:00,0.001648,0.001664,0.001623,0.00164,0,0,0,0,0,0,2376897939,8.691428122535463,NaN,0,-36.99167646912525,-44.87222818622565,0,0,0,0
2025-06-14T11:00:00+07:00,0.001641,0.001652,0.001612,0.001627,0,0,0,0,0,0,4144868768,9.059910615926228,NaN,0,-33.441427079781576,-39.93874678353903,0,0,0,0
2025-06-14T15:00:00+07:00,0.001626,0.001629,0.001605,0.00162,0,0,0,0,0,0,1794224414,9.484682882830583,NaN,0,-31.39849175410379,-35.901942262473845,0,0,0,0
2025-06-14T19:00:00+07:00,0.00162,0.001649,0.001588,0.001602,0,0,0,0,0,0,2377347095,9.329146505784458,NaN,0,-32.28830795870836,-33.63481403434215,0,0,0,0
2025-06-14T23:00:00+07:00,0.001602,0.001617,0.001574,0.00159,0,0,0,0,0,0,2163103062,9.377193983085597,NaN,0,-34.94319091542639,-33.46261282019768,0,0,0,0
2025-06-15T03:00:00+07:00,0.001591,0.00162,0.00157,0.001609,0,0,0,0,0,0,1811752784,9.477986755421526,NaN,0,-33.75653803503675,-33.4439192200669,0,0,0,0
2025-06-15T07:00:00+07:00,0.001609,0.001624,0.001606,0.001613,0,0,0,0,0,0,1435987652,9.446817669998822,NaN,0,-32.4316085788351,-33.19925836347481,0,0,0,0
2025-06-15T11:00:00+07:00,0.001614,0.001632,0.001592,0.001595,0,1,0,0,0,0,1866205813,9.635737224610743,NaN,0,-33.70662547071098,-33.44692437090445,0,1,0,0
2025-06-15T15:00:00+07:00,0.001594,0.001608,0.001577,0.001602,0,0,0,0,0,0,2082989513,10.038773163564514,NaN,0,-32.178185708380745,-33.03123487645019,0,0,0,0
2025-06-15T19:00:00+07:00,0.001602,0.00163,0.001576,0.001609,0,0,0,0,0,0,3563283027,9.670746664073526,NaN,0,-28.157161479970178,-31.282545455880918,0,0,0,0
2025-06-15T23:00:00+07:00,0.001609,0.001622,0.001596,0.001603,0,0,0,0,0,0,1976499225,9.329007771689042,NaN,0,-25.875972725233915,-29.225861746096644,0,0,0,0
2025-06-16T03:00:00+07:00,0.001604,0.00163,0.00157,0.001624,0,0,0,0,0,0,2638372336,9.473312424090473,NaN,0,-18.587810346160975,-25.265161597274904,0,0,0,0
2025-06-16T07:00:00+07:00,0.001625,0.001667,0.001602,0.001642,0,0,0,0,0,0,2379412343,8.401789775221069,NaN,0,-9.79824334096567,-19.297525662233006,0,0,0,0
2025-06-16T11:00:00+07:00,0.001643,0.001686,0.00164,0.001675,0,0,1,0,0,0,2271462622,6.860079131720063,NaN,0,1.830811372919268,-11.047430297879153,0,0,0,0
2025-06-16T15:00:00+07:00,0.001676,0.001708,0.001669,0.001687,0,0,0,0,0,0,2551372405,4.837624705439719,NaN,0,13.308705790691082,-1.2386365996880262,0,0,0,0
2025-06-16T19:00:00+07:00,0.001688,0.001713,0.001667,0.001686,0,0,0,0,0,0,2405442860,2.828094060764929,NaN,0,20.90966016108811,8.339417403924692,0,0,0,0
2025-06-16T23:00:00+07:00,0.001686,0.001713,0.001681,0.0017,0,0,0,0,0,0,2030277757,0.9621013192811958,NaN,0,28.67343859615855,17.38635536013942,0,0,0,0
2025-06-17T03:00:00+07:00,0.001701,0.001714,0.001605,0.001613,0,0,0,0,0,0,4534346117,0.9052227072943353,NaN,0,22.676331347266743,21.283507637235576,0,0,0,0
2025-06-17T07:00:00+07:00,0.001612,0.001652,0.001559,0.001632,0,0,0,0,0,0,5323863371,1.5720612930299964,NaN,0,19.947610202952166,22.106114553678047,0,0,0,0
2025-06-17T11:00:00+07:00,0.001632,0.001636,0.001603,0.001604,0,0,0,0,0,0,1774090240,2.191268551213117,NaN,0,12.89607869291859,19.37042437810714,0,0,0,0
2025-06-17T15:00:00+07:00,0.001603,0.001606,0.001577,0.001589,0,0,0,0,0,0,4264889024,3.141374036473792,NaN,0,2.8107415437167367,13.300463625987108,0,0,0,0
2025-06-17T19:00:00+07:00,0.001588,0.001602,0.001516,0.001538,0,1,0,1,0,0,5489165819,4.74644696657333,NaN,0,-9.615464671388262,4.295028709990166,0,1,0,0
2025-06-17T23:00:00+07:00,0.001537,0.001575,0.001481,0.001558,0,0,0,0,0,0,5644538885,6.5723118086194425,NaN,0,-14.70844830902742,-3.855473867383373,0,0,0,0
2025-06-18T03:00:00+07:00,0.001557,0.001567,0.001517,0.001532,0,0,0,0,0,0,2187451617,8.267757733376548,NaN,0,-19.799853929480076,-11.210793007821518,0,0,0,0
2025-06-18T07:00:00+07:00,0.001532,0.001563,0.001527,0.001549,0,0,0,0,0,0,1770133417,9.842100377793855,NaN,0,-19.831831803835446,-15.926940497549305,0,0,0,0
2025-06-18T11:00:00+07:00,0.00155,0.00157,0.001547,0.001558,0,0,0,0,0,0,1448850736,11.04660611381049,NaN,0,-18.147103485919388,-17.89965118152147,0,0,0,0
2025-06-18T15:00:00+07:00,0.001559,0.001567,0.001492,0.001522,0,0,0,0,0,0,2698098919,12.73116985935107,NaN,0,-18.769913699065278,-18.68277560123319,0,0,0,0
2025-06-18T19:00:00+07:00,0.001522,0.001528,0.001442,0.001509,0,0,0,0,0,0,5504074334,14.6945505362932,NaN,0,-19.589971576887915,-19.128956045040656,0,0,0,0
2025-06-18T23:00:00+07:00,0.001508,0.001536,0.00149,0.001503,0,0,0,0,0,0,4296186554,16.242772739859554,NaN,0,-21.183734373108557,-19.780955869730967,0,0,0,0
2025-06-19T03:00:00+07:00,0.001504,0.001559,0.001497,0.001548,0,0,0,0,0,0,2283283221,16.904979785855225,NaN,0,-17.591570441544736,-19.143309020991442,0,0,0,0
2025-06-19T07:00:00+07:00,0.001548,0.001575,0.001539,0.001557,0,0,0,0,0,0,1970404717,17.004042934691242,NaN,0,-12.98354737466527,-17.11900524077814,0,0,0,0
2025-06-19T11:00:00+07:00,0.001558,0.001571,0.001539,0.00154,0,0,0,0,0,0,1375731082,17.096030144324686,NaN,0,-12.61850306239536,-15.317257097225141,0,0,0,0
2025-06-19T15:00:00+07:00,0.00154,0.001558,0.001529,0.001533,0,0,0,0,0,0,1127217234,17.317587858607197,NaN,0,-13.236591549357277,-14.131632491770779,0,0,0,0
2025-06-19T19:00:00+07:00,0.001533,0.001541,0.001508,0.001511,0,1,0,0,0,0,1795306666,17.799841354170084,NaN,0,-16.55329019524946,-14.475132770115852,0,1,0,0
2025-06-19T23:00:00+07:00,0.001511,0.00154,0.001494,0.001517,0,0,0,0,0,0,2374909096,18.423246228942816,NaN,0,-18.535668266918126,-15.788122017541086,0,0,0,0
2025-06-20T03:00:00+07:00,0.001518,0.00154,0.001508,0.001526,0,0,0,0,0,0,1300144115,19.00212218408892,NaN,0,-18.692235851417646,-17.090360604774602,0,0,0,0
2025-06-20T07:00:00+07:00,0.001526,0.001532,0.001505,0.00151,0,0,0,0,0,0,1000307318,19.58069085145678,NaN,0,-20.773711800714377,-18.70584527665687,0,0,0,0
2025-06-20T11:00:00+07:00,0.00151,0.001554,0.001486,0.001553,0,0,0,0,0,0,2363621300,19.187939267052286,NaN,0,-14.30762925084221,-17.622288516027144,0,0,0,0
2025-06-20T15:00:00+07:00,0.001552,0.001564,0.001531,0.001552,0,0,0,0,0,0,1898158866,18.423709411823644,NaN,0,-7.228032627634572,-14.107463700895883,0,0,0,0
2025-06-20T19:00:00+07:00,0.001551,0.001566,0.001486,0.001496,0,0,0,0,0,0,3425616356,18.48896099092112,NaN,0,-8.761310931914606,-11.725415491698955,0,0,0,0
2025-06-20T23:00:00+07:00,0.001495,0.001497,0.001414,0.001463,0,0,0,0,0,0,5638010485,19.42182199440426,NaN,0,-13.349418891970128,-11.524360424854105,0,0,0,0
2025-06-21T03:00:00+07:00,0.001463,0.001487,0.00144,0.001455,0,0,0,0,0,0,1886511341,20.288050069067182,NaN,0,-18.9083213577515,-13.532460643899546,0,0,0,0
2025-06-21T07:00:00+07:00,0.001456,0.001491,0.001452,0.001483,0,0,0,0,0,0,1890956202,20.93654370412642,NaN,0,-18.69002853935763,-15.592155953011222,0,0,0,0
2025-06-21T11:00:00+07:00,0.001484,0.001487,0.001468,0.001478,0,0,0,0,0,0,1093911948,21.53871636525286,NaN,0,-18.975390167006985,-17.45481185210499,0,0,0,0
2025-06-21T15:00:00+07:00,0.001479,0.001491,0.001474,0.001477,0,0,0,0,0,0,1371478889,21.92246987031689,NaN,0,-20.46708473412878,-19.03154210428119,0,0,0,0
2025-06-21T19:00:00+07:00,0.001477,0.001482,0.00141,0.001429,0,0,0,0,0,0,3048590191,23.017793338494748,NaN,0,-25.802529889541947,-21.60636915478084,0,0,0,0
2025-06-21T23:00:00+07:00,0.001429,0.001441,0.001367,0.001371,0,0,0,0,0,0,3700804947,24.39801391172923,NaN,0,-33.07241112896302,-25.774282551916052,0,0,0,0
2025-06-22T03:00:00+07:00,0.001371,0.001392,0.001307,0.001367,0,0,0,0,0,0,4775281573,26.072338651922365,NaN,0,-39.014902650913946,-30.97875380495415,0,0,0,0
2025-06-22T07:00:00+07:00,0.001367,0.001392,0.001328,0.001339,0,0,0,0,0,0,2812417505,27.627068767815985,NaN,0,-46.00753444921525,-37.15911071665558,0,0,0,0
2025-06-22T11:00:00+07:00,0.001338,0.001366,0.001333,0.001348,0,0,0,0,0,0,2020673309,29.07074673257435,NaN,0,-50.3583316841414,-42.98759042118518,0,0,0,0
2025-06-22T15:00:00+07:00,0.001349,0.00135,0.001307,0.001328,0,0,0,0,0,0,2730904710,30.57330242203492,NaN,0,-54.76832874670809,-48.29331934990285,0,0,0,0
2025-06-22T19:00:00+07:00,0.001328,0.001339,0.001248,0.001274,0,0,0,0,0,0,9593361141,32.26987374475749,NaN,0,-59.78177131239401,-53.3391425433714,0,0,0,0
2025-06-22T23:00:00+07:00,0.001275,0.001288,0.001259,0.001267,0,0,0,0,0,0,2836170432,33.845261401571314,NaN,0,-63.617540237725656,-57.88293136638843,0,0,0,0
2025-06-23T03:00:00+07:00,0.001267,0.001301,0.001224,0.001301,0,0,0,0,0,0,4357601592,35.46232728660268,NaN,0,-57.09883318089642,-58.61364199800828,0,0,0,0
2025-06-23T07:00:00+07:00,0.001301,0.001322,0.001293,0.001306,0,0,0,0,0,0,2056562061,36.14451871339396,NaN,0,-49.83729020033969,-56.184418387330474,0,0,0,0
2025-06-23T11:00:00+07:00,0.001307,0.001337,0.001306,0.001325,0,0,0,0,0,0,1874518210,36.214913591480766,NaN,0,-40.31373669562135,-50.615413040666674,0,0,0,0
2025-06-23T15:00:00+07:00,0.001325,0.001336,0.001315,0.001331,0,0,0,0,0,0,2160229147,36.28028026398995,NaN,0,-30.217900988305875,-42.64476859497016,0,0,0,0
2025-06-23T19:00:00+07:00,0.001331,0.001394,0.001322,0.001354,0,0,0,0,0,0,4702806970,34.34751727440908,NaN,0,-18.790659035424362,-32.835968186585674,0,0,0,0
2025-06-23T23:00:00+07:00,0.001355,0.001414,0.001308,0.001405,0,0,0,0,0,0,5867324754,31.9767816499948,NaN,0,-4.012218278391655,-21.089479606010386,0,0,0,0
2025-06-24T03:00:00+07:00,0.001405,0.001496,0.0014,0.001489,1,0,1,0,1,0,4318677526,27.927986504982606,NaN,0,11.171135865595195,-7.820980637606456,1,0,1,0
2025-06-24T07:00:00+07:00,0.00149,0.001505,0.001478,0.001481,0,0,0,0,0,0,2094747876,24.340619245840138,NaN,0,21.048429921127894,4.672721278246045,0,0,0,0
2025-06-24T11:00:00+07:00,0.001481,0.001552,0.001476,0.00151,0,0,0,0,0,0,3795302074,21.84151134712517,NaN,0,29.737977747324088,15.972128028380663,0,0,0,0
2025-06-24T15:00:00+07:00,0.00151,0.001525,0.001491,0.0015,0,0,0,0,0,0,2162404419,19.52091115546127,NaN,0,33.75007359479664,24.6118414786308,0,0,0,0
2025-06-24T19:00:00+07:00,0.0015,0.001526,0.001489,0.001507,0,0,0,0,0,0,2527016598,17.3180911320394,NaN,0,36.42920128542247,30.641881983741477,0,0,0,0
2025-06-24T23:00:00+07:00,0.001508,0.001549,0.001478,0.001494,0,0,0,0,0,0,2735177350,15.690711170727013,NaN,0,34.34078608294531,33.27968945043882,0,0,0,0
2025-06-25T03:00:00+07:00,0.001493,0.001516,0.001486,0.001516,0,0,0,0,0,0,1377218140,14.179572635222655,NaN,0,33.6778718096145,34.151882144869234,0,0,0,0
2025-06-25T07:00:00+07:00,0.001515,0.001537,0.0015,0.001521,0,0,0,0,0,0,1584293879,13.161429065032465,NaN,0,33.55508089021669,34.14118174026793,0,0,0,0
2025-06-25T11:00:00+07:00,0.001521,0.001528,0.001501,0.001517,0,0,0,0,0,0,1170119498,12.216010035570143,NaN,0,33.45726090597653,33.84340113139373,0,0,0,0
2025-06-25T15:00:00+07:00,0.001517,0.001518,0.001473,0.001502,0,0,0,0,0,0,2448551916,10.500467006970702,NaN,0,31.079444331413715,32.77253584358661,0,0,0,0
2025-06-25T19:00:00+07:00,0.001502,0.001523,0.001453,0.001456,0,0,0,0,0,0,3441343630,8.362922017504602,NaN,0,20.787488693359773,28.627669140028747,0,0,0,0
2025-06-25T23:00:00+07:00,0.001456,0.001479,0.001446,0.001462,0,0,0,0,0,0,2009279847,6.191370809503283,NaN,0,12.249207006702992,22.54026170022433,0,0,0,0
2025-06-26T03:00:00+07:00,0.001462,0.001483,0.001437,0.001449,0,0,0,0,0,0,1403326130,3.9956381510445063,NaN,0,2.9602613317720516,14.785116688970367,0,0,0,0
2025-06-26T07:00:00+07:00,0.00145,0.001515,0.001444,0.001479,0,0,0,1,0,0,3216659314,2.70029384659426,NaN,0,-0.2488971049905803,7.99990683602517,0,0,0,0
2025-06-26T11:00:00+07:00,0.00148,0.00149,0.001453,0.001469,0,0,0,0,0,0,2146761313,1.497474135319031,NaN,0,-4.752279244413174,1.9606468040035807,0,0,0,0
2025-06-26T15:00:00+07:00,0.00147,0.001479,0.001433,0.001436,0,0,0,0,0,0,2028078285,NaN,-0.21702095543539102,0,-12.28589353051454,-4.201036418330003,0,0,0,0
2025-06-26T19:00:00+07:00,0.001436,0.001439,0.00138,0.001405,0,0,0,0,0,0,4358361003,NaN,-0.8680899930000123,0,-21.18324523007649,-11.123611392259283,0,0,0,0
2025-06-26T23:00:00+07:00,0.001406,0.001413,0.001383,0.001403,0,0,0,0,0,0,2516444414,NaN,-1.4726540993100166,0,-27.822911805244274,-18.030578408792522,0,0,0,0
2025-06-27T03:00:00+07:00,0.001403,0.001436,0.001388,0.001393,0,0,0,0,0,0,2802085602,NaN,-2.7105550846342403,0,-35.36548822982831,-25.399526024386024,0,0,0,0
2025-06-27T07:00:00+07:00,0.001392,0.001416,0.001368,0.001409,0,0,0,0,0,0,2316915038,NaN,-3.382850937216478,0,-36.37631039483926,-30.76430828666066,0,0,0,0
2025-06-27T11:00:00+07:00,0.001409,0.001445,0.001396,0.001399,0,0,0,0,0,0,3259715040,NaN,-4.814045313364726,0,-39.42304981939738,-35.036401613759594,0,0,0,0
2025-06-27T15:00:00+07:00,0.0014,0.001429,0.001399,0.001406,0,0,0,0,0,0,1644882844,NaN,-6.143011519788097,0,-40.99436549368407,-38.02312307969523,0,0,0,0
2025-06-27T19:00:00+07:00,0.001406,0.001438,0.001394,0.001434,0,0,0,0,0,0,2711408817,NaN,-7.350549370711786,0,-32.91095334179091,-36.99463247742598,0,0,0,0
2025-06-27T23:00:00+07:00,0.001433,0.001452,0.001395,0.00141,0,0,0,0,0,0,2510808963,NaN,-8.08636209211598,0,-29.34200622753752,-34.43729006796916,0,0,0,0
2025-06-28T03:00:00+07:00,0.001412,0.001445,0.001409,0.001438,0,0,0,0,0,0,1401939643,NaN,-8.769616761991305,0,-22.72933429999362,-30.077289149483764,0,0,0,0
2025-06-28T07:00:00+07:00,0.001438,0.001442,0.001426,0.001427,0,0,0,0,0,0,1069783995,NaN,-9.404067526875535,0,-19.474672768139662,-25.54219946003675,0,0,0,0
2025-06-28T11:00:00+07:00,0.001427,0.001448,0.001419,0.001447,0,0,0,0,0,0,1251086964,NaN,-10.247997049353424,0,-13.410751947791189,-20.31569463389076,0,0,0,0
2025-06-28T15:00:00+07:00,0.001447,0.001471,0.00143,0.001454,0,0,0,0,0,0,1975131399,NaN,-10.308550393293531,0,-7.045478035186378,-14.806339406602694,0,0,0,0
2025-06-28T19:00:00+07:00,0.001454,0.001479,0.001445,0.001478,0,0,1,0,0,0,1534736877,NaN,-10.13160672772497,0,1.6486169921292466,-8.123317523983053,0,0,0,0
2025-06-28T23:00:00+07:00,0.001477,0.001535,0.001473,0.001522,0,0,0,0,0,0,3942897116,NaN,-8.652111121657626,0,12.54384798784304,0.12540647589673454,0,0,0,0
2025-06-29T03:00:00+07:00,0.001522,0.001561,0.001506,0.001533,0,0,0,0,0,0,2796971894,NaN,-6.818032045572938,0,22.940181755678708,9.4880295791993,0,0,0,0
2025-06-29T07:00:00+07:00,0.001534,0.001548,0.00151,0.001512,0,0,0,0,0,0,1884817510,NaN,-5.114958617780015,0,25.468482371697323,16.865762586253513,0,0,0,0
2025-06-29T11:00:00+07:00,0.001512,0.001537,0.001509,0.001536,0,0,0,0,0,0,1649953018,NaN,-3.5785963301625507,0,29.55918351587531,23.015113686734487,0,0,0,0
2025-06-29T15:00:00+07:00,0.001537,0.001566,0.001524,0.001541,0,0,0,0,0,0,2713556986,NaN,-1.6419869446457582,0,32.33326480940554,27.64884778165476,0,0,0,0
2025-06-29T19:00:00+07:00,0.001542,0.001555,0.001518,0.001525,0,0,0,0,0,0,2148216482,NaN,-0.12408878661814171,0,29.359399380205495,29.24565021235659,0,0,0,0
2025-06-29T23:00:00+07:00,0.001526,0.001554,0.001521,0.001552,0,0,0,0,0,0,1714199985,1.285388074407507,NaN,0,29.215091245419007,29.673313171972108,0,0,0,0
2025-06-30T03:00:00+07:00,0.001551,0.001658,0.001532,0.001629,1,0,0,0,1,0,4638565223,3.9668717658564994,NaN,0,32.29521261409615,30.709355955163975,1,0,1,0
2025-06-30T07:00:00+07:00,0.001629,0.001642,0.001577,0.001585,0,0,0,0,0,0,3020620556,6.456820907916281,NaN,0,29.521588001899158,30.3657418514636,0,0,0,0
2025-06-30T11:00:00+07:00,0.001586,0.00161,0.001571,0.001602,0,0,0,0,0,0,2416416953,8.503436266720158,NaN,0,29.26077704996735,29.937697131384358,0,0,0,0
2025-06-30T15:00:00+07:00,0.001602,0.001604,0.001561,0.001564,0,0,0,0,0,0,2201982610,9.956393335952697,NaN,0,23.51769904469263,27.800125593509424,0,0,0,0
2025-06-30T19:00:00+07:00,0.001563,0.001605,0.001528,0.001571,0,0,0,0,0,0,5765076415,9.964080082404088,NaN,0,19.742409193555506,24.793570794289636,0,0,0,0
2025-06-30T23:00:00+07:00,0.001572,0.001612,0.001563,0.001601,0,0,0,0,0,0,4134643887,10.097056031240385,NaN,0,20.632952615267687,22.715375939098145,0,0,0,0
2025-07-01T03:00:00+07:00,0.001601,0.001616,0.001556,0.001561,0,0,0,0,0,0,2110425707,9.943091424137982,NaN,0,16.462095846037506,20.02437949408516,0,0,0,0
2025-07-01T07:00:00+07:00,0.001561,0.001568,0.00153,0.001534,0,0,0,0,0,0,1879057178,8.831812433785565,NaN,0,10.103969855186081,16.084640529179143,0,0,0,0
2025-07-01T11:00:00+07:00,0.001534,0.00154,0.001478,0.0015,0,0,0,0,0,0,3205824316,6.566242210262285,NaN,0,2.289151584426857,10.8170826203388,0,0,0,0
2025-07-01T15:00:00+07:00,0.001499,0.001501,0.00147,0.001478,0,1,0,1,0,1,2456690915,4.665063574500188,NaN,0,-6.332061204666606,4.0910236124850226,0,1,0,1
2025-07-01T19:00:00+07:00,0.001478,0.001498,0.001455,0.001465,0,0,0,0,0,0,3593211714,3.274908346358856,NaN,0,-14.946679476551777,-3.7682767927823373,0,0,0,0
2025-07-01T23:00:00+07:00,0.001466,0.001472,0.001425,0.001433,0,0,0,0,0,0,3162236368,2.666343162110387,NaN,0,-24.430901546105765,-12.41700908177973,0,0,0,0
2025-07-02T03:00:00+07:00,0.001434,0.001451,0.001422,0.001435,0,0,0,0,0,0,1766626830,2.1661648304954824,NaN,0,-32.09740209825456,-20.89504172868384,0,0,0,0
2025-07-02T07:00:00+07:00,0.001436,0.001458,0.00141,0.001445,0,0,0,0,0,0,2273071499,1.9653310893039624,NaN,0,-34.66349266757283,-27.41501310179799,0,0,0,0
2025-07-02T11:00:00+07:00,0.001445,0.001491,0.001441,0.001476,0,0,0,0,0,0,2099023413,0.7032982831558527,NaN,0,-32.01499556349721,-30.588642490086958,0,0,0,0
2025-07-02T15:00:00+07:00,0.001476,0.001509,0.001476,0.0015,0,0,0,0,0,0,2408684289,NaN,-0.9870031892655611,0,-25.093323136540306,-29.742852112134916,0,0,0,0
2025-07-02T19:00:00+07:00,0.001499,0.001567,0.001485,0.001566,0,0,0,0,0,0,4311119486,NaN,-1.4829084806716644,0,-13.047716255062975,-24.205416529691195,0,0,0,0
2025-07-02T23:00:00+07:00,0.001567,0.00166,0.00156,0.001649,0,0,1,0,0,0,8209314434,NaN,-0.4959010987929702,0,1.376824123779116,-14.61867984036963,0,0,0,0
2025-07-03T03:00:00+07:00,0.001648,0.00169,0.001638,0.001643,0,0,0,0,0,0,4237268207,0.7708466125193709,NaN,0,12.164198271524867,-3.667766849935063,0,0,0,0
2025-07-03T07:00:00+07:00,0.001643,0.001681,0.001643,0.001647,0,0,0,0,0,0,3381024618,1.9471123444522576,NaN,0,18.991015578875988,6.436905847010034,0,0,0,0
2025-07-03T11:00:00+07:00,0.001647,0.001714,0.001644,0.001684,0,0,0,0,0,0,7487680426,3.413831736035771,NaN,0,26.0628532068646,15.498457010459788,0,0,0,0
2025-07-03T15:00:00+07:00,0.001684,0.001693,0.001639,0.001643,0,0,0,0,0,0,3129895429,4.622049725499078,NaN,0,25.515460324602323,20.967132123595125,0,0,0,0
2025-07-03T19:00:00+07:00,0.001643,0.001674,0.001583,0.001587,0,0,0,0,0,0,6675693902,4.190230883054756,NaN,0,17.974693204490823,21.351339758048937,0,0,0,0
2025-07-03T23:00:00+07:00,0.001587,0.001632,0.001586,0.001631,0,0,0,0,0,0,2226154867,3.7892562436421713,NaN,0,12.960608051904094,18.957661069593062,0,0,0,0
2025-07-04T03:00:00+07:00,0.001631,0.001649,0.00162,0.00164,0,0,0,0,0,0,1890972961,3.6901842437083445,NaN,0,9.688318949153226,15.420125361528282,0,0,0,0
2025-07-04T07:00:00+07:00,0.001639,0.001669,0.001609,0.001613,0,0,0,0,0,0,3076007356,3.9074568902538402,NaN,0,4.1025432965929,10.640844211258242,0,0,0,0
2025-07-04T11:00:00+07:00,0.001613,0.001621,0.001556,0.00156,0,0,0,1,0,0,2719328017,2.7406241050995632,NaN,0,-3.261764784073836,4.87081436145074,0,0,0,0
2025-07-04T15:00:00+07:00,0.001561,0.001589,0.001543,0.00157,0,0,0,0,0,0,2527286799,1.3596348682802457,NaN,0,-8.43426209266526,-0.7048995839754937,0,0,0,0
2025-07-04T19:00:00+07:00,0.00157,0.00158,0.001509,0.001509,0,0,0,0,0,0,6117270339,NaN,-0.39290305812061277,0,-16.625880545226547,-7.250555993778418,0,0,0,0
2025-07-04T23:00:00+07:00,0.001509,0.001514,0.001485,0.001495,0,0,0,0,0,0,5056022153,NaN,-1.5508413087840296,0,-24.618484160206616,-14.487981035432655,0,0,0,0
2025-07-05T03:00:00+07:00,0.001495,0.001531,0.001492,0.001518,0,0,0,0,0,0,1865192623,NaN,-3.0022204767814173,0,-28.871220020618487,-20.855864489933527,0,0,0,0
2025-07-05T07:00:00+07:00,0.001519,0.001546,0.001508,0.001531,0,0,0,0,0,0,2635586606,NaN,-4.4719934541253075,0,-29.97284080975772,-25.392703986333384,0,0,0,0
2025-07-05T11:00:00+07:00,0.001531,0.001561,0.001513,0.001543,0,0,0,0,0,0,2024495899,NaN,-5.517347648092446,0,-28.647463654276045,-27.707012695860424,0,0,0,0
2025-07-05T15:00:00+07:00,0.001543,0.001548,0.001517,0.00152,0,0,0,0,0,0,2123784079,NaN,-6.488033685347649,0,-28.900892409394988,-28.758250886319725,0,0,0,0
2025-07-05T19:00:00+07:00,0.00152,0.001521,0.001495,0.001502,0,0,0,0,0,0,1645873139,NaN,-7.689393524342407,0,-30.381843061898824,-29.48480517000241,0,0,0,0
2025-07-05T23:00:00+07:00,0.001502,0.001514,0.001466,0.001484,0,0,0,0,0,0,2443438772,NaN,-8.156756949940906,0,-32.484442911997604,-30.528002143605203,0,0,0,0
2025-07-06T03:00:00+07:00,0.001484,0.001516,0.001482,0.001509,0,0,0,0,0,0,1285636283,NaN,-8.644610879181222,0,-32.33850042133986,-31.281670094230147,0,0,0,0
2025-07-06T07:00:00+07:00,0.001509,0.001517,0.001492,0.001496,0,0,0,0,0,0,1164295614,NaN,-9.12632418895201,0,-33.37277397520534,-32.22238525537144,0,0,0,0
2025-07-06T11:00:00+07:00,0.001497,0.001531,0.001488,0.001515,0,0,0,0,0,0,2306022795,NaN,-9.982337486874895,0,-30.851796472946813,-32.0077538943646,0,0,0,0
2025-07-06T15:00:00+07:00,0.001514,0.001543,0.001502,0.001541,0,0,0,0,0,0,2701163212,NaN,-10.991711591716605,0,-22.693090896012944,-28.94349373680969,0,0,0,0
2025-07-06T19:00:00+07:00,0.001542,0.001621,0.001536,0.001606,0,0,0,0,0,0,7045226804,NaN,-10.20544071459116,0,-9.324658859401884,-21.935673044776813,0,0,0,0
2025-07-06T23:00:00+07:00,0.001605,0.001614,0.001578,0.001588,0,0,0,0,0,0,2482914868,NaN,-9.475332042974676,0,-0.47116954391130556,-13.52067485108679,0,0,0,0
2025-07-07T03:00:00+07:00,0.001588,0.001637,0.001579,0.001586,0,0,1,0,0,0,2626300710,NaN,-8.385722973115541,0,4.494693132865625,-5.57487782363303,0,0,0,0
2025-07-07T07:00:00+07:00,0.001587,0.001637,0.001584,0.001607,0,0,0,0,0,0,2954927500,NaN,-7.373943122532058,0,9.888119105135138,1.6442300540391706,0,0,0,0
2025-07-07T11:00:00+07:00,0.001607,0.001618,0.001574,0.00161,0,0,0,0,0,0,2384819619,NaN,-6.7829535075058125,0,14.573461264562221,7.709124279648269,0,0,0,0
2025-07-07T15:00:00+07:00,0.00161,0.001618,0.001567,0.001573,0,0,0,0,0,0,3220663221,NaN,-6.480186650624059,0,10.535031416602704,9.943438411899185,0,0,0,0
2025-07-07T19:00:00+07:00,0.001573,0.001592,0.001548,0.001565,0,0,0,0,0,0,3840200102,NaN,-6.846689828936928,0,4.079642216011156,8.701976792219277,0,0,0,0
2025-07-07T23:00:00+07:00,0.001565,0.00158,0.00154,0.001557,0,0,0,1,0,0,3401220416,NaN,-7.450105439659737,0,-3.2360526029289676,4.718562782231165,0,0,0,0
2025-07-08T03:00:00+07:00,0.001556,0.001557,0.001527,0.001549,0,0,0,0,0,0,1974237455,NaN,-8.43191345973339,0,-9.592773498849542,-0.8683751440108319,0,0,0,0
2025-07-08T07:00:00+07:00,0.001549,0.001561,0.001519,0.001524,0,0,0,0,0,0,2476930912,NaN,-9.598802911769901,0,-18.35618722287854,-8.077724804663516,0,0,0,0
2025-07-08T11:00:00+07:00,0.001525,0.001555,0.001512,0.001541,0,0,0,0,0,0,2243265800,NaN,-10.49051929031026,0,-21.543094536043753,-14.154067003875221,0,0,0,0
2025-07-08T15:00:00+07:00,0.001542,0.001568,0.001524,0.001554,0,0,0,0,0,0,1916579642,NaN,-11.300703317706356,0,-20.393340601536142,-17.70861616140796,0,0,0,0
2025-07-08T19:00:00+07:00,0.001555,0.001578,0.001529,0.001537,0,0,0,0,0,0,2510568876,NaN,-11.730108360702275,0,-21.339842339779135,-19.947133710518543,0,0,0,0
2025-07-08T23:00:00+07:00,0.001538,0.001607,0.001526,0.001592,0,0,0,0,0,0,3380892005,NaN,-11.289790250013024,0,-14.825187176312145,-18.80718022268345,0,0,0,0
2025-07-09T03:00:00+07:00,0.001592,0.0016,0.001575,0.001584,0,0,0,0,0,0,1660155518,NaN,-10.880923432944433,0,-9.70578262446582,-15.611930972402075,0,0,0,0
2025-07-09T07:00:00+07:00,0.001585,0.001589,0.001551,0.001563,0,0,0,0,0,0,2093032991,NaN,-11.429790356837415,0,-8.526438123860515,-12.600260528479781,0,0,0,0
2025-07-09T11:00:00+07:00,0.001563,0.001604,0.001559,0.001599,0,0,0,0,0,0,2788809184,NaN,-11.483268313780195,0,-1.8491200125501288,-8.230594474932905,0,0,0,0
2025-07-09T15:00:00+07:00,0.001598,0.00161,0.001589,0.001602,0,0,1,0,0,0,2262481726,NaN,-11.355059632044778,0,4.201940464932783,-3.0801896348241287,0,0,0,0
2025-07-09T19:00:00+07:00,0.001601,0.00162,0.001576,0.00159,0,0,0,0,0,0,4727528795,NaN,-11.750661359577602,0,5.126596198533539,0.6756482628374397,0,0,0,0
2025-07-09T23:00:00+07:00,0.00159,0.001659,0.001578,0.001654,0,0,0,0,0,0,4464112526,NaN,-11.015518424050805,0,11.249510129135311,5.14233857904322,0,0,0,0
2025-07-10T03:00:00+07:00,0.001655,0.001705,0.001632,0.001694,0,0,0,0,0,0,3967172659,NaN,-9.372585485324333,0,18.974152398361603,10.78689013475102,0,0,0,0
2025-07-10T07:00:00+07:00,0.001694,0.001731,0.001663,0.001706,0,0,0,0,0,0,4464190339,NaN,-7.411832787271496,0,26.948404269205486,17.256152945925308,0,0,0,0
2025-07-10T11:00:00+07:00,0.001706,0.001735,0.001694,0.001708,0,0,0,0,0,0,3582400981,NaN,-5.527031923112716,0,33.519766962404574,23.99603503604892,0,0,0,0
2025-07-10T15:00:00+07:00,0.001707,0.001729,0.001696,0.001725,0,0,0,0,0,0,3070574197,NaN,-3.776859692108129,0,40.10767482685641,30.97736464782502,0,0,0,0
2025-07-10T19:00:00+07:00,0.001725,0.001757,0.001698,0.001718,0,0,0,0,0,0,5242486812,NaN,-1.6976216804070532,0,42.54384313220206,36.43867845282815,0,0,0,0
2025-07-10T23:00:00+07:00,0.001719,0.001808,0.001715,0.00178,0,0,0,0,0,0,6294950348,0.8789698415676241,NaN,0,46.96275446117982,41.28667383395275,0,0,0,0
2025-07-11T03:00:00+07:00,0.00178,0.001955,0.001779,0.001911,0,0,0,0,0,0,6840853822,4.31926743772631,NaN,0,51.8174317383007,45.88698816992975,0,0,0,0
2025-07-11T07:00:00+07:00,0.001912,0.001982,0.001875,0.001966,0,0,0,0,0,0,4685356706,7.637419565823961,NaN,0,56.854172252023126,50.50828084587456,0,0,0,0
2025-07-11T11:00:00+07:00,0.001965,0.002019,0.001909,0.001925,0,0,0,0,0,0,6757323047,10.873548137031683,NaN,0,54.86714208421127,52.911603113240844,0,0,0,0
2025-07-11T15:00:00+07:00,0.001926,0.00197,0.001924,0.001928,0,0,0,0,0,0,3469180863,13.87852466743886,NaN,0,51.50416629767549,53.20996896793822,0,0,0,0
2025-07-11T19:00:00+07:00,0.001928,0.001979,0.001867,0.001881,0,0,0,0,0,0,5799501303,14.915536325153624,NaN,0,42.83094305082023,50.019905529318926,0,0,0,0
2025-07-11T23:00:00+07:00,0.001882,0.001959,0.001866,0.001956,0,0,0,0,0,0,3635868280,15.849993356219358,NaN,0,38.39297385780822,45.62597312038627,0,0,0,0
2025-07-12T03:00:00+07:00,0.001956,0.001956,0.001814,0.001853,0,0,0,0,0,0,3591744033,15.328993675419419,NaN,0,30.39806884100558,39.46203623121892,0,0,0,0
2025-07-12T07:00:00+07:00,0.001854,0.001873,0.001806,0.001861,0,0,0,0,0,0,2973090296,14.648504738144439,NaN,0,24.367758712178304,33.051736193176964,0,0,0,0
2025-07-12T11:00:00+07:00,0.001862,0.001862,0.001788,0.001821,0,0,0,0,0,0,2823357764,13.572034872592418,NaN,0,17.630064303248393,26.42883024362724,0,0,0,0
2025-07-12T15:00:00+07:00,0.001821,0.001828,0.001786,0.001801,0,0,0,0,0,0,1824458921,12.522075545230436,NaN,0,11.416254129994115,19.992927702621227,0,0,0,0
2025-07-12T19:00:00+07:00,0.0018,0.001811,0.001693,0.001708,0,0,0,0,0,0,4963431582,10.091209701893213,NaN,0,2.312368119251958,12.616709086089575,0,0,0,0
2025-07-12T23:00:00+07:00,0.001708,0.001774,0.001694,0.001768,0,0,0,1,0,0,3090254207,7.833977133080076,NaN,0,-1.2410942663078381,6.461376723608406,0,0,0,0
2025-07-13T03:00:00+07:00,0.001768,0.001782,0.001733,0.001775,0,0,0,0,0,0,2287821233,5.578585394175867,NaN,0,-2.6758240184092483,1.9370786509143263,0,0,0,0
2025-07-13T07:00:00+07:00,0.001775,0.001797,0.00176,0.001771,0,0,0,0,0,0,1770812075,3.606275454257684,NaN,0,-3.4555814326014374,-1.0442330444713108,0,0,0,0
2025-07-13T11:00:00+07:00,0.001771,0.001817,0.00176,0.001799,0,0,0,0,0,0,1893767555,2.1666029790350763,NaN,0,-1.5515442923603737,-1.9851559773866054,0,0,0,0
2025-07-13T15:00:00+07:00,0.001799,0.001822,0.001759,0.001821,1,0,1,0,1,0,2183914779,0.9277843284057887,NaN,0,3.138122974608995,-0.49833659315514445,1,0,1,0
2025-07-13T19:00:00+07:00,0.001821,0.001858,0.001804,0.001829,0,0,0,0,0,0,4992133399,0.44814087899793975,NaN,0,8.357241159848249,2.6731385291322654,0,0,0,0
2025-07-13T23:00:00+07:00,0.001829,0.00186,0.001795,0.001829,0,0,0,0,0,0,2911137403,NaN,-0.22944420684040523,0,12.894965168978002,6.717299292719186,0,0,0,0
2025-07-14T03:00:00+07:00,0.001828,0.001852,0.001778,0.001802,0,0,0,0,0,0,2653493678,NaN,-1.2939451660977,0,12.588554255337511,9.621270472600127,0,0,0,0
2025-07-14T07:00:00+07:00,0.001802,0.001904,0.001784,0.001875,0,0,0,0,0,0,4170071782,NaN,-1.3323205405437513,0,16.878652329078456,12.885665297865454,0,0,0,0
2025-07-14T11:00:00+07:00,0.001876,0.001944,0.001856,0.001885,0,0,0,0,0,0,6751529332,NaN,-0.7701321884935695,0,20.93756682093973,16.274351845655286,0,0,0,0
2025-07-14T15:00:00+07:00,0.001886,0.001888,0.001838,0.001859,0,0,0,0,0,0,2833372643,NaN,-0.7192315358702537,0,20.142271768076977,18.21131045273548,0,0,0,0
2025-07-14T19:00:00+07:00,0.001859,0.001885,0.001772,0.001792,0,0,0,0,0,0,4299899893,NaN,-2.1469860250006043,0,12.13309915193588,16.69287614722006,0,0,0,0
2025-07-14T23:00:00+07:00,0.001792,0.00183,0.001774,0.001786,0,0,0,0,0,0,3485438760,NaN,-3.4727580506216427,0,3.3396541942329208,12.294084590273133,0,0,0,0
2025-07-15T03:00:00+07:00,0.001786,0.001797,0.001754,0.001786,0,0,0,1,0,0,2100159896,NaN,-4.908050788008975,0,-3.6088291997567308,6.19572523940329,0,0,0,0
2025-07-15T07:00:00+07:00,0.001785,0.001795,0.001703,0.001727,0,0,0,0,0,0,3785946725,NaN,-5.318475134362956,0,-13.460739573502723,-1.8207721341262024,0,0,0,0
2025-07-15T11:00:00+07:00,0.001726,0.001766,0.001703,0.001739,0,0,0,0,0,0,2156113664,NaN,-5.699583455977368,0,-20.090360109525705,-9.753922593367191,0,0,0,0
2025-07-15T15:00:00+07:00,0.001739,0.001752,0.00172,0.001742,0,0,0,0,0,0,1765589773,NaN,-6.053469754619318,0,-23.615781982010123,-16.180038218262812,0,0,0,0
2025-07-15T19:00:00+07:00,0.001743,0.001809,0.001714,0.001796,0,0,0,0,0,0,5844390133,NaN,-7.16879377570174,0,-16.679085130190433,-17.910662816955462,0,0,0,0
2025-07-15T23:00:00+07:00,0.001795,0.001865,0.001791,0.001804,0,0,0,0,0,0,4659346464,NaN,-7.233782381123017,0,-9.267914098269523,-15.836314450046256,0,0,0,0
2025-07-16T03:00:00+07:00,0.001803,0.001901,0.001794,0.001899,0,0,1,0,0,0,3130269081,NaN,-6.767817779209089,0,2.4543436516272843,-9.477274506603928,0,0,0,0
2025-07-16T07:00:00+07:00,0.001898,0.002033,0.00189,0.001946,0,0,0,0,0,0,13310064616,NaN,-4.932449998966973,0,14.817950477171523,-0.05803783632218729,0,0,0,0
2025-07-16T11:00:00+07:00,0.001947,0.001975,0.001908,0.001952,0,0,0,0,0,0,5372055707,NaN,-3.2281799173135752,0,25.557180625080957,10.613721510816218,0,0,0,0
2025-07-16T15:00:00+07:00,0.001952,0.002004,0.001936,0.001997,0,0,0,0,0,0,4585664619,NaN,-1.3973546551371037,0,36.42149082046125,21.628720082608645,0,0,0,0
2025-07-16T19:00:00+07:00,0.001997,0.002022,0.001992,0.002013,NaN,NaN,NaN,NaN,NaN,NaN,897806026,0.4521796543808634,NaN,0,44.73319704489783,31.874248999169822,0,0,0,0