Trade #,Type,Signal,Date/Time,Price USDT,Quantity,P&L USDT,P&L %,Run-up USDT,Run-up %,Drawdown USDT,Drawdown %,Cumulative P&L USDT,Cumulative P&L %
1,Exit long,SHORT,2025-04-28 15:50,"94,587.8",10.665984,8870.9,0.89%,10973.16,1.10%,-865.01,-0.09%,8870.9,0.89%
1,Entry long,LONG,2025-04-28 10:25,"93,756.1",10.665984,8870.9,0.89%,10973.16,1.10%,-865.01,-0.09%,8870.9,0.89%
2,Exit short,LONG,2025-04-28 16:35,"94,744.7",10.665972,-1673.49,-0.17%,520.5,0.05%,-2708.09,-0.27%,7197.41,-0.17%
2,Entry short,SHORT,2025-04-28 15:50,"94,587.8",10.665972,-1673.49,-0.17%,520.5,0.05%,-2708.09,-0.27%,7197.41,-0.17%
3,Exit long,SHORT,2025-04-28 17:05,"94,648.2",10.630668,-1025.86,-0.10%,692.06,0.07%,-1134.29,-0.11%,6171.55,-0.10%
3,Entry long,LONG,2025-04-28 16:35,"94,744.7",10.630668,-1025.86,-0.10%,692.06,0.07%,-1134.29,-0.11%,6171.55,-0.10%
4,Exit short,LONG,2025-04-28 17:40,"95,100.0",10.630646,-4802.93,-0.48%,4135.32,0.41%,-5290.87,-0.53%,1368.62,-0.48%
4,Entry short,SHORT,2025-04-28 17:05,"94,648.2",10.630646,-4802.93,-0.48%,4135.32,0.41%,-5290.87,-0.53%,1368.62,-0.48%
5,Exit long,Close entry(s) order LONG,2025-04-28 19:15,"95,070.8",10.52966,-307.47,-0.03%,4106.57,0.41%,-1495.21,-0.15%,1061.16,-0.03%
5,Entry long,LONG,2025-04-28 17:40,"95,100.0",10.52966,-307.47,-0.03%,4106.57,0.41%,-1495.21,-0.15%,1061.16,-0.03%
6,Exit short,LONG,2025-04-28 23:45,"93,977.4",10.537252,10797.52,1.08%,17227.35,1.72%,-1377.22,-0.14%,11858.68,1.08%
6,Entry short,SHORT,2025-04-28 20:30,"95,002.1",10.537252,10797.52,1.08%,17227.35,1.72%,-1377.22,-0.14%,11858.68,1.08%
7,Exit long,SHORT,2025-04-29 00:20,"93,638.4",10.767042,-3650.03,-0.36%,1.08,0.00%,-4150.69,-0.41%,8208.65,-0.36%
7,Entry long,LONG,2025-04-28 23:45,"93,977.4",10.767042,-3650.03,-0.36%,1.08,0.00%,-4150.69,-0.41%,8208.65,-0.36%
8,Exit short,Close entry(s) order SHORT,2025-04-29 00:45,"93,837.9",10.767042,-2148.02,-0.21%,2282.61,0.23%,-2215.86,-0.22%,6060.63,-0.21%
8,Entry short,SHORT,2025-04-29 00:20,"93,638.4",10.767042,-2148.02,-0.21%,2282.61,0.23%,-2215.86,-0.22%,6060.63,-0.21%
9,Exit short,Close entry(s) order SHORT,2025-04-29 05:10,"94,589.2",10.642337,-590.65,-0.06%,3077.76,0.31%,-1527.18,-0.15%,5469.98,-0.06%
9,Entry short,SHORT,2025-04-29 03:20,"94,533.7",10.642337,-590.65,-0.06%,3077.76,0.31%,-1527.18,-0.15%,5469.98,-0.06%
10,Exit short,LONG,2025-04-29 07:45,"95,133.2",10.603997,-3322.23,-0.33%,0,0.00%,-3612.78,-0.36%,2147.74,-0.33%
10,Entry short,SHORT,2025-04-29 07:20,"94,819.9",10.603997,-3322.23,-0.33%,0,0.00%,-3612.78,-0.36%,2147.74,-0.33%
11,Exit long,SHORT,2025-04-29 09:05,"94,687.9",10.534153,-4690.86,-0.47%,2975.9,0.30%,-6061.35,-0.60%,-2543.11,-0.47%
11,Entry long,LONG,2025-04-29 07:45,"95,133.2",10.534153,-4690.86,-0.47%,2975.9,0.30%,-6061.35,-0.60%,-2543.11,-0.47%
12,Exit short,LONG,2025-04-29 13:20,"94,595.3",10.534153,975.46,0.10%,5623.13,0.56%,-2446.03,-0.25%,-1567.65,0.10%
12,Entry short,SHORT,2025-04-29 09:05,"94,687.9",10.534153,975.46,0.10%,5623.13,0.56%,-2446.03,-0.25%,-1567.65,0.10%
13,Exit long,SHORT,2025-04-29 15:55,"94,786.2",10.554777,2014.91,0.20%,4815.09,0.48%,-702.95,-0.07%,447.26,0.20%
13,Entry long,LONG,2025-04-29 13:20,"94,595.3",10.554777,2014.91,0.20%,4815.09,0.48%,-702.95,-0.07%,447.26,0.20%
14,Exit short,Close entry(s) order SHORT,2025-04-29 16:00,"94,983.2",10.554777,-2079.29,-0.21%,1.06,0.00%,-2096.18,-0.21%,-1632.04,-0.21%
14,Entry short,SHORT,2025-04-29 15:55,"94,786.2",10.554777,-2079.29,-0.21%,1.06,0.00%,-2096.18,-0.21%,-1632.04,-0.21%
15,Exit short,Close entry(s) order SHORT,2025-04-29 18:20,"95,180.0",10.524879,-3390.06,-0.34%,1660.83,0.17%,-4011.03,-0.40%,-5022.1,-0.34%
15,Entry short,SHORT,2025-04-29 16:15,"94,857.9",10.524879,-3390.06,-0.34%,1660.83,0.17%,-4011.03,-0.40%,-5022.1,-0.34%
16,Exit short,Close entry(s) order SHORT,2025-04-29 21:15,"94,845.8",10.467622,2166.8,0.22%,6137.17,0.62%,-876.14,-0.09%,-2855.3,0.22%
16,Entry short,SHORT,2025-04-29 18:50,"95,052.8",10.467622,2166.8,0.22%,6137.17,0.62%,-876.14,-0.09%,-2855.3,0.22%
17,Exit short,LONG,2025-04-30 06:50,"94,234.3",10.628636,-4437.46,-0.45%,1467.81,0.15%,-4486.35,-0.45%,-7292.76,-0.45%
17,Entry short,SHORT,2025-04-30 06:10,"93,816.8",10.628636,-4437.46,-0.45%,1467.81,0.15%,-4486.35,-0.45%,-7292.76,-0.45%
18,Exit long,SHORT,2025-04-30 11:40,"94,873.5",10.534435,6733.61,0.68%,9645.33,0.97%,-1610.72,-0.16%,-559.15,0.68%
18,Entry long,LONG,2025-04-30 06:50,"94,234.3",10.534435,6733.61,0.68%,9645.33,0.97%,-1610.72,-0.16%,-559.15,0.68%
19,Exit short,LONG,2025-04-30 12:05,"94,928.0",10.534457,-574.13,-0.06%,202.26,0.02%,-1733.97,-0.17%,-1133.27,-0.06%
19,Entry short,SHORT,2025-04-30 11:40,"94,873.5",10.534457,-574.13,-0.06%,202.26,0.02%,-1733.97,-0.17%,-1133.27,-0.06%
20,Exit long,SHORT,2025-04-30 12:45,"94,955.6",10.522339,290.42,0.03%,1523.63,0.15%,-432.47,-0.04%,-842.86,0.03%
20,Entry long,LONG,2025-04-30 12:05,"94,928.0",10.522339,290.42,0.03%,1523.63,0.15%,-432.47,-0.04%,-842.86,0.03%
21,Exit short,Close entry(s) order SHORT,2025-04-30 16:05,"94,724.1",10.522361,2435.93,0.24%,5401.13,0.54%,-46.3,0.00%,1593.07,0.24%
21,Entry short,SHORT,2025-04-30 12:45,"94,955.6",10.522361,2435.93,0.24%,5401.13,0.54%,-46.3,0.00%,1593.07,0.24%
22,Exit long,SHORT,2025-04-30 19:30,"94,879.3",10.550648,-554.96,-0.06%,2686.2,0.27%,-1147.91,-0.11%,1038.11,-0.06%
22,Entry long,LONG,2025-04-30 17:45,"94,931.9",10.550648,-554.96,-0.06%,2686.2,0.27%,-1147.91,-0.11%,1038.11,-0.06%
23,Exit short,LONG,2025-04-30 21:35,"94,244.0",10.550648,6702.83,0.67%,21430.48,2.14%,-1397.96,-0.14%,7740.93,0.67%
23,Entry short,SHORT,2025-04-30 19:30,"94,879.3",10.550648,6702.83,0.67%,21430.48,2.14%,-1397.96,-0.14%,7740.93,0.67%
24,Exit long,Close entry(s) order LONG,2025-04-30 23:15,"93,701.3",10.692869,-5803.02,-0.58%,99.44,0.01%,-6825.26,-0.68%,1937.91,-0.58%
24,Entry long,LONG,2025-04-30 21:35,"94,244.0",10.692869,-5803.02,-0.58%,99.44,0.01%,-6825.26,-0.68%,1937.91,-0.58%
25,Exit short,Close entry(s) order SHORT,2025-05-01 07:10,"94,256.9",10.602988,2531.99,0.25%,5786.05,0.58%,-1944.59,-0.19%,4469.91,0.25%
25,Entry short,SHORT,2025-05-01 04:40,"94,495.7",10.602988,2531.99,0.25%,5786.05,0.58%,-1944.59,-0.19%,4469.91,0.25%
26,Exit long,SHORT,2025-05-01 13:35,"94,946.8",10.604365,2381.74,0.24%,4496.25,0.45%,-967.12,-0.10%,6851.65,0.24%
26,Entry long,LONG,2025-05-01 09:20,"94,722.2",10.604365,2381.74,0.24%,4496.25,0.45%,-967.12,-0.10%,6851.65,0.24%
27,Exit short,Close entry(s) order SHORT,2025-05-01 14:45,"94,988.0",10.604376,-436.9,-0.04%,2040.28,0.20%,-640.5,-0.06%,6414.75,-0.04%
27,Entry short,SHORT,2025-05-01 13:35,"94,946.8",10.604376,-436.9,-0.04%,2040.28,0.20%,-640.5,-0.06%,6414.75,-0.04%
28,Exit long,SHORT,2025-05-01 21:00,"95,745.1",10.462822,-4650.72,-0.46%,5465.78,0.54%,-4682.11,-0.47%,1764.02,-0.46%
28,Entry long,LONG,2025-05-01 17:25,"96,189.6",10.462822,-4650.72,-0.46%,5465.78,0.54%,-4682.11,-0.47%,1764.02,-0.46%
29,Exit short,Close entry(s) order SHORT,2025-05-01 21:25,"96,289.7",10.462822,-5698.05,-0.57%,0,0.00%,-6954.64,-0.69%,-3934.03,-0.57%
29,Entry short,SHORT,2025-05-01 21:00,"95,745.1",10.462822,-5698.05,-0.57%,0,0.00%,-6954.64,-0.69%,-3934.03,-0.57%
30,Exit short,LONG,2025-05-02 01:50,"96,842.2",10.302411,-1642.2,-0.16%,3124.72,0.31%,-2820.8,-0.28%,-5576.24,-0.16%
30,Entry short,SHORT,2025-05-02 00:40,"96,682.8",10.302411,-1642.2,-0.16%,3124.72,0.31%,-2820.8,-0.28%,-5576.24,-0.16%
31,Exit long,Close entry(s) order LONG,2025-05-02 02:15,"96,429.2",10.268517,-4240.9,-0.43%,966.27,0.10%,-4505.82,-0.45%,-9817.13,-0.43%
31,Entry long,LONG,2025-05-02 01:50,"96,842.2",10.268517,-4240.9,-0.43%,966.27,0.10%,-4505.82,-0.45%,-9817.13,-0.43%
32,Exit short,LONG,2025-05-02 15:25,"96,582.2",10.276232,-2318.32,-0.23%,581.63,0.06%,-2565.97,-0.26%,-12135.45,-0.23%
32,Entry short,SHORT,2025-05-02 14:55,"96,356.6",10.276232,-2318.32,-0.23%,581.63,0.06%,-2565.97,-0.26%,-12135.45,-0.23%
33,Exit long,Close entry(s) order LONG,2025-05-02 16:05,"96,425.0",10.228247,-1607.88,-0.16%,1397.18,0.14%,-1820.63,-0.18%,-13743.33,-0.16%
33,Entry long,LONG,2025-05-02 15:25,"96,582.2",10.228247,-1607.88,-0.16%,1397.18,0.14%,-1820.63,-0.18%,-13743.33,-0.16%
34,Exit short,Close entry(s) order SHORT,2025-05-02 23:10,"97,639.0",10.157604,-5521.67,-0.56%,664.31,0.07%,-6123,-0.62%,-19265.01,-0.56%
34,Entry short,SHORT,2025-05-02 22:30,"97,095.4",10.157604,-5521.67,-0.56%,664.31,0.07%,-6123,-0.62%,-19265.01,-0.56%
35,Exit long,SHORT,2025-05-03 15:15,"96,121.6",10.185993,-1639.94,-0.17%,687.55,0.07%,-1927.19,-0.20%,-20904.95,-0.17%
35,Entry long,LONG,2025-05-03 14:40,"96,282.6",10.185993,-1639.94,-0.17%,687.55,0.07%,-1927.19,-0.20%,-20904.95,-0.17%
36,Exit short,Close entry(s) order SHORT,2025-05-03 15:35,"96,340.0",10.186004,-2224.62,-0.23%,85.56,0.01%,-2279.63,-0.23%,-23129.57,-0.23%
36,Entry short,SHORT,2025-05-03 15:15,"96,121.6",10.186004,-2224.62,-0.23%,85.56,0.01%,-2279.63,-0.23%,-23129.57,-0.23%
37,Exit long,SHORT,2025-05-03 22:50,"96,340.0",10.179423,3815.25,0.39%,4996.06,0.51%,-256.52,-0.03%,-19314.33,0.39%
37,Entry long,LONG,2025-05-03 19:25,"95,965.2",10.179423,3815.25,0.39%,4996.06,0.51%,-256.52,-0.03%,-19314.33,0.39%
38,Exit short,LONG,2025-05-04 01:15,"96,159.4",10.179423,1838.4,0.19%,5367.61,0.55%,-514.06,-0.05%,-17475.92,0.19%
38,Entry short,SHORT,2025-05-03 22:50,"96,340.0",10.179423,1838.4,0.19%,5367.61,0.55%,-514.06,-0.05%,-17475.92,0.19%
39,Exit long,Close entry(s) order LONG,2025-05-04 01:45,"96,054.9",10.217639,-1067.74,-0.11%,751,0.08%,-1117.81,-0.11%,-18543.67,-0.11%
39,Entry long,LONG,2025-05-04 01:15,"96,159.4",10.217639,-1067.74,-0.11%,751,0.08%,-1117.81,-0.11%,-18543.67,-0.11%
40,Exit long,SHORT,2025-05-04 08:45,"95,632.2",10.233299,-2823.37,-0.29%,114.61,0.01%,-4087.18,-0.42%,-21367.03,-0.29%
40,Entry long,LONG,2025-05-04 08:30,"95,908.1",10.233299,-2823.37,-0.29%,114.61,0.01%,-4087.18,-0.42%,-21367.03,-0.29%
41,Exit short,Close entry(s) order SHORT,2025-05-04 08:55,"95,937.4",10.233299,-3123.2,-0.32%,889.27,0.09%,-3760.74,-0.38%,-24490.23,-0.32%
41,Entry short,SHORT,2025-05-04 08:45,"95,632.2",10.233299,-3123.2,-0.32%,889.27,0.09%,-3760.74,-0.38%,-24490.23,-0.32%
42,Exit long,Close entry(s) order LONG,2025-05-04 09:50,"95,798.0",10.155699,-2613.06,-0.27%,2145.9,0.22%,-3086.32,-0.32%,-27103.3,-0.27%
42,Entry long,LONG,2025-05-04 09:00,"96,055.3",10.155699,-2613.06,-0.27%,2145.9,0.22%,-3086.32,-0.32%,-27103.3,-0.27%
43,Exit short,LONG,2025-05-04 17:50,"95,385.0",10.190825,845.84,0.09%,2453.95,0.25%,-795.9,-0.08%,-26257.46,0.09%
43,Entry short,SHORT,2025-05-04 16:25,"95,468.0",10.190825,845.84,0.09%,2453.95,0.25%,-795.9,-0.08%,-26257.46,0.09%
44,Exit long,SHORT,2025-05-04 18:55,"95,338.0",10.208528,-479.8,-0.05%,1253.61,0.13%,-714.6,-0.07%,-26737.26,-0.05%
44,Entry long,LONG,2025-05-04 17:50,"95,385.0",10.208528,-479.8,-0.05%,1253.61,0.13%,-714.6,-0.07%,-26737.26,-0.05%
45,Exit short,Close entry(s) order SHORT,2025-05-04 19:15,"95,462.1",10.20855,-1266.88,-0.13%,72.48,0.01%,-1280.15,-0.13%,-28004.14,-0.13%
45,Entry short,SHORT,2025-05-04 18:55,"95,338.0",10.20855,-1266.88,-0.13%,72.48,0.01%,-1280.15,-0.13%,-28004.14,-0.13%
46,Exit short,LONG,2025-05-05 07:30,"94,681.2",10.259939,572.5,0.06%,6367.32,0.66%,-2493.17,-0.26%,-27431.63,0.06%
46,Entry short,SHORT,2025-05-05 05:35,"94,737.0",10.259939,572.5,0.06%,6367.32,0.66%,-2493.17,-0.26%,-27431.63,0.06%
47,Exit long,SHORT,2025-05-05 08:10,"94,411.1",10.272032,-2774.48,-0.29%,707.74,0.07%,-3361.01,-0.35%,-30206.11,-0.29%
47,Entry long,LONG,2025-05-05 07:30,"94,681.2",10.272032,-2774.48,-0.29%,707.74,0.07%,-3361.01,-0.35%,-30206.11,-0.29%
48,Exit short,LONG,2025-05-05 09:35,"94,292.2",10.272032,1221.34,0.13%,9922.78,1.02%,-790.95,-0.08%,-28984.77,0.13%
48,Entry short,SHORT,2025-05-05 08:10,"94,411.1",10.272032,1221.34,0.13%,9922.78,1.02%,-790.95,-0.08%,-28984.77,0.13%
49,Exit long,SHORT,2025-05-05 10:20,"94,060.0",10.297938,-2391.18,-0.25%,595.22,0.06%,-2791.77,-0.29%,-31375.95,-0.25%
49,Entry long,LONG,2025-05-05 09:35,"94,292.2",10.297938,-2391.18,-0.25%,595.22,0.06%,-2791.77,-0.29%,-31375.95,-0.25%
50,Exit short,LONG,2025-05-05 11:20,"94,237.5",10.297938,-1827.88,-0.19%,888.71,0.09%,-1892.76,-0.20%,-33203.83,-0.19%
50,Entry short,SHORT,2025-05-05 10:20,"94,060.0",10.297938,-1827.88,-0.19%,888.71,0.09%,-1892.76,-0.20%,-33203.83,-0.19%
51,Exit long,SHORT,2025-05-05 14:15,"94,543.8",10.259144,3142.38,0.33%,5550.2,0.57%,-623.76,-0.06%,-30061.46,0.33%
51,Entry long,LONG,2025-05-05 11:20,"94,237.5",10.259144,3142.38,0.33%,5550.2,0.57%,-623.76,-0.06%,-30061.46,0.33%
52,Exit short,Close entry(s) order SHORT,2025-05-05 15:00,"94,696.4",10.259144,-1565.55,-0.16%,745.84,0.08%,-1602.48,-0.17%,-31627,-0.16%
52,Entry short,SHORT,2025-05-05 14:15,"94,543.8",10.259144,-1565.55,-0.16%,745.84,0.08%,-1602.48,-0.17%,-31627,-0.16%
53,Exit long,Close entry(s) order LONG,2025-05-05 20:40,"93,815.0",10.286148,-3376.94,-0.35%,2173.46,0.22%,-3839.82,-0.40%,-35003.94,-0.35%
53,Entry long,LONG,2025-05-05 19:15,"94,143.3",10.286148,-3376.94,-0.35%,2173.46,0.22%,-3839.82,-0.40%,-35003.94,-0.35%
54,Exit short,LONG,2025-05-06 04:10,"94,434.9",10.208141,991.21,0.10%,7327.4,0.76%,-598.2,-0.06%,-34012.73,0.10%
54,Entry short,SHORT,2025-05-06 02:35,"94,532.0",10.208141,991.21,0.10%,7327.4,0.76%,-598.2,-0.06%,-34012.73,0.10%
55,Exit long,SHORT,2025-05-06 06:40,"94,836.0",10.229134,4102.91,0.42%,7469.31,0.77%,-1337.97,-0.14%,-29909.83,0.42%
55,Entry long,LONG,2025-05-06 04:10,"94,434.9",10.229134,4102.91,0.42%,7469.31,0.77%,-1337.97,-0.14%,-29909.83,0.42%
56,Exit short,Close entry(s) order SHORT,2025-05-06 08:25,"94,800.1",10.229134,367.23,0.04%,4669.6,0.48%,-586.13,-0.06%,-29542.6,0.04%
56,Entry short,SHORT,2025-05-06 06:40,"94,836.0",10.229134,367.23,0.04%,4669.6,0.48%,-586.13,-0.06%,-29542.6,0.04%
57,Exit long,Close entry(s) order LONG,2025-05-06 20:10,"93,704.9",10.328948,-2584.3,-0.27%,463.77,0.05%,-2901.4,-0.30%,-32126.9,-0.27%
57,Entry long,LONG,2025-05-06 19:45,"93,955.1",10.328948,-2584.3,-0.27%,463.77,0.05%,-2901.4,-0.30%,-32126.9,-0.27%
58,Exit long,Close entry(s) order LONG,2025-05-07 03:00,"94,910.8",10.180518,-1630.92,-0.17%,497.83,0.05%,-2103.29,-0.22%,-33757.82,-0.17%
58,Entry long,LONG,2025-05-07 02:45,"95,071.0",10.180518,-1630.92,-0.17%,497.83,0.05%,-2103.29,-0.22%,-33757.82,-0.17%
59,Exit short,LONG,2025-05-07 05:00,"94,637.9",10.231681,-2061.68,-0.21%,1.02,0.00%,-2286.78,-0.24%,-35819.51,-0.21%
59,Entry short,SHORT,2025-05-07 04:30,"94,436.4",10.231681,-2061.68,-0.21%,1.02,0.00%,-2286.78,-0.24%,-35819.51,-0.21%
60,Exit long,SHORT,2025-05-07 09:00,"97,208.7",10.188101,26191.57,2.72%,31196.98,3.24%,-144.67,-0.02%,-9627.94,2.72%
60,Entry long,LONG,2025-05-07 05:00,"94,637.9",10.188101,26191.57,2.72%,31196.98,3.24%,-144.67,-0.02%,-9627.94,2.72%
61,Exit short,LONG,2025-05-07 11:15,"96,655.8",10.188101,5633,0.57%,10753.54,1.09%,-370.85,-0.04%,-3994.94,0.57%
61,Entry short,SHORT,2025-05-07 09:00,"97,208.7",10.188101,5633,0.57%,10753.54,1.09%,-370.85,-0.04%,-3994.94,0.57%
62,Exit long,SHORT,2025-05-07 11:40,"96,461.2",10.304659,-2005.29,-0.20%,0,0.00%,-2695.7,-0.27%,-6000.22,-0.20%
62,Entry long,LONG,2025-05-07 11:15,"96,655.8",10.304659,-2005.29,-0.20%,0,0.00%,-2695.7,-0.27%,-6000.22,-0.20%
63,Exit short,Close entry(s) order SHORT,2025-05-07 13:15,"96,613.6",10.304659,-1570.43,-0.16%,1990.86,0.20%,-1570.43,-0.16%,-7570.65,-0.16%
63,Entry short,SHORT,2025-05-07 11:40,"96,461.2",10.304659,-1570.43,-0.16%,1990.86,0.20%,-1570.43,-0.16%,-7570.65,-0.16%
64,Exit long,Close entry(s) order LONG,2025-05-08 00:25,"96,677.8",10.244093,-2052.92,-0.21%,147.51,0.01%,-3054.79,-0.31%,-9623.57,-0.21%
64,Entry long,LONG,2025-05-07 23:55,"96,878.2",10.244093,-2052.92,-0.21%,147.51,0.01%,-3054.79,-0.31%,-9623.57,-0.21%
65,Exit long,SHORT,2025-05-08 06:45,"96,990.0",10.189236,-2122.42,-0.21%,1686.32,0.17%,-2555.46,-0.26%,-11745.99,-0.21%
65,Entry long,LONG,2025-05-08 05:45,"97,198.3",10.189236,-2122.42,-0.21%,1686.32,0.17%,-2555.46,-0.26%,-11745.99,-0.21%
66,Exit short,Close entry(s) order SHORT,2025-05-08 07:25,"97,045.9",10.189236,-569.58,-0.06%,727.51,0.07%,-1205.39,-0.12%,-12315.56,-0.06%
66,Entry short,SHORT,2025-05-08 06:45,"96,990.0",10.189236,-569.58,-0.06%,727.51,0.07%,-1205.39,-0.12%,-12315.56,-0.06%
67,Exit long,SHORT,2025-05-08 11:55,"98,943.8",10.076356,9308.54,0.94%,13646.41,1.38%,-292.21,-0.03%,-3007.03,0.94%
67,Entry long,LONG,2025-05-08 09:15,"98,020.0",10.076356,9308.54,0.94%,13646.41,1.38%,-292.21,-0.03%,-3007.03,0.94%
68,Exit short,Close entry(s) order SHORT,2025-05-08 13:30,"98,796.5",10.076356,1484.25,0.15%,2657.14,0.27%,-1496.34,-0.15%,-1522.78,0.15%
68,Entry short,SHORT,2025-05-08 11:55,"98,943.8",10.076356,1484.25,0.15%,2657.14,0.27%,-1496.34,-0.15%,-1522.78,0.15%
69,Exit long,SHORT,2025-05-08 18:00,"99,729.9",10.015178,334.51,0.03%,1670.53,0.17%,-2001.03,-0.20%,-1188.27,0.03%
69,Entry long,LONG,2025-05-08 15:50,"99,696.5",10.015178,334.51,0.03%,1670.53,0.17%,-2001.03,-0.20%,-1188.27,0.03%
70,Exit short,Close entry(s) order SHORT,2025-05-08 21:30,"99,456.5",10.015168,2738.15,0.27%,6808.31,0.68%,-1,0.00%,1549.87,0.27%
70,Entry short,SHORT,2025-05-08 18:00,"99,729.9",10.015168,2738.15,0.27%,6808.31,0.68%,-1,0.00%,1549.87,0.27%
71,Exit long,SHORT,2025-05-09 00:50,"100,818.9",9.906526,-2785.71,-0.28%,5811.17,0.58%,-3501.96,-0.35%,-1235.84,-0.28%
71,Entry long,LONG,2025-05-08 23:40,"101,100.1",9.906526,-2785.71,-0.28%,5811.17,0.58%,-3501.96,-0.35%,-1235.84,-0.28%
72,Exit short,LONG,2025-05-09 01:25,"101,312.1",9.906517,-4885.89,-0.49%,3.96,0.00%,-5426.79,-0.54%,-6121.74,-0.49%
72,Entry short,SHORT,2025-05-09 00:50,"100,818.9",9.906517,-4885.89,-0.49%,3.96,0.00%,-5426.79,-0.54%,-6121.74,-0.49%
73,Exit long,Close entry(s) order LONG,2025-05-09 02:15,"101,021.6",9.810045,-2849.82,-0.29%,1221.35,0.12%,-3060.73,-0.31%,-8971.55,-0.29%
73,Entry long,LONG,2025-05-09 01:25,"101,312.1",9.810045,-2849.82,-0.29%,1221.35,0.12%,-3060.73,-0.31%,-8971.55,-0.29%
74,Exit short,LONG,2025-05-09 05:45,"103,171.5",9.66345,-5964.28,-0.60%,1853.45,0.19%,-6015.5,-0.61%,-14935.83,-0.60%
74,Entry short,SHORT,2025-05-09 05:05,"102,554.3",9.66345,-5964.28,-0.60%,1853.45,0.19%,-6015.5,-0.61%,-14935.83,-0.60%
75,Exit long,SHORT,2025-05-09 06:30,"102,818.7",9.547832,-3368.47,-0.34%,272.11,0.03%,-4060.69,-0.41%,-18304.31,-0.34%
75,Entry long,LONG,2025-05-09 05:45,"103,171.5",9.547832,-3368.47,-0.34%,272.11,0.03%,-4060.69,-0.41%,-18304.31,-0.34%
76,Exit short,LONG,2025-05-09 07:00,"103,228.0",9.547832,-3907.93,-0.40%,211.01,0.02%,-4308.94,-0.44%,-22212.24,-0.40%
76,Entry short,SHORT,2025-05-09 06:30,"102,818.7",9.547832,-3907.93,-0.40%,211.01,0.02%,-4308.94,-0.44%,-22212.24,-0.40%
77,Exit long,SHORT,2025-05-09 07:15,"103,019.2",9.472099,-1977.77,-0.20%,0.95,0.00%,-2347.19,-0.24%,-24190.01,-0.20%
77,Entry long,LONG,2025-05-09 07:00,"103,228.0",9.472099,-1977.77,-0.20%,0.95,0.00%,-2347.19,-0.24%,-24190.01,-0.20%
78,Exit short,Close entry(s) order SHORT,2025-05-09 07:20,"103,117.1",9.472117,-927.32,-0.10%,998.36,0.10%,-927.32,-0.10%,-25117.33,-0.10%
78,Entry short,SHORT,2025-05-09 07:15,"103,019.2",9.472117,-927.32,-0.10%,998.36,0.10%,-927.32,-0.10%,-25117.33,-0.10%
79,Exit short,Close entry(s) order SHORT,2025-05-09 09:00,"103,070.1",9.471234,-1319.34,-0.14%,3976.02,0.41%,-1839.31,-0.19%,-26436.68,-0.14%
79,Entry short,SHORT,2025-05-09 07:25,"102,930.8",9.471234,-1319.34,-0.14%,3976.02,0.41%,-1839.31,-0.19%,-26436.68,-0.14%
80,Exit long,SHORT,2025-05-09 15:50,"102,831.2",9.434749,-3375.75,-0.35%,11170.74,1.15%,-5428.75,-0.56%,-29812.43,-0.35%
80,Entry long,LONG,2025-05-09 14:00,"103,189.0",9.434749,-3375.75,-0.35%,11170.74,1.15%,-5428.75,-0.56%,-29812.43,-0.35%
81,Exit short,LONG,2025-05-09 17:10,"102,969.3",9.434758,-1302.94,-0.13%,4289.98,0.44%,-4024.87,-0.41%,-31115.37,-0.13%
81,Entry short,SHORT,2025-05-09 15:50,"102,831.2",9.434758,-1302.94,-0.13%,4289.98,0.44%,-4024.87,-0.41%,-31115.37,-0.13%
82,Exit long,Close entry(s) order LONG,2025-05-09 20:05,"102,901.3",9.409451,-639.84,-0.07%,4523.12,0.47%,-3170.04,-0.33%,-31755.21,-0.07%
82,Entry long,LONG,2025-05-09 17:10,"102,969.3",9.409451,-639.84,-0.07%,4523.12,0.47%,-3170.04,-0.33%,-31755.21,-0.07%
83,Exit long,Close entry(s) order LONG,2025-05-10 05:50,"102,863.6",9.402388,-1082.21,-0.11%,545.34,0.06%,-1082.21,-0.11%,-32837.43,-0.11%
83,Entry long,LONG,2025-05-10 05:15,"102,978.7",9.402388,-1082.21,-0.11%,545.34,0.06%,-1082.21,-0.11%,-32837.43,-0.11%
84,Exit long,Close entry(s) order LONG,2025-05-10 07:45,"102,839.9",9.399217,-547.97,-0.06%,1724.76,0.18%,-584.63,-0.06%,-33385.4,-0.06%
84,Entry long,LONG,2025-05-10 06:30,"102,898.2",9.399217,-547.97,-0.06%,1724.76,0.18%,-584.63,-0.06%,-33385.4,-0.06%
85,Exit long,SHORT,2025-05-10 15:55,"103,583.3",9.319309,-1289.79,-0.13%,3210.5,0.33%,-2874.07,-0.30%,-34675.19,-0.13%
85,Entry long,LONG,2025-05-10 15:00,"103,721.7",9.319309,-1289.79,-0.13%,3210.5,0.33%,-2874.07,-0.30%,-34675.19,-0.13%
86,Exit short,LONG,2025-05-10 16:40,"103,813.1",9.319309,-2141.58,-0.22%,2537.65,0.26%,-2348.47,-0.24%,-36816.77,-0.22%
86,Entry short,SHORT,2025-05-10 15:55,"103,583.3",9.319309,-2141.58,-0.22%,2537.65,0.26%,-2348.47,-0.24%,-36816.77,-0.22%
87,Exit long,Close entry(s) order LONG,2025-05-10 17:40,"103,652.4",9.278033,-1490.98,-0.15%,539.98,0.06%,-1643.14,-0.17%,-38307.75,-0.15%
87,Entry long,LONG,2025-05-10 16:40,"103,813.1",9.278033,-1490.98,-0.15%,539.98,0.06%,-1643.14,-0.17%,-38307.75,-0.15%
88,Exit short,Close entry(s) order SHORT,2025-05-11 09:40,"104,160.4",9.238655,-610.68,-0.06%,2566.5,0.27%,-4195.27,-0.44%,-38918.43,-0.06%
88,Entry short,SHORT,2025-05-11 07:40,"104,094.3",9.238655,-610.68,-0.06%,2566.5,0.27%,-4195.27,-0.44%,-38918.43,-0.06%
89,Exit long,Close entry(s) order LONG,2025-05-11 12:15,"104,074.2",9.246459,1236.25,0.13%,3914.95,0.41%,-1889.98,-0.20%,-37682.17,0.13%
89,Entry long,LONG,2025-05-11 10:30,"103,940.5",9.246459,1236.25,0.13%,3914.95,0.41%,-1889.98,-0.20%,-37682.17,0.13%
90,Exit long,Close entry(s) order LONG,2025-05-11 13:45,"103,718.9",9.258495,-2037.79,-0.21%,0,0.00%,-2953.46,-0.31%,-39719.97,-0.21%
90,Entry long,LONG,2025-05-11 13:35,"103,939.0",9.258495,-2037.79,-0.21%,0,0.00%,-2953.46,-0.31%,-39719.97,-0.21%
91,Exit short,LONG,2025-05-11 15:25,"103,900.0",9.269148,-2784.45,-0.29%,2931.83,0.31%,-3652.97,-0.38%,-42504.42,-0.29%
91,Entry short,SHORT,2025-05-11 13:50,"103,599.6",9.269148,-2784.45,-0.29%,2931.83,0.31%,-3652.97,-0.38%,-42504.42,-0.29%
92,Exit long,Close entry(s) order LONG,2025-05-11 20:25,"104,423.2",9.215549,4821.58,0.50%,8971.34,0.94%,-1857.85,-0.19%,-37682.84,0.50%
92,Entry long,LONG,2025-05-11 15:25,"103,900.0",9.215549,4821.58,0.50%,8971.34,0.94%,-1857.85,-0.19%,-37682.84,0.50%
93,Exit short,LONG,2025-05-11 21:45,"104,199.7",9.25929,-2497.23,-0.26%,1883.34,0.20%,-2777.79,-0.29%,-40180.07,-0.26%
93,Entry short,SHORT,2025-05-11 21:00,"103,930.0",9.25929,-2497.23,-0.26%,1883.34,0.20%,-2777.79,-0.29%,-40180.07,-0.26%
94,Exit long,Close entry(s) order LONG,2025-05-11 22:55,"103,877.9",9.21135,-2964.21,-0.31%,4105.5,0.43%,-3178.84,-0.33%,-43144.29,-0.31%
94,Entry long,LONG,2025-05-11 21:45,"104,199.7",9.21135,-2964.21,-0.31%,4105.5,0.43%,-3178.84,-0.33%,-43144.29,-0.31%
95,Exit long,SHORT,2025-05-12 01:30,"103,864.3",9.194161,-1909.63,-0.20%,327.31,0.03%,-3075.45,-0.32%,-45053.91,-0.20%
95,Entry long,LONG,2025-05-12 00:20,"104,072.0",9.194161,-1909.63,-0.20%,327.31,0.03%,-3075.45,-0.32%,-45053.91,-0.20%
96,Exit short,LONG,2025-05-12 01:40,"104,355.6",9.19417,-4517.1,-0.47%,566.36,0.06%,-4665.12,-0.49%,-49571.01,-0.47%
96,Entry short,SHORT,2025-05-12 01:30,"103,864.3",9.19417,-4517.1,-0.47%,566.36,0.06%,-4665.12,-0.49%,-49571.01,-0.47%
97,Exit long,Close entry(s) order LONG,2025-05-12 02:30,"104,487.6",9.107599,1202.2,0.13%,4047.42,0.43%,-446.27,-0.05%,-48368.81,0.13%
97,Entry long,LONG,2025-05-12 01:40,"104,355.6",9.107599,1202.2,0.13%,4047.42,0.43%,-446.27,-0.05%,-48368.81,0.13%
98,Exit short,Close entry(s) order SHORT,2025-05-12 10:25,"103,979.0",9.148188,411.67,0.04%,3286.03,0.35%,-1322.83,-0.14%,-47957.14,0.04%
98,Entry short,SHORT,2025-05-12 08:35,"104,024.0",9.148188,411.67,0.04%,3286.03,0.35%,-1322.83,-0.14%,-47957.14,0.04%
99,Exit short,Close entry(s) order SHORT,2025-05-12 15:55,"104,659.7",9.11639,-2075.8,-0.22%,3787.86,0.40%,-2297.33,-0.24%,-50032.94,-0.22%
99,Entry short,SHORT,2025-05-12 14:50,"104,432.0",9.11639,-2075.8,-0.22%,3787.86,0.40%,-2297.33,-0.24%,-50032.94,-0.22%
100,Exit long,Close entry(s) order LONG,2025-05-12 21:15,"103,945.5",9.134588,-467.69,-0.05%,5694.5,0.60%,-3494.89,-0.37%,-50500.63,-0.05%
100,Entry long,LONG,2025-05-12 19:40,"103,996.7",9.134588,-467.69,-0.05%,5694.5,0.60%,-3494.89,-0.37%,-50500.63,-0.05%
101,Exit short,LONG,2025-05-12 23:30,"102,930.4",9.256933,-3321.39,-0.35%,2097.62,0.22%,-3734.25,-0.39%,-53822.02,-0.35%
101,Entry short,SHORT,2025-05-12 22:45,"102,571.6",9.256933,-3321.39,-0.35%,2097.62,0.22%,-3734.25,-0.39%,-53822.02,-0.35%
102,Exit long,SHORT,2025-05-13 00:45,"102,723.9",9.192405,-1898.23,-0.20%,1014.84,0.11%,-2723.71,-0.29%,-55720.25,-0.20%
102,Entry long,LONG,2025-05-12 23:30,"102,930.4",9.192405,-1898.23,-0.20%,1014.84,0.11%,-2723.71,-0.29%,-55720.25,-0.20%
103,Exit short,LONG,2025-05-13 02:25,"101,822.2",9.192405,8288.79,0.88%,18806.74,1.99%,-960.61,-0.10%,-47431.46,0.88%
103,Entry short,SHORT,2025-05-13 00:45,"102,723.9",9.192405,8288.79,0.88%,18806.74,1.99%,-960.61,-0.10%,-47431.46,0.88%
104,Exit long,Close entry(s) order LONG,2025-05-13 02:30,"101,629.9",9.355232,-1799.01,-0.19%,0.94,0.00%,-2219.06,-0.23%,-49230.47,-0.19%
104,Entry long,LONG,2025-05-13 02:25,"101,822.2",9.355232,-1799.01,-0.19%,0.94,0.00%,-2219.06,-0.23%,-49230.47,-0.19%
105,Exit short,LONG,2025-05-13 03:20,"102,019.9",9.353429,-3467.32,-0.36%,1956.74,0.21%,-3668.41,-0.39%,-52697.79,-0.36%
105,Entry short,SHORT,2025-05-13 02:40,"101,649.2",9.353429,-3467.32,-0.36%,1956.74,0.21%,-3668.41,-0.39%,-52697.79,-0.36%
106,Exit long,SHORT,2025-05-13 07:05,"102,568.0",9.285465,5089.36,0.54%,9851.88,1.04%,-688.98,-0.07%,-47608.43,0.54%
106,Entry long,LONG,2025-05-13 03:20,"102,019.9",9.285465,5089.36,0.54%,9851.88,1.04%,-688.98,-0.07%,-47608.43,0.54%
107,Exit short,LONG,2025-05-13 08:25,"102,676.3",9.285465,-1005.62,-0.11%,4165.46,0.44%,-1023.26,-0.11%,-48614.04,-0.11%
107,Entry short,SHORT,2025-05-13 07:05,"102,568.0",9.285465,-1005.62,-0.11%,4165.46,0.44%,-1023.26,-0.11%,-48614.04,-0.11%
108,Exit long,Close entry(s) order LONG,2025-05-13 09:25,"102,014.0",9.265895,-6136.8,-0.65%,0,0.00%,-9572.6,-1.01%,-54750.84,-0.65%
108,Entry long,LONG,2025-05-13 08:25,"102,676.3",9.265895,-6136.8,-0.65%,0,0.00%,-9572.6,-1.01%,-54750.84,-0.65%
109,Exit long,Close entry(s) order LONG,2025-05-13 20:10,"103,513.0",9.183417,5353.93,0.57%,9184.33,0.97%,-573.05,-0.06%,-49396.91,0.57%
109,Entry long,LONG,2025-05-13 16:10,"102,930.0",9.183417,5353.93,0.57%,9184.33,0.97%,-573.05,-0.06%,-49396.91,0.57%
110,Exit long,SHORT,2025-05-14 19:55,"103,978.7",9.135319,-724.43,-0.08%,964.69,0.10%,-1809.71,-0.19%,-50121.34,-0.08%
110,Entry long,LONG,2025-05-14 18:40,"104,058.0",9.135319,-724.43,-0.08%,964.69,0.10%,-1809.71,-0.19%,-50121.34,-0.08%
111,Exit short,Close entry(s) order SHORT,2025-05-14 20:35,"104,222.7",9.135319,-2229.02,-0.23%,1870,0.20%,-3108.75,-0.33%,-52350.36,-0.23%
111,Entry short,SHORT,2025-05-14 19:55,"103,978.7",9.135319,-2229.02,-0.23%,1870,0.20%,-3108.75,-0.33%,-52350.36,-0.23%
112,Exit short,LONG,2025-05-15 15:35,"102,212.6",9.226809,4552.51,0.48%,9494.39,1.00%,-2031.74,-0.21%,-47797.85,0.48%
112,Entry short,SHORT,2025-05-15 11:00,"102,706.0",9.226809,4552.51,0.48%,9494.39,1.00%,-2031.74,-0.21%,-47797.85,0.48%
113,Exit long,Close entry(s) order LONG,2025-05-15 16:15,"101,950.0",9.315897,-2446.35,-0.26%,623.23,0.07%,-2446.35,-0.26%,-50244.21,-0.26%
113,Entry long,LONG,2025-05-15 15:35,"102,212.6",9.315897,-2446.35,-0.26%,623.23,0.07%,-2446.35,-0.26%,-50244.21,-0.26%
114,Exit long,SHORT,2025-05-15 20:40,"102,115.6",9.267899,-3357.76,-0.35%,2984.26,0.31%,-3481.95,-0.37%,-53601.96,-0.35%
114,Entry long,LONG,2025-05-15 19:30,"102,477.9",9.267899,-3357.76,-0.35%,2984.26,0.31%,-3481.95,-0.37%,-53601.96,-0.35%
115,Exit short,LONG,2025-05-15 21:20,"102,160.5",9.267908,-416.13,-0.04%,6085.31,0.64%,-2242.83,-0.24%,-54018.09,-0.04%
115,Entry short,SHORT,2025-05-15 20:40,"102,115.6",9.267908,-416.13,-0.04%,6085.31,0.64%,-2242.83,-0.24%,-54018.09,-0.04%
116,Exit long,SHORT,2025-05-15 21:45,"101,618.0",9.259761,-5023.42,-0.53%,1101.91,0.12%,-5807.72,-0.61%,-59041.52,-0.53%
116,Entry long,LONG,2025-05-15 21:20,"102,160.5",9.259761,-5023.42,-0.53%,1101.91,0.12%,-5807.72,-0.61%,-59041.52,-0.53%
117,Exit short,LONG,2025-05-15 22:05,"102,085.5",9.259761,-4328.94,-0.46%,3214.99,0.34%,-4648.4,-0.49%,-63370.45,-0.46%
117,Entry short,SHORT,2025-05-15 21:45,"101,618.0",9.259761,-4328.94,-0.46%,3214.99,0.34%,-4648.4,-0.49%,-63370.45,-0.46%
118,Exit long,SHORT,2025-05-16 01:15,"103,878.8",9.174969,16453.47,1.76%,19059.16,2.03%,-1912.98,-0.20%,-46916.98,1.76%
118,Entry long,LONG,2025-05-15 22:05,"102,085.5",9.174969,16453.47,1.76%,19059.16,2.03%,-1912.98,-0.20%,-46916.98,1.76%
119,Exit short,LONG,2025-05-16 02:55,"103,003.3",9.174952,8032.67,0.84%,12650.42,1.33%,-438.56,-0.05%,-38884.31,0.84%
119,Entry short,SHORT,2025-05-16 01:15,"103,878.8",9.174952,8032.67,0.84%,12650.42,1.33%,-438.56,-0.05%,-38884.31,0.84%
120,Exit long,Close entry(s) order LONG,2025-05-16 04:15,"103,144.9",9.330939,1321.26,0.14%,4144.8,0.43%,-1631.98,-0.17%,-37563.05,0.14%
120,Entry long,LONG,2025-05-16 02:55,"103,003.3",9.330939,1321.26,0.14%,4144.8,0.43%,-1631.98,-0.17%,-37563.05,0.14%
121,Exit long,Close entry(s) order LONG,2025-05-16 18:15,"103,720.1",9.291788,1307.35,0.14%,2514.36,0.26%,-625.34,-0.06%,-36255.69,0.14%
121,Entry long,LONG,2025-05-16 16:15,"103,579.4",9.291788,1307.35,0.14%,2514.36,0.26%,-625.34,-0.06%,-36255.69,0.14%
122,Exit short,Close entry(s) order SHORT,2025-05-17 00:25,"104,283.0",9.271621,-3128.24,-0.32%,1454.72,0.15%,-3192.22,-0.33%,-39383.94,-0.32%
122,Entry short,SHORT,2025-05-16 23:25,"103,945.6",9.271621,-3128.24,-0.32%,1454.72,0.15%,-3192.22,-0.33%,-39383.94,-0.32%
123,Exit short,LONG,2025-05-17 09:25,"103,021.1",9.337447,-1338.06,-0.14%,3139.25,0.33%,-1747.04,-0.18%,-40722,-0.14%
123,Entry short,SHORT,2025-05-17 08:15,"102,877.8",9.337447,-1338.06,-0.14%,3139.25,0.33%,-1747.04,-0.18%,-40722,-0.14%
124,Exit long,SHORT,2025-05-17 12:20,"103,512.0",9.311471,4571,0.48%,5930.48,0.62%,-0.93,0.00%,-36151,0.48%
124,Entry long,LONG,2025-05-17 09:25,"103,021.1",9.311471,4571,0.48%,5930.48,0.62%,-0.93,0.00%,-36151,0.48%
125,Exit short,Close entry(s) order SHORT,2025-05-17 13:50,"103,446.0",9.311471,614.56,0.06%,2536.44,0.26%,-388.29,-0.04%,-35536.44,0.06%
125,Entry short,SHORT,2025-05-17 12:20,"103,512.0",9.311471,614.56,0.06%,2536.44,0.26%,-388.29,-0.04%,-35536.44,0.06%
126,Exit short,LONG,2025-05-17 18:50,"102,995.0",9.381311,-1768.38,-0.18%,952.2,0.10%,-2108.92,-0.22%,-37304.82,-0.18%
126,Entry short,SHORT,2025-05-17 17:40,"102,806.5",9.381311,-1768.38,-0.18%,952.2,0.10%,-2108.92,-0.22%,-37304.82,-0.18%
127,Exit long,Close entry(s) order LONG,2025-05-17 19:55,"102,850.3",9.34699,-1352.51,-0.14%,420.61,0.04%,-1411.4,-0.15%,-38657.32,-0.14%
127,Entry long,LONG,2025-05-17 18:50,"102,995.0",9.34699,-1352.51,-0.14%,420.61,0.04%,-1411.4,-0.15%,-38657.32,-0.14%
128,Exit short,Close entry(s) order SHORT,2025-05-18 14:20,"103,513.6",9.303625,-1708.15,-0.18%,93.04,0.01%,-1708.15,-0.18%,-40365.47,-0.18%
128,Entry short,SHORT,2025-05-18 13:35,"103,330.0",9.303625,-1708.15,-0.18%,93.04,0.01%,-1708.15,-0.18%,-40365.47,-0.18%
129,Exit long,Close entry(s) order LONG,2025-05-18 17:35,"103,800.1",9.231791,-1373.69,-0.14%,360.96,0.04%,-1753.12,-0.18%,-41739.16,-0.14%
129,Entry long,LONG,2025-05-18 16:05,"103,948.9",9.231791,-1373.69,-0.14%,360.96,0.04%,-1753.12,-0.18%,-41739.16,-0.14%
130,Exit long,SHORT,2025-05-18 23:25,"105,178.7",9.131224,2149.49,0.22%,6592.74,0.69%,-857.42,-0.09%,-39589.67,0.22%
130,Entry long,LONG,2025-05-18 21:35,"104,943.3",9.131224,2149.49,0.22%,6592.74,0.69%,-857.42,-0.09%,-39589.67,0.22%
131,Exit short,LONG,2025-05-19 00:00,"105,789.2",9.131224,-5574.61,-0.58%,0,0.00%,-7496.73,-0.78%,-45164.28,-0.58%
131,Entry short,SHORT,2025-05-18 23:25,"105,178.7",9.131224,-5574.61,-0.58%,0,0.00%,-7496.73,-0.78%,-45164.28,-0.58%
132,Exit long,SHORT,2025-05-19 00:35,"105,508.8",9.025833,-2530.84,-0.27%,776.22,0.08%,-3692.47,-0.39%,-47695.12,-0.27%
132,Entry long,LONG,2025-05-19 00:00,"105,789.2",9.025833,-2530.84,-0.27%,776.22,0.08%,-3692.47,-0.39%,-47695.12,-0.27%
133,Exit short,LONG,2025-05-19 03:45,"104,098.7",9.025833,12727.33,1.34%,20683.6,2.17%,-1202.24,-0.13%,-34967.8,1.34%
133,Entry short,SHORT,2025-05-19 00:35,"105,508.8",9.025833,12727.33,1.34%,20683.6,2.17%,-1202.24,-0.13%,-34967.8,1.34%
134,Exit long,Close entry(s) order LONG,2025-05-19 05:15,"104,028.2",9.270357,-653.56,-0.07%,4183.71,0.43%,-1784.54,-0.18%,-35621.36,-0.07%
134,Entry long,LONG,2025-05-19 03:45,"104,098.7",9.270357,-653.56,-0.07%,4183.71,0.43%,-1784.54,-0.18%,-35621.36,-0.07%
135,Exit long,SHORT,2025-05-19 07:45,"105,481.5",9.063845,-8310.64,-0.86%,6488.81,0.67%,-9501.63,-0.99%,-43932,-0.86%
135,Entry long,LONG,2025-05-19 06:55,"106,398.4",9.063845,-8310.64,-0.86%,6488.81,0.67%,-9501.63,-0.99%,-43932,-0.86%
136,Exit short,LONG,2025-05-19 13:00,"102,990.7",9.063845,22576.23,2.36%,27014.79,2.83%,-58.91,-0.01%,-21355.77,2.36%
136,Entry short,SHORT,2025-05-19 07:45,"105,481.5",9.063845,22576.23,2.36%,27014.79,2.83%,-58.91,-0.01%,-21355.77,2.36%
137,Exit long,SHORT,2025-05-19 13:25,"102,566.5",9.50224,-4030.85,-0.41%,1370.22,0.14%,-4104.97,-0.42%,-25386.62,-0.41%
137,Entry long,LONG,2025-05-19 13:00,"102,990.7",9.50224,-4030.85,-0.41%,1370.22,0.14%,-4104.97,-0.42%,-25386.62,-0.41%
138,Exit short,LONG,2025-05-19 14:15,"102,566.0",9.502258,4.75,0.00%,5014.34,0.51%,-855.2,-0.09%,-25381.87,0.00%
138,Entry short,SHORT,2025-05-19 13:25,"102,566.5",9.502258,4.75,0.00%,5014.34,0.51%,-855.2,-0.09%,-25381.87,0.00%
139,Exit long,Close entry(s) order LONG,2025-05-19 17:05,"102,963.3",9.502332,3775.28,0.39%,7540.1,0.77%,-406.7,-0.04%,-21606.6,0.39%
139,Entry long,LONG,2025-05-19 14:15,"102,566.0",9.502332,3775.28,0.39%,7540.1,0.77%,-406.7,-0.04%,-21606.6,0.39%
140,Exit long,SHORT,2025-05-20 01:35,"104,781.3",9.505923,17648.7,1.80%,24668.82,2.52%,-939.19,-0.10%,-3957.9,1.80%
140,Entry long,LONG,2025-05-19 20:40,"102,924.7",9.505923,17648.7,1.80%,24668.82,2.52%,-939.19,-0.10%,-3957.9,1.80%
141,Exit short,Close entry(s) order SHORT,2025-05-20 02:35,"105,188.2",9.505914,-3867.96,-0.39%,1837.49,0.18%,-4949.73,-0.50%,-7825.86,-0.39%
141,Entry short,SHORT,2025-05-20 01:35,"104,781.3",9.505914,-3867.96,-0.39%,1837.49,0.18%,-4949.73,-0.50%,-7825.86,-0.39%
142,Exit short,LONG,2025-05-20 08:25,"106,180.6",9.380584,-3861.99,-0.39%,814.23,0.08%,-4325.39,-0.44%,-11687.84,-0.39%
142,Entry short,SHORT,2025-05-20 08:15,"105,768.9",9.380584,-3861.99,-0.39%,814.23,0.08%,-4325.39,-0.44%,-11687.84,-0.39%
143,Exit long,SHORT,2025-05-20 09:50,"106,099.9",9.307841,-751.14,-0.08%,5765.28,0.58%,-1354.29,-0.14%,-12438.98,-0.08%
143,Entry long,LONG,2025-05-20 08:25,"106,180.6",9.307841,-751.14,-0.08%,5765.28,0.58%,-1354.29,-0.14%,-12438.98,-0.08%
144,Exit short,Close entry(s) order SHORT,2025-05-20 11:50,"105,932.3",9.307841,1559.99,0.16%,5769,0.58%,-948.47,-0.10%,-10878.99,0.16%
144,Entry short,SHORT,2025-05-20 09:50,"106,099.9",9.307841,1559.99,0.16%,5769,0.58%,-948.47,-0.10%,-10878.99,0.16%
145,Exit short,LONG,2025-05-20 16:05,"105,230.1",9.413189,-1429.86,-0.14%,2537.8,0.26%,-1957,-0.20%,-12308.85,-0.14%
145,Entry short,SHORT,2025-05-20 14:40,"105,078.2",9.413189,-1429.86,-0.14%,2537.8,0.26%,-1957,-0.20%,-12308.85,-0.14%
146,Exit long,Close entry(s) order LONG,2025-05-20 17:20,"105,154.2",9.385995,-712.4,-0.07%,1329.06,0.13%,-920.77,-0.09%,-13021.25,-0.07%
146,Entry long,LONG,2025-05-20 16:05,"105,230.1",9.385995,-712.4,-0.07%,1329.06,0.13%,-920.77,-0.09%,-13021.25,-0.07%
147,Exit long,Close entry(s) order LONG,2025-05-20 19:10,"105,033.5",9.374628,-2328.66,-0.24%,0,0.00%,-2414.9,-0.24%,-15349.91,-0.24%
147,Entry long,LONG,2025-05-20 18:45,"105,281.9",9.374628,-2328.66,-0.24%,0,0.00%,-2414.9,-0.24%,-15349.91,-0.24%
148,Exit short,Close entry(s) order SHORT,2025-05-20 21:25,"104,841.6",9.424536,-3433.36,-0.35%,3412.62,0.35%,-4289.11,-0.44%,-18783.27,-0.35%
148,Entry short,SHORT,2025-05-20 20:40,"104,477.3",9.424536,-3433.36,-0.35%,3412.62,0.35%,-4289.11,-0.44%,-18783.27,-0.35%
149,Exit long,SHORT,2025-05-21 01:35,"105,856.1",9.283016,1447.22,0.15%,6306.88,0.64%,-753.78,-0.08%,-17336.04,0.15%
149,Entry long,LONG,2025-05-21 00:10,"105,700.2",9.283016,1447.22,0.15%,6306.88,0.64%,-753.78,-0.08%,-17336.04,0.15%
150,Exit short,LONG,2025-05-21 02:20,"105,949.8",9.283016,-869.82,-0.09%,6491.61,0.66%,-1530.77,-0.16%,-18205.86,-0.09%
150,Entry short,SHORT,2025-05-21 01:35,"105,856.1",9.283016,-869.82,-0.09%,6491.61,0.66%,-1530.77,-0.16%,-18205.86,-0.09%
151,Exit long,SHORT,2025-05-21 04:30,"106,279.4",9.266614,3054.28,0.31%,12442.28,1.27%,-10.19,0.00%,-15151.59,0.31%
151,Entry long,LONG,2025-05-21 02:20,"105,949.8",9.266614,3054.28,0.31%,12442.28,1.27%,-10.19,0.00%,-15151.59,0.31%
152,Exit short,Close entry(s) order SHORT,2025-05-21 04:55,"106,662.8",9.266597,-3552.81,-0.36%,1856.1,0.19%,-3712.2,-0.38%,-18704.4,-0.36%
152,Entry short,SHORT,2025-05-21 04:30,"106,279.4",9.266597,-3552.81,-0.36%,1856.1,0.19%,-3712.2,-0.38%,-18704.4,-0.36%
153,Exit long,SHORT,2025-05-21 14:15,"107,392.8",9.121958,-1663.85,-0.17%,3418.91,0.35%,-2954.6,-0.30%,-20368.25,-0.17%
153,Entry long,LONG,2025-05-21 12:20,"107,575.2",9.121958,-1663.85,-0.17%,3418.91,0.35%,-2954.6,-0.30%,-20368.25,-0.17%
154,Exit short,LONG,2025-05-21 17:40,"106,336.9",9.12195,9631.87,0.98%,12359.33,1.26%,-193.39,-0.02%,-10736.38,0.98%
154,Entry short,SHORT,2025-05-21 14:15,"107,392.8",9.12195,9631.87,0.98%,12359.33,1.26%,-193.39,-0.02%,-10736.38,0.98%
155,Exit long,Close entry(s) order LONG,2025-05-21 19:10,"106,374.9",9.303107,353.52,0.04%,3060.72,0.31%,-1156.38,-0.12%,-10382.86,0.04%
155,Entry long,LONG,2025-05-21 17:40,"106,336.9",9.303107,353.52,0.04%,3060.72,0.31%,-1156.38,-0.12%,-10382.86,0.04%
156,Exit long,SHORT,2025-05-22 00:15,"109,009.2",9.133437,6011.63,0.61%,13272.71,1.34%,-739.81,-0.07%,-4371.23,0.61%
156,Entry long,LONG,2025-05-21 21:55,"108,351.0",9.133437,6011.63,0.61%,13272.71,1.34%,-739.81,-0.07%,-4371.23,0.61%
157,Exit short,LONG,2025-05-22 02:35,"107,572.4",9.133437,13122.92,1.32%,26705.26,2.68%,-373.56,-0.04%,8751.69,1.32%
157,Entry short,SHORT,2025-05-22 00:15,"109,009.2",9.133437,13122.92,1.32%,26705.26,2.68%,-373.56,-0.04%,8751.69,1.32%
158,Exit long,Close entry(s) order LONG,2025-05-22 03:45,"107,926.4",9.377403,3319.6,0.33%,11511.7,1.14%,-897.42,-0.09%,12071.29,0.33%
158,Entry long,LONG,2025-05-22 02:35,"107,572.4",9.377403,3319.6,0.33%,11511.7,1.14%,-897.42,-0.09%,12071.29,0.33%
159,Exit long,SHORT,2025-05-22 08:30,"109,964.0",9.205677,222.78,0.02%,5616.38,0.55%,-7239.34,-0.72%,12294.07,0.02%
159,Entry long,LONG,2025-05-22 07:10,"109,939.8",9.205677,222.78,0.02%,5616.38,0.55%,-7239.34,-0.72%,12294.07,0.02%
160,Exit short,LONG,2025-05-22 09:20,"110,121.0",9.205686,-1445.29,-0.14%,2979.88,0.29%,-3118.89,-0.31%,10848.77,-0.14%
160,Entry short,SHORT,2025-05-22 08:30,"109,964.0",9.205686,-1445.29,-0.14%,2979.88,0.29%,-3118.89,-0.31%,10848.77,-0.14%
161,Exit long,SHORT,2025-05-22 12:20,"111,353.4",9.179436,11312.74,1.12%,16021.79,1.58%,-594.83,-0.06%,22161.51,1.12%
161,Entry long,LONG,2025-05-22 09:20,"110,121.0",9.179436,11312.74,1.12%,16021.79,1.58%,-594.83,-0.06%,22161.51,1.12%
162,Exit short,Close entry(s) order SHORT,2025-05-22 12:30,"111,415.1",9.179436,-566.37,-0.06%,1004.23,0.10%,-930.79,-0.09%,21595.14,-0.06%
162,Entry short,SHORT,2025-05-22 12:20,"111,353.4",9.179436,-566.37,-0.06%,1004.23,0.10%,-930.79,-0.09%,21595.14,-0.06%
163,Exit long,Close entry(s) order LONG,2025-05-22 21:00,"110,870.9",9.173798,-4488.74,-0.44%,2039.34,0.20%,-4730.01,-0.46%,17106.4,-0.44%
163,Entry long,LONG,2025-05-22 19:35,"111,360.2",9.173798,-4488.74,-0.44%,2039.34,0.20%,-4730.01,-0.46%,17106.4,-0.44%
164,Exit short,Close entry(s) order SHORT,2025-05-23 05:10,"110,988.5",9.177093,-1440.8,-0.14%,1169.16,0.11%,-1999.69,-0.20%,15665.6,-0.14%
164,Entry short,SHORT,2025-05-23 04:25,"110,831.5",9.177093,-1440.8,-0.14%,1169.16,0.11%,-1999.69,-0.20%,15665.6,-0.14%
165,Exit long,SHORT,2025-05-23 13:15,"110,450.0",9.163969,-3505.22,-0.35%,154.87,0.02%,-3804.88,-0.37%,12160.38,-0.35%
165,Entry long,LONG,2025-05-23 12:15,"110,832.5",9.163969,-3505.22,-0.35%,154.87,0.02%,-3804.88,-0.37%,12160.38,-0.35%
166,Exit short,LONG,2025-05-23 14:10,"110,636.8",9.163969,-1711.83,-0.17%,902.65,0.09%,-2175.53,-0.21%,10448.55,-0.17%
166,Entry short,SHORT,2025-05-23 13:15,"110,450.0",9.163969,-1711.83,-0.17%,902.65,0.09%,-2175.53,-0.21%,10448.55,-0.17%
167,Exit long,SHORT,2025-05-23 17:15,"110,896.2",9.133007,2369.1,0.23%,6495.39,0.64%,-1137.06,-0.11%,12817.65,0.23%
167,Entry long,LONG,2025-05-23 14:10,"110,636.8",9.133007,2369.1,0.23%,6495.39,0.64%,-1137.06,-0.11%,12817.65,0.23%
168,Exit short,LONG,2025-05-23 17:55,"111,051.5",9.133023,-1418.36,-0.14%,1124.28,0.11%,-2361.8,-0.23%,11399.29,-0.14%
168,Entry short,SHORT,2025-05-23 17:15,"110,896.2",9.133023,-1418.36,-0.14%,1124.28,0.11%,-2361.8,-0.23%,11399.29,-0.14%
169,Exit long,Close entry(s) order LONG,2025-05-23 18:20,"110,800.1",9.107479,-2289.62,-0.23%,111.11,0.01%,-2375.23,-0.23%,9109.67,-0.23%
169,Entry long,LONG,2025-05-23 17:55,"111,051.5",9.107479,-2289.62,-0.23%,111.11,0.01%,-2375.23,-0.23%,9109.67,-0.23%
170,Exit long,Close entry(s) order LONG,2025-05-23 22:15,"109,094.8",9.224037,-2815.18,-0.28%,5254.01,0.52%,-5485.53,-0.54%,6294.5,-0.28%
170,Entry long,LONG,2025-05-23 20:35,"109,400.0",9.224037,-2815.18,-0.28%,5254.01,0.52%,-5485.53,-0.54%,6294.5,-0.28%
171,Exit long,Close entry(s) order LONG,2025-05-24 01:15,"109,187.7",9.207334,-965.85,-0.10%,4303.51,0.43%,-1659.16,-0.16%,5328.65,-0.10%
171,Entry long,LONG,2025-05-24 00:05,"109,292.6",9.207334,-965.85,-0.10%,4303.51,0.43%,-1659.16,-0.16%,5328.65,-0.10%
172,Exit short,LONG,2025-05-24 04:45,"108,478.4",9.252109,1675.56,0.17%,5000.77,0.50%,-163.76,-0.02%,7004.2,0.17%
172,Entry short,SHORT,2025-05-24 03:00,"108,659.5",9.252109,1675.56,0.17%,5000.77,0.50%,-163.76,-0.02%,7004.2,0.17%
173,Exit long,Close entry(s) order LONG,2025-05-24 05:30,"108,257.3",9.282992,-2052.47,-0.20%,1458.36,0.14%,-4440.98,-0.44%,4951.73,-0.20%
173,Entry long,LONG,2025-05-24 04:45,"108,478.4",9.282992,-2052.47,-0.20%,1458.36,0.14%,-4440.98,-0.44%,4951.73,-0.20%
174,Exit long,Close entry(s) order LONG,2025-05-24 09:00,"107,437.6",9.353495,-34.61,0.00%,3699.31,0.37%,-1264.59,-0.13%,4917.13,0.00%
174,Entry long,LONG,2025-05-24 07:45,"107,441.3",9.353495,-34.61,0.00%,3699.31,0.37%,-1264.59,-0.13%,4917.13,0.00%
175,Exit short,LONG,2025-05-24 14:05,"108,038.3",9.280375,2281.12,0.23%,5970.07,0.59%,-954.95,-0.10%,7198.24,0.23%
175,Entry short,SHORT,2025-05-24 12:20,"108,284.1",9.280375,2281.12,0.23%,5970.07,0.59%,-954.95,-0.10%,7198.24,0.23%
176,Exit long,SHORT,2025-05-24 14:55,"107,724.5",9.32262,-2925.44,-0.29%,1337.8,0.13%,-3556.58,-0.35%,4272.81,-0.29%
176,Entry long,LONG,2025-05-24 14:05,"108,038.3",9.32262,-2925.44,-0.29%,1337.8,0.13%,-3556.58,-0.35%,4272.81,-0.29%
177,Exit short,Close entry(s) order SHORT,2025-05-24 15:45,"108,027.6",9.322603,-2825.68,-0.28%,1906.47,0.19%,-2923.57,-0.29%,1447.12,-0.28%
177,Entry short,SHORT,2025-05-24 14:55,"107,724.5",9.322603,-2825.68,-0.28%,1906.47,0.19%,-2923.57,-0.29%,1447.12,-0.28%
178,Exit long,SHORT,2025-05-24 19:20,"108,667.0",9.228132,1346.38,0.13%,8481.58,0.85%,-82.13,-0.01%,2793.51,0.13%
178,Entry long,LONG,2025-05-24 17:35,"108,521.1",9.228132,1346.38,0.13%,8481.58,0.85%,-82.13,-0.01%,2793.51,0.13%
179,Exit short,LONG,2025-05-24 21:20,"108,785.5",9.228132,-1093.53,-0.11%,1579.86,0.16%,-2580.19,-0.26%,1699.98,-0.11%
179,Entry short,SHORT,2025-05-24 19:20,"108,667.0",9.228132,-1093.53,-0.11%,1579.86,0.16%,-2580.19,-0.26%,1699.98,-0.11%
180,Exit long,SHORT,2025-05-24 22:35,"108,899.1",9.208028,1046.03,0.10%,3536.8,0.35%,-1486.18,-0.15%,2746.01,0.10%
180,Entry long,LONG,2025-05-24 21:20,"108,785.5",9.208028,1046.03,0.10%,3536.8,0.35%,-1486.18,-0.15%,2746.01,0.10%
181,Exit short,Close entry(s) order SHORT,2025-05-24 23:50,"109,000.8",9.208028,-936.46,-0.09%,2320.42,0.23%,-1104.04,-0.11%,1809.55,-0.09%
181,Entry short,SHORT,2025-05-24 22:35,"108,899.1",9.208028,-936.46,-0.09%,2320.42,0.23%,-1104.04,-0.11%,1809.55,-0.09%
182,Exit short,LONG,2025-05-25 07:30,"107,964.1",9.271481,822.38,0.08%,6101.56,0.61%,-2903.83,-0.29%,2631.93,0.08%
182,Entry short,SHORT,2025-05-25 06:00,"108,052.8",9.271481,822.38,0.08%,6101.56,0.61%,-2903.83,-0.29%,2631.93,0.08%
183,Exit long,SHORT,2025-05-25 07:45,"107,443.1",9.286698,-4838.37,-0.48%,1102.33,0.11%,-6614.91,-0.66%,-2206.44,-0.48%
183,Entry long,LONG,2025-05-25 07:30,"107,964.1",9.286698,-4838.37,-0.48%,1102.33,0.11%,-6614.91,-0.66%,-2206.44,-0.48%
184,Exit short,LONG,2025-05-25 08:25,"107,719.5",9.286716,-2566.85,-0.26%,2796.23,0.28%,-2567.78,-0.26%,-4773.29,-0.26%
184,Entry short,SHORT,2025-05-25 07:45,"107,443.1",9.286716,-2566.85,-0.26%,2796.23,0.28%,-2567.78,-0.26%,-4773.29,-0.26%
185,Exit long,Close entry(s) order LONG,2025-05-25 09:10,"107,527.4",9.23904,-1774.82,-0.18%,2203.51,0.22%,-1872.75,-0.19%,-6548.11,-0.18%
185,Entry long,LONG,2025-05-25 08:25,"107,719.5",9.23904,-1774.82,-0.18%,2203.51,0.22%,-1872.75,-0.19%,-6548.11,-0.18%
186,Exit short,LONG,2025-05-25 17:10,"107,106.8",9.262013,1427.28,0.14%,5630.38,0.57%,-1011.41,-0.10%,-5120.83,0.14%
186,Entry short,SHORT,2025-05-25 15:35,"107,260.9",9.262013,1427.28,0.14%,5630.38,0.57%,-1011.41,-0.10%,-5120.83,0.14%
187,Exit long,SHORT,2025-05-25 18:00,"106,903.4",9.288647,-1889.31,-0.19%,2243.21,0.23%,-3236.16,-0.33%,-7010.14,-0.19%
187,Entry long,LONG,2025-05-25 17:10,"107,106.8",9.288647,-1889.31,-0.19%,2243.21,0.23%,-3236.16,-0.33%,-7010.14,-0.19%
188,Exit short,LONG,2025-05-25 18:35,"107,039.8",9.288664,-1266.97,-0.13%,1064.48,0.11%,-2488.43,-0.25%,-8277.11,-0.13%
188,Entry short,SHORT,2025-05-25 18:00,"106,903.4",9.288664,-1266.97,-0.13%,1064.48,0.11%,-2488.43,-0.25%,-8277.11,-0.13%
189,Exit long,SHORT,2025-05-25 21:25,"107,459.3",9.265009,3886.67,0.39%,6101.94,0.62%,-566.09,-0.06%,-4390.44,0.39%
189,Entry long,LONG,2025-05-25 18:35,"107,039.8",9.265009,3886.67,0.39%,6101.94,0.62%,-566.09,-0.06%,-4390.44,0.39%
190,Exit short,Close entry(s) order SHORT,2025-05-25 21:30,"107,587.3",9.264992,-1185.92,-0.12%,0,0.00%,-1235.95,-0.12%,-5576.36,-0.12%
190,Entry short,SHORT,2025-05-25 21:25,"107,459.3",9.264992,-1185.92,-0.12%,0,0.00%,-1235.95,-0.12%,-5576.36,-0.12%
191,Exit short,LONG,2025-05-25 23:50,"107,131.2",9.315435,-3551.04,-0.36%,1458.8,0.15%,-4191.95,-0.42%,-9127.41,-0.36%
191,Entry short,SHORT,2025-05-25 23:20,"106,750.0",9.315435,-3551.04,-0.36%,1458.8,0.15%,-4191.95,-0.42%,-9127.41,-0.36%
192,Exit long,SHORT,2025-05-26 03:25,"107,498.5",9.24915,3397.21,0.34%,6999.76,0.71%,-808.38,-0.08%,-5730.19,0.34%
192,Entry long,LONG,2025-05-25 23:50,"107,131.2",9.24915,3397.21,0.34%,6999.76,0.71%,-808.38,-0.08%,-5730.19,0.34%
193,Exit short,LONG,2025-05-26 03:45,"107,648.4",9.24915,-1386.45,-0.14%,387.54,0.04%,-1513.16,-0.15%,-7116.64,-0.14%
193,Entry short,SHORT,2025-05-26 03:25,"107,498.5",9.24915,-1386.45,-0.14%,387.54,0.04%,-1513.16,-0.15%,-7116.64,-0.14%
194,Exit long,SHORT,2025-05-26 04:40,"107,367.5",9.22334,-2590.84,-0.26%,1995.01,0.20%,-4884.68,-0.49%,-9707.48,-0.26%
194,Entry long,LONG,2025-05-26 03:45,"107,648.4",9.22334,-2590.84,-0.26%,1995.01,0.20%,-4884.68,-0.49%,-9707.48,-0.26%
195,Exit short,LONG,2025-05-26 04:55,"107,584.1",9.223391,-1997.79,-0.20%,593.99,0.06%,-2397.16,-0.24%,-11705.26,-0.20%
195,Entry short,SHORT,2025-05-26 04:40,"107,367.5",9.223391,-1997.79,-0.20%,593.99,0.06%,-2397.16,-0.24%,-11705.26,-0.20%
196,Exit long,SHORT,2025-05-26 07:25,"108,868.0",9.186235,11794.21,1.19%,15625.79,1.58%,-2680.54,-0.27%,88.94,1.19%
196,Entry long,LONG,2025-05-26 04:55,"107,584.1",9.186235,11794.21,1.19%,15625.79,1.58%,-2680.54,-0.27%,88.94,1.19%
197,Exit short,LONG,2025-05-26 07:40,"109,158.8",9.186252,-2671.36,-0.27%,2309.42,0.23%,-2671.36,-0.27%,-2582.42,-0.27%
197,Entry short,SHORT,2025-05-26 07:25,"108,868.0",9.186252,-2671.36,-0.27%,2309.42,0.23%,-2671.36,-0.27%,-2582.42,-0.27%
198,Exit long,SHORT,2025-05-26 09:35,"109,342.6",9.137308,1679.44,0.17%,6370.53,0.64%,-494.33,-0.05%,-902.98,0.17%
198,Entry long,LONG,2025-05-26 07:40,"109,158.8",9.137308,1679.44,0.17%,6370.53,0.64%,-494.33,-0.05%,-902.98,0.17%
199,Exit short,Close entry(s) order SHORT,2025-05-26 10:30,"109,616.3",9.137308,-2500.88,-0.25%,1747.97,0.17%,-2882.82,-0.29%,-3403.86,-0.25%
199,Entry short,SHORT,2025-05-26 09:35,"109,342.6",9.137308,-2500.88,-0.25%,1747.97,0.17%,-2882.82,-0.29%,-3403.86,-0.25%
200,Exit long,Close entry(s) order LONG,2025-05-26 15:25,"109,734.7",9.055856,-2854.41,-0.29%,805.07,0.08%,-3095.29,-0.31%,-6258.27,-0.29%
200,Entry long,LONG,2025-05-26 15:00,"110,049.9",9.055856,-2854.41,-0.29%,805.07,0.08%,-3095.29,-0.31%,-6258.27,-0.29%
201,Exit short,Close entry(s) order SHORT,2025-05-27 00:15,"109,414.0",9.092713,-1127.5,-0.11%,1690.34,0.17%,-3385.22,-0.34%,-7385.76,-0.11%
201,Entry short,SHORT,2025-05-26 23:30,"109,290.0",9.092713,-1127.5,-0.11%,1690.34,0.17%,-3385.22,-0.34%,-7385.76,-0.11%
202,Exit short,Close entry(s) order SHORT,2025-05-27 06:50,"109,356.1",9.079879,-325.97,-0.03%,2825.66,0.28%,-529.36,-0.05%,-7711.73,-0.03%
202,Entry short,SHORT,2025-05-27 05:40,"109,320.2",9.079879,-325.97,-0.03%,2825.66,0.28%,-529.36,-0.05%,-7711.73,-0.03%
203,Exit long,Close entry(s) order LONG,2025-05-27 12:05,"108,829.2",9.113093,-518.53,-0.05%,3949.61,0.40%,-752.74,-0.08%,-8230.27,-0.05%
203,Entry long,LONG,2025-05-27 10:15,"108,886.1",9.113093,-518.53,-0.05%,3949.61,0.40%,-752.74,-0.08%,-8230.27,-0.05%
204,Exit long,Close entry(s) order LONG,2025-05-27 17:50,"109,652.2",9.04476,7.24,0.00%,1900.3,0.19%,-2573.23,-0.26%,-8223.03,0.00%
204,Entry long,LONG,2025-05-27 16:00,"109,651.4",9.04476,7.24,0.00%,1900.3,0.19%,-2573.23,-0.26%,-8223.03,0.00%
205,Exit short,LONG,2025-05-27 22:25,"109,583.8",9.033268,1876.21,0.19%,10678.23,1.08%,-3559.11,-0.36%,-6346.82,0.19%
205,Entry short,SHORT,2025-05-27 21:00,"109,791.5",9.033268,1876.21,0.19%,10678.23,1.08%,-3559.11,-0.36%,-6346.82,0.19%
206,Exit long,Close entry(s) order LONG,2025-05-28 00:25,"110,040.3",9.067518,4139.32,0.42%,7942.24,0.80%,-1213.23,-0.12%,-2207.5,0.42%
206,Entry long,LONG,2025-05-27 22:25,"109,583.8",9.067518,4139.32,0.42%,7942.24,0.80%,-1213.23,-0.12%,-2207.5,0.42%
207,Exit long,Close entry(s) order LONG,2025-05-28 07:00,"108,889.2",9.162861,-54.06,-0.01%,2012.16,0.20%,-516.79,-0.05%,-2261.56,-0.01%
207,Entry long,LONG,2025-05-28 05:50,"108,895.1",9.162861,-54.06,-0.01%,2012.16,0.20%,-516.79,-0.05%,-2261.56,-0.01%
208,Exit long,Close entry(s) order LONG,2025-05-28 20:00,"108,833.0",9.176437,960.77,0.10%,2603.36,0.26%,-490.94,-0.05%,-1300.79,0.10%
208,Entry long,LONG,2025-05-28 17:40,"108,728.3",9.176437,960.77,0.10%,2603.36,0.26%,-490.94,-0.05%,-1300.79,0.10%
209,Exit short,LONG,2025-05-29 00:05,"107,609.7",9.253023,2985.03,0.30%,8626.59,0.86%,-978.97,-0.10%,1684.24,0.30%
209,Entry short,SHORT,2025-05-28 21:10,"107,932.3",9.253023,2985.03,0.30%,8626.59,0.86%,-978.97,-0.10%,1684.24,0.30%
210,Exit long,Close entry(s) order LONG,2025-05-29 02:35,"107,407.9",9.308476,-1878.45,-0.19%,1706.24,0.17%,-2834.43,-0.28%,-194.21,-0.19%
210,Entry long,LONG,2025-05-29 00:05,"107,609.7",9.308476,-1878.45,-0.19%,1706.24,0.17%,-2834.43,-0.28%,-194.21,-0.19%
211,Exit long,Close entry(s) order LONG,2025-05-29 05:25,"107,202.7",9.315128,-1198.86,-0.12%,1914.26,0.19%,-1838.81,-0.18%,-1393.07,-0.12%
211,Entry long,LONG,2025-05-29 03:40,"107,331.4",9.315128,-1198.86,-0.12%,1914.26,0.19%,-1838.81,-0.18%,-1393.07,-0.12%
212,Exit short,Close entry(s) order SHORT,2025-05-29 08:45,"107,993.5",9.26275,-1708.98,-0.17%,175.07,0.02%,-2577.82,-0.26%,-3102.05,-0.17%
212,Entry short,SHORT,2025-05-29 08:40,"107,809.0",9.26275,-1708.98,-0.17%,175.07,0.02%,-2577.82,-0.26%,-3102.05,-0.17%
213,Exit short,LONG,2025-05-29 08:55,"108,173.7",9.24286,-2935.53,-0.29%,0.92,0.00%,-3991.99,-0.40%,-6037.58,-0.29%
213,Entry short,SHORT,2025-05-29 08:50,"107,856.1",9.24286,-2935.53,-0.29%,0.92,0.00%,-3991.99,-0.40%,-6037.58,-0.29%
214,Exit long,SHORT,2025-05-29 09:10,"107,948.8",9.188577,-2066.51,-0.21%,224.2,0.02%,-2086.73,-0.21%,-8104.09,-0.21%
214,Entry long,LONG,2025-05-29 08:55,"108,173.7",9.188577,-2066.51,-0.21%,224.2,0.02%,-2086.73,-0.21%,-8104.09,-0.21%
215,Exit short,LONG,2025-05-29 09:50,"108,282.2",9.188577,-3063.47,-0.31%,698.33,0.07%,-3072.66,-0.31%,-11167.56,-0.31%
215,Entry short,SHORT,2025-05-29 09:10,"107,948.8",9.188577,-3063.47,-0.31%,698.33,0.07%,-3072.66,-0.31%,-11167.56,-0.31%
216,Exit long,SHORT,2025-05-29 10:35,"108,090.6",9.131977,-1749.69,-0.18%,1532.35,0.15%,-1949.68,-0.20%,-12917.25,-0.18%
216,Entry long,LONG,2025-05-29 09:50,"108,282.2",9.131977,-1749.69,-0.18%,1532.35,0.15%,-1949.68,-0.20%,-12917.25,-0.18%
217,Exit short,LONG,2025-05-29 12:25,"107,575.2",9.131994,4706.63,0.48%,11078.94,1.12%,-76.71,-0.01%,-8210.62,0.48%
217,Entry short,SHORT,2025-05-29 10:35,"108,090.6",9.131994,4706.63,0.48%,11078.94,1.12%,-76.71,-0.01%,-8210.62,0.48%
218,Exit long,Close entry(s) order LONG,2025-05-29 14:45,"107,800.6",9.219498,2078.07,0.21%,3768.01,0.38%,-482.18,-0.05%,-6132.54,0.21%
218,Entry long,LONG,2025-05-29 12:25,"107,575.2",9.219498,2078.07,0.21%,3768.01,0.38%,-482.18,-0.05%,-6132.54,0.21%
219,Exit short,LONG,2025-05-30 03:25,"106,011.9",9.141659,24743.73,2.49%,28692.01,2.89%,-496.39,-0.05%,18611.18,2.49%
219,Entry short,SHORT,2025-05-29 18:50,"108,718.6",9.141659,24743.73,2.49%,28692.01,2.89%,-496.39,-0.05%,18611.18,2.49%
220,Exit long,Close entry(s) order LONG,2025-05-30 05:30,"106,137.0",9.608478,1202.02,0.12%,3873.18,0.38%,-1440.31,-0.14%,19813.2,0.12%
220,Entry long,LONG,2025-05-30 03:25,"106,011.9",9.608478,1202.02,0.12%,3873.18,0.38%,-1440.31,-0.14%,19813.2,0.12%
221,Exit short,LONG,2025-05-30 07:20,"105,905.0",9.670949,-4389.64,-0.43%,68.66,0.01%,-5294.84,-0.52%,15423.56,-0.43%
221,Entry short,SHORT,2025-05-30 06:50,"105,451.1",9.670949,-4389.64,-0.43%,68.66,0.01%,-5294.84,-0.52%,15423.56,-0.43%
222,Exit long,Close entry(s) order LONG,2025-05-30 07:50,"105,395.8",9.58806,-4882.24,-0.48%,2597.41,0.26%,-4997.3,-0.49%,10541.32,-0.48%
222,Entry long,LONG,2025-05-30 07:20,"105,905.0",9.58806,-4882.24,-0.48%,2597.41,0.26%,-4997.3,-0.49%,10541.32,-0.48%
223,Exit long,Close entry(s) order LONG,2025-05-30 11:00,"105,978.8",9.572783,3970.79,0.39%,5499.56,0.54%,-298.67,-0.03%,14512.11,0.39%
223,Entry long,LONG,2025-05-30 08:35,"105,564.0",9.572783,3970.79,0.39%,5499.56,0.54%,-298.67,-0.03%,14512.11,0.39%
224,Exit long,SHORT,2025-05-30 16:15,"105,090.7",9.633276,-2143.4,-0.21%,65.51,0.01%,-2816.77,-0.28%,12368.71,-0.21%
224,Entry long,LONG,2025-05-30 15:50,"105,313.2",9.633276,-2143.4,-0.21%,65.51,0.01%,-2816.77,-0.28%,12368.71,-0.21%
225,Exit short,LONG,2025-05-30 16:25,"105,299.8",9.633285,-2014.32,-0.20%,394.96,0.04%,-2132.81,-0.21%,10354.39,-0.20%
225,Entry short,SHORT,2025-05-30 16:15,"105,090.7",9.633285,-2014.32,-0.20%,394.96,0.04%,-2132.81,-0.21%,10354.39,-0.20%
226,Exit long,SHORT,2025-05-30 16:35,"105,125.0",9.595008,-1677.21,-0.17%,0.96,0.00%,-2058.13,-0.20%,8677.18,-0.17%
226,Entry long,LONG,2025-05-30 16:25,"105,299.8",9.595008,-1677.21,-0.17%,0.96,0.00%,-2058.13,-0.20%,8677.18,-0.17%
227,Exit short,LONG,2025-05-30 17:00,"105,580.7",9.595026,-4372.45,-0.43%,5344.43,0.53%,-4749.54,-0.47%,4304.73,-0.43%
227,Entry short,SHORT,2025-05-30 16:35,"105,125.0",9.595026,-4372.45,-0.43%,5344.43,0.53%,-4749.54,-0.47%,4304.73,-0.43%
228,Exit long,Close entry(s) order LONG,2025-05-30 18:35,"105,768.3",9.512181,1784.49,0.18%,3418.68,0.34%,-3281.7,-0.33%,6089.21,0.18%
228,Entry long,LONG,2025-05-30 17:00,"105,580.7",9.512181,1784.49,0.18%,3418.68,0.34%,-3281.7,-0.33%,6089.21,0.18%
229,Exit long,Close entry(s) order LONG,2025-05-31 02:45,"104,595.7",9.609312,-996.49,-0.10%,2480.16,0.25%,-1826.73,-0.18%,5092.73,-0.10%
229,Entry long,LONG,2025-05-31 01:25,"104,699.4",9.609312,-996.49,-0.10%,2480.16,0.25%,-1826.73,-0.18%,5092.73,-0.10%
230,Exit short,LONG,2025-05-31 10:45,"103,509.3",9.700141,1036.95,0.10%,5665.85,0.56%,-6239.13,-0.62%,6129.67,0.10%
230,Entry short,SHORT,2025-05-31 07:20,"103,616.2",9.700141,1036.95,0.10%,5665.85,0.56%,-6239.13,-0.62%,6129.67,0.10%
231,Exit long,Close entry(s) order LONG,2025-05-31 12:25,"103,698.8",9.720204,1841.98,0.18%,3443.87,0.34%,-740.68,-0.07%,7971.65,0.18%
231,Entry long,LONG,2025-05-31 10:45,"103,509.3",9.720204,1841.98,0.18%,3443.87,0.34%,-740.68,-0.07%,7971.65,0.18%
232,Exit long,SHORT,2025-05-31 23:50,"104,388.1",9.667772,1229.74,0.12%,5211.9,0.52%,-471.79,-0.05%,9201.39,0.12%
232,Entry long,LONG,2025-05-31 21:05,"104,260.9",9.667772,1229.74,0.12%,5211.9,0.52%,-471.79,-0.05%,9201.39,0.12%
233,Exit short,Close entry(s) order SHORT,2025-06-01 01:15,"104,479.5",9.667781,-883.64,-0.09%,1673.49,0.17%,-1810.78,-0.18%,8317.75,-0.09%
233,Entry short,SHORT,2025-05-31 23:50,"104,388.1",9.667781,-883.64,-0.09%,1673.49,0.17%,-1810.78,-0.18%,8317.75,-0.09%
234,Exit short,LONG,2025-06-01 09:50,"104,254.3",9.666697,522.97,0.05%,4325.85,0.43%,-791.7,-0.08%,8840.72,0.05%
234,Entry short,SHORT,2025-06-01 08:20,"104,308.4",9.666697,522.97,0.05%,4325.85,0.43%,-791.7,-0.08%,8840.72,0.05%
235,Exit long,SHORT,2025-06-01 10:10,"104,012.1",9.676748,-2343.71,-0.23%,342.56,0.03%,-2344.68,-0.23%,6497.01,-0.23%
235,Entry long,LONG,2025-06-01 09:50,"104,254.3",9.676748,-2343.71,-0.23%,342.56,0.03%,-2344.68,-0.23%,6497.01,-0.23%
236,Exit short,Close entry(s) order SHORT,2025-06-01 10:50,"104,399.8",9.67673,-3751.67,-0.37%,794.46,0.08%,-3933.59,-0.39%,2745.35,-0.37%
236,Entry short,SHORT,2025-06-01 10:10,"104,012.1",9.67673,-3751.67,-0.37%,794.46,0.08%,-3933.59,-0.39%,2745.35,-0.37%
237,Exit short,LONG,2025-06-01 15:45,"104,299.0",9.590785,2437.02,0.24%,3981.13,0.40%,-46.04,0.00%,5182.36,0.24%
237,Entry short,SHORT,2025-06-01 12:40,"104,553.1",9.590785,2437.02,0.24%,3981.13,0.40%,-46.04,0.00%,5182.36,0.24%
238,Exit long,Close entry(s) order LONG,2025-06-01 16:10,"104,132.4",9.637525,-1605.61,-0.16%,1074.58,0.11%,-2106.76,-0.21%,3576.75,-0.16%
238,Entry long,LONG,2025-06-01 15:45,"104,299.0",9.637525,-1605.61,-0.16%,1074.58,0.11%,-2106.76,-0.21%,3576.75,-0.16%
239,Exit long,SHORT,2025-06-01 23:00,"104,663.9",9.605195,1739.5,0.17%,2662.56,0.27%,-455.29,-0.05%,5316.25,0.17%
239,Entry long,LONG,2025-06-01 21:10,"104,482.8",9.605195,1739.5,0.17%,2662.56,0.27%,-455.29,-0.05%,5316.25,0.17%
240,Exit short,LONG,2025-06-01 23:10,"105,151.6",9.605186,-4684.45,-0.47%,585.92,0.06%,-5263.64,-0.52%,631.8,-0.47%
240,Entry short,SHORT,2025-06-01 23:00,"104,663.9",9.605186,-4684.45,-0.47%,585.92,0.06%,-5263.64,-0.52%,631.8,-0.47%
241,Exit long,SHORT,2025-06-02 00:00,"104,984.4",9.516087,-1591.09,-0.16%,1269.45,0.13%,-2393.3,-0.24%,-959.28,-0.16%
241,Entry long,LONG,2025-06-01 23:10,"105,151.6",9.516087,-1591.09,-0.16%,1269.45,0.13%,-2393.3,-0.24%,-959.28,-0.16%
242,Exit short,LONG,2025-06-02 00:20,"105,088.4",9.516087,-989.67,-0.10%,458.68,0.05%,-1575.86,-0.16%,-1948.96,-0.10%
242,Entry short,SHORT,2025-06-02 00:00,"104,984.4",9.516087,-989.67,-0.10%,458.68,0.05%,-1575.86,-0.16%,-1948.96,-0.10%
243,Exit long,SHORT,2025-06-02 00:45,"104,993.1",9.497234,-905.09,-0.09%,608.77,0.06%,-1018.1,-0.10%,-2854.04,-0.09%
243,Entry long,LONG,2025-06-02 00:20,"105,088.4",9.497234,-905.09,-0.09%,608.77,0.06%,-1018.1,-0.10%,-2854.04,-0.09%
244,Exit short,Close entry(s) order SHORT,2025-06-02 02:20,"104,847.6",9.497252,1381.85,0.14%,6771.54,0.68%,-1014.31,-0.10%,-1472.19,0.14%
244,Entry short,SHORT,2025-06-02 00:45,"104,993.1",9.497252,1381.85,0.14%,6771.54,0.68%,-1014.31,-0.10%,-1472.19,0.14%
245,Exit long,Close entry(s) order LONG,2025-06-02 07:30,"105,420.3",9.444781,-2857.05,-0.29%,952.03,0.10%,-3504.01,-0.35%,-4329.24,-0.29%
245,Entry long,LONG,2025-06-02 06:10,"105,722.8",9.444781,-2857.05,-0.29%,952.03,0.10%,-3504.01,-0.35%,-4329.24,-0.29%
246,Exit long,SHORT,2025-06-02 15:55,"105,236.5",9.447927,-1403.96,-0.14%,4864.74,0.49%,-1838.57,-0.18%,-5733.2,-0.14%
246,Entry long,LONG,2025-06-02 15:05,"105,385.1",9.447927,-1403.96,-0.14%,4864.74,0.49%,-1838.57,-0.18%,-5733.2,-0.14%
247,Exit short,LONG,2025-06-02 19:45,"104,174.7",9.447927,10031.81,1.01%,13524.71,1.36%,-926.84,-0.09%,4298.61,1.01%
247,Entry short,SHORT,2025-06-02 15:55,"105,236.5",9.447927,10031.81,1.01%,13524.71,1.36%,-926.84,-0.09%,4298.61,1.01%
248,Exit long,SHORT,2025-06-02 20:25,"103,831.2",9.640504,-3311.51,-0.33%,448.28,0.04%,-3467.69,-0.35%,987.09,-0.33%
248,Entry long,LONG,2025-06-02 19:45,"104,174.7",9.640504,-3311.51,-0.33%,448.28,0.04%,-3467.69,-0.35%,987.09,-0.33%
249,Exit short,Close entry(s) order SHORT,2025-06-02 20:35,"104,235.9",9.640523,-3901.52,-0.39%,0,0.00%,-4423.07,-0.44%,-2914.43,-0.39%
249,Entry short,SHORT,2025-06-02 20:25,"103,831.2",9.640523,-3901.52,-0.39%,0,0.00%,-4423.07,-0.44%,-2914.43,-0.39%
250,Exit long,Close entry(s) order LONG,2025-06-03 09:25,"106,062.2",9.432478,3343.81,0.34%,7197.92,0.72%,-813.08,-0.08%,429.39,0.34%
250,Entry long,LONG,2025-06-03 06:10,"105,707.7",9.432478,3343.81,0.34%,7197.92,0.72%,-813.08,-0.08%,429.39,0.34%
251,Exit short,LONG,2025-06-03 12:35,"105,266.0",9.497155,701.84,0.07%,2634.51,0.26%,-126.31,-0.01%,1131.23,0.07%
251,Entry short,SHORT,2025-06-03 11:10,"105,339.9",9.497155,701.84,0.07%,2634.51,0.26%,-126.31,-0.01%,1131.23,0.07%
252,Exit long,Close entry(s) order LONG,2025-06-03 13:25,"105,286.2",9.510489,192.11,0.02%,1464.62,0.15%,-542.1,-0.05%,1323.34,0.02%
252,Entry long,LONG,2025-06-03 12:35,"105,266.0",9.510489,192.11,0.02%,1464.62,0.15%,-542.1,-0.05%,1323.34,0.02%
253,Exit long,Close entry(s) order LONG,2025-06-03 18:40,"105,154.7",9.530059,807.2,0.08%,2241.47,0.22%,-562.27,-0.06%,2130.53,0.08%
253,Entry long,LONG,2025-06-03 16:05,"105,070.0",9.530059,807.2,0.08%,2241.47,0.22%,-562.27,-0.06%,2130.53,0.08%
254,Exit short,LONG,2025-06-04 01:45,"105,960.1",9.42068,3914.29,0.39%,8001.93,0.80%,-175.22,-0.02%,6044.83,0.39%
254,Entry short,SHORT,2025-06-03 23:20,"106,375.6",9.42068,3914.29,0.39%,8001.93,0.80%,-175.22,-0.02%,6044.83,0.39%
255,Exit long,Close entry(s) order LONG,2025-06-04 03:10,"106,005.2",9.49458,428.21,0.04%,4034.25,0.40%,-1146.95,-0.11%,6473.03,0.04%
255,Entry long,LONG,2025-06-04 01:45,"105,960.1",9.49458,428.21,0.04%,4034.25,0.40%,-1146.95,-0.11%,6473.03,0.04%
256,Exit short,Close entry(s) order SHORT,2025-06-04 05:25,"105,723.8",9.539929,-2123.59,-0.21%,2869.61,0.29%,-2313.43,-0.23%,4349.45,-0.21%
256,Entry short,SHORT,2025-06-04 04:20,"105,501.2",9.539929,-2123.59,-0.21%,2869.61,0.29%,-2313.43,-0.23%,4349.45,-0.21%
257,Exit short,LONG,2025-06-04 18:10,"105,748.0",9.501293,-394.3,-0.04%,980.53,0.10%,-397.15,-0.04%,3955.14,-0.04%
257,Entry short,SHORT,2025-06-04 17:45,"105,706.5",9.501293,-394.3,-0.04%,980.53,0.10%,-397.15,-0.04%,3955.14,-0.04%
258,Exit long,SHORT,2025-06-04 18:20,"105,489.4",9.493845,-2455.11,-0.24%,77.85,0.01%,-2556.69,-0.25%,1500.03,-0.24%
258,Entry long,LONG,2025-06-04 18:10,"105,748.0",9.493845,-2455.11,-0.24%,77.85,0.01%,-2556.69,-0.25%,1500.03,-0.24%
259,Exit short,LONG,2025-06-04 20:40,"105,179.0",9.493845,2946.89,0.29%,7321.65,0.73%,-576.28,-0.06%,4446.92,0.29%
259,Entry short,SHORT,2025-06-04 18:20,"105,489.4",9.493845,2946.89,0.29%,7321.65,0.73%,-576.28,-0.06%,4446.92,0.29%
260,Exit long,SHORT,2025-06-04 21:00,"104,702.5",9.54988,-4550.52,-0.45%,473.67,0.05%,-5338.38,-0.53%,-103.6,-0.45%
260,Entry long,LONG,2025-06-04 20:40,"105,179.0",9.54988,-4550.52,-0.45%,473.67,0.05%,-5338.38,-0.53%,-103.6,-0.45%
261,Exit short,LONG,2025-06-04 21:40,"104,616.6",9.54988,820.33,0.08%,5642.07,0.56%,-248.3,-0.02%,716.74,0.08%
261,Entry short,SHORT,2025-06-04 21:00,"104,702.5",9.54988,820.33,0.08%,5642.07,0.56%,-248.3,-0.02%,716.74,0.08%
262,Exit long,Close entry(s) order LONG,2025-06-04 23:30,"105,082.9",9.565545,4460.41,0.45%,8547.77,0.85%,-199.92,-0.02%,5177.15,0.45%
262,Entry long,LONG,2025-06-04 21:40,"104,616.6",9.565545,4460.41,0.45%,8547.77,0.85%,-199.92,-0.02%,5177.15,0.45%
263,Exit long,SHORT,2025-06-05 14:45,"104,491.7",9.614191,-573.97,-0.06%,114.41,0.01%,-1180.62,-0.12%,4603.19,-0.06%
263,Entry long,LONG,2025-06-05 14:30,"104,551.4",9.614191,-573.97,-0.06%,114.41,0.01%,-1180.62,-0.12%,4603.19,-0.06%
264,Exit short,LONG,2025-06-05 15:15,"104,526.4",9.614191,-333.61,-0.03%,947,0.09%,-1143.13,-0.11%,4269.57,-0.03%
264,Entry short,SHORT,2025-06-05 14:45,"104,491.7",9.614191,-333.61,-0.03%,947,0.09%,-1143.13,-0.11%,4269.57,-0.03%
265,Exit long,Close entry(s) order LONG,2025-06-05 15:20,"104,441.6",9.607826,-814.74,-0.08%,233.47,0.02%,-935.8,-0.09%,3454.83,-0.08%
265,Entry long,LONG,2025-06-05 15:15,"104,526.4",9.607826,-814.74,-0.08%,233.47,0.02%,-935.8,-0.09%,3454.83,-0.08%
266,Exit long,Close entry(s) order LONG,2025-06-05 17:35,"104,666.8",9.597846,1121.03,0.11%,3167.29,0.32%,-239.95,-0.02%,4575.86,0.11%
266,Entry long,LONG,2025-06-05 15:25,"104,550.0",9.597846,1121.03,0.11%,3167.29,0.32%,-239.95,-0.02%,4575.86,0.11%
267,Exit long,SHORT,2025-06-05 20:45,"105,350.0",9.507284,-2982.43,-0.30%,2040.26,0.20%,-3933.16,-0.39%,1593.42,-0.30%
267,Entry long,LONG,2025-06-05 19:55,"105,663.7",9.507284,-2982.43,-0.30%,2040.26,0.20%,-3933.16,-0.39%,1593.42,-0.30%
268,Exit short,LONG,2025-06-05 22:05,"104,518.7",9.507294,7903.41,0.79%,14498.62,1.45%,-50.39,-0.01%,9496.84,0.79%
268,Entry short,SHORT,2025-06-05 20:45,"105,350.0",9.507294,7903.41,0.79%,14498.62,1.45%,-50.39,-0.01%,9496.84,0.79%
269,Exit long,Close entry(s) order LONG,2025-06-05 22:15,"104,303.5",9.658546,-2078.52,-0.21%,41.53,0.00%,-2428.16,-0.24%,7418.32,-0.21%
269,Entry long,LONG,2025-06-05 22:05,"104,518.7",9.658546,-2078.52,-0.21%,41.53,0.00%,-2428.16,-0.24%,7418.32,-0.21%
270,Exit long,Close entry(s) order LONG,2025-06-05 23:15,"104,325.5",9.624175,-3370.39,-0.33%,1436.89,0.14%,-3370.39,-0.33%,4047.93,-0.33%
270,Entry long,LONG,2025-06-05 22:25,"104,675.7",9.624175,-3370.39,-0.33%,1436.89,0.14%,-3370.39,-0.33%,4047.93,-0.33%
271,Exit short,LONG,2025-06-06 04:45,"101,561.7",9.766433,12151.4,1.21%,24423.9,2.43%,-1337.02,-0.13%,16199.33,1.21%
271,Entry short,SHORT,2025-06-06 02:05,"102,805.9",9.766433,12151.4,1.21%,24423.9,2.43%,-1337.02,-0.13%,16199.33,1.21%
272,Exit long,SHORT,2025-06-06 05:15,"101,095.4",10.005733,-4665.67,-0.46%,382.22,0.04%,-5895.38,-0.58%,11533.65,-0.46%
272,Entry long,LONG,2025-06-06 04:45,"101,561.7",10.005733,-4665.67,-0.46%,382.22,0.04%,-5895.38,-0.58%,11533.65,-0.46%
273,Exit short,LONG,2025-06-06 05:35,"101,399.3",10.005733,-3040.74,-0.30%,920.53,0.09%,-3270.87,-0.32%,8492.91,-0.30%
273,Entry short,SHORT,2025-06-06 05:15,"101,095.4",10.005733,-3040.74,-0.30%,920.53,0.09%,-3270.87,-0.32%,8492.91,-0.30%
274,Exit long,Close entry(s) order LONG,2025-06-06 07:05,"101,392.7",9.945758,-65.64,-0.01%,3745.57,0.37%,-553.98,-0.05%,8427.27,-0.01%
274,Entry long,LONG,2025-06-06 05:35,"101,399.3",9.945758,-65.64,-0.01%,3745.57,0.37%,-553.98,-0.05%,8427.27,-0.01%
275,Exit long,SHORT,2025-06-06 17:45,"103,600.9",9.823172,9263.25,0.92%,10718.06,1.06%,-372.3,-0.04%,17690.52,0.92%
275,Entry long,LONG,2025-06-06 11:40,"102,657.9",9.823172,9263.25,0.92%,10718.06,1.06%,-372.3,-0.04%,17690.52,0.92%
276,Exit short,LONG,2025-06-06 18:15,"103,744.0",9.823182,-1405.7,-0.14%,337.92,0.03%,-1406.68,-0.14%,16284.82,-0.14%
276,Entry short,SHORT,2025-06-06 17:45,"103,600.9",9.823182,-1405.7,-0.14%,337.92,0.03%,-1406.68,-0.14%,16284.82,-0.14%
277,Exit long,SHORT,2025-06-06 19:45,"103,650.4",9.796082,-916.91,-0.09%,5385.89,0.53%,-2670.41,-0.26%,15367.91,-0.09%
277,Entry long,LONG,2025-06-06 18:15,"103,744.0",9.796082,-916.91,-0.09%,5385.89,0.53%,-2670.41,-0.26%,15367.91,-0.09%
278,Exit short,Close entry(s) order SHORT,2025-06-06 20:20,"103,940.0",9.796082,-2836.95,-0.28%,0,0.00%,-3401.2,-0.33%,12530.97,-0.28%
278,Entry short,SHORT,2025-06-06 19:45,"103,650.4",9.796082,-2836.95,-0.28%,0,0.00%,-3401.2,-0.33%,12530.97,-0.28%
279,Exit long,SHORT,2025-06-06 22:45,"104,637.3",9.703554,2822.76,0.28%,9088.35,0.90%,-491,-0.05%,15353.73,0.28%
279,Entry long,LONG,2025-06-06 21:20,"104,346.4",9.703554,2822.76,0.28%,9088.35,0.90%,-491,-0.05%,15353.73,0.28%
280,Exit short,Close entry(s) order SHORT,2025-06-06 22:55,"104,974.9",9.703554,-3275.92,-0.32%,0,0.00%,-3277.86,-0.32%,12077.81,-0.32%
280,Entry short,SHORT,2025-06-06 22:45,"104,637.3",9.703554,-3275.92,-0.32%,0,0.00%,-3277.86,-0.32%,12077.81,-0.32%
281,Exit short,Close entry(s) order SHORT,2025-06-07 01:10,"104,732.8",9.65712,660.55,0.07%,4148.7,0.41%,-1236.11,-0.12%,12738.36,0.07%
281,Entry short,SHORT,2025-06-06 23:55,"104,801.2",9.65712,660.55,0.07%,4148.7,0.41%,-1236.11,-0.12%,12738.36,0.07%
282,Exit short,LONG,2025-06-07 11:50,"104,687.8",9.68276,-928.58,-0.09%,0,0.00%,-1027.34,-0.10%,11809.78,-0.09%
282,Entry short,SHORT,2025-06-07 11:35,"104,591.9",9.68276,-928.58,-0.09%,0,0.00%,-1027.34,-0.10%,11809.78,-0.09%
283,Exit long,SHORT,2025-06-07 13:15,"104,803.2",9.665039,1115.35,0.11%,2575.73,0.25%,-0.97,0.00%,12925.13,0.11%
283,Entry long,LONG,2025-06-07 11:50,"104,687.8",9.665039,1115.35,0.11%,2575.73,0.25%,-0.97,0.00%,12925.13,0.11%
284,Exit short,LONG,2025-06-07 13:50,"105,161.0",9.66502,-3458.14,-0.34%,721.98,0.07%,-3458.14,-0.34%,9466.98,-0.34%
284,Entry short,SHORT,2025-06-07 13:15,"104,803.2",9.66502,-3458.14,-0.34%,721.98,0.07%,-3458.14,-0.34%,9466.98,-0.34%
285,Exit long,SHORT,2025-06-07 14:25,"104,988.1",9.599252,-1659.71,-0.16%,1267.1,0.13%,-3663.07,-0.36%,7807.27,-0.16%
285,Entry long,LONG,2025-06-07 13:50,"105,161.0",9.599252,-1659.71,-0.16%,1267.1,0.13%,-3663.07,-0.36%,7807.27,-0.16%
286,Exit short,Close entry(s) order SHORT,2025-06-07 16:25,"104,865.5",9.599252,1176.87,0.12%,3418.29,0.34%,0,0.00%,8984.14,0.12%
286,Entry short,SHORT,2025-06-07 14:25,"104,988.1",9.599252,1176.87,0.12%,3418.29,0.34%,0,0.00%,8984.14,0.12%
287,Exit long,SHORT,2025-06-07 21:25,"105,388.8",9.564447,-997.57,-0.10%,2541.27,0.25%,-1357.2,-0.13%,7986.57,-0.10%
287,Entry long,LONG,2025-06-07 20:25,"105,493.1",9.564447,-997.57,-0.10%,2541.27,0.25%,-1357.2,-0.13%,7986.57,-0.10%
288,Exit short,Close entry(s) order SHORT,2025-06-07 22:50,"105,489.8",9.564456,-966.01,-0.10%,1184.08,0.12%,-2456.15,-0.24%,7020.56,-0.10%
288,Entry short,SHORT,2025-06-07 21:25,"105,388.8",9.564456,-966.01,-0.10%,1184.08,0.12%,-2456.15,-0.24%,7020.56,-0.10%
289,Exit short,Close entry(s) order SHORT,2025-06-08 08:45,"105,603.4",9.549744,-1465.89,-0.15%,982.67,0.10%,-1673.12,-0.17%,5554.67,-0.15%
289,Entry short,SHORT,2025-06-08 07:10,"105,449.9",9.549744,-1465.89,-0.15%,982.67,0.10%,-1673.12,-0.17%,5554.67,-0.15%
290,Exit long,SHORT,2025-06-09 00:55,"106,096.7",9.541851,6804.29,0.68%,8744.15,0.87%,-870.22,-0.09%,12358.97,0.68%
290,Entry long,LONG,2025-06-08 17:45,"105,383.6",9.541851,6804.29,0.68%,8744.15,0.87%,-870.22,-0.09%,12358.97,0.68%
291,Exit short,LONG,2025-06-09 01:25,"106,250.0",9.541851,-1462.77,-0.14%,1214.68,0.12%,-1558.18,-0.15%,10896.2,-0.14%
291,Entry short,SHORT,2025-06-09 00:55,"106,096.7",9.541851,-1462.77,-0.14%,1214.68,0.12%,-1558.18,-0.15%,10896.2,-0.14%
292,Exit long,Close entry(s) order LONG,2025-06-09 03:55,"106,120.0",9.514299,-1236.86,-0.12%,353.93,0.04%,-1453.78,-0.14%,9659.34,-0.12%
292,Entry long,LONG,2025-06-09 01:25,"106,250.0",9.514299,-1236.86,-0.12%,353.93,0.04%,-1453.78,-0.14%,9659.34,-0.12%
293,Exit long,Close entry(s) order LONG,2025-06-09 08:05,"105,559.0",9.548545,-1724.47,-0.17%,1816.13,0.18%,-1817.09,-0.18%,7934.87,-0.17%
293,Entry long,LONG,2025-06-09 07:30,"105,739.6",9.548545,-1724.47,-0.17%,1816.13,0.18%,-1817.09,-0.18%,7934.87,-0.17%
294,Exit long,SHORT,2025-06-09 20:30,"107,455.0",9.482072,10961.28,1.09%,15302.17,1.52%,-29.39,0.00%,18896.15,1.09%
294,Entry long,LONG,2025-06-09 16:40,"106,299.0",9.482072,10961.28,1.09%,15302.17,1.52%,-29.39,0.00%,18896.15,1.09%
295,Exit short,LONG,2025-06-09 21:25,"107,597.1",9.482072,-1347.4,-0.13%,6207.91,0.61%,-2189.41,-0.21%,17548.75,-0.13%
295,Entry short,SHORT,2025-06-09 20:30,"107,455.0",9.482072,-1347.4,-0.13%,6207.91,0.61%,-2189.41,-0.21%,17548.75,-0.13%
296,Exit long,SHORT,2025-06-09 22:55,"107,740.0",9.457027,1351.41,0.13%,3668.38,0.36%,-1384.51,-0.14%,18900.15,0.13%
296,Entry long,LONG,2025-06-09 21:25,"107,597.1",9.457027,1351.41,0.13%,3668.38,0.36%,-1384.51,-0.14%,18900.15,0.13%
297,Exit short,Close entry(s) order SHORT,2025-06-09 23:20,"107,854.8",9.457027,-1085.67,-0.11%,1670.11,0.16%,-1335.33,-0.13%,17814.49,-0.11%
297,Entry short,SHORT,2025-06-09 22:55,"107,740.0",9.457027,-1085.67,-0.11%,1670.11,0.16%,-1335.33,-0.13%,17814.49,-0.11%
298,Exit long,SHORT,2025-06-10 06:20,"109,865.1",9.370208,11644.36,1.14%,19032.77,1.87%,-2243.23,-0.22%,29458.85,1.14%
298,Entry long,LONG,2025-06-10 03:10,"108,622.4",9.370208,11644.36,1.14%,19032.77,1.87%,-2243.23,-0.22%,29458.85,1.14%
299,Exit short,LONG,2025-06-10 06:45,"110,155.7",9.370208,-2722.98,-0.26%,233.32,0.02%,-3585.98,-0.35%,26735.86,-0.26%
299,Entry short,SHORT,2025-06-10 06:20,"109,865.1",9.370208,-2722.98,-0.26%,233.32,0.02%,-3585.98,-0.35%,26735.86,-0.26%
300,Exit long,SHORT,2025-06-10 07:15,"109,941.1",9.320786,-2000.24,-0.19%,1139,0.11%,-2352.57,-0.23%,24735.62,-0.19%
300,Entry long,LONG,2025-06-10 06:45,"110,155.7",9.320786,-2000.24,-0.19%,1139,0.11%,-2352.57,-0.23%,24735.62,-0.19%
301,Exit short,LONG,2025-06-10 07:40,"110,258.3",9.320769,-2956.55,-0.29%,263.78,0.03%,-3158.81,-0.31%,21779.07,-0.29%
301,Entry short,SHORT,2025-06-10 07:15,"109,941.1",9.320769,-2956.55,-0.29%,263.78,0.03%,-3158.81,-0.31%,21779.07,-0.29%
302,Exit long,SHORT,2025-06-10 07:55,"109,960.2",9.267139,-2762.53,-0.27%,0,0.00%,-2926.56,-0.29%,19016.54,-0.27%
302,Entry long,LONG,2025-06-10 07:40,"110,258.3",9.267139,-2762.53,-0.27%,0,0.00%,-2926.56,-0.29%,19016.54,-0.27%
303,Exit short,Close entry(s) order SHORT,2025-06-10 10:55,"109,523.8",9.267139,4044.18,0.40%,5747.48,0.56%,0,0.00%,23060.72,0.40%
303,Entry short,SHORT,2025-06-10 07:55,"109,960.2",9.267139,4044.18,0.40%,5747.48,0.56%,0,0.00%,23060.72,0.40%
304,Exit short,Close entry(s) order SHORT,2025-06-10 20:00,"109,645.0",9.342354,-1282.71,-0.13%,1379.87,0.13%,-1342.5,-0.13%,21778.01,-0.13%
304,Entry short,SHORT,2025-06-10 19:05,"109,507.7",9.342354,-1282.71,-0.13%,1379.87,0.13%,-1342.5,-0.13%,21778.01,-0.13%
305,Exit short,LONG,2025-06-10 22:20,"108,948.6",9.37904,-55.34,-0.01%,4829.27,0.47%,-2129.98,-0.21%,21722.68,-0.01%
305,Entry short,SHORT,2025-06-10 21:20,"108,942.7",9.37904,-55.34,-0.01%,4829.27,0.47%,-2129.98,-0.21%,21722.68,-0.01%
306,Exit long,Close entry(s) order LONG,2025-06-10 23:55,"108,646.8",9.378024,-2830.29,-0.28%,2447.66,0.24%,-6251.39,-0.61%,18892.39,-0.28%
306,Entry long,LONG,2025-06-10 22:20,"108,948.6",9.378024,-2830.29,-0.28%,2447.66,0.24%,-6251.39,-0.61%,18892.39,-0.28%
307,Exit long,SHORT,2025-06-11 20:45,"109,642.0",9.28484,-883.92,-0.09%,1021.33,0.10%,-4435.37,-0.44%,18008.47,-0.09%
307,Entry long,LONG,2025-06-11 20:25,"109,737.2",9.28484,-883.92,-0.09%,1021.33,0.10%,-4435.37,-0.44%,18008.47,-0.09%
308,Exit short,Close entry(s) order SHORT,2025-06-11 20:50,"109,677.3",9.28484,-327.75,-0.03%,3424.25,0.34%,-328.68,-0.03%,17680.72,-0.03%
308,Entry short,SHORT,2025-06-11 20:45,"109,642.0",9.28484,-327.75,-0.03%,3424.25,0.34%,-328.68,-0.03%,17680.72,-0.03%
309,Exit short,LONG,2025-06-12 03:15,"108,787.3",9.379545,-2695.68,-0.26%,756.93,0.07%,-3458.24,-0.34%,14985.04,-0.26%
309,Entry short,SHORT,2025-06-12 03:05,"108,499.9",9.379545,-2695.68,-0.26%,756.93,0.07%,-3458.24,-0.34%,14985.04,-0.26%
310,Exit long,Close entry(s) order LONG,2025-06-12 04:40,"108,492.2",9.329978,-2753.28,-0.27%,3522.07,0.35%,-3986.7,-0.39%,12231.76,-0.27%
310,Entry long,LONG,2025-06-12 03:15,"108,787.3",9.329978,-2753.28,-0.27%,3522.07,0.35%,-3986.7,-0.39%,12231.76,-0.27%
311,Exit long,Close entry(s) order LONG,2025-06-12 05:20,"108,374.8",9.323936,-1751.97,-0.17%,0,0.00%,-2062.45,-0.20%,10479.79,-0.17%
311,Entry long,LONG,2025-06-12 05:15,"108,562.7",9.323936,-1751.97,-0.17%,0,0.00%,-2062.45,-0.20%,10479.79,-0.17%
312,Exit short,LONG,2025-06-12 06:00,"108,399.4",9.341054,-2083.99,-0.21%,1635.62,0.16%,-2276.41,-0.23%,8395.81,-0.21%
312,Entry short,SHORT,2025-06-12 05:25,"108,176.3",9.341054,-2083.99,-0.21%,1635.62,0.16%,-2276.41,-0.23%,8395.81,-0.21%
313,Exit long,Close entry(s) order LONG,2025-06-12 08:30,"108,370.0",9.302578,-273.5,-0.03%,3560.1,0.35%,-1387.94,-0.14%,8122.31,-0.03%
313,Entry long,LONG,2025-06-12 06:00,"108,399.4",9.302578,-273.5,-0.03%,3560.1,0.35%,-1387.94,-0.14%,8122.31,-0.03%
314,Exit long,SHORT,2025-06-12 12:45,"107,626.0",9.344848,-2373.59,-0.24%,0.93,0.00%,-2508.16,-0.25%,5748.72,-0.24%
314,Entry long,LONG,2025-06-12 12:25,"107,880.0",9.344848,-2373.59,-0.24%,0.93,0.00%,-2508.16,-0.25%,5748.72,-0.24%
315,Exit short,Close entry(s) order SHORT,2025-06-12 13:35,"107,863.9",9.344848,-2223.14,-0.22%,453.23,0.05%,-2376.39,-0.24%,3525.58,-0.22%
315,Entry short,SHORT,2025-06-12 12:45,"107,626.0",9.344848,-2223.14,-0.22%,453.23,0.05%,-2376.39,-0.24%,3525.58,-0.22%
316,Exit short,LONG,2025-06-12 19:45,"107,348.5",9.371351,-2474.04,-0.25%,2385.01,0.24%,-2940.73,-0.29%,1051.54,-0.25%
316,Entry short,SHORT,2025-06-12 18:25,"107,084.5",9.371351,-2474.04,-0.25%,2385.01,0.24%,-2940.73,-0.29%,1051.54,-0.25%
317,Exit long,Close entry(s) order LONG,2025-06-12 20:15,"107,000.1",9.325266,-3248.92,-0.32%,0,0.00%,-4182.38,-0.42%,-2197.38,-0.32%
317,Entry long,LONG,2025-06-12 19:45,"107,348.5",9.325266,-3248.92,-0.32%,0,0.00%,-4182.38,-0.42%,-2197.38,-0.32%
318,Exit short,LONG,2025-06-13 06:30,"106,050.7",9.254843,16319.99,1.64%,19824.8,1.99%,-1008.78,-0.10%,14122.61,1.64%
318,Entry short,SHORT,2025-06-13 01:25,"107,814.1",9.254843,16319.99,1.64%,19824.8,1.99%,-1008.78,-0.10%,14122.61,1.64%
319,Exit long,SHORT,2025-06-13 07:05,"104,743.9",9.562638,-12496.45,-1.23%,0,0.00%,-15739.15,-1.55%,1626.15,-1.23%
319,Entry long,LONG,2025-06-13 06:30,"106,050.7",9.562638,-12496.45,-1.23%,0,0.00%,-15739.15,-1.55%,1626.15,-1.23%
320,Exit short,LONG,2025-06-13 10:15,"103,933.8",9.56262,7746.68,0.77%,20367.42,2.03%,-1422.92,-0.14%,9372.83,0.77%
320,Entry short,SHORT,2025-06-13 07:05,"104,743.9",9.56262,7746.68,0.77%,20367.42,2.03%,-1422.92,-0.14%,9372.83,0.77%
321,Exit long,Close entry(s) order LONG,2025-06-13 11:10,"103,900.0",9.711689,-328.26,-0.03%,6256.27,0.62%,-1435.39,-0.14%,9044.58,-0.03%
321,Entry long,LONG,2025-06-13 10:15,"103,933.8",9.711689,-328.26,-0.03%,6256.27,0.62%,-1435.39,-0.14%,9044.58,-0.03%
322,Exit short,Close entry(s) order SHORT,2025-06-13 17:10,"104,608.5",9.639389,682.47,0.07%,3077.86,0.31%,-1836.3,-0.18%,9727.05,0.07%
322,Entry short,SHORT,2025-06-13 16:00,"104,679.3",9.639389,682.47,0.07%,3077.86,0.31%,-1836.3,-0.18%,9727.05,0.07%
323,Exit short,LONG,2025-06-14 06:05,"105,794.2",9.56787,-2497.21,-0.25%,407.59,0.04%,-2572.8,-0.25%,7229.83,-0.25%
323,Entry short,SHORT,2025-06-14 05:40,"105,533.2",9.56787,-2497.21,-0.25%,407.59,0.04%,-2572.8,-0.25%,7229.83,-0.25%
324,Exit long,SHORT,2025-06-14 07:35,"105,770.2",9.520652,-228.5,-0.02%,3302.71,0.33%,-1615.65,-0.16%,7001.34,-0.02%
324,Entry long,LONG,2025-06-14 06:05,"105,794.2",9.520652,-228.5,-0.02%,3302.71,0.33%,-1615.65,-0.16%,7001.34,-0.02%
325,Exit short,LONG,2025-06-14 07:50,"105,952.2",9.520652,-1732.76,-0.17%,141.86,0.01%,-1812.73,-0.18%,5268.58,-0.17%
325,Entry short,SHORT,2025-06-14 07:35,"105,770.2",9.520652,-1732.76,-0.17%,141.86,0.01%,-1812.73,-0.18%,5268.58,-0.17%
326,Exit long,SHORT,2025-06-14 08:05,"105,499.8",9.487944,-4292.35,-0.43%,2100.63,0.21%,-4343.58,-0.43%,976.23,-0.43%
326,Entry long,LONG,2025-06-14 07:50,"105,952.2",9.487944,-4292.35,-0.43%,2100.63,0.21%,-4343.58,-0.43%,976.23,-0.43%
327,Exit short,Close entry(s) order SHORT,2025-06-14 11:35,"105,333.4",9.487944,1578.79,0.16%,3317.93,0.33%,-667.95,-0.07%,2555.03,0.16%
327,Entry short,SHORT,2025-06-14 08:05,"105,499.8",9.487944,1578.79,0.16%,3317.93,0.33%,-667.95,-0.07%,2555.03,0.16%
328,Exit long,SHORT,2025-06-14 16:15,"104,992.4",9.5416,-759.51,-0.08%,33.4,0.00%,-1117.32,-0.11%,1795.51,-0.08%
328,Entry long,LONG,2025-06-14 15:55,"105,072.0",9.5416,-759.51,-0.08%,33.4,0.00%,-1117.32,-0.11%,1795.51,-0.08%
329,Exit short,Close entry(s) order SHORT,2025-06-14 20:05,"105,043.8",9.5416,-490.44,-0.05%,3200.25,0.32%,-875.92,-0.09%,1305.08,-0.05%
329,Entry short,SHORT,2025-06-14 16:15,"104,992.4",9.5416,-490.44,-0.05%,3200.25,0.32%,-875.92,-0.09%,1305.08,-0.05%
330,Exit short,LONG,2025-06-15 00:30,"104,620.4",9.573621,-291.04,-0.03%,2872.09,0.29%,-765.89,-0.08%,1014.04,-0.03%
330,Entry short,SHORT,2025-06-14 23:40,"104,590.0",9.573621,-291.04,-0.03%,2872.09,0.29%,-765.89,-0.08%,1014.04,-0.03%
331,Exit long,SHORT,2025-06-15 00:45,"104,463.0",9.568057,-1506.01,-0.15%,389.42,0.04%,-1834.2,-0.18%,-491.97,-0.15%
331,Entry long,LONG,2025-06-15 00:30,"104,620.4",9.568057,-1506.01,-0.15%,389.42,0.04%,-1834.2,-0.18%,-491.97,-0.15%
332,Exit short,LONG,2025-06-15 01:10,"104,819.9",9.568057,-3414.84,-0.34%,145.43,0.01%,-3970.74,-0.40%,-3906.81,-0.34%
332,Entry short,SHORT,2025-06-15 00:45,"104,463.0",9.568057,-3414.84,-0.34%,145.43,0.01%,-3970.74,-0.40%,-3906.81,-0.34%
333,Exit long,Close entry(s) order LONG,2025-06-15 01:35,"104,430.8",9.502883,-3697.57,-0.37%,1143.2,0.11%,-4389.38,-0.44%,-7604.39,-0.37%
333,Entry long,LONG,2025-06-15 01:10,"104,819.9",9.502883,-3697.57,-0.37%,1143.2,0.11%,-4389.38,-0.44%,-7604.39,-0.37%
334,Exit long,SHORT,2025-06-15 06:40,"105,311.1",9.435472,1264.35,0.13%,2461.71,0.25%,-188.71,-0.02%,-6340.03,0.13%
334,Entry long,LONG,2025-06-15 04:50,"105,177.1",9.435472,1264.35,0.13%,2461.71,0.25%,-188.71,-0.02%,-6340.03,0.13%
335,Exit short,Close entry(s) order SHORT,2025-06-15 06:45,"105,398.4",9.435472,-823.72,-0.08%,0,0.00%,-823.72,-0.08%,-7163.75,-0.08%
335,Entry short,SHORT,2025-06-15 06:40,"105,311.1",9.435472,-823.72,-0.08%,0,0.00%,-823.72,-0.08%,-7163.75,-0.08%
336,Exit long,Close entry(s) order LONG,2025-06-15 07:00,"105,359.8",9.4196,-389.97,-0.04%,0,0.00%,-516.19,-0.05%,-7553.72,-0.04%
336,Entry long,LONG,2025-06-15 06:50,"105,401.2",9.4196,-389.97,-0.04%,0,0.00%,-516.19,-0.05%,-7553.72,-0.04%
337,Exit short,LONG,2025-06-15 17:20,"105,035.0",9.418965,3125.21,0.31%,5223.76,0.53%,-1086.95,-0.11%,-4428.51,0.31%
337,Entry short,SHORT,2025-06-15 13:35,"105,366.8",9.418965,3125.21,0.31%,5223.76,0.53%,-1086.95,-0.11%,-4428.51,0.31%
338,Exit long,Close entry(s) order LONG,2025-06-15 18:15,"105,052.1",9.478473,162.08,0.02%,1090.02,0.11%,-993.34,-0.10%,-4266.43,0.02%
338,Entry long,LONG,2025-06-15 17:20,"105,035.0",9.478473,162.08,0.02%,1090.02,0.11%,-993.34,-0.10%,-4266.43,0.02%
339,Exit short,LONG,2025-06-16 04:55,"104,749.1",9.488183,1855.89,0.19%,5169.16,0.52%,-928.89,-0.09%,-2410.54,0.19%
339,Entry short,SHORT,2025-06-16 03:20,"104,944.7",9.488183,1855.89,0.19%,5169.16,0.52%,-928.89,-0.09%,-2410.54,0.19%
340,Exit long,SHORT,2025-06-16 08:10,"105,147.5",9.523608,3794.21,0.38%,9370.28,0.94%,-705.7,-0.07%,1383.67,0.38%
340,Entry long,LONG,2025-06-16 04:55,"104,749.1",9.523608,3794.21,0.38%,9370.28,0.94%,-705.7,-0.07%,1383.67,0.38%
341,Exit short,Close entry(s) order SHORT,2025-06-16 08:45,"105,560.0",9.523608,-3928.49,-0.39%,2166.62,0.22%,-4282.77,-0.43%,-2544.82,-0.39%
341,Entry short,SHORT,2025-06-16 08:10,"105,147.5",9.523608,-3928.49,-0.39%,2166.62,0.22%,-4282.77,-0.43%,-2544.82,-0.39%
342,Exit long,SHORT,2025-06-16 16:20,"106,929.8",9.352419,2597.17,0.26%,5591.81,0.56%,-1530.06,-0.15%,52.35,0.26%
342,Entry long,LONG,2025-06-16 13:20,"106,652.1",9.352419,2597.17,0.26%,5591.81,0.56%,-1530.06,-0.15%,52.35,0.26%
343,Exit short,Close entry(s) order SHORT,2025-06-16 17:15,"107,095.5",9.352419,-1549.7,-0.15%,917.47,0.09%,-2337.17,-0.23%,-1497.35,-0.15%
343,Entry short,SHORT,2025-06-16 16:20,"106,929.8",9.352419,-1549.7,-0.15%,917.47,0.09%,-2337.17,-0.23%,-1497.35,-0.15%
344,Exit long,Close entry(s) order LONG,2025-06-17 04:20,"108,542.0",9.189593,-1045.78,-0.10%,1507.09,0.15%,-1511.69,-0.15%,-2543.13,-0.10%
344,Entry long,LONG,2025-06-17 03:40,"108,655.8",9.189593,-1045.78,-0.10%,1507.09,0.15%,-1511.69,-0.15%,-2543.13,-0.10%
345,Exit short,LONG,2025-06-17 08:00,"107,206.5",9.298181,630.42,0.06%,11216.4,1.12%,-731.77,-0.07%,-1912.71,0.06%
345,Entry short,SHORT,2025-06-17 06:35,"107,274.3",9.298181,630.42,0.06%,11216.4,1.12%,-731.77,-0.07%,-1912.71,0.06%
346,Exit long,Close entry(s) order LONG,2025-06-17 09:20,"106,783.2",9.309951,-3940.9,-0.39%,1801.48,0.18%,-4587.94,-0.46%,-5853.61,-0.39%
346,Entry long,LONG,2025-06-17 08:00,"107,206.5",9.309951,-3940.9,-0.39%,1801.48,0.18%,-4587.94,-0.46%,-5853.61,-0.39%
347,Exit short,LONG,2025-06-17 15:15,"106,699.9",9.248036,7376.23,0.74%,10025.8,1.01%,-315.36,-0.03%,1522.62,0.74%
347,Entry short,SHORT,2025-06-17 11:25,"107,497.5",9.248036,7376.23,0.74%,10025.8,1.01%,-315.36,-0.03%,1522.62,0.74%
348,Exit long,SHORT,2025-06-17 15:25,"106,552.0",9.38635,-1388.24,-0.14%,0.94,0.00%,-1634.16,-0.16%,134.38,-0.14%
348,Entry long,LONG,2025-06-17 15:15,"106,699.9",9.38635,-1388.24,-0.14%,0.94,0.00%,-1634.16,-0.16%,134.38,-0.14%
349,Exit short,LONG,2025-06-17 19:20,"105,682.3",9.38635,8163.31,0.82%,10236.75,1.02%,-2188.9,-0.22%,8297.69,0.82%
349,Entry short,SHORT,2025-06-17 15:25,"106,552.0",9.38635,8163.31,0.82%,10236.75,1.02%,-2188.9,-0.22%,8297.69,0.82%
350,Exit long,SHORT,2025-06-17 19:50,"105,551.6",9.540855,-1246.99,-0.12%,1122.96,0.11%,-1253.67,-0.12%,7050.7,-0.12%
350,Entry long,LONG,2025-06-17 19:20,"105,682.3",9.540855,-1246.99,-0.12%,1122.96,0.11%,-1253.67,-0.12%,7050.7,-0.12%
351,Exit short,LONG,2025-06-17 20:40,"105,673.7",9.540837,-1164.94,-0.12%,1917.71,0.19%,-1200.24,-0.12%,5885.76,-0.12%
351,Entry short,SHORT,2025-06-17 19:50,"105,551.6",9.540837,-1164.94,-0.12%,1917.71,0.19%,-1200.24,-0.12%,5885.76,-0.12%
352,Exit long,SHORT,2025-06-17 21:05,"105,167.0",9.51879,-4823.17,-0.48%,212.27,0.02%,-5073.52,-0.50%,1062.59,-0.48%
352,Entry long,LONG,2025-06-17 20:40,"105,673.7",9.51879,-4823.17,-0.48%,212.27,0.02%,-5073.52,-0.50%,1062.59,-0.48%
353,Exit short,LONG,2025-06-17 21:15,"105,632.4",9.51879,-4430.04,-0.44%,2330.2,0.23%,-4613.76,-0.46%,-3367.45,-0.44%
353,Entry short,SHORT,2025-06-17 21:05,"105,167.0",9.51879,-4430.04,-0.44%,2330.2,0.23%,-4613.76,-0.46%,-3367.45,-0.44%
354,Exit long,SHORT,2025-06-17 21:30,"105,264.4",9.434931,-3472.05,-0.35%,56.61,0.01%,-4366.49,-0.44%,-6839.51,-0.35%
354,Entry long,LONG,2025-06-17 21:15,"105,632.4",9.434931,-3472.05,-0.35%,56.61,0.01%,-4366.49,-0.44%,-6839.51,-0.35%
355,Exit short,LONG,2025-06-18 00:40,"103,887.6",9.434913,12989.99,1.31%,18533.94,1.87%,-948.21,-0.10%,6150.48,1.31%
355,Entry short,SHORT,2025-06-17 21:30,"105,264.4",9.434913,12989.99,1.31%,18533.94,1.87%,-948.21,-0.10%,6150.48,1.31%
356,Exit long,Close entry(s) order LONG,2025-06-18 01:30,"103,634.1",9.684972,-2455.14,-0.24%,1538.94,0.15%,-3056.58,-0.30%,3695.34,-0.24%
356,Entry long,LONG,2025-06-18 00:40,"103,887.6",9.684972,-2455.14,-0.24%,1538.94,0.15%,-3056.58,-0.30%,3695.34,-0.24%
357,Exit short,Close entry(s) order SHORT,2025-06-18 04:35,"104,660.6",9.624024,-3559.93,-0.35%,872.9,0.09%,-3575.32,-0.36%,135.41,-0.35%
357,Entry short,SHORT,2025-06-18 03:20,"104,290.7",9.624024,-3559.93,-0.35%,872.9,0.09%,-3575.32,-0.36%,135.41,-0.35%
358,Exit short,LONG,2025-06-18 15:10,"105,208.2",9.489617,1748.94,0.17%,6951.14,0.70%,-320.75,-0.03%,1884.35,0.17%
358,Entry short,SHORT,2025-06-18 13:15,"105,392.5",9.489617,1748.94,0.17%,6951.14,0.70%,-320.75,-0.03%,1884.35,0.17%
359,Exit long,SHORT,2025-06-18 15:35,"104,949.9",9.522891,-2459.76,-0.25%,653.27,0.07%,-2460.71,-0.25%,-575.41,-0.25%
359,Entry long,LONG,2025-06-18 15:10,"105,208.2",9.522891,-2459.76,-0.25%,653.27,0.07%,-2460.71,-0.25%,-575.41,-0.25%
360,Exit short,Close entry(s) order SHORT,2025-06-18 18:45,"104,583.2",9.522873,3492.04,0.35%,7984.93,0.80%,-1308.44,-0.13%,2916.63,0.35%
360,Entry short,SHORT,2025-06-18 15:35,"104,949.9",9.522873,3492.04,0.35%,7984.93,0.80%,-1308.44,-0.13%,2916.63,0.35%
361,Exit long,Close entry(s) order LONG,2025-06-18 22:20,"104,390.2",9.563919,-4536.17,-0.45%,4165.09,0.42%,-7680.78,-0.77%,-1619.54,-0.45%
361,Entry long,LONG,2025-06-18 21:10,"104,864.5",9.563919,-4536.17,-0.45%,4165.09,0.42%,-7680.78,-0.77%,-1619.54,-0.45%
362,Exit long,Close entry(s) order LONG,2025-06-19 02:00,"103,564.1",9.573145,-6949.15,-0.70%,3863.72,0.39%,-7433.55,-0.74%,-8568.69,-0.70%
362,Entry long,LONG,2025-06-19 01:00,"104,290.0",9.573145,-6949.15,-0.70%,3863.72,0.39%,-7433.55,-0.74%,-8568.69,-0.70%
363,Exit short,LONG,2025-06-19 21:30,"104,564.8",9.509493,-2927.97,-0.30%,592.44,0.06%,-3679.22,-0.37%,-11496.66,-0.30%
363,Entry short,SHORT,2025-06-19 20:50,"104,256.9",9.509493,-2927.97,-0.30%,592.44,0.06%,-3679.22,-0.37%,-11496.66,-0.30%
364,Exit long,SHORT,2025-06-19 21:50,"104,209.4",9.453481,-3359.77,-0.34%,127.62,0.01%,-4001.66,-0.40%,-14856.43,-0.34%
364,Entry long,LONG,2025-06-19 21:30,"104,564.8",9.453481,-3359.77,-0.34%,127.62,0.01%,-4001.66,-0.40%,-14856.43,-0.34%
365,Exit short,Close entry(s) order SHORT,2025-06-19 23:25,"104,318.6",9.4535,-1032.32,-0.10%,1778.2,0.18%,-1767.8,-0.18%,-15888.75,-0.10%
365,Entry short,SHORT,2025-06-19 21:50,"104,209.4",9.4535,-1032.32,-0.10%,1778.2,0.18%,-1767.8,-0.18%,-15888.75,-0.10%
366,Exit short,LONG,2025-06-20 08:00,"104,647.8",9.405703,-178.71,-0.02%,1129.62,0.11%,-1328.09,-0.13%,-16067.46,-0.02%
366,Entry short,SHORT,2025-06-20 07:20,"104,628.8",9.405703,-178.71,-0.02%,1129.62,0.11%,-1328.09,-0.13%,-16067.46,-0.02%
367,Exit long,Close entry(s) order LONG,2025-06-20 08:05,"104,574.2",9.402306,-692.01,-0.07%,305.57,0.03%,-692.01,-0.07%,-16759.47,-0.07%
367,Entry long,LONG,2025-06-20 08:00,"104,647.8",9.402306,-692.01,-0.07%,305.57,0.03%,-692.01,-0.07%,-16759.47,-0.07%
368,Exit long,Close entry(s) order LONG,2025-06-20 18:35,"105,818.7",9.415902,13138.01,1.34%,19423.12,1.98%,-116.76,-0.01%,-3621.46,1.34%
368,Entry long,LONG,2025-06-20 12:40,"104,423.4",9.415902,13138.01,1.34%,19423.12,1.98%,-116.76,-0.01%,-3621.46,1.34%
369,Exit short,LONG,2025-06-21 01:20,"103,379.9",9.50527,13725.61,1.38%,24415.24,2.45%,-27.57,0.00%,10104.15,1.38%
369,Entry short,SHORT,2025-06-20 21:45,"104,823.9",9.50527,13725.61,1.38%,24415.24,2.45%,-27.57,0.00%,10104.15,1.38%
370,Exit long,SHORT,2025-06-21 02:05,"103,009.7",9.770798,-3617.15,-0.36%,45.92,0.00%,-3711.93,-0.37%,6487,-0.36%
370,Entry long,LONG,2025-06-21 01:20,"103,379.9",9.770798,-3617.15,-0.36%,45.92,0.00%,-3711.93,-0.37%,6487,-0.36%
371,Exit short,LONG,2025-06-21 02:35,"103,235.3",9.770798,-2204.29,-0.22%,558.89,0.06%,-2690.88,-0.27%,4282.71,-0.22%
371,Entry short,SHORT,2025-06-21 02:05,"103,009.7",9.770798,-2204.29,-0.22%,558.89,0.06%,-2690.88,-0.27%,4282.71,-0.22%
372,Exit long,Close entry(s) order LONG,2025-06-21 05:10,"103,246.2",9.728075,106.04,0.01%,5462.31,0.54%,-1216.01,-0.12%,4388.75,0.01%
372,Entry long,LONG,2025-06-21 02:35,"103,235.3",9.728075,106.04,0.01%,5462.31,0.54%,-1216.01,-0.12%,4388.75,0.01%
373,Exit short,LONG,2025-06-21 06:35,"103,273.0",9.752559,-2788.26,-0.28%,814.34,0.08%,-2788.26,-0.28%,1600.49,-0.28%
373,Entry short,SHORT,2025-06-21 05:55,"102,987.1",9.752559,-2788.26,-0.28%,814.34,0.08%,-2788.26,-0.28%,1600.49,-0.28%
374,Exit long,Close entry(s) order LONG,2025-06-21 11:05,"103,457.0",9.69857,1784.54,0.18%,3569.07,0.36%,-1991.12,-0.20%,3385.03,0.18%
374,Entry long,LONG,2025-06-21 06:35,"103,273.0",9.69857,1784.54,0.18%,3569.07,0.36%,-1991.12,-0.20%,3385.03,0.18%
375,Exit short,Close entry(s) order SHORT,2025-06-21 18:20,"103,799.6",9.668478,-200.14,-0.02%,272.65,0.03%,-200.14,-0.02%,3184.89,-0.02%
375,Entry short,SHORT,2025-06-21 18:10,"103,778.9",9.668478,-200.14,-0.02%,272.65,0.03%,-200.14,-0.02%,3184.89,-0.02%
376,Exit short,Close entry(s) order SHORT,2025-06-21 23:25,"103,588.0",9.706139,-2254.74,-0.22%,1290.92,0.13%,-3626.21,-0.36%,930.15,-0.22%
376,Entry short,SHORT,2025-06-21 21:30,"103,355.7",9.706139,-2254.74,-0.22%,1290.92,0.13%,-3626.21,-0.36%,930.15,-0.22%
377,Exit long,SHORT,2025-06-22 04:15,"102,446.3",9.737612,-3348.76,-0.33%,574.52,0.06%,-3349.74,-0.33%,-2418.61,-0.33%
377,Entry long,LONG,2025-06-22 03:55,"102,790.2",9.737612,-3348.76,-0.33%,574.52,0.06%,-3349.74,-0.33%,-2418.61,-0.33%
378,Exit short,LONG,2025-06-22 05:10,"101,891.4",9.737602,5403.4,0.54%,13888.74,1.39%,-922.15,-0.09%,2984.78,0.54%
378,Entry short,SHORT,2025-06-22 04:15,"102,446.3",9.737602,5403.4,0.54%,13888.74,1.39%,-922.15,-0.09%,2984.78,0.54%
379,Exit long,SHORT,2025-06-22 06:05,"101,622.8",9.843664,-2644.01,-0.26%,466.59,0.05%,-3308.46,-0.33%,340.77,-0.26%
379,Entry long,LONG,2025-06-22 05:10,"101,891.4",9.843664,-2644.01,-0.26%,466.59,0.05%,-3308.46,-0.33%,340.77,-0.26%
380,Exit short,LONG,2025-06-22 07:05,"102,504.9",9.843664,-8683.1,-0.87%,8198.79,0.82%,-9392.82,-0.94%,-8342.32,-0.87%
380,Entry short,SHORT,2025-06-22 06:05,"101,622.8",9.843664,-8683.1,-0.87%,8198.79,0.82%,-9392.82,-0.94%,-8342.32,-0.87%
381,Exit long,SHORT,2025-06-22 08:25,"102,531.9",9.674246,261.2,0.03%,8297.6,0.84%,-6995.45,-0.71%,-8081.12,0.03%
381,Entry long,LONG,2025-06-22 07:05,"102,504.9",9.674246,261.2,0.03%,8297.6,0.84%,-6995.45,-0.71%,-8081.12,0.03%
382,Exit short,Close entry(s) order SHORT,2025-06-22 10:05,"102,466.0",9.674246,637.53,0.06%,6892.9,0.69%,-3174.12,-0.32%,-7443.58,0.06%
382,Entry short,SHORT,2025-06-22 08:25,"102,531.9",9.674246,637.53,0.06%,6892.9,0.69%,-3174.12,-0.32%,-7443.58,0.06%
383,Exit short,Close entry(s) order SHORT,2025-06-22 15:40,"102,529.1",9.667603,1345.73,0.14%,4237.31,0.43%,-487.25,-0.05%,-6097.85,0.14%
383,Entry short,SHORT,2025-06-22 13:50,"102,668.3",9.667603,1345.73,0.14%,4237.31,0.43%,-487.25,-0.05%,-6097.85,0.14%
384,Exit long,Close entry(s) order LONG,2025-06-23 01:00,"99,428.0",10.002336,610.14,0.06%,9819.29,0.99%,-903.21,-0.09%,-5487.71,0.06%
384,Entry long,LONG,2025-06-22 23:55,"99,367.0",10.002336,610.14,0.06%,9819.29,0.99%,-903.21,-0.09%,-5487.71,0.06%
385,Exit short,LONG,2025-06-23 07:50,"101,396.5",9.887528,-8048.45,-0.81%,1551.35,0.16%,-9868.74,-0.99%,-13536.16,-0.81%
385,Entry short,SHORT,2025-06-23 07:10,"100,582.5",9.887528,-8048.45,-0.81%,1551.35,0.16%,-9868.74,-0.99%,-13536.16,-0.81%
386,Exit long,Close entry(s) order LONG,2025-06-23 08:05,"100,717.7",9.728776,-6603.89,-0.67%,0,0.00%,-6612.65,-0.67%,-20140.05,-0.67%
386,Entry long,LONG,2025-06-23 07:50,"101,396.5",9.728776,-6603.89,-0.67%,0,0.00%,-6612.65,-0.67%,-20140.05,-0.67%
387,Exit long,SHORT,2025-06-23 13:55,"101,859.9",9.614019,-575.88,-0.06%,1187.33,0.12%,-3208.2,-0.33%,-20715.93,-0.06%
387,Entry long,LONG,2025-06-23 13:10,"101,919.8",9.614019,-575.88,-0.06%,1187.33,0.12%,-3208.2,-0.33%,-20715.93,-0.06%
388,Exit short,LONG,2025-06-23 15:05,"101,875.8",9.614029,-152.86,-0.02%,1539.21,0.16%,-2838.06,-0.29%,-20868.79,-0.02%
388,Entry short,SHORT,2025-06-23 13:55,"101,859.9",9.614029,-152.86,-0.02%,1539.21,0.16%,-2838.06,-0.29%,-20868.79,-0.02%
389,Exit long,SHORT,2025-06-23 15:40,"101,696.4",9.611047,-1724.22,-0.18%,1471.45,0.15%,-1776.12,-0.18%,-22593.02,-0.18%
389,Entry long,LONG,2025-06-23 15:05,"101,875.8",9.611047,-1724.22,-0.18%,1471.45,0.15%,-1776.12,-0.18%,-22593.02,-0.18%
390,Exit short,LONG,2025-06-23 19:45,"101,347.3",9.611028,3355.21,0.34%,6030.92,0.62%,-1471.45,-0.15%,-19237.81,0.34%
390,Entry short,SHORT,2025-06-23 15:40,"101,696.4",9.611028,3355.21,0.34%,6030.92,0.62%,-1471.45,-0.15%,-19237.81,0.34%
391,Exit long,SHORT,2025-06-23 20:25,"101,106.2",9.67724,-2333.18,-0.24%,2929.3,0.30%,-2333.18,-0.24%,-21570.99,-0.24%
391,Entry long,LONG,2025-06-23 19:45,"101,347.3",9.67724,-2333.18,-0.24%,2929.3,0.30%,-2333.18,-0.24%,-21570.99,-0.24%
392,Exit short,LONG,2025-06-23 21:00,"102,306.1",9.67724,-11611.72,-1.19%,3448.97,0.35%,-13004.27,-1.33%,-33182.71,-1.19%
392,Entry short,SHORT,2025-06-23 20:25,"101,106.2",9.67724,-11611.72,-1.19%,3448.97,0.35%,-13004.27,-1.33%,-33182.71,-1.19%
393,Exit long,SHORT,2025-06-23 21:30,"101,766.8",9.45024,-5096.51,-0.53%,2744.35,0.28%,-5096.51,-0.53%,-38279.22,-0.53%
393,Entry long,LONG,2025-06-23 21:00,"102,306.1",9.45024,-5096.51,-0.53%,2744.35,0.28%,-5096.51,-0.53%,-38279.22,-0.53%
394,Exit short,Close entry(s) order SHORT,2025-06-23 22:15,"101,961.3",9.45024,-1838.07,-0.19%,2958.87,0.31%,-2341.77,-0.24%,-40117.3,-0.19%
394,Entry short,SHORT,2025-06-23 21:30,"101,766.8",9.45024,-1838.07,-0.19%,2958.87,0.31%,-2341.77,-0.24%,-40117.3,-0.19%
395,Exit long,SHORT,2025-06-24 02:35,"102,665.8",9.467624,12117.61,1.26%,17872.98,1.86%,-358.82,-0.04%,-27999.68,1.26%
395,Entry long,LONG,2025-06-24 00:20,"101,385.9",9.467624,12117.61,1.26%,17872.98,1.86%,-358.82,-0.04%,-27999.68,1.26%
396,Exit short,LONG,2025-06-24 03:00,"103,114.2",9.467615,-4245.28,-0.44%,432.67,0.04%,-5000.79,-0.51%,-32244.96,-0.44%
396,Entry short,SHORT,2025-06-24 02:35,"102,665.8",9.467615,-4245.28,-0.44%,432.67,0.04%,-5000.79,-0.51%,-32244.96,-0.44%
397,Exit long,SHORT,2025-06-24 04:55,"103,634.8",9.385274,4885.97,0.50%,9922.11,1.03%,-2776.16,-0.29%,-27358.99,0.50%
397,Entry long,LONG,2025-06-24 03:00,"103,114.2",9.385274,4885.97,0.50%,9922.11,1.03%,-2776.16,-0.29%,-27358.99,0.50%
398,Exit short,Close entry(s) order SHORT,2025-06-24 05:05,"104,269.2",9.385274,-5954.02,-0.61%,11.26,0.00%,-6252.47,-0.64%,-33313.01,-0.61%
398,Entry short,SHORT,2025-06-24 04:55,"103,634.8",9.385274,-5954.02,-0.61%,11.26,0.00%,-6252.47,-0.64%,-33313.01,-0.61%
399,Exit long,SHORT,2025-06-24 07:15,"105,179.8",9.168915,-2303.23,-0.24%,727.1,0.08%,-2303.23,-0.24%,-35616.24,-0.24%
399,Entry long,LONG,2025-06-24 06:55,"105,431.0",9.168915,-2303.23,-0.24%,727.1,0.08%,-2303.23,-0.24%,-35616.24,-0.24%
400,Exit short,Close entry(s) order SHORT,2025-06-24 09:00,"105,383.5",9.168906,-1867.71,-0.19%,3016.57,0.31%,-2391.25,-0.25%,-37483.94,-0.19%
400,Entry short,SHORT,2025-06-24 07:15,"105,179.8",9.168906,-1867.71,-0.19%,3016.57,0.31%,-2391.25,-0.25%,-37483.94,-0.19%
401,Exit long,SHORT,2025-06-24 14:40,"105,122.4",9.123374,-3444.99,-0.36%,2517.14,0.26%,-4333.6,-0.45%,-40928.93,-0.36%
401,Entry long,LONG,2025-06-24 13:35,"105,500.0",9.123374,-3444.99,-0.36%,2517.14,0.26%,-4333.6,-0.45%,-40928.93,-0.36%
402,Exit short,LONG,2025-06-24 16:20,"105,161.2",9.123374,-353.99,-0.04%,5032.45,0.52%,-1268.15,-0.13%,-41282.92,-0.04%
402,Entry short,SHORT,2025-06-24 14:40,"105,122.4",9.123374,-353.99,-0.04%,5032.45,0.52%,-1268.15,-0.13%,-41282.92,-0.04%
403,Exit long,SHORT,2025-06-24 17:00,"105,152.0",9.11666,-83.87,-0.01%,3316.64,0.35%,-448.54,-0.05%,-41366.79,-0.01%
403,Entry long,LONG,2025-06-24 16:20,"105,161.2",9.11666,-83.87,-0.01%,3316.64,0.35%,-448.54,-0.05%,-41366.79,-0.01%
404,Exit short,Close entry(s) order SHORT,2025-06-24 17:40,"105,305.0",9.116642,-1394.85,-0.15%,1159.64,0.12%,-1496.95,-0.16%,-42761.64,-0.15%
404,Entry short,SHORT,2025-06-24 17:00,"105,152.0",9.116642,-1394.85,-0.15%,1159.64,0.12%,-1496.95,-0.16%,-42761.64,-0.15%
405,Exit long,Close entry(s) order LONG,2025-06-25 01:25,"105,753.1",9.02986,-2302.61,-0.24%,665.5,0.07%,-3948.76,-0.41%,-45064.25,-0.24%
405,Entry long,LONG,2025-06-25 00:50,"106,008.1",9.02986,-2302.61,-0.24%,665.5,0.07%,-3948.76,-0.41%,-45064.25,-0.24%
406,Exit short,Close entry(s) order SHORT,2025-06-25 16:05,"106,599.3",8.981958,-2535.61,-0.27%,273.95,0.03%,-3308.06,-0.35%,-47599.86,-0.27%
406,Entry short,SHORT,2025-06-25 15:35,"106,317.0",8.981958,-2535.61,-0.27%,273.95,0.03%,-3308.06,-0.35%,-47599.86,-0.27%
407,Exit short,Close entry(s) order SHORT,2025-06-25 17:15,"106,670.6",8.943404,-1598.19,-0.17%,450.75,0.05%,-2003.32,-0.21%,-49198.04,-0.17%
407,Entry short,SHORT,2025-06-25 16:50,"106,491.9",8.943404,-1598.19,-0.17%,450.75,0.05%,-2003.32,-0.21%,-49198.04,-0.17%
408,Exit long,Close entry(s) order LONG,2025-06-25 23:50,"106,948.1",8.859982,-3242.75,-0.34%,1195.21,0.13%,-3511.21,-0.37%,-52440.8,-0.34%
408,Entry long,LONG,2025-06-25 23:15,"107,314.1",8.859982,-3242.75,-0.34%,1195.21,0.13%,-3511.21,-0.37%,-52440.8,-0.34%
409,Exit long,SHORT,2025-06-26 10:25,"107,826.6",8.76109,-2880.65,-0.30%,773.6,0.08%,-3244.23,-0.34%,-55321.44,-0.30%
409,Entry long,LONG,2025-06-26 10:05,"108,155.4",8.76109,-2880.65,-0.30%,773.6,0.08%,-3244.23,-0.34%,-55321.44,-0.30%
410,Exit short,Close entry(s) order SHORT,2025-06-26 13:15,"107,698.8",8.76109,1119.67,0.12%,3145.23,0.33%,-791.13,-0.08%,-54201.78,0.12%
410,Entry short,SHORT,2025-06-26 10:25,"107,826.6",8.76109,1119.67,0.12%,3145.23,0.33%,-791.13,-0.08%,-54201.78,0.12%
411,Exit short,LONG,2025-06-26 18:05,"107,343.9",8.816716,-623.34,-0.07%,47.61,0.01%,-738.84,-0.08%,-54825.12,-0.07%
411,Entry short,SHORT,2025-06-26 17:55,"107,273.2",8.816716,-623.34,-0.07%,47.61,0.01%,-738.84,-0.08%,-54825.12,-0.07%
412,Exit long,Close entry(s) order LONG,2025-06-26 18:10,"107,265.4",8.80511,-691.2,-0.07%,0,0.00%,-707.93,-0.07%,-55516.32,-0.07%
412,Entry long,LONG,2025-06-26 18:05,"107,343.9",8.80511,-691.2,-0.07%,0,0.00%,-707.93,-0.07%,-55516.32,-0.07%
413,Exit long,SHORT,2025-06-26 19:25,"107,043.1",8.801048,-2391.24,-0.25%,572.95,0.06%,-2461.65,-0.26%,-57907.56,-0.25%
413,Entry long,LONG,2025-06-26 19:05,"107,314.8",8.801048,-2391.24,-0.25%,572.95,0.06%,-2461.65,-0.26%,-57907.56,-0.25%
414,Exit short,Close entry(s) order SHORT,2025-06-26 21:30,"107,190.0",8.801057,-1292.88,-0.14%,2657.04,0.28%,-2404.45,-0.26%,-59200.44,-0.14%
414,Entry short,SHORT,2025-06-26 19:25,"107,043.1",8.801057,-1292.88,-0.14%,2657.04,0.28%,-2404.45,-0.26%,-59200.44,-0.14%
415,Exit long,SHORT,2025-06-27 05:45,"106,900.0",8.79044,-1100.56,-0.12%,247.89,0.03%,-1101.44,-0.12%,-60301,-0.12%
415,Entry long,LONG,2025-06-27 05:35,"107,025.2",8.79044,-1100.56,-0.12%,247.89,0.03%,-1101.44,-0.12%,-60301,-0.12%
416,Exit short,Close entry(s) order SHORT,2025-06-27 07:10,"107,039.5",8.790448,-1226.27,-0.13%,782.35,0.08%,-1330.87,-0.14%,-61527.27,-0.13%
416,Entry short,SHORT,2025-06-27 05:45,"106,900.0",8.790448,-1226.27,-0.13%,782.35,0.08%,-1330.87,-0.14%,-61527.27,-0.13%
417,Exit short,LONG,2025-06-28 02:15,"106,799.0",8.758233,3103.04,0.33%,6831.42,0.73%,-781.23,-0.08%,-58424.23,0.33%
417,Entry short,SHORT,2025-06-28 00:15,"107,153.3",8.758233,3103.04,0.33%,6831.42,0.73%,-781.23,-0.08%,-58424.23,0.33%
418,Exit long,Close entry(s) order LONG,2025-06-28 05:00,"106,998.5",8.816318,1758.86,0.19%,3818.35,0.41%,-1439.7,-0.15%,-56665.37,0.19%
418,Entry long,LONG,2025-06-28 02:15,"106,799.0",8.816318,1758.86,0.19%,3818.35,0.41%,-1439.7,-0.15%,-56665.37,0.19%
419,Exit long,SHORT,2025-06-28 15:20,"107,324.3",8.796144,705.45,0.07%,1885.01,0.20%,-401.98,-0.04%,-55959.92,0.07%
419,Entry long,LONG,2025-06-28 12:15,"107,244.1",8.796144,705.45,0.07%,1885.01,0.20%,-401.98,-0.04%,-55959.92,0.07%
420,Exit short,Close entry(s) order SHORT,2025-06-28 18:50,"107,287.5",8.796144,323.7,0.03%,1139.98,0.12%,-977.25,-0.10%,-55636.22,0.03%
420,Entry short,SHORT,2025-06-28 15:20,"107,324.3",8.796144,323.7,0.03%,1139.98,0.12%,-977.25,-0.10%,-55636.22,0.03%
421,Exit short,Close entry(s) order SHORT,2025-06-29 00:40,"107,335.3",8.799185,-99.43,-0.01%,1026.86,0.11%,-173.34,-0.02%,-55735.66,-0.01%
421,Entry short,SHORT,2025-06-28 23:40,"107,324.0",8.799185,-99.43,-0.01%,1026.86,0.11%,-173.34,-0.02%,-55735.66,-0.01%
422,Exit long,Close entry(s) order LONG,2025-06-29 06:15,"107,275.0",8.808148,629.78,0.07%,1068.43,0.11%,-218.44,-0.02%,-55105.87,0.07%
422,Entry long,LONG,2025-06-29 04:30,"107,203.5",8.808148,629.78,0.07%,1068.43,0.11%,-218.44,-0.02%,-55105.87,0.07%
423,Exit long,SHORT,2025-06-29 08:10,"107,365.1",8.79332,-798.43,-0.08%,71.23,0.01%,-798.43,-0.08%,-55904.3,-0.08%
423,Entry long,LONG,2025-06-29 07:50,"107,455.9",8.79332,-798.43,-0.08%,71.23,0.01%,-798.43,-0.08%,-55904.3,-0.08%
424,Exit short,LONG,2025-06-29 10:00,"107,252.1",8.79332,993.65,0.11%,2220.31,0.24%,-249.73,-0.03%,-54910.66,0.11%
424,Entry short,SHORT,2025-06-29 08:10,"107,365.1",8.79332,993.65,0.11%,2220.31,0.24%,-249.73,-0.03%,-54910.66,0.11%
425,Exit long,Close entry(s) order LONG,2025-06-29 10:10,"107,219.8",8.811832,-284.62,-0.03%,0.88,0.00%,-384.2,-0.04%,-55195.28,-0.03%
425,Entry long,LONG,2025-06-29 10:00,"107,252.1",8.811832,-284.62,-0.03%,0.88,0.00%,-384.2,-0.04%,-55195.28,-0.03%
426,Exit short,LONG,2025-06-29 15:00,"107,367.3",8.805213,-588.19,-0.06%,269.44,0.03%,-634.86,-0.07%,-55783.47,-0.06%
426,Entry short,SHORT,2025-06-29 14:35,"107,300.5",8.805213,-588.19,-0.06%,269.44,0.03%,-634.86,-0.07%,-55783.47,-0.06%
427,Exit long,Close entry(s) order LONG,2025-06-29 19:40,"108,133.4",8.794281,6737.3,0.71%,9952.49,1.05%,-138.07,-0.01%,-49046.17,0.71%
427,Entry long,LONG,2025-06-29 15:00,"107,367.3",8.794281,6737.3,0.71%,9952.49,1.05%,-138.07,-0.01%,-49046.17,0.71%
428,Exit short,LONG,2025-06-30 01:10,"107,459.8",8.817897,3384.31,0.36%,5383.33,0.57%,0,0.00%,-45661.86,0.36%
428,Entry short,SHORT,2025-06-29 22:45,"107,843.6",8.817897,3384.31,0.36%,5383.33,0.57%,0,0.00%,-45661.86,0.36%
429,Exit long,Close entry(s) order LONG,2025-06-30 02:40,"107,426.0",8.880885,-300.17,-0.03%,1796.6,0.19%,-641.2,-0.07%,-45962.04,-0.03%
429,Entry long,LONG,2025-06-30 01:10,"107,459.8",8.880885,-300.17,-0.03%,1796.6,0.19%,-641.2,-0.07%,-45962.04,-0.03%
430,Exit long,Close entry(s) order LONG,2025-06-30 09:05,"108,430.0",8.780845,-1930.91,-0.20%,1176.63,0.12%,-2639.52,-0.28%,-47892.94,-0.20%
430,Entry long,LONG,2025-06-30 07:25,"108,649.9",8.780845,-1930.91,-0.20%,1176.63,0.12%,-2639.52,-0.28%,-47892.94,-0.20%
431,Exit short,LONG,2025-06-30 17:50,"107,564.0",8.804108,5101.98,0.54%,7250.18,0.76%,-1040.65,-0.11%,-42790.96,0.54%
431,Entry short,SHORT,2025-06-30 12:35,"108,143.5",8.804108,5101.98,0.54%,7250.18,0.76%,-1040.65,-0.11%,-42790.96,0.54%
432,Exit long,Close entry(s) order LONG,2025-06-30 19:45,"107,576.6",8.898955,112.13,0.01%,3137.77,0.33%,-222.47,-0.02%,-42678.84,0.01%
432,Entry long,LONG,2025-06-30 17:50,"107,564.0",8.898955,112.13,0.01%,3137.77,0.33%,-222.47,-0.02%,-42678.84,0.01%
433,Exit long,SHORT,2025-06-30 23:30,"107,246.1",8.911032,-1647.65,-0.17%,3065.4,0.32%,-1782.21,-0.19%,-44326.49,-0.17%
433,Entry long,LONG,2025-06-30 22:55,"107,431.0",8.911032,-1647.65,-0.17%,3065.4,0.32%,-1782.21,-0.19%,-44326.49,-0.17%
434,Exit short,Close entry(s) order SHORT,2025-07-01 00:10,"107,579.8",8.911032,-2973.61,-0.31%,156.83,0.02%,-3553.72,-0.37%,-47300.1,-0.31%
434,Entry short,SHORT,2025-06-30 23:30,"107,246.1",8.911032,-2973.61,-0.31%,156.83,0.02%,-3553.72,-0.37%,-47300.1,-0.31%
435,Exit long,SHORT,2025-07-01 05:55,"107,037.3",8.885816,-1585.23,-0.17%,393.64,0.04%,-1671.42,-0.18%,-48885.33,-0.17%
435,Entry long,LONG,2025-07-01 05:30,"107,215.7",8.885816,-1585.23,-0.17%,393.64,0.04%,-1671.42,-0.18%,-48885.33,-0.17%
436,Exit short,LONG,2025-07-01 07:10,"107,197.3",8.885824,-1421.73,-0.15%,247.91,0.03%,-1421.73,-0.15%,-50307.06,-0.15%
436,Entry short,SHORT,2025-07-01 05:55,"107,037.3",8.885824,-1421.73,-0.15%,247.91,0.03%,-1421.73,-0.15%,-50307.06,-0.15%
437,Exit long,Close entry(s) order LONG,2025-07-01 09:00,"107,171.7",8.859299,-226.8,-0.02%,2680.82,0.28%,-1988.03,-0.21%,-50533.86,-0.02%
437,Entry long,LONG,2025-07-01 07:10,"107,197.3",8.859299,-226.8,-0.02%,2680.82,0.28%,-1988.03,-0.21%,-50533.86,-0.02%
438,Exit short,LONG,2025-07-01 18:30,"106,446.1",8.922237,-272.13,-0.03%,1727.35,0.18%,-1144.72,-0.12%,-50805.99,-0.03%
438,Entry short,SHORT,2025-07-01 17:35,"106,415.6",8.922237,-272.13,-0.03%,1727.35,0.18%,-1144.72,-0.12%,-50805.99,-0.03%
439,Exit long,Close entry(s) order LONG,2025-07-01 19:30,"106,358.1",8.917116,-784.71,-0.08%,1876.16,0.20%,-1231.45,-0.13%,-51590.69,-0.08%
439,Entry long,LONG,2025-07-01 18:30,"106,446.1",8.917116,-784.71,-0.08%,1876.16,0.20%,-1231.45,-0.13%,-51590.69,-0.08%
440,Exit short,Close entry(s) order SHORT,2025-07-01 23:25,"106,099.8",8.979482,-4311.95,-0.45%,140.98,0.01%,-5508.01,-0.58%,-55902.64,-0.45%
440,Entry short,SHORT,2025-07-01 22:15,"105,619.6",8.979482,-4311.95,-0.45%,140.98,0.01%,-5508.01,-0.58%,-55902.64,-0.45%
441,Exit long,Close entry(s) order LONG,2025-07-02 04:50,"105,766.0",8.927541,132.13,0.01%,2811.28,0.30%,-550.83,-0.06%,-55770.51,0.01%
441,Entry long,LONG,2025-07-02 03:50,"105,751.2",8.927541,132.13,0.01%,2811.28,0.30%,-550.83,-0.06%,-55770.51,0.01%
442,Exit long,SHORT,2025-07-02 16:40,"107,478.5",8.890698,11329.42,1.20%,13790.36,1.46%,-530.77,-0.06%,-44441.1,1.20%
442,Entry long,LONG,2025-07-02 11:45,"106,204.2",8.890698,11329.42,1.20%,13790.36,1.46%,-530.77,-0.06%,-44441.1,1.20%
443,Exit short,LONG,2025-07-02 17:10,"107,658.8",8.890698,-1602.99,-0.17%,0.89,0.00%,-1603.88,-0.17%,-46044.09,-0.17%
443,Entry short,SHORT,2025-07-02 16:40,"107,478.5",8.890698,-1602.99,-0.17%,0.89,0.00%,-1603.88,-0.17%,-46044.09,-0.17%
444,Exit long,SHORT,2025-07-02 18:35,"107,565.0",8.860919,-831.15,-0.09%,1250.28,0.13%,-1090.78,-0.11%,-46875.24,-0.09%
444,Entry long,LONG,2025-07-02 17:10,"107,658.8",8.860919,-831.15,-0.09%,1250.28,0.13%,-1090.78,-0.11%,-46875.24,-0.09%
445,Exit short,LONG,2025-07-02 20:10,"107,446.4",8.860919,1050.91,0.11%,3834.12,0.40%,-310.13,-0.03%,-45824.34,0.11%
445,Entry short,SHORT,2025-07-02 18:35,"107,565.0",8.860919,1050.91,0.11%,3834.12,0.40%,-310.13,-0.03%,-45824.34,0.11%
446,Exit long,SHORT,2025-07-03 00:50,"108,830.9",8.880464,12295,1.29%,19927.76,2.09%,-983.96,-0.10%,-33529.34,1.29%
446,Entry long,LONG,2025-07-02 20:10,"107,446.4",8.880464,12295,1.29%,19927.76,2.09%,-983.96,-0.10%,-33529.34,1.29%
447,Exit short,Close entry(s) order SHORT,2025-07-03 01:20,"109,124.7",8.88048,-2609.08,-0.27%,0,0.00%,-3277.79,-0.34%,-36138.42,-0.27%
447,Entry short,SHORT,2025-07-03 00:50,"108,830.9",8.88048,-2609.08,-0.27%,0,0.00%,-3277.79,-0.34%,-36138.42,-0.27%
448,Exit long,Close entry(s) order LONG,2025-07-03 09:00,"108,935.1",8.843748,-466.95,-0.05%,765.87,0.08%,-2014.61,-0.21%,-36605.37,-0.05%
448,Entry long,LONG,2025-07-03 07:50,"108,987.9",8.843748,-466.95,-0.05%,765.87,0.08%,-2014.61,-0.21%,-36605.37,-0.05%
449,Exit long,SHORT,2025-07-03 14:20,"109,113.1",8.823038,-685.55,-0.07%,2871.9,0.30%,-792.31,-0.08%,-37290.92,-0.07%
449,Entry long,LONG,2025-07-03 12:35,"109,190.8",8.823038,-685.55,-0.07%,2871.9,0.30%,-792.31,-0.08%,-37290.92,-0.07%
450,Exit short,Close entry(s) order SHORT,2025-07-03 14:50,"109,247.4",8.823038,-1184.93,-0.12%,182.64,0.02%,-2388.4,-0.25%,-38475.86,-0.12%
450,Entry short,SHORT,2025-07-03 14:20,"109,113.1",8.823038,-1184.93,-0.12%,182.64,0.02%,-2388.4,-0.25%,-38475.86,-0.12%
451,Exit long,Close entry(s) order LONG,2025-07-03 18:30,"109,588.0",8.755878,-1984.96,-0.21%,79.68,0.01%,-1984.96,-0.21%,-40460.81,-0.21%
451,Entry long,LONG,2025-07-03 17:55,"109,814.7",8.755878,-1984.96,-0.21%,79.68,0.01%,-1984.96,-0.21%,-40460.81,-0.21%
452,Exit short,Close entry(s) order SHORT,2025-07-03 23:45,"109,322.7",8.737938,4283.34,0.45%,7400.16,0.77%,-86.51,-0.01%,-36177.48,0.45%
452,Entry short,SHORT,2025-07-03 21:45,"109,812.9",8.737938,4283.34,0.45%,7400.16,0.77%,-86.51,-0.01%,-36177.48,0.45%
453,Exit long,Close entry(s) order LONG,2025-07-04 10:55,"109,197.4",8.817339,-992.83,-0.10%,119.92,0.01%,-1070.42,-0.11%,-37170.31,-0.10%
453,Entry long,LONG,2025-07-04 10:30,"109,310.0",8.817339,-992.83,-0.10%,119.92,0.01%,-1070.42,-0.11%,-37170.31,-0.10%
454,Exit short,Close entry(s) order SHORT,2025-07-05 00:55,"107,816.1",8.953665,-2520.46,-0.26%,2179.32,0.23%,-2990.52,-0.31%,-39690.77,-0.26%
454,Entry short,SHORT,2025-07-04 23:00,"107,534.6",8.953665,-2520.46,-0.26%,2179.32,0.23%,-2990.52,-0.31%,-39690.77,-0.26%
455,Exit short,LONG,2025-07-05 07:20,"108,009.0",8.89381,-303.28,-0.03%,816.45,0.09%,-450.92,-0.05%,-39994.04,-0.03%
455,Entry short,SHORT,2025-07-05 06:55,"107,974.9",8.89381,-303.28,-0.03%,816.45,0.09%,-450.92,-0.05%,-39994.04,-0.03%
456,Exit long,Close entry(s) order LONG,2025-07-05 08:25,"107,904.1",8.888186,-932.37,-0.10%,1506.55,0.16%,-1581.21,-0.16%,-40926.41,-0.10%
456,Entry long,LONG,2025-07-05 07:20,"108,009.0",8.888186,-932.37,-0.10%,1506.55,0.16%,-1581.21,-0.16%,-40926.41,-0.10%
457,Exit long,Close entry(s) order LONG,2025-07-05 11:15,"108,042.8",8.879817,325.89,0.03%,1881.63,0.20%,-265.51,-0.03%,-40600.52,0.03%
457,Entry long,LONG,2025-07-05 09:50,"108,006.1",8.879817,325.89,0.03%,1881.63,0.20%,-265.51,-0.03%,-40600.52,0.03%
458,Exit long,SHORT,2025-07-05 19:10,"107,984.8",8.878971,-604.66,-0.06%,1084.12,0.11%,-1052.16,-0.11%,-41205.18,-0.06%
458,Entry long,LONG,2025-07-05 16:55,"108,052.9",8.878971,-604.66,-0.06%,1084.12,0.11%,-1052.16,-0.11%,-41205.18,-0.06%
459,Exit short,Close entry(s) order SHORT,2025-07-05 19:55,"108,080.1",8.878979,-846.17,-0.09%,674.8,0.07%,-1005.1,-0.10%,-42051.35,-0.09%
459,Entry short,SHORT,2025-07-05 19:10,"107,984.8",8.878979,-846.17,-0.09%,674.8,0.07%,-1005.1,-0.10%,-42051.35,-0.09%
460,Exit long,Close entry(s) order LONG,2025-07-06 10:50,"107,982.7",8.868819,-268.73,-0.03%,54.1,0.01%,-275.82,-0.03%,-42320.07,-0.03%
460,Entry long,LONG,2025-07-06 10:45,"108,013.0",8.868819,-268.73,-0.03%,54.1,0.01%,-275.82,-0.03%,-42320.07,-0.03%
461,Exit long,SHORT,2025-07-06 11:35,"107,944.4",8.86771,-460.23,-0.05%,533.84,0.06%,-845.09,-0.09%,-42780.31,-0.05%
461,Entry long,LONG,2025-07-06 10:55,"107,996.3",8.86771,-460.23,-0.05%,533.84,0.06%,-845.09,-0.09%,-42780.31,-0.05%
462,Exit short,LONG,2025-07-06 13:25,"108,085.9",8.86771,-1254.78,-0.13%,348.5,0.04%,-2089.23,-0.22%,-44035.09,-0.13%
462,Entry short,SHORT,2025-07-06 11:35,"107,944.4",8.86771,-1254.78,-0.13%,348.5,0.04%,-2089.23,-0.22%,-44035.09,-0.13%
463,Exit long,SHORT,2025-07-06 14:20,"108,068.4",8.844492,-154.78,-0.02%,563.39,0.06%,-732.32,-0.08%,-44189.87,-0.02%
463,Entry long,LONG,2025-07-06 13:25,"108,085.9",8.844492,-154.78,-0.02%,563.39,0.06%,-732.32,-0.08%,-44189.87,-0.02%
464,Exit short,Close entry(s) order SHORT,2025-07-06 16:10,"108,016.8",8.844492,456.38,0.05%,1375.32,0.14%,-130.01,-0.01%,-43733.49,0.05%
464,Entry short,SHORT,2025-07-06 14:20,"108,068.4",8.844492,456.38,0.05%,1375.32,0.14%,-130.01,-0.01%,-43733.49,0.05%
465,Exit long,SHORT,2025-07-06 22:40,"108,658.1",8.794063,-719.35,-0.08%,2982.95,0.31%,-1669.99,-0.17%,-44452.85,-0.08%
465,Entry long,LONG,2025-07-06 20:50,"108,739.9",8.794063,-719.35,-0.08%,2982.95,0.31%,-1669.99,-0.17%,-44452.85,-0.08%
466,Exit short,Close entry(s) order SHORT,2025-07-06 22:50,"108,734.0",8.794071,-667.47,-0.07%,430.91,0.05%,-667.47,-0.07%,-45120.32,-0.07%
466,Entry short,SHORT,2025-07-06 22:40,"108,658.1",8.794071,-667.47,-0.07%,430.91,0.05%,-667.47,-0.07%,-45120.32,-0.07%
467,Exit short,LONG,2025-07-07 03:10,"108,747.2",8.812096,-3410.28,-0.36%,1023.08,0.11%,-3640.28,-0.38%,-48530.6,-0.36%
467,Entry short,SHORT,2025-07-07 02:35,"108,360.2",8.812096,-3410.28,-0.36%,1023.08,0.11%,-3640.28,-0.38%,-48530.6,-0.36%
468,Exit long,Close entry(s) order LONG,2025-07-07 04:00,"108,606.2",8.749385,-1233.66,-0.13%,447.09,0.05%,-1234.54,-0.13%,-49764.26,-0.13%
468,Entry long,LONG,2025-07-07 03:10,"108,747.2",8.749385,-1233.66,-0.13%,447.09,0.05%,-1234.54,-0.13%,-49764.26,-0.13%
469,Exit short,Close entry(s) order SHORT,2025-07-07 06:50,"109,133.1",8.709305,-236.89,-0.02%,1602.51,0.17%,-686.29,-0.07%,-50001.15,-0.02%
469,Entry short,SHORT,2025-07-07 06:10,"109,105.9",8.709305,-236.89,-0.02%,1602.51,0.17%,-686.29,-0.07%,-50001.15,-0.02%
470,Exit long,SHORT,2025-07-07 11:00,"109,349.0",8.682298,-598.21,-0.06%,2165.37,0.23%,-866.49,-0.09%,-50599.36,-0.06%
470,Entry long,LONG,2025-07-07 10:25,"109,417.9",8.682298,-598.21,-0.06%,2165.37,0.23%,-866.49,-0.09%,-50599.36,-0.06%
471,Exit short,Open,2025-07-07 12:58,"109,009.5",8.682298,2947.64,0.31%,3307.96,0.35%,-527.02,-0.06%,-47651.72,0.31%
471,Entry short,SHORT,2025-07-07 11:00,"109,349.0",8.682298,2947.64,0.31%,3307.96,0.35%,-527.02,-0.06%,-47651.72,0.31%
